# This file uses centimeters as units for non-parametric coordinates.

mtllib Three Objects.mtl
g default
v 2.439366 -0.536120 -4.245889
v 2.114542 -0.536120 -4.527351
v 1.689113 -0.536120 -4.588518
v 1.298149 -0.536120 -4.409971
v 1.065780 -0.536120 -4.048397
v 1.065780 -0.536120 -3.618593
v 1.298149 -0.536120 -3.257019
v 1.689113 -0.536120 -3.078472
v 2.114542 -0.536120 -3.139639
v 2.439366 -0.536120 -3.421101
v 2.560456 -0.536120 -3.833495
v 2.439366 1.506660 -4.245889
v 2.114542 1.506660 -4.527351
v 1.689113 1.506660 -4.588518
v 1.298149 1.506660 -4.409971
v 1.065780 1.506660 -4.048397
v 1.065780 1.506660 -3.618593
v 1.298149 1.506660 -3.257019
v 1.689113 1.506660 -3.078472
v 2.114542 1.506660 -3.139639
v 2.439366 1.506660 -3.421101
v 2.560456 1.506660 -3.833495
v 1.797669 -0.536120 -3.833495
v 2.224499 1.796632 -4.104396
v 2.011123 1.796632 -4.289287
v 1.731659 1.796632 -4.329468
v 1.474836 1.796632 -4.212181
v 1.322193 1.796632 -3.974664
v 1.322193 1.796632 -3.692327
v 1.474836 1.796632 -3.454809
v 1.731659 1.796632 -3.337522
v 2.011123 1.796632 -3.377703
v 2.224499 1.796632 -3.562594
v 2.304043 1.796632 -3.833495
v 2.224499 9.498890 -3.989423
v 2.011123 9.498890 -4.095844
v 1.731658 9.498890 -4.118972
v 1.474837 9.498890 -4.051463
v 1.322194 9.498890 -3.914750
v 1.322194 9.498890 -3.752240
v 1.474837 9.498890 -3.615528
v 1.731658 9.498890 -3.548018
v 2.011123 9.498890 -3.571146
v 2.224499 9.498890 -3.677568
v 2.304043 9.498890 -3.833495
v 2.239564 9.806984 -3.989423
v 2.270450 10.008789 -3.989423
v 2.332304 10.131481 -3.989423
v 2.403012 10.192240 -3.989423
v 2.473573 10.220474 -3.989423
v 2.557446 10.241951 -3.989423
v 2.667695 10.264002 -3.989423
v 2.791765 10.278963 -3.989423
v 2.920164 10.283968 -3.989423
v 3.051034 10.279558 -3.989423
v 3.181908 10.266439 -3.989423
v 3.309888 10.245567 -3.989423
v 3.431720 10.218153 -3.989423
v 3.541978 10.185356 -3.989423
v 3.636346 10.148260 -3.989423
v 3.713899 10.107876 -3.989423
v 3.774719 10.065323 -3.989423
v 3.820155 10.021439 -3.989423
v 3.852877 9.976055 -3.989423
v 3.878675 9.925640 -3.989423
v 3.901616 9.866076 -3.989423
v 3.919206 9.800486 -3.989423
v 3.929699 9.733723 -3.989423
v 3.932603 9.671236 -3.989423
v 3.949754 9.591797 -3.981396
v 2.026553 9.797373 -4.095844
v 2.058071 10.024666 -4.095844
v 2.128881 10.181122 -4.095844
v 2.223015 10.280556 -4.095844
v 2.330972 10.342810 -4.095844
v 2.454350 10.385937 -4.095844
v 2.594817 10.418568 -4.095844
v 2.743739 10.439199 -4.095844
v 2.895203 10.447294 -4.095844
v 3.047078 10.443985 -4.095844
v 3.196929 10.430487 -4.095844
v 3.342111 10.408136 -4.095844
v 3.479816 10.378374 -4.095844
v 3.606508 10.342110 -4.095844
v 3.719545 10.299698 -4.095844
v 3.817973 10.251440 -4.095844
v 3.901335 10.197693 -4.095844
v 3.969800 10.138666 -4.095844
v 4.024190 10.074089 -4.095844
v 4.067204 10.002655 -4.095844
v 4.101317 9.923992 -4.095844
v 4.125852 9.841454 -4.095844
v 4.140489 9.759239 -4.095844
v 4.145531 9.681847 -4.095844
v 4.152048 9.588825 -4.082340
v 1.747568 9.784788 -4.118972
v 1.779912 10.045458 -4.118972
v 1.862454 10.246138 -4.118972
v 1.987266 10.396223 -4.118972
v 2.144205 10.503036 -4.118972
v 2.319323 10.574518 -4.118972
v 2.499367 10.621006 -4.118972
v 2.680838 10.649063 -4.118972
v 2.862512 10.661205 -4.118972
v 3.041897 10.659340 -4.118972
v 3.216603 10.645344 -4.118972
v 3.384314 10.621058 -4.118972
v 3.542809 10.588223 -4.118972
v 3.691027 10.547415 -4.118972
v 3.828516 10.498041 -4.118972
v 3.954284 10.439474 -4.118972
v 4.067171 10.371063 -4.118972
v 4.165798 10.292208 -4.118972
v 4.248573 10.202492 -4.118972
v 4.314132 10.103525 -4.118972
v 4.362883 9.999847 -4.118972
v 4.396510 9.895109 -4.118971
v 4.416572 9.792658 -4.118971
v 4.424417 9.695747 -4.118971
v 4.417002 9.584938 -4.104277
v 1.491183 9.773220 -4.051463
v 1.524288 10.064564 -4.051463
v 1.617611 10.305885 -4.051463
v 1.770617 10.502520 -4.051463
v 1.972568 10.650280 -4.051463
v 2.195235 10.747820 -4.051463
v 2.411647 10.807041 -4.051463
v 2.623031 10.841923 -4.051463
v 2.832466 10.857786 -4.051463
v 3.037133 10.857244 -4.051463
v 3.234680 10.842791 -4.051463
v 3.423095 10.816727 -4.051463
v 3.600695 10.781067 -4.051463
v 3.768695 10.736084 -4.051463
v 3.928655 10.680313 -4.051463
v 4.079548 10.612270 -4.051463
v 4.219565 10.530386 -4.051463
v 4.345909 10.433308 -4.051463
v 4.454767 10.320490 -4.051463
v 4.541047 10.196220 -4.051463
v 4.603246 10.069559 -4.051463
v 4.645233 9.944418 -4.051463
v 4.670281 9.823370 -4.051463
v 4.680699 9.708521 -4.051463
v 4.660484 9.581364 -4.040243
v 1.338803 9.766346 -3.914750
v 1.372358 10.075924 -3.914750
v 1.472088 10.341400 -3.914750
v 1.641851 10.565699 -3.914750
v 1.870555 10.737797 -3.914750
v 2.121483 10.850822 -3.914750
v 2.359515 10.917612 -3.914750
v 2.588675 10.956551 -3.914750
v 2.814611 10.974625 -3.914750
v 3.034304 10.974871 -3.914750
v 3.245427 10.960146 -3.914750
v 3.446148 10.933023 -3.914750
v 3.635102 10.895687 -3.914750
v 3.814859 10.848223 -3.914750
v 3.988174 10.788647 -3.914750
v 4.154003 10.714973 -3.914750
v 4.310146 10.625080 -3.914750
v 4.452963 10.517170 -3.914750
v 4.577324 10.390623 -3.914750
v 4.675917 10.251316 -3.914750
v 4.746112 10.110991 -3.914750
v 4.793062 9.973724 -3.914750
v 4.821074 9.841623 -3.914750
v 4.833025 9.716114 -3.914750
v 4.805203 9.579239 -3.910568
v 1.338803 9.766346 -3.752240
v 1.372358 10.075924 -3.752240
v 1.472088 10.341400 -3.752240
v 1.641851 10.565699 -3.752240
v 1.870555 10.737797 -3.752240
v 2.121483 10.850822 -3.752240
v 2.359515 10.917612 -3.752240
v 2.588675 10.956551 -3.752240
v 2.814611 10.974625 -3.752240
v 3.034304 10.974871 -3.752240
v 3.245427 10.960146 -3.752240
v 3.446148 10.933023 -3.752240
v 3.635102 10.895687 -3.752240
v 3.814859 10.848223 -3.752240
v 3.988174 10.788647 -3.752240
v 4.154003 10.714973 -3.752240
v 4.310146 10.625080 -3.752240
v 4.452963 10.517170 -3.752240
v 4.577324 10.390623 -3.752240
v 4.675917 10.251316 -3.752240
v 4.746112 10.110991 -3.752240
v 4.793062 9.973724 -3.752240
v 4.821074 9.841623 -3.752240
v 4.833025 9.716114 -3.752240
v 4.805203 9.579239 -3.756423
v 1.491184 9.773220 -3.615528
v 1.524288 10.064564 -3.615528
v 1.617609 10.305885 -3.615528
v 1.770618 10.502520 -3.615528
v 1.972568 10.650280 -3.615528
v 2.195234 10.747820 -3.615528
v 2.411647 10.807041 -3.615528
v 2.623031 10.841923 -3.615528
v 2.832466 10.857786 -3.615528
v 3.037133 10.857244 -3.615528
v 3.234680 10.842791 -3.615528
v 3.423095 10.816727 -3.615528
v 3.600695 10.781067 -3.615528
v 3.768694 10.736084 -3.615528
v 3.928655 10.680313 -3.615528
v 4.079548 10.612270 -3.615528
v 4.219565 10.530386 -3.615528
v 4.345910 10.433308 -3.615528
v 4.454767 10.320490 -3.615528
v 4.541047 10.196220 -3.615528
v 4.603246 10.069559 -3.615528
v 4.645233 9.944418 -3.615528
v 4.670282 9.823370 -3.615528
v 4.680699 9.708521 -3.615528
v 4.660484 9.581364 -3.626748
v 1.747569 9.784788 -3.548018
v 1.779912 10.045458 -3.548018
v 1.862456 10.246138 -3.548018
v 1.987266 10.396223 -3.548018
v 2.144205 10.503036 -3.548018
v 2.319323 10.574518 -3.548018
v 2.499367 10.621006 -3.548018
v 2.680838 10.649063 -3.548018
v 2.862512 10.661205 -3.548019
v 3.041897 10.659340 -3.548019
v 3.216603 10.645344 -3.548019
v 3.384315 10.621058 -3.548019
v 3.542809 10.588223 -3.548019
v 3.691027 10.547415 -3.548019
v 3.828517 10.498041 -3.548019
v 3.954285 10.439474 -3.548019
v 4.067171 10.371063 -3.548019
v 4.165798 10.292208 -3.548019
v 4.248573 10.202492 -3.548019
v 4.314132 10.103525 -3.548019
v 4.362884 9.999847 -3.548019
v 4.396510 9.895109 -3.548019
v 4.416574 9.792658 -3.548019
v 4.424417 9.695747 -3.548019
v 4.417002 9.584938 -3.562713
v 2.026553 9.797373 -3.571146
v 2.058071 10.024666 -3.571146
v 2.128881 10.181122 -3.571146
v 2.223015 10.280556 -3.571146
v 2.330972 10.342812 -3.571146
v 2.454350 10.385937 -3.571146
v 2.594817 10.418568 -3.571146
v 2.743739 10.439199 -3.571146
v 2.895203 10.447294 -3.571146
v 3.047078 10.443985 -3.571146
v 3.196930 10.430487 -3.571146
v 3.342111 10.408136 -3.571146
v 3.479816 10.378374 -3.571146
v 3.606509 10.342110 -3.571146
v 3.719547 10.299698 -3.571146
v 3.817974 10.251440 -3.571146
v 3.901336 10.197693 -3.571146
v 3.969801 10.138666 -3.571146
v 4.024192 10.074089 -3.571146
v 4.067204 10.002655 -3.571146
v 4.101320 9.923990 -3.571146
v 4.125853 9.841452 -3.571146
v 4.140490 9.759239 -3.571147
v 4.145532 9.681847 -3.571147
v 4.152048 9.588825 -3.584651
v 2.239565 9.806984 -3.677568
v 2.270450 10.008789 -3.677568
v 2.332304 10.131481 -3.677568
v 2.403012 10.192240 -3.677568
v 2.473573 10.220474 -3.677568
v 2.557446 10.241951 -3.677568
v 2.667695 10.264002 -3.677568
v 2.791765 10.278963 -3.677568
v 2.920164 10.283968 -3.677568
v 3.051034 10.279558 -3.677568
v 3.181908 10.266439 -3.677568
v 3.309888 10.245567 -3.677568
v 3.431720 10.218153 -3.677568
v 3.541978 10.185356 -3.677568
v 3.636346 10.148260 -3.677568
v 3.713899 10.107876 -3.677568
v 3.774719 10.065323 -3.677568
v 3.820155 10.021439 -3.677568
v 3.852876 9.976055 -3.677568
v 3.878675 9.925640 -3.677568
v 3.901616 9.866076 -3.677568
v 3.919206 9.800486 -3.677568
v 3.929699 9.733723 -3.677568
v 3.932603 9.671236 -3.677568
v 3.949754 9.591797 -3.685594
v 2.318973 9.810566 -3.833495
v 2.349622 10.002871 -3.833495
v 2.408138 10.112974 -3.833495
v 2.470113 10.159317 -3.833495
v 2.526733 10.174870 -3.833495
v 2.595878 10.188276 -3.833495
v 2.694862 10.206381 -3.833495
v 2.809668 10.219231 -3.833495
v 2.929468 10.223082 -3.833495
v 3.052508 10.218262 -3.833495
v 3.176308 10.205284 -3.833495
v 3.297875 10.184963 -3.833495
v 3.413789 10.158422 -3.833495
v 3.517921 10.126919 -3.833495
v 3.605329 10.091806 -3.833495
v 3.675099 10.054356 -3.833495
v 3.727516 10.015974 -3.833495
v 3.764368 9.977737 -3.833495
v 3.789009 9.939507 -3.833495
v 3.808389 9.896929 -3.833495
v 3.827165 9.844484 -3.833495
v 3.842166 9.785213 -3.833495
v 3.851116 9.724211 -3.833495
v 3.853223 9.667280 -3.833495
v 3.874338 9.592903 -3.833495
v 3.503618 9.178375 -4.286587
v 3.937313 9.174131 -4.595826
v 4.505346 9.168575 -4.663029
v 5.027347 9.163469 -4.466863
v 5.337603 9.160433 -4.069605
v 5.337603 9.160433 -3.597385
v 5.027348 9.163469 -3.200129
v 4.505348 9.168575 -3.003961
v 3.937313 9.174131 -3.071166
v 3.503618 9.178375 -3.380403
v 3.341936 9.179958 -3.833495
v 3.680902 9.178375 -4.190521
v 4.022643 9.174131 -4.434194
v 4.470241 9.168575 -4.487148
v 4.881564 9.163469 -4.332573
v 5.126039 9.160433 -4.019545
v 5.126039 9.160433 -3.647446
v 4.881564 9.163469 -3.334418
v 4.470242 9.168575 -3.179842
v 4.022644 9.174131 -3.232798
v 3.680902 9.178375 -3.476469
v 3.553500 9.179958 -3.833495
vt 0.106893 0.436362
vt 0.084840 0.416143
vt 0.067357 0.261116
vt 0.118664 0.124348
vt 0.314977 0.067046
vt 0.406184 0.607031
vt 0.222635 0.518357
vt 0.196061 0.508582
vt 0.171934 0.493877
vt 0.149441 0.476141
vt 0.128376 0.456229
vt 0.223308 0.329549
vt 0.213301 0.291433
vt 0.207363 0.244719
vt 0.286923 0.214827
vt 0.388208 0.459832
vt 0.288621 0.473247
vt 0.308553 0.455776
vt 0.292488 0.428101
vt 0.274841 0.402579
vt 0.257854 0.377619
vt 0.241459 0.352679
vt 0.086505 0.488196
vt 0.251747 0.312383
vt 0.240831 0.287209
vt 0.238120 0.259824
vt 0.242086 0.233215
vt 0.395974 0.426392
vt 0.335472 0.453243
vt 0.319432 0.430840
vt 0.303937 0.408561
vt 0.289509 0.385292
vt 0.276032 0.361496
vt 0.263666 0.337124
vt 0.569622 0.271846
vt 0.564158 0.261498
vt 0.563961 0.248129
vt 0.567442 0.235852
vt 0.576101 0.346187
vt 0.575564 0.338141
vt 0.574043 0.328077
vt 0.572156 0.314905
vt 0.572253 0.300663
vt 0.571927 0.288730
vt 0.571464 0.280124
vt 0.594598 0.266751
vt 0.610913 0.261429
vt 0.620906 0.257036
vt 0.696751 0.381232
vt 0.700431 0.377863
vt 0.705191 0.374748
vt 0.711767 0.371593
vt 0.719346 0.369152
vt 0.727353 0.367461
vt 0.735759 0.366270
vt 0.744458 0.365466
vt 0.753305 0.364854
vt 0.762004 0.363861
vt 0.770248 0.363422
vt 0.777765 0.363526
vt 0.784465 0.364054
vt 0.790318 0.364898
vt 0.795406 0.365993
vt 0.799965 0.367325
vt 0.804594 0.368952
vt 0.809823 0.370944
vt 0.815384 0.373178
vt 0.820858 0.375867
vt 0.825858 0.378655
vt 0.832628 0.381263
vt 0.587480 0.256303
vt 0.603808 0.250995
vt 0.615278 0.247474
vt 0.623472 0.245175
vt 0.688767 0.369618
vt 0.695637 0.364596
vt 0.703840 0.360126
vt 0.712782 0.356649
vt 0.722008 0.354222
vt 0.731402 0.352603
vt 0.740938 0.351418
vt 0.750233 0.350668
vt 0.759109 0.349364
vt 0.767570 0.348621
vt 0.775438 0.348327
vt 0.782657 0.348370
vt 0.789249 0.348701
vt 0.795315 0.349339
vt 0.801028 0.350340
vt 0.806676 0.351709
vt 0.812446 0.353353
vt 0.818170 0.355206
vt 0.823566 0.357108
vt 0.828120 0.359973
vt 0.833795 0.362518
vt 0.582622 0.243195
vt 0.599034 0.236796
vt 0.612756 0.233136
vt 0.625012 0.232474
vt 0.675166 0.360391
vt 0.684804 0.353289
vt 0.694847 0.347567
vt 0.705173 0.343051
vt 0.715649 0.339686
vt 0.726059 0.337400
vt 0.736333 0.335994
vt 0.746323 0.334574
vt 0.755445 0.332951
vt 0.764254 0.331904
vt 0.772626 0.331212
vt 0.780538 0.330770
vt 0.788037 0.330560
vt 0.795221 0.330624
vt 0.802205 0.331048
vt 0.809028 0.331843
vt 0.815610 0.332866
vt 0.821891 0.333976
vt 0.827792 0.335085
vt 0.833150 0.337089
vt 0.838724 0.340210
vt 0.580821 0.228863
vt 0.595890 0.221626
vt 0.610570 0.217848
vt 0.626438 0.217308
vt 0.663105 0.350510
vt 0.675083 0.342014
vt 0.686613 0.335319
vt 0.698095 0.329969
vt 0.709700 0.325759
vt 0.721164 0.322640
vt 0.732168 0.320824
vt 0.742330 0.318740
vt 0.752092 0.317053
vt 0.761468 0.315813
vt 0.770464 0.314860
vt 0.779079 0.314115
vt 0.787370 0.313559
vt 0.795423 0.313225
vt 0.803329 0.313186
vt 0.810994 0.313468
vt 0.818209 0.313957
vt 0.825049 0.314556
vt 0.831583 0.315285
vt 0.837557 0.315816
vt 0.843445 0.318515
vt 0.593838 0.352287
vt 0.612018 0.352842
vt 0.627000 0.351349
vt 0.641539 0.349510
vt 0.654883 0.340803
vt 0.667924 0.331850
vt 0.680253 0.324544
vt 0.692439 0.318613
vt 0.704773 0.313812
vt 0.716958 0.310076
vt 0.728685 0.307360
vt 0.739363 0.305126
vt 0.749753 0.303457
vt 0.759662 0.302151
vt 0.769189 0.301122
vt 0.778341 0.300317
vt 0.787167 0.299709
vt 0.795736 0.299306
vt 0.804120 0.299142
vt 0.812177 0.299234
vt 0.819668 0.299533
vt 0.826759 0.299991
vt 0.833556 0.300509
vt 0.840215 0.301011
vt 0.848281 0.302460
vt 0.592195 0.341191
vt 0.610102 0.341714
vt 0.625089 0.340145
vt 0.638628 0.337455
vt 0.651359 0.329631
vt 0.664123 0.321133
vt 0.676394 0.313854
vt 0.688699 0.307774
vt 0.701297 0.302719
vt 0.713831 0.298640
vt 0.725619 0.295181
vt 0.737091 0.293036
vt 0.747965 0.291346
vt 0.758277 0.290042
vt 0.768166 0.289054
vt 0.777648 0.288337
vt 0.786773 0.287855
vt 0.795609 0.287590
vt 0.804232 0.287533
vt 0.812509 0.287674
vt 0.820213 0.287990
vt 0.827513 0.288441
vt 0.834561 0.289029
vt 0.841531 0.289918
vt 0.849227 0.289659
vt 0.591681 0.328321
vt 0.609545 0.328314
vt 0.624171 0.326420
vt 0.636914 0.322760
vt 0.649040 0.315801
vt 0.661171 0.308102
vt 0.673154 0.301208
vt 0.685402 0.295266
vt 0.698035 0.290174
vt 0.710667 0.285840
vt 0.722881 0.281955
vt 0.734708 0.279658
vt 0.746005 0.277924
vt 0.756702 0.276561
vt 0.766882 0.275529
vt 0.776570 0.274782
vt 0.785829 0.274256
vt 0.794747 0.273903
vt 0.803434 0.273679
vt 0.811824 0.273583
vt 0.819722 0.273681
vt 0.827224 0.273969
vt 0.834401 0.274370
vt 0.841055 0.274968
vt 0.848338 0.273696
vt 0.592664 0.312776
vt 0.610529 0.311496
vt 0.624485 0.308946
vt 0.636218 0.304792
vt 0.647206 0.298897
vt 0.658295 0.292337
vt 0.669857 0.286101
vt 0.682006 0.280489
vt 0.694592 0.275499
vt 0.707320 0.271081
vt 0.720031 0.267216
vt 0.732525 0.264038
vt 0.744298 0.262348
vt 0.755419 0.260840
vt 0.765857 0.259636
vt 0.775640 0.258686
vt 0.784848 0.257884
vt 0.793593 0.257121
vt 0.802004 0.256351
vt 0.810165 0.255613
vt 0.818048 0.255099
vt 0.825599 0.254842
vt 0.832716 0.254813
vt 0.839351 0.254180
vt 0.846753 0.252879
vt 0.595768 0.296680
vt 0.613691 0.293810
vt 0.626878 0.290342
vt 0.637037 0.286104
vt 0.646012 0.281223
vt 0.655556 0.275866
vt 0.666677 0.270340
vt 0.678830 0.265081
vt 0.691474 0.260240
vt 0.704424 0.255836
vt 0.717543 0.251959
vt 0.730425 0.248633
vt 0.742925 0.246448
vt 0.754589 0.244637
vt 0.765285 0.243158
vt 0.775038 0.241923
vt 0.783941 0.240776
vt 0.792146 0.239530
vt 0.799861 0.238029
vt 0.807370 0.236390
vt 0.815159 0.235086
vt 0.822936 0.233995
vt 0.830344 0.233062
vt 0.836996 0.231569
vt 0.844902 0.230847
vt 0.598666 0.283395
vt 0.617153 0.278751
vt 0.629940 0.274009
vt 0.638447 0.269608
vt 0.645126 0.265555
vt 0.653116 0.261236
vt 0.663941 0.256233
vt 0.676203 0.251218
vt 0.688934 0.246527
vt 0.702032 0.242203
vt 0.715333 0.238310
vt 0.728647 0.234969
vt 0.741690 0.232378
vt 0.753817 0.230218
vt 0.764652 0.228418
vt 0.774153 0.226895
vt 0.782393 0.225534
vt 0.789616 0.224174
vt 0.796273 0.222596
vt 0.803077 0.219886
vt 0.811670 0.218190
vt 0.820683 0.216653
vt 0.829192 0.215155
vt 0.837059 0.213806
vt 0.847837 0.212336
vt 0.598989 0.274379
vt 0.617041 0.268540
vt 0.628548 0.262717
vt 0.634847 0.257932
vt 0.708276 0.386501
vt 0.711802 0.384413
vt 0.717007 0.382223
vt 0.723351 0.380424
vt 0.730397 0.379095
vt 0.738118 0.378133
vt 0.746432 0.377447
vt 0.755185 0.376708
vt 0.763749 0.375910
vt 0.771567 0.375564
vt 0.778561 0.375800
vt 0.784710 0.376486
vt 0.789976 0.377467
vt 0.794427 0.378627
vt 0.798317 0.379920
vt 0.802371 0.381471
vt 0.807270 0.383478
vt 0.812729 0.385908
vt 0.818341 0.388567
vt 0.823803 0.391228
vt 0.831832 0.394526
vt 0.883516 0.392085
vt 0.878162 0.368909
vt 0.871278 0.347896
vt 0.882942 0.330960
vt 0.892790 0.316787
vt 0.899861 0.301936
vt 0.894950 0.282022
vt 0.888057 0.259176
vt 0.893040 0.238386
vt 0.902560 0.217946
vt 0.889789 0.419439
vt 0.894422 0.383997
vt 0.888001 0.362850
vt 0.883915 0.348701
vt 0.891844 0.338915
vt 0.905056 0.325371
vt 0.912623 0.303911
vt 0.906757 0.280736
vt 0.899853 0.262529
vt 0.902438 0.246545
vt 0.911904 0.228038
vt 0.902800 0.406958
vt 0.916688 0.193072
vt 0.926020 0.207936
vt 0.849055 0.205360
vt 0.705357 0.388806
vt 0.625825 0.253053
vt 0.839460 0.203834
vt 0.831536 0.205442
vt 0.822781 0.209946
vt 0.813007 0.210147
vt 0.795424 0.214101
vt 0.791585 0.212483
vt 0.786950 0.212765
vt 0.780918 0.213524
vt 0.773217 0.214709
vt 0.763803 0.216282
vt 0.752800 0.218210
vt 0.740358 0.220513
vt 0.726908 0.223347
vt 0.713141 0.226651
vt 0.699536 0.230587
vt 0.686216 0.234944
vt 0.673251 0.239656
vt 0.660640 0.244723
vt 0.649464 0.249773
vt 0.641528 0.253959
vt 0.651082 0.361057
vt 0.625470 0.204117
vt 0.608445 0.204444
vt 0.593756 0.208332
vt 0.580170 0.215863
vt 0.572356 0.222048
vt 0.666618 0.369513
vt 0.683139 0.375550
vt 0.384837 0.232965
vt 0.323423 0.209621
vt 0.855029 0.199494
vt 0.846424 0.201385
vt 0.835522 0.201945
vt 0.827247 0.203392
vt 0.821135 0.206805
vt 0.810766 0.207561
vt 0.062586 0.466466
vt 0.014648 0.273433
vt 0.071230 0.098237
vt 0.300686 0.014648
vt 0.434901 0.652727
vt 0.210413 0.573987
vt 0.204775 0.565467
vt 0.169300 0.551316
vt 0.137929 0.531985
vt 0.108787 0.508816
vt 0.435366 0.597920
vt 0.246628 0.537138
vt 0.284481 0.066631
vt 0.097398 0.146163
vt 0.066174 0.291575
vt 0.356988 0.470221
vt 0.225900 0.219661
vt 0.211407 0.260402
vt 0.201560 0.308911
vt 0.290386 0.494001
vt 0.308103 0.489974
vn 0.654862 0.000000 -0.755749
vn 0.654862 0.000000 -0.755749
vn 0.654862 0.000000 -0.755749
vn 0.654862 0.000000 -0.755749
vn 0.142313 0.000000 -0.989822
vn 0.142313 0.000000 -0.989822
vn 0.142313 0.000000 -0.989822
vn 0.142313 0.000000 -0.989822
vn -0.415415 0.000000 -0.909632
vn -0.415415 0.000000 -0.909632
vn -0.415415 0.000000 -0.909632
vn -0.415415 0.000000 -0.909632
vn -0.841253 0.000000 -0.540641
vn -0.841253 0.000000 -0.540641
vn -0.841253 0.000000 -0.540641
vn -0.841253 0.000000 -0.540641
vn -1.000000 0.000000 0.000000
vn -1.000000 0.000000 0.000000
vn -1.000000 0.000000 0.000000
vn -1.000000 0.000000 0.000000
vn -0.841254 0.000000 0.540641
vn -0.841254 0.000000 0.540641
vn -0.841254 0.000000 0.540641
vn -0.841254 0.000000 0.540641
vn -0.415415 0.000000 0.909632
vn -0.415415 0.000000 0.909632
vn -0.415415 0.000000 0.909632
vn -0.415415 0.000000 0.909632
vn 0.142315 0.000000 0.989821
vn 0.142315 0.000000 0.989821
vn 0.142315 0.000000 0.989821
vn 0.142315 0.000000 0.989821
vn 0.654861 0.000000 0.755750
vn 0.654861 0.000000 0.755750
vn 0.654861 0.000000 0.755750
vn 0.654861 0.000000 0.755750
vn 0.959493 0.000000 0.281733
vn 0.959493 0.000000 0.281733
vn 0.959493 0.000000 0.281733
vn 0.959493 0.000000 0.281733
vn 0.959493 0.000000 -0.281733
vn 0.959493 0.000000 -0.281733
vn 0.959493 0.000000 -0.281733
vn 0.959493 0.000000 -0.281733
vn 0.000000 -1.000000 0.000000
vn 0.000000 -1.000000 0.000000
vn 0.000000 -1.000000 0.000000
vn 0.000000 -1.000000 0.000000
vn 0.000000 -1.000000 0.000000
vn 0.000000 -1.000000 0.000000
vn 0.000000 -1.000000 0.000000
vn 0.000000 -1.000000 0.000000
vn 0.000000 -1.000000 0.000000
vn 0.000000 -1.000000 0.000000
vn 0.000000 -1.000000 0.000000
vn 0.000000 -1.000000 0.000000
vn 0.628673 0.663651 -0.405387
vn 0.307801 0.666901 -0.678603
vn 0.310925 0.666870 -0.677208
vn 0.629789 0.663640 -0.403669
vn -0.107554 0.671090 -0.733533
vn -0.103909 0.671054 -0.734091
vn -0.484425 0.674873 -0.556667
vn -0.482330 0.674852 -0.558509
vn -0.706252 0.677092 -0.206769
vn -0.705963 0.677090 -0.207763
vn -0.706252 0.677093 0.206769
vn -0.705963 0.677090 0.207763
vn -0.484426 0.674873 0.556667
vn -0.482330 0.674853 0.558509
vn -0.107554 0.671090 0.733533
vn -0.103909 0.671054 0.734091
vn 0.307801 0.666901 0.678603
vn 0.310925 0.666870 0.677208
vn 0.628672 0.663651 0.405387
vn 0.629789 0.663640 0.403669
vn 0.749126 0.662428 0.000000
vn 0.749126 0.662428 0.000000
vn 0.563717 0.016533 -0.825803
vn 0.563717 0.016533 -0.825803
vn 0.559952 0.015221 -0.828386
vn 0.559693 0.015131 -0.828562
vn 0.112511 0.026047 -0.993309
vn 0.112511 0.026047 -0.993309
vn 0.111467 0.024978 -0.993454
vn 0.111393 0.024903 -0.993464
vn -0.338447 0.022669 -0.940712
vn -0.338447 0.022669 -0.940712
vn -0.335725 0.022408 -0.941693
vn -0.335554 0.022391 -0.941755
vn -0.774840 0.009053 -0.632093
vn -0.774840 0.009053 -0.632093
vn -0.772072 0.009947 -0.635457
vn -0.771947 0.009988 -0.635609
vn -1.000000 0.000000 0.000000
vn -1.000000 0.000000 0.000000
vn -0.999999 0.001529 0.000000
vn -0.999999 0.001529 0.000000
vn -0.774841 0.009053 0.632092
vn -0.774841 0.009053 0.632092
vn -0.771947 0.009988 0.635608
vn -0.772073 0.009947 0.635456
vn -0.338446 0.022669 0.940713
vn -0.338446 0.022669 0.940713
vn -0.335553 0.022391 0.941755
vn -0.335724 0.022408 0.941694
vn 0.112511 0.026047 0.993309
vn 0.112511 0.026047 0.993309
vn 0.111393 0.024903 0.993464
vn 0.111467 0.024978 0.993454
vn 0.563716 0.016534 0.825803
vn 0.563716 0.016534 0.825803
vn 0.559692 0.015131 0.828562
vn 0.559951 0.015221 0.828386
vn 0.937027 0.002607 0.349248
vn 0.937027 0.002607 0.349248
vn 0.935814 0.001217 0.352491
vn 0.935857 0.001265 0.352379
vn 0.937027 0.002607 -0.349249
vn 0.937027 0.002607 -0.349249
vn 0.935857 0.001265 -0.352379
vn 0.935814 0.001217 -0.352491
vn 0.446576 -0.038398 -0.893921
vn 0.446491 -0.041731 -0.893815
vn 0.438188 -0.112104 -0.891865
vn 0.435317 -0.128500 -0.891059
vn 0.400798 -0.250175 -0.881347
vn 0.386088 -0.284034 -0.877645
vn 0.316998 -0.399537 -0.860165
vn 0.287289 -0.432823 -0.854476
vn 0.211673 -0.496042 -0.842102
vn 0.189930 -0.506969 -0.840779
vn 0.141457 -0.525047 -0.839235
vn 0.132193 -0.527047 -0.839492
vn 0.095550 -0.534874 -0.839512
vn 0.088970 -0.536256 -0.839353
vn 0.050221 -0.542563 -0.838513
vn 0.045321 -0.543146 -0.838414
vn 0.006716 -0.545538 -0.838059
vn 0.003639 -0.545548 -0.838072
vn -0.032341 -0.543847 -0.838561
vn -0.034004 -0.543681 -0.838603
vn -0.067654 -0.538770 -0.839732
vn -0.068272 -0.538650 -0.839759
vn -0.100205 -0.531050 -0.841395
vn -0.100061 -0.531091 -0.841386
vn -0.132770 -0.520357 -0.843565
vn -0.132023 -0.520634 -0.843511
vn -0.169611 -0.504562 -0.846551
vn -0.168210 -0.505235 -0.846429
vn -0.212350 -0.480689 -0.850791
vn -0.210266 -0.482002 -0.850566
vn -0.259851 -0.445822 -0.856574
vn -0.257225 -0.448004 -0.856229
vn -0.309803 -0.397184 -0.863867
vn -0.307101 -0.400192 -0.863444
vn -0.357670 -0.333998 -0.872076
vn -0.355577 -0.337222 -0.871692
vn -0.395656 -0.263480 -0.879793
vn -0.394517 -0.266066 -0.879526
vn -0.418496 -0.200912 -0.885718
vn -0.417941 -0.202831 -0.885542
vn -0.431557 -0.148386 -0.889798
vn -0.431246 -0.149856 -0.889702
vn -0.440205 -0.099096 -0.892412
vn -0.440105 -0.099810 -0.892382
vn -0.445318 -0.050990 -0.893919
vn -0.445337 -0.050729 -0.893925
vn -0.443132 -0.104565 -0.890337
vn -0.443235 -0.103007 -0.890467
vn -0.437752 -0.170289 -0.882822
vn -0.437752 -0.170289 -0.882822
vn 0.082616 -0.007060 -0.996556
vn 0.082609 -0.007609 -0.996553
vn 0.081346 -0.019440 -0.996496
vn 0.080945 -0.022250 -0.996470
vn 0.076013 -0.043273 -0.996167
vn 0.074062 -0.048818 -0.996058
vn 0.064336 -0.069030 -0.995538
vn 0.060214 -0.075057 -0.995360
vn 0.047773 -0.089172 -0.994870
vn 0.043586 -0.092488 -0.994759
vn 0.032519 -0.099536 -0.994502
vn 0.030068 -0.100614 -0.994471
vn 0.021207 -0.103910 -0.994361
vn 0.019671 -0.104362 -0.994345
vn 0.011577 -0.106224 -0.994275
vn 0.010497 -0.106401 -0.994268
vn 0.002758 -0.107158 -0.994238
vn 0.002086 -0.107177 -0.994238
vn -0.005163 -0.106956 -0.994250
vn -0.005510 -0.106924 -0.994252
vn -0.012276 -0.105939 -0.994297
vn -0.012382 -0.105917 -0.994298
vn -0.018753 -0.104309 -0.994368
vn -0.018685 -0.104329 -0.994367
vn -0.025082 -0.102051 -0.994463
vn -0.024877 -0.102134 -0.994460
vn -0.031985 -0.098809 -0.994592
vn -0.031626 -0.098997 -0.994585
vn -0.039736 -0.094069 -0.994772
vn -0.039207 -0.094431 -0.994759
vn -0.048146 -0.087348 -0.995014
vn -0.047465 -0.087958 -0.994993
vn -0.056813 -0.078256 -0.995313
vn -0.056061 -0.079145 -0.995286
vn -0.065086 -0.066694 -0.995648
vn -0.064401 -0.067786 -0.995619
vn -0.071950 -0.053580 -0.995968
vn -0.071476 -0.054645 -0.995944
vn -0.076617 -0.041004 -0.996217
vn -0.076369 -0.041819 -0.996202
vn -0.079459 -0.029968 -0.996388
vn -0.079344 -0.030508 -0.996380
vn -0.081201 -0.020089 -0.996495
vn -0.081161 -0.020376 -0.996493
vn -0.082191 -0.010844 -0.996558
vn -0.082187 -0.010895 -0.996557
vn -0.081040 -0.073784 -0.993976
vn -0.081000 -0.075380 -0.993860
vn -0.079318 -0.136262 -0.987493
vn -0.079318 -0.136262 -0.987492
vn -0.254602 0.021727 -0.966802
vn -0.254581 0.022994 -0.966778
vn -0.250773 0.057081 -0.966362
vn -0.249761 0.064244 -0.966174
vn -0.234965 0.126660 -0.963716
vn -0.230217 0.140362 -0.962963
vn -0.201597 0.200167 -0.958797
vn -0.191602 0.215396 -0.957545
vn -0.153905 0.260165 -0.953220
vn -0.142961 0.269647 -0.952288
vn -0.106397 0.295534 -0.949389
vn -0.099316 0.299129 -0.949030
vn -0.069004 0.312046 -0.947558
vn -0.064647 0.313450 -0.947402
vn -0.038637 0.320066 -0.946607
vn -0.035678 0.320598 -0.946543
vn -0.011574 0.323381 -0.946198
vn -0.009766 0.323464 -0.946190
vn 0.012756 0.323226 -0.946236
vn 0.013648 0.323162 -0.946245
vn 0.034592 0.320569 -0.946593
vn 0.034804 0.320531 -0.946598
vn 0.054429 0.316049 -0.947180
vn 0.054148 0.316128 -0.947170
vn 0.073647 0.309697 -0.947979
vn 0.072969 0.309953 -0.947948
vn 0.094240 0.300630 -0.949073
vn 0.093101 0.301192 -0.949008
vn 0.117183 0.287455 -0.950599
vn 0.115488 0.288541 -0.950477
vn 0.142256 0.268730 -0.952653
vn 0.140013 0.270596 -0.952457
vn 0.168486 0.243177 -0.955237
vn 0.165886 0.246010 -0.954967
vn 0.194167 0.210126 -0.958200
vn 0.191618 0.213834 -0.957892
vn 0.216407 0.171499 -0.961122
vn 0.214457 0.175427 -0.960850
vn 0.232597 0.132627 -0.963488
vn 0.231495 0.135802 -0.963311
vn 0.242992 0.097222 -0.965144
vn 0.242486 0.099315 -0.965058
vn 0.249306 0.065693 -0.966194
vn 0.249121 0.066862 -0.966162
vn 0.252884 0.036569 -0.966805
vn 0.252850 0.036958 -0.966799
vn 0.255114 -0.056221 -0.965275
vn 0.255124 -0.061062 -0.964978
vn 0.254553 -0.133852 -0.957751
vn 0.254553 -0.133852 -0.957751
vn -0.666781 0.057086 -0.743064
vn -0.666686 0.059138 -0.742989
vn -0.655275 0.146686 -0.741012
vn -0.652998 0.159613 -0.740349
vn -0.605436 0.321552 -0.728047
vn -0.595507 0.344945 -0.725524
vn -0.508078 0.494086 -0.705504
vn -0.489035 0.518255 -0.701610
vn -0.380774 0.624928 -0.681525
vn -0.361485 0.639226 -0.678763
vn -0.260788 0.699598 -0.665246
vn -0.248759 0.704980 -0.664171
vn -0.167871 0.734763 -0.657224
vn -0.160735 0.736752 -0.656780
vn -0.094807 0.751187 -0.653246
vn -0.090128 0.751916 -0.653070
vn -0.031060 0.757983 -0.651534
vn -0.028261 0.758116 -0.651507
vn 0.026168 0.758161 -0.651543
vn 0.027501 0.758096 -0.651563
vn 0.077685 0.753541 -0.652795
vn 0.077932 0.753507 -0.652804
vn 0.124752 0.745297 -0.654958
vn 0.124200 0.745417 -0.654926
vn 0.170559 0.733480 -0.657964
vn 0.169343 0.733842 -0.657875
vn 0.219777 0.716431 -0.662136
vn 0.217739 0.717226 -0.661949
vn 0.275344 0.691304 -0.668045
vn 0.272224 0.692884 -0.667687
vn 0.337864 0.654636 -0.676239
vn 0.333536 0.657475 -0.675633
vn 0.406053 0.602644 -0.686980
vn 0.400692 0.607230 -0.686088
vn 0.476542 0.531932 -0.699969
vn 0.470831 0.538426 -0.698867
vn 0.541702 0.444184 -0.713624
vn 0.536875 0.451701 -0.712553
vn 0.592694 0.349981 -0.725415
vn 0.589702 0.356531 -0.724663
vn 0.627473 0.259615 -0.734083
vn 0.626031 0.264137 -0.733701
vn 0.649141 0.177295 -0.739718
vn 0.648584 0.179947 -0.739566
vn 0.661633 0.100534 -0.743058
vn 0.661511 0.101580 -0.743024
vn 0.667249 -0.050098 -0.743148
vn 0.667066 -0.057393 -0.742785
vn 0.660386 -0.162908 -0.733042
vn 0.660386 -0.162908 -0.733042
vn -0.996243 0.086607 0.000000
vn -0.996243 0.086607 0.000000
vn -0.974175 0.225793 0.000000
vn -0.974175 0.225793 0.000000
vn -0.876127 0.482080 0.000000
vn -0.876127 0.482080 0.000000
vn -0.705262 0.708947 0.000000
vn -0.705262 0.708947 0.000000
vn -0.510992 0.859585 0.000000
vn -0.510992 0.859585 0.000000
vn -0.345152 0.938547 0.000000
vn -0.345152 0.938547 0.000000
vn -0.220724 0.975336 0.000000
vn -0.220724 0.975336 0.000000
vn -0.124304 0.992244 0.000000
vn -0.124304 0.992244 0.000000
vn -0.041076 0.999156 0.000000
vn -0.041076 0.999156 0.000000
vn 0.033589 0.999436 0.000000
vn 0.033589 0.999436 0.000000
vn 0.101089 0.994877 0.000000
vn 0.101089 0.994877 0.000000
vn 0.163199 0.986593 0.000000
vn 0.163199 0.986593 0.000000
vn 0.224140 0.974557 0.000000
vn 0.224140 0.974557 0.000000
vn 0.290129 0.956988 0.000000
vn 0.290129 0.956988 0.000000
vn 0.365687 0.930738 0.000000
vn 0.365687 0.930738 0.000000
vn 0.452921 0.891551 0.000000
vn 0.452921 0.891551 0.000000
vn 0.551793 0.833981 0.000000
vn 0.551793 0.833981 0.000000
vn 0.659582 0.751632 0.000000
vn 0.659582 0.751632 0.000000
vn 0.766221 0.642577 0.000000
vn 0.766221 0.642577 0.000000
vn 0.856128 0.516764 0.000000
vn 0.856128 0.516764 0.000000
vn 0.921321 0.388804 0.000000
vn 0.921321 0.388804 0.000000
vn 0.963390 0.268103 0.000000
vn 0.963390 0.268103 0.000000
vn 0.988181 0.153294 0.000000
vn 0.988181 0.153294 0.000000
vn 0.998373 -0.057016 0.000000
vn 0.998373 -0.057016 0.000000
vn 0.979962 -0.199186 0.000000
vn 0.979962 -0.199186 0.000000
vn -0.666686 0.059138 0.742989
vn -0.666781 0.057086 0.743064
vn -0.652999 0.159612 0.740349
vn -0.655275 0.146685 0.741011
vn -0.595508 0.344946 0.725522
vn -0.605437 0.321552 0.728045
vn -0.489034 0.518255 0.701611
vn -0.508078 0.494086 0.705504
vn -0.361485 0.639228 0.678761
vn -0.380773 0.624928 0.681525
vn -0.248759 0.704982 0.664168
vn -0.260788 0.699601 0.665243
vn -0.160736 0.736752 0.656780
vn -0.167871 0.734763 0.657224
vn -0.090129 0.751915 0.653070
vn -0.094808 0.751187 0.653246
vn -0.028260 0.758118 0.651505
vn -0.031059 0.757985 0.651533
vn 0.027502 0.758097 0.651561
vn 0.026168 0.758162 0.651541
vn 0.077932 0.753507 0.652804
vn 0.077685 0.753541 0.652795
vn 0.124200 0.745419 0.654924
vn 0.124752 0.745299 0.654955
vn 0.169344 0.733845 0.657871
vn 0.170559 0.733483 0.657961
vn 0.217740 0.717227 0.661948
vn 0.219778 0.716432 0.662135
vn 0.272224 0.692883 0.667688
vn 0.275344 0.691303 0.668046
vn 0.333535 0.657475 0.675634
vn 0.337864 0.654636 0.676240
vn 0.400692 0.607232 0.686086
vn 0.406053 0.602646 0.686978
vn 0.470831 0.538427 0.698867
vn 0.476542 0.531932 0.699969
vn 0.536875 0.451697 0.712555
vn 0.541702 0.444181 0.713626
vn 0.589701 0.356531 0.724665
vn 0.592693 0.349980 0.725417
vn 0.626030 0.264137 0.733702
vn 0.627472 0.259615 0.734084
vn 0.648583 0.179946 0.739567
vn 0.649140 0.177294 0.739719
vn 0.661511 0.101580 0.743024
vn 0.661632 0.100534 0.743058
vn 0.667066 -0.057391 0.742785
vn 0.667249 -0.050096 0.743148
vn 0.660386 -0.162905 0.733043
vn 0.660386 -0.162905 0.733043
vn -0.254581 0.022994 0.966778
vn -0.254602 0.021728 0.966802
vn -0.249761 0.064244 0.966174
vn -0.250773 0.057081 0.966362
vn -0.230217 0.140363 0.962963
vn -0.234964 0.126661 0.963716
vn -0.191603 0.215397 0.957545
vn -0.201598 0.200168 0.958797
vn -0.142962 0.269647 0.952288
vn -0.153906 0.260165 0.953219
vn -0.099316 0.299129 0.949030
vn -0.106396 0.295533 0.949389
vn -0.064647 0.313450 0.947402
vn -0.069005 0.312046 0.947558
vn -0.035679 0.320599 0.946543
vn -0.038637 0.320068 0.946607
vn -0.009766 0.323464 0.946190
vn -0.011574 0.323381 0.946198
vn 0.013648 0.323161 0.946246
vn 0.012755 0.323225 0.946236
vn 0.034803 0.320531 0.946598
vn 0.034592 0.320569 0.946593
vn 0.054150 0.316128 0.947170
vn 0.054431 0.316049 0.947180
vn 0.072971 0.309953 0.947948
vn 0.073648 0.309697 0.947979
vn 0.093100 0.301192 0.949008
vn 0.094240 0.300631 0.949073
vn 0.115488 0.288542 0.950477
vn 0.117183 0.287456 0.950599
vn 0.140014 0.270596 0.952457
vn 0.142257 0.268730 0.952653
vn 0.165886 0.246011 0.954966
vn 0.168487 0.243178 0.955237
vn 0.191619 0.213834 0.957892
vn 0.194168 0.210126 0.958199
vn 0.214456 0.175426 0.960851
vn 0.216406 0.171497 0.961123
vn 0.231493 0.135802 0.963311
vn 0.232595 0.132627 0.963488
vn 0.242487 0.099316 0.965058
vn 0.242992 0.097223 0.965144
vn 0.249122 0.066864 0.966161
vn 0.249307 0.065695 0.966194
vn 0.252852 0.036959 0.966799
vn 0.252886 0.036570 0.966805
vn 0.255125 -0.061064 0.964978
vn 0.255115 -0.056222 0.965275
vn 0.254554 -0.133853 0.957750
vn 0.254554 -0.133853 0.957750
vn 0.082611 -0.007609 0.996553
vn 0.082617 -0.007061 0.996556
vn 0.080948 -0.022251 0.996470
vn 0.081348 -0.019441 0.996496
vn 0.074064 -0.048818 0.996058
vn 0.076015 -0.043274 0.996167
vn 0.060216 -0.075057 0.995359
vn 0.064338 -0.069030 0.995538
vn 0.043588 -0.092491 0.994759
vn 0.047775 -0.089173 0.994870
vn 0.030070 -0.100617 0.994471
vn 0.032520 -0.099538 0.994502
vn 0.019672 -0.104364 0.994345
vn 0.021209 -0.103912 0.994360
vn 0.010497 -0.106403 0.994268
vn 0.011578 -0.106226 0.994275
vn 0.002087 -0.107178 0.994238
vn 0.002758 -0.107160 0.994238
vn -0.005509 -0.106925 0.994252
vn -0.005162 -0.106957 0.994250
vn -0.012381 -0.105918 0.994298
vn -0.012275 -0.105940 0.994297
vn -0.018684 -0.104330 0.994367
vn -0.018752 -0.104310 0.994368
vn -0.024878 -0.102135 0.994459
vn -0.025083 -0.102052 0.994463
vn -0.031627 -0.098998 0.994585
vn -0.031985 -0.098810 0.994592
vn -0.039205 -0.094432 0.994759
vn -0.039734 -0.094069 0.994772
vn -0.047464 -0.087958 0.994993
vn -0.048145 -0.087349 0.995014
vn -0.056063 -0.079146 0.995285
vn -0.056816 -0.078258 0.995313
vn -0.064402 -0.067787 0.995619
vn -0.065087 -0.066695 0.995648
vn -0.071476 -0.054646 0.995944
vn -0.071949 -0.053580 0.995968
vn -0.076369 -0.041820 0.996202
vn -0.076616 -0.041004 0.996217
vn -0.079344 -0.030507 0.996380
vn -0.079459 -0.029967 0.996388
vn -0.081162 -0.020376 0.996493
vn -0.081202 -0.020089 0.996495
vn -0.082190 -0.010896 0.996557
vn -0.082193 -0.010845 0.996557
vn -0.081003 -0.075381 0.993859
vn -0.081043 -0.073784 0.993976
vn -0.079320 -0.136263 0.987492
vn -0.079320 -0.136263 0.987492
vn 0.446489 -0.041730 0.893816
vn 0.446575 -0.038398 0.893922
vn 0.435317 -0.128500 0.891060
vn 0.438187 -0.112104 0.891866
vn 0.386088 -0.284034 0.877645
vn 0.400798 -0.250176 0.881347
vn 0.287291 -0.432818 0.854478
vn 0.316998 -0.399533 0.860166
vn 0.189930 -0.506967 0.840780
vn 0.211675 -0.496039 0.842104
vn 0.132192 -0.527044 0.839494
vn 0.141455 -0.525045 0.839237
vn 0.088970 -0.536253 0.839355
vn 0.095549 -0.534870 0.839514
vn 0.045322 -0.543142 0.838417
vn 0.050222 -0.542560 0.838515
vn 0.003639 -0.545545 0.838073
vn 0.006716 -0.545535 0.838061
vn -0.034006 -0.543681 0.838603
vn -0.032343 -0.543847 0.838561
vn -0.068273 -0.538649 0.839760
vn -0.067655 -0.538769 0.839733
vn -0.100060 -0.531089 0.841387
vn -0.100204 -0.531048 0.841396
vn -0.132022 -0.520631 0.843513
vn -0.132769 -0.520354 0.843566
vn -0.168209 -0.505232 0.846432
vn -0.169611 -0.504559 0.846553
vn -0.210267 -0.482001 0.850566
vn -0.212352 -0.480688 0.850791
vn -0.257224 -0.448004 0.856229
vn -0.259851 -0.445822 0.856575
vn -0.307098 -0.400191 0.863446
vn -0.309800 -0.397183 0.863869
vn -0.355573 -0.337219 0.871695
vn -0.357667 -0.333994 0.872079
vn -0.394513 -0.266061 0.879529
vn -0.395652 -0.263475 0.879796
vn -0.417938 -0.202827 0.885544
vn -0.418492 -0.200909 0.885720
vn -0.431242 -0.149855 0.889704
vn -0.431554 -0.148384 0.889800
vn -0.440104 -0.099810 0.892382
vn -0.440205 -0.099096 0.892412
vn -0.445337 -0.050730 0.893925
vn -0.445318 -0.050991 0.893919
vn -0.443234 -0.103005 0.890468
vn -0.443131 -0.104563 0.890338
vn -0.437750 -0.170286 0.882824
vn -0.437750 -0.170286 0.882824
vn 0.888057 -0.082097 0.452344
vn 0.888338 -0.078281 0.452468
vn 0.856741 -0.258486 0.446295
vn 0.861578 -0.240050 0.447279
vn 0.715201 -0.560516 0.417503
vn 0.739853 -0.523811 0.422185
vn 0.477335 -0.878722 -0.000002
vn 0.486619 -0.789775 0.373439
vn 0.262461 -0.964943 0.000000
vn 0.260275 -0.901085 0.346848
vn 0.187716 -0.914221 0.359114
vn 0.190918 -0.914011 0.357957
vn 0.137343 -0.921285 0.363829
vn 0.141980 -0.920588 0.363813
vn 0.068029 -0.929056 0.363629
vn 0.071799 -0.928759 0.363665
vn -0.001896 -0.931580 0.363531
vn 0.000481 -0.931589 0.363513
vn -0.065203 -0.928941 0.364440
vn -0.063877 -0.929045 0.364411
vn -0.123384 -0.922370 0.366075
vn -0.122835 -0.922451 0.366055
vn -0.178168 -0.912480 0.368289
vn -0.178196 -0.912474 0.368291
vn -0.234732 -0.898409 0.371164
vn -0.235225 -0.898269 0.371191
vn -0.301510 -0.876546 0.375179
vn -0.302509 -0.876174 0.375243
vn -0.382839 -0.841563 0.381059
vn -0.384355 -0.840817 0.381180
vn -0.478432 -0.787035 0.389461
vn -0.480310 -0.785801 0.389640
vn -0.586167 -0.704200 0.400637
vn -0.587861 -0.702679 0.400827
vn -0.696101 -0.586691 0.413808
vn -0.696856 -0.585724 0.413907
vn -0.782359 -0.453840 0.426548
vn -0.782445 -0.453676 0.426564
vn -0.828156 -0.351002 0.436985
vn -0.828281 -0.350658 0.437024
vn -0.854617 -0.268281 0.444584
vn -0.854776 -0.267706 0.444624
vn -0.874887 -0.180221 0.449548
vn -0.874922 -0.180031 0.449556
vn -0.887513 -0.087398 0.452418
vn -0.887454 -0.088071 0.452404
vn -0.880875 -0.148178 0.449558
vn -0.880499 -0.150842 0.449410
vn -0.864478 -0.238161 0.442671
vn -0.864478 -0.238161 0.442671
vn 0.888339 -0.078281 -0.452467
vn 0.888057 -0.082097 -0.452343
vn 0.861579 -0.240050 -0.447277
vn 0.856742 -0.258487 -0.446293
vn 0.739852 -0.523811 -0.422187
vn 0.715200 -0.560516 -0.417505
vn 0.486618 -0.789774 -0.373443
vn 0.260274 -0.901085 -0.346848
vn 0.190917 -0.914012 -0.357956
vn 0.187716 -0.914221 -0.359113
vn 0.141980 -0.920588 -0.363813
vn 0.137342 -0.921285 -0.363829
vn 0.071798 -0.928759 -0.363665
vn 0.068028 -0.929056 -0.363629
vn 0.000482 -0.931589 -0.363513
vn -0.001896 -0.931580 -0.363531
vn -0.063877 -0.929045 -0.364411
vn -0.065203 -0.928941 -0.364440
vn -0.122835 -0.922451 -0.366055
vn -0.123384 -0.922370 -0.366075
vn -0.178196 -0.912475 -0.368288
vn -0.178167 -0.912481 -0.368287
vn -0.235225 -0.898269 -0.371191
vn -0.234731 -0.898409 -0.371164
vn -0.302508 -0.876173 -0.375246
vn -0.301509 -0.876545 -0.375182
vn -0.384354 -0.840817 -0.381181
vn -0.382838 -0.841563 -0.381061
vn -0.480310 -0.785801 -0.389640
vn -0.478432 -0.787034 -0.389461
vn -0.587862 -0.702679 -0.400824
vn -0.586168 -0.704201 -0.400634
vn -0.696855 -0.585724 -0.413909
vn -0.696100 -0.586691 -0.413811
vn -0.782446 -0.453676 -0.426563
vn -0.782360 -0.453840 -0.426547
vn -0.828283 -0.350658 -0.437020
vn -0.828158 -0.351002 -0.436981
vn -0.854777 -0.267706 -0.444624
vn -0.854617 -0.268281 -0.444584
vn -0.874922 -0.180031 -0.449557
vn -0.874887 -0.180221 -0.449549
vn -0.887454 -0.088072 -0.452404
vn -0.887513 -0.087399 -0.452417
vn -0.880500 -0.150841 -0.449408
vn -0.880876 -0.148178 -0.449556
vn -0.864479 -0.238160 -0.442669
vn -0.864479 -0.238160 -0.442669
vn -0.444573 0.795743 -0.411275
vn -0.179564 0.796595 -0.577229
vn -0.188409 0.796402 -0.574670
vn -0.457846 0.795780 -0.396373
vn 0.067729 0.798904 -0.597634
vn 0.075955 0.798902 -0.596645
vn 0.318140 0.799392 -0.509667
vn 0.338346 0.799314 -0.496608
vn 0.549524 0.804338 -0.225972
vn 0.555684 0.804527 -0.209644
vn 0.549525 0.804338 0.225972
vn 0.555685 0.804527 0.209645
vn 0.318140 0.799391 0.509667
vn 0.338347 0.799313 0.496608
vn 0.067728 0.798904 0.597633
vn 0.075955 0.798903 0.596645
vn -0.179564 0.796595 0.577229
vn -0.188409 0.796402 0.574670
vn -0.444572 0.795744 0.411276
vn -0.457846 0.795780 0.396373
vn -0.600371 0.799721 0.000000
vn -0.600371 0.799721 0.000000
vn -0.003298 -0.999983 0.004860
vn -0.008361 -0.999956 0.004233
vn -0.008699 -0.999955 0.003861
vn -0.003841 -0.999979 0.005145
vn -0.009807 -0.999950 -0.002032
vn -0.009895 -0.999950 -0.001693
vn -0.005613 -0.999968 -0.005731
vn -0.006351 -0.999964 -0.005623
vn -0.001444 -0.999995 -0.002799
vn -0.001651 -0.999994 -0.003202
vn -0.001444 -0.999995 0.002797
vn -0.001651 -0.999994 0.003200
vn -0.005613 -0.999968 0.005728
vn -0.006351 -0.999964 0.005620
vn -0.009807 -0.999950 0.002031
vn -0.009895 -0.999950 0.001692
vn -0.008361 -0.999956 -0.004234
vn -0.008699 -0.999955 -0.003862
vn -0.003298 -0.999983 -0.004861
vn -0.003841 -0.999979 -0.005146
vn -0.000887 -1.000000 0.000000
vn -0.000887 -1.000000 0.000000
s off
g Lamp Lamp
usemtl lambert7SG
f 1/1/1 2/2/2 13/402/3 12/12/4
f 2/398/5 3/3/6 14/401/7 13/13/8
f 3/397/9 4/4/10 15/400/11 14/14/12
f 4/396/13 5/5/14 16/377/15 15/15/16
f 5/394/17 6/6/18 17/399/19 16/16/20
f 6/395/21 7/7/22 18/18/23 17/17/24
f 7/7/25 8/8/26 19/19/27 18/18/28
f 8/8/29 9/9/30 20/20/31 19/19/32
f 9/9/33 10/10/34 21/21/35 20/20/36
f 10/10/37 11/11/38 22/22/39 21/21/40
f 11/11/41 1/1/42 12/12/43 22/22/44
s 1
f 2/2/45 1/1/46 23/384/47
f 3/3/48 2/398/45 23/385/47
f 4/4/49 3/397/48 23/386/47
f 5/5/50 4/396/49 23/387/47
f 6/6/51 5/394/50 23/388/47
f 7/7/52 6/395/51 23/389/47
f 8/8/53 7/7/52 23/390/47
f 9/9/54 8/8/53 23/391/47
f 10/10/55 9/9/54 23/392/47
f 11/11/56 10/10/55 23/393/47
f 1/1/46 11/11/56 23/23/47
s 2
f 12/12/57 13/402/58 25/25/59 24/24/60
f 13/13/58 14/401/61 26/26/62 25/25/59
f 14/14/61 15/400/63 27/27/64 26/26/62
f 15/15/63 16/377/65 28/376/66 27/27/64
f 16/16/65 17/399/67 29/29/68 28/28/66
f 17/17/67 18/18/69 30/404/70 29/403/68
f 18/18/69 19/19/71 31/31/72 30/30/70
f 19/19/71 20/20/73 32/32/74 31/31/72
f 20/20/73 21/21/75 33/33/76 32/32/74
f 21/21/75 22/22/77 34/34/78 33/33/76
f 22/22/77 12/12/57 24/24/60 34/34/78
s 3
f 24/24/79 25/25/80 36/36/81 35/35/82
s 4
f 25/25/83 26/26/84 37/37/85 36/36/86
s 5
f 26/26/87 27/27/88 38/38/89 37/37/90
s 6
f 27/27/91 28/376/92 39/373/93 38/38/94
s 7
f 28/28/95 29/29/96 40/40/97 39/39/98
s 8
f 29/29/99 30/30/100 41/41/101 40/40/102
s 9
f 30/30/103 31/31/104 42/42/105 41/41/106
s 10
f 31/31/107 32/32/108 43/43/109 42/42/110
s 11
f 32/32/111 33/33/112 44/44/113 43/43/114
s 12
f 33/33/115 34/34/116 45/45/117 44/44/118
f 34/34/119 24/24/120 35/35/121 45/45/122
s 3
f 35/35/82 36/36/81 71/71/123 46/46/124
f 46/46/124 71/71/123 72/72/125 47/47/126
f 47/47/126 72/72/125 73/73/127 48/48/128
f 48/48/128 73/73/127 74/74/129 49/347/130
f 49/49/130 74/375/129 75/75/131 50/50/132
f 50/50/132 75/75/131 76/76/133 51/51/134
f 51/51/134 76/76/133 77/77/135 52/52/136
f 52/52/136 77/77/135 78/78/137 53/53/138
f 53/53/138 78/78/137 79/79/139 54/54/140
f 54/54/140 79/79/139 80/80/141 55/55/142
f 55/55/142 80/80/141 81/81/143 56/56/144
f 56/56/144 81/81/143 82/82/145 57/57/146
f 57/57/146 82/82/145 83/83/147 58/58/148
f 58/58/148 83/83/147 84/84/149 59/59/150
f 59/59/150 84/84/149 85/85/151 60/60/152
f 60/60/152 85/85/151 86/86/153 61/61/154
f 61/61/154 86/86/153 87/87/155 62/62/156
f 62/62/156 87/87/155 88/88/157 63/63/158
f 63/63/158 88/88/157 89/89/159 64/64/160
f 64/64/160 89/89/159 90/90/161 65/65/162
f 65/65/162 90/90/161 91/91/163 66/66/164
f 66/66/164 91/91/163 92/92/165 67/67/166
f 67/67/166 92/92/165 93/93/167 68/68/168
f 68/68/168 93/93/167 94/94/169 69/69/170
f 69/69/170 94/94/169 95/95/171 70/70/172
s 4
f 36/36/86 37/37/85 96/96/173 71/71/174
f 71/71/174 96/96/173 97/97/175 72/72/176
f 72/72/176 97/97/175 98/98/177 73/73/178
f 73/73/178 98/98/177 99/99/179 74/74/180
f 74/375/180 99/374/179 100/100/181 75/75/182
f 75/75/182 100/100/181 101/101/183 76/76/184
f 76/76/184 101/101/183 102/102/185 77/77/186
f 77/77/186 102/102/185 103/103/187 78/78/188
f 78/78/188 103/103/187 104/104/189 79/79/190
f 79/79/190 104/104/189 105/105/191 80/80/192
f 80/80/192 105/105/191 106/106/193 81/81/194
f 81/81/194 106/106/193 107/107/195 82/82/196
f 82/82/196 107/107/195 108/108/197 83/83/198
f 83/83/198 108/108/197 109/109/199 84/84/200
f 84/84/200 109/109/199 110/110/201 85/85/202
f 85/85/202 110/110/201 111/111/203 86/86/204
f 86/86/204 111/111/203 112/112/205 87/87/206
f 87/87/206 112/112/205 113/113/207 88/88/208
f 88/88/208 113/113/207 114/114/209 89/89/210
f 89/89/210 114/114/209 115/115/211 90/90/212
f 90/90/212 115/115/211 116/116/213 91/91/214
f 91/91/214 116/116/213 117/117/215 92/92/216
f 92/92/216 117/117/215 118/118/217 93/93/218
f 93/93/218 118/118/217 119/119/219 94/94/220
f 94/94/220 119/119/219 120/120/221 95/95/222
s 5
f 37/37/90 38/38/89 121/121/223 96/96/224
f 96/96/224 121/121/223 122/122/225 97/97/226
f 97/97/226 122/122/225 123/123/227 98/98/228
f 98/98/228 123/123/227 124/124/229 99/99/230
f 99/374/230 124/368/229 125/125/231 100/100/232
f 100/100/232 125/125/231 126/126/233 101/101/234
f 101/101/234 126/126/233 127/127/235 102/102/236
f 102/102/236 127/127/235 128/128/237 103/103/238
f 103/103/238 128/128/237 129/129/239 104/104/240
f 104/104/240 129/129/239 130/130/241 105/105/242
f 105/105/242 130/130/241 131/131/243 106/106/244
f 106/106/244 131/131/243 132/132/245 107/107/246
f 107/107/246 132/132/245 133/133/247 108/108/248
f 108/108/248 133/133/247 134/134/249 109/109/250
f 109/109/250 134/134/249 135/135/251 110/110/252
f 110/110/252 135/135/251 136/136/253 111/111/254
f 111/111/254 136/136/253 137/137/255 112/112/256
f 112/112/256 137/137/255 138/138/257 113/113/258
f 113/113/258 138/138/257 139/139/259 114/114/260
f 114/114/260 139/139/259 140/140/261 115/115/262
f 115/115/262 140/140/261 141/141/263 116/116/264
f 116/116/264 141/141/263 142/142/265 117/117/266
f 117/117/266 142/142/265 143/143/267 118/118/268
f 118/118/268 143/143/267 144/144/269 119/119/270
f 119/119/270 144/144/269 145/145/271 120/120/272
s 6
f 38/38/94 39/373/93 146/372/273 121/121/274
f 121/121/274 146/372/273 147/371/275 122/122/276
f 122/122/276 147/371/275 148/370/277 123/123/278
f 123/123/278 148/370/277 149/369/279 124/124/280
f 124/368/280 149/149/279 150/150/281 125/125/282
f 125/125/282 150/150/281 151/151/283 126/126/284
f 126/126/284 151/151/283 152/152/285 127/127/286
f 127/127/286 152/152/285 153/153/287 128/128/288
f 128/128/288 153/153/287 154/154/289 129/129/290
f 129/129/290 154/154/289 155/155/291 130/130/292
f 130/130/292 155/155/291 156/156/293 131/131/294
f 131/131/294 156/156/293 157/157/295 132/132/296
f 132/132/296 157/157/295 158/158/297 133/133/298
f 133/133/298 158/158/297 159/159/299 134/134/300
f 134/134/300 159/159/299 160/160/301 135/135/302
f 135/135/302 160/160/301 161/161/303 136/136/304
f 136/136/304 161/161/303 162/162/305 137/137/306
f 137/137/306 162/162/305 163/163/307 138/138/308
f 138/138/308 163/163/307 164/164/309 139/139/310
f 139/139/310 164/164/309 165/165/311 140/140/312
f 140/140/312 165/165/311 166/166/313 141/141/314
f 141/141/314 166/166/313 167/167/315 142/142/316
f 142/142/316 167/167/315 168/168/317 143/143/318
f 143/143/318 168/168/317 169/169/319 144/144/320
f 144/144/320 169/169/319 170/170/321 145/145/322
s 7
f 39/39/98 40/40/97 171/171/323 146/146/324
f 146/146/324 171/171/323 172/172/325 147/147/326
f 147/147/326 172/172/325 173/173/327 148/148/328
f 148/148/328 173/173/327 174/174/329 149/149/330
f 149/149/330 174/174/329 175/175/331 150/150/332
f 150/150/332 175/175/331 176/176/333 151/151/334
f 151/151/334 176/176/333 177/177/335 152/152/336
f 152/152/336 177/177/335 178/178/337 153/153/338
f 153/153/338 178/178/337 179/179/339 154/154/340
f 154/154/340 179/179/339 180/180/341 155/155/342
f 155/155/342 180/180/341 181/181/343 156/156/344
f 156/156/344 181/181/343 182/182/345 157/157/346
f 157/157/346 182/182/345 183/183/347 158/158/348
f 158/158/348 183/183/347 184/184/349 159/159/350
f 159/159/350 184/184/349 185/185/351 160/160/352
f 160/160/352 185/185/351 186/186/353 161/161/354
f 161/161/354 186/186/353 187/187/355 162/162/356
f 162/162/356 187/187/355 188/188/357 163/163/358
f 163/163/358 188/188/357 189/189/359 164/164/360
f 164/164/360 189/189/359 190/190/361 165/165/362
f 165/165/362 190/190/361 191/191/363 166/166/364
f 166/166/364 191/191/363 192/192/365 167/167/366
f 167/167/366 192/192/365 193/193/367 168/168/368
f 168/168/368 193/193/367 194/194/369 169/169/370
f 169/169/370 194/194/369 195/195/371 170/170/372
s 8
f 40/40/102 41/41/101 196/196/373 171/171/374
f 171/171/374 196/196/373 197/197/375 172/172/376
f 172/172/376 197/197/375 198/198/377 173/173/378
f 173/173/378 198/198/377 199/199/379 174/174/380
f 174/174/380 199/199/379 200/200/381 175/175/382
f 175/175/382 200/200/381 201/201/383 176/176/384
f 176/176/384 201/201/383 202/202/385 177/177/386
f 177/177/386 202/202/385 203/203/387 178/178/388
f 178/178/388 203/203/387 204/204/389 179/179/390
f 179/179/390 204/204/389 205/205/391 180/180/392
f 180/180/392 205/205/391 206/206/393 181/181/394
f 181/181/394 206/206/393 207/207/395 182/182/396
f 182/182/396 207/207/395 208/208/397 183/183/398
f 183/183/398 208/208/397 209/209/399 184/184/400
f 184/184/400 209/209/399 210/210/401 185/185/402
f 185/185/402 210/210/401 211/211/403 186/186/404
f 186/186/404 211/211/403 212/212/405 187/187/406
f 187/187/406 212/212/405 213/213/407 188/188/408
f 188/188/408 213/213/407 214/214/409 189/189/410
f 189/189/410 214/214/409 215/215/411 190/190/412
f 190/190/412 215/215/411 216/216/413 191/191/414
f 191/191/414 216/216/413 217/217/415 192/192/416
f 192/192/416 217/217/415 218/218/417 193/193/418
f 193/193/418 218/218/417 219/219/419 194/194/420
f 194/194/420 219/219/419 220/220/421 195/195/422
s 9
f 41/41/106 42/42/105 221/221/423 196/196/424
f 196/196/424 221/221/423 222/222/425 197/197/426
f 197/197/426 222/222/425 223/223/427 198/198/428
f 198/198/428 223/223/427 224/224/429 199/199/430
f 199/199/430 224/224/429 225/225/431 200/200/432
f 200/200/432 225/225/431 226/226/433 201/201/434
f 201/201/434 226/226/433 227/227/435 202/202/436
f 202/202/436 227/227/435 228/228/437 203/203/438
f 203/203/438 228/228/437 229/229/439 204/204/440
f 204/204/440 229/229/439 230/230/441 205/205/442
f 205/205/442 230/230/441 231/231/443 206/206/444
f 206/206/444 231/231/443 232/232/445 207/207/446
f 207/207/446 232/232/445 233/233/447 208/208/448
f 208/208/448 233/233/447 234/234/449 209/209/450
f 209/209/450 234/234/449 235/235/451 210/210/452
f 210/210/452 235/235/451 236/236/453 211/211/454
f 211/211/454 236/236/453 237/237/455 212/212/456
f 212/212/456 237/237/455 238/238/457 213/213/458
f 213/213/458 238/238/457 239/239/459 214/214/460
f 214/214/460 239/239/459 240/240/461 215/215/462
f 215/215/462 240/240/461 241/241/463 216/216/464
f 216/216/464 241/241/463 242/242/465 217/217/466
f 217/217/466 242/242/465 243/243/467 218/218/468
f 218/218/468 243/243/467 244/244/469 219/219/470
f 219/219/470 244/244/469 245/245/471 220/220/472
s 10
f 42/42/110 43/43/109 246/246/473 221/221/474
f 221/221/474 246/246/473 247/247/475 222/222/476
f 222/222/476 247/247/475 248/248/477 223/223/478
f 223/223/478 248/248/477 249/249/479 224/224/480
f 224/224/480 249/249/479 250/250/481 225/225/482
f 225/225/482 250/250/481 251/251/483 226/226/484
f 226/226/484 251/251/483 252/252/485 227/227/486
f 227/227/486 252/252/485 253/253/487 228/228/488
f 228/228/488 253/253/487 254/254/489 229/229/490
f 229/229/490 254/254/489 255/255/491 230/230/492
f 230/230/492 255/255/491 256/256/493 231/231/494
f 231/231/494 256/256/493 257/257/495 232/232/496
f 232/232/496 257/257/495 258/258/497 233/233/498
f 233/233/498 258/258/497 259/259/499 234/234/500
f 234/234/500 259/259/499 260/260/501 235/235/502
f 235/235/502 260/260/501 261/261/503 236/236/504
f 236/236/504 261/261/503 262/262/505 237/237/506
f 237/237/506 262/262/505 263/263/507 238/238/508
f 238/238/508 263/263/507 264/264/509 239/239/510
f 239/239/510 264/264/509 265/265/511 240/240/512
f 240/240/512 265/265/511 266/266/513 241/241/514
f 241/241/514 266/266/513 267/267/515 242/242/516
f 242/242/516 267/267/515 268/268/517 243/243/518
f 243/243/518 268/268/517 269/269/519 244/244/520
f 244/244/520 269/269/519 270/270/521 245/245/522
s 11
f 43/43/114 44/44/113 271/271/523 246/246/524
f 246/246/524 271/271/523 272/272/525 247/247/526
f 247/247/526 272/272/525 273/273/527 248/248/528
f 248/248/528 273/273/527 274/274/529 249/249/530
f 249/249/530 274/274/529 275/275/531 250/250/532
f 250/250/532 275/275/531 276/276/533 251/251/534
f 251/251/534 276/276/533 277/277/535 252/252/536
f 252/252/536 277/277/535 278/278/537 253/253/538
f 253/253/538 278/278/537 279/279/539 254/254/540
f 254/254/540 279/279/539 280/280/541 255/255/542
f 255/255/542 280/280/541 281/281/543 256/256/544
f 256/256/544 281/281/543 282/282/545 257/257/546
f 257/257/546 282/282/545 283/283/547 258/258/548
f 258/258/548 283/283/547 284/284/549 259/259/550
f 259/259/550 284/284/549 285/285/551 260/260/552
f 260/260/552 285/285/551 286/286/553 261/261/554
f 261/261/554 286/286/553 287/287/555 262/262/556
f 262/262/556 287/287/555 288/288/557 263/263/558
f 263/263/558 288/288/557 289/289/559 264/264/560
f 264/264/560 289/289/559 290/290/561 265/265/562
f 265/265/562 290/290/561 291/291/563 266/266/564
f 266/266/564 291/291/563 292/292/565 267/267/566
f 267/267/566 292/292/565 293/293/567 268/268/568
f 268/268/568 293/293/567 294/294/569 269/269/570
f 269/269/570 294/294/569 295/295/571 270/270/572
s 12
f 44/44/118 45/45/117 296/296/573 271/271/574
f 271/271/574 296/296/573 297/297/575 272/272/576
f 272/272/576 297/297/575 298/298/577 273/273/578
f 273/273/578 298/298/577 299/299/579 274/274/580
f 274/274/580 299/299/579 300/367/581 275/275/582
f 275/275/582 300/367/581 301/366/583 276/276/584
f 276/276/584 301/366/583 302/365/585 277/277/586
f 277/277/586 302/365/585 303/364/587 278/278/588
f 278/278/588 303/364/587 304/363/589 279/279/590
f 279/279/590 304/363/589 305/362/591 280/280/592
f 280/280/592 305/362/591 306/361/593 281/281/594
f 281/281/594 306/361/593 307/360/595 282/282/596
f 282/282/596 307/360/595 308/359/597 283/283/598
f 283/283/598 308/359/597 309/358/599 284/284/600
f 284/284/600 309/358/599 310/357/601 285/285/602
f 285/285/602 310/357/601 311/356/603 286/286/604
f 286/286/604 311/356/603 312/355/605 287/287/606
f 287/287/606 312/355/605 313/354/607 288/288/608
f 288/288/608 313/354/607 314/353/609 289/289/610
f 289/289/610 314/353/609 315/352/611 290/290/612
f 290/290/612 315/383/611 316/351/613 291/291/614
f 291/291/614 316/382/613 317/350/615 292/292/616
f 292/292/616 317/381/615 318/349/617 293/293/618
f 293/293/618 318/380/617 319/348/619 294/294/620
f 294/294/620 319/379/619 320/345/621 295/295/622
f 45/45/122 35/35/121 46/46/623 296/296/624
f 296/296/624 46/46/623 47/47/625 297/297/626
f 297/297/626 47/47/625 48/48/627 298/298/628
f 298/298/628 48/48/627 49/347/629 299/299/579
f 299/346/579 49/49/629 50/50/630 300/300/581
f 300/300/581 50/50/630 51/51/631 301/301/632
f 301/301/632 51/51/631 52/52/633 302/302/634
f 302/302/634 52/52/633 53/53/635 303/303/636
f 303/303/636 53/53/635 54/54/637 304/304/638
f 304/304/638 54/54/637 55/55/639 305/305/640
f 305/305/640 55/55/639 56/56/641 306/306/642
f 306/306/642 56/56/641 57/57/643 307/307/644
f 307/307/644 57/57/643 58/58/645 308/308/646
f 308/308/646 58/58/645 59/59/647 309/309/648
f 309/309/648 59/59/647 60/60/649 310/310/650
f 310/310/650 60/60/649 61/61/651 311/311/652
f 311/311/652 61/61/651 62/62/653 312/312/654
f 312/312/654 62/62/653 63/63/655 313/313/656
f 313/313/656 63/63/655 64/64/657 314/314/658
f 314/314/658 64/64/657 65/65/659 315/315/660
f 315/315/660 65/65/659 66/66/661 316/316/662
f 316/316/662 66/66/661 67/67/663 317/317/664
f 317/317/664 67/67/663 68/68/665 318/318/666
f 318/318/666 68/68/665 69/69/667 319/319/668
f 319/319/668 69/69/667 70/70/669 320/320/670
s 14
f 70/70/671 95/95/672 322/322/673 321/321/674
f 95/95/672 120/120/675 323/323/676 322/322/673
f 120/120/675 145/145/677 324/324/678 323/323/676
f 145/145/677 170/170/679 325/325/680 324/324/678
f 170/170/679 195/195/681 326/326/682 325/325/680
f 195/195/681 220/220/683 327/327/684 326/326/682
f 220/220/683 245/245/685 328/328/686 327/327/684
f 245/245/685 270/270/687 329/329/688 328/328/686
f 270/270/687 295/295/689 330/330/690 329/329/688
f 295/295/689 320/378/691 331/343/692 330/330/690
f 320/320/691 70/70/671 321/321/674 331/331/692
s 15
f 321/321/693 322/322/694 333/333/695 332/332/696
f 322/322/694 323/323/697 334/334/698 333/333/695
f 323/323/697 324/324/699 335/335/700 334/334/698
f 324/324/699 325/325/701 336/336/702 335/335/700
f 325/325/701 326/326/703 337/337/704 336/336/702
f 326/326/703 327/327/705 338/338/706 337/337/704
f 327/327/705 328/328/707 339/339/708 338/338/706
f 328/328/707 329/329/709 340/340/710 339/339/708
f 329/329/709 330/330/711 341/341/712 340/340/710
f 330/330/711 331/343/713 342/344/714 341/341/712
f 331/331/713 321/321/693 332/332/696 342/342/714
g default
v 4.523057 7.503976 -3.890694
v 4.500837 7.503976 -3.934303
v 4.466228 7.503976 -3.968911
v 4.422619 7.503976 -3.991131
v 4.374279 7.503976 -3.998788
v 4.325938 7.503976 -3.991131
v 4.282329 7.503976 -3.968911
v 4.247720 7.503976 -3.934303
v 4.225501 7.503976 -3.890694
v 4.217844 7.503976 -3.842353
v 4.225501 7.503976 -3.794012
v 4.247720 7.503976 -3.750403
v 4.282329 7.503976 -3.715795
v 4.325938 7.503976 -3.693575
v 4.374279 7.503976 -3.685919
v 4.422619 7.503976 -3.693575
v 4.466228 7.503976 -3.715795
v 4.500837 7.503976 -3.750403
v 4.523057 7.503976 -3.794012
v 4.530713 7.503976 -3.842353
v 4.668171 7.540608 -3.937845
v 4.624279 7.540608 -4.023989
v 4.555914 7.540608 -4.092353
v 4.469770 7.540608 -4.136246
v 4.374279 7.540608 -4.151370
v 4.278787 7.540608 -4.136246
v 4.192643 7.540608 -4.092353
v 4.124279 7.540608 -4.023989
v 4.080386 7.540608 -3.937845
v 4.065261 7.540608 -3.842353
v 4.080386 7.540608 -3.746861
v 4.124279 7.540608 -3.660717
v 4.192643 7.540608 -3.592353
v 4.278787 7.540608 -3.548460
v 4.374279 7.540608 -3.533336
v 4.469770 7.540608 -3.548460
v 4.555914 7.540608 -3.592353
v 4.624279 7.540608 -3.660717
v 4.668171 7.540608 -3.746862
v 4.683296 7.540608 -3.842353
v 4.806049 7.600658 -3.982644
v 4.741565 7.600658 -4.109202
v 4.641128 7.600658 -4.209640
v 4.514569 7.600658 -4.274124
v 4.374279 7.600658 -4.296344
v 4.233988 7.600658 -4.274124
v 4.107430 7.600658 -4.209639
v 4.006992 7.600658 -4.109202
v 3.942508 7.600658 -3.982644
v 3.920288 7.600658 -3.842353
v 3.942508 7.600658 -3.702062
v 4.006992 7.600658 -3.575504
v 4.107430 7.600658 -3.475067
v 4.233988 7.600658 -3.410582
v 4.374279 7.600658 -3.388362
v 4.514569 7.600658 -3.410583
v 4.641128 7.600658 -3.475067
v 4.741565 7.600658 -3.575504
v 4.806049 7.600658 -3.702062
v 4.828269 7.600658 -3.842353
v 4.933296 7.682648 -4.023989
v 4.849807 7.682648 -4.187845
v 4.719770 7.682648 -4.317882
v 4.555914 7.682648 -4.401371
v 4.374279 7.682648 -4.430139
v 4.192643 7.682648 -4.401371
v 4.028787 7.682648 -4.317882
v 3.898750 7.682648 -4.187845
v 3.815261 7.682648 -4.023989
v 3.786493 7.682648 -3.842353
v 3.815261 7.682648 -3.660717
v 3.898750 7.682648 -3.496861
v 4.028787 7.682648 -3.366825
v 4.192643 7.682648 -3.283336
v 4.374279 7.682648 -3.254568
v 4.555914 7.682648 -3.283336
v 4.719770 7.682648 -3.366825
v 4.849807 7.682648 -3.496861
v 4.933296 7.682648 -3.660717
v 4.962064 7.682648 -3.842353
v 5.046778 7.784558 -4.060861
v 4.946341 7.784558 -4.257980
v 4.789906 7.784558 -4.414415
v 4.592787 7.784558 -4.514852
v 4.374279 7.784558 -4.549460
v 4.155770 7.784558 -4.514852
v 3.958652 7.784558 -4.414415
v 3.802217 7.784558 -4.257980
v 3.701780 7.784558 -4.060861
v 3.667171 7.784558 -3.842353
v 3.701780 7.784558 -3.623845
v 3.802217 7.784558 -3.426726
v 3.958652 7.784558 -3.270292
v 4.155770 7.784558 -3.169855
v 4.374279 7.784558 -3.135246
v 4.592786 7.784558 -3.169855
v 4.789906 7.784558 -3.270292
v 4.946340 7.784558 -3.426726
v 5.046777 7.784558 -3.623845
v 5.081385 7.784558 -3.842353
v 5.143700 7.903879 -4.092353
v 5.028788 7.903879 -4.317882
v 4.849807 7.903879 -4.496862
v 4.624279 7.903879 -4.611774
v 4.374279 7.903879 -4.651371
v 4.124279 7.903879 -4.611774
v 3.898750 7.903879 -4.496862
v 3.719770 7.903879 -4.317882
v 3.604857 7.903879 -4.092353
v 3.565261 7.903879 -3.842353
v 3.604857 7.903879 -3.592353
v 3.719770 7.903879 -3.366825
v 3.898750 7.903879 -3.187845
v 4.124279 7.903879 -3.072932
v 4.374279 7.903879 -3.033336
v 4.624279 7.903879 -3.072932
v 4.849807 7.903879 -3.187845
v 5.028787 7.903879 -3.366825
v 5.143700 7.903879 -3.592353
v 5.183296 7.903879 -3.842353
v 5.221677 8.037674 -4.117690
v 5.095119 8.037674 -4.366074
v 4.897999 8.037674 -4.563193
v 4.649615 8.037674 -4.689751
v 4.374279 8.037674 -4.733360
v 4.098942 8.037674 -4.689751
v 3.850558 8.037674 -4.563193
v 3.653439 8.037674 -4.366074
v 3.526881 8.037674 -4.117689
v 3.483272 8.037674 -3.842353
v 3.526881 8.037674 -3.567017
v 3.653439 8.037674 -3.318633
v 3.850558 8.037674 -3.121514
v 4.098942 8.037674 -2.994956
v 4.374279 8.037674 -2.951346
v 4.649615 8.037674 -2.994956
v 4.897999 8.037674 -3.121514
v 5.095118 8.037674 -3.318633
v 5.221676 8.037674 -3.567017
v 5.265285 8.037674 -3.842353
v 5.278788 8.182648 -4.136246
v 5.143700 8.182648 -4.401371
v 4.933296 8.182648 -4.611774
v 4.668171 8.182648 -4.746862
v 4.374279 8.182648 -4.793410
v 4.080386 8.182648 -4.746862
v 3.815261 8.182648 -4.611774
v 3.604857 8.182648 -4.401370
v 3.469770 8.182648 -4.136246
v 3.423222 8.182648 -3.842353
v 3.469770 8.182648 -3.548460
v 3.604857 8.182648 -3.283336
v 3.815261 8.182648 -3.072932
v 4.080386 8.182648 -2.937845
v 4.374279 8.182648 -2.891296
v 4.668171 8.182648 -2.937845
v 4.933296 8.182648 -3.072932
v 5.143700 8.182648 -3.283336
v 5.278787 8.182648 -3.548460
v 5.325335 8.182648 -3.842353
v 5.313627 8.335231 -4.147566
v 5.173336 8.335231 -4.422902
v 4.954827 8.335231 -4.641410
v 4.679491 8.335231 -4.781701
v 4.374279 8.335231 -4.830042
v 4.069066 8.335231 -4.781701
v 3.793730 8.335231 -4.641410
v 3.575222 8.335231 -4.422902
v 3.434931 8.335231 -4.147566
v 3.386590 8.335231 -3.842353
v 3.434931 8.335231 -3.537141
v 3.575222 8.335231 -3.261804
v 3.793730 8.335231 -3.043296
v 4.069066 8.335231 -2.903006
v 4.374279 8.335231 -2.854665
v 4.679491 8.335231 -2.903006
v 4.954827 8.335231 -3.043296
v 5.173335 8.335231 -3.261804
v 5.313626 8.335231 -3.537141
v 5.361967 8.335231 -3.842353
v 5.325336 8.491665 -4.151370
v 5.183296 8.491665 -4.430139
v 4.962064 8.491665 -4.651371
v 4.683296 8.491665 -4.793410
v 4.374279 8.491665 -4.842354
v 4.065261 8.491665 -4.793410
v 3.786493 8.491665 -4.651371
v 3.565261 8.491665 -4.430139
v 3.423222 8.491665 -4.151370
v 3.374278 8.491665 -3.842353
v 3.423222 8.491665 -3.533336
v 3.565261 8.491665 -3.254568
v 3.786493 8.491665 -3.033336
v 4.065261 8.491665 -2.891296
v 4.374279 8.491665 -2.842353
v 4.683296 8.491665 -2.891296
v 4.962064 8.491665 -3.033336
v 5.183296 8.491665 -3.254568
v 5.325335 8.491665 -3.533336
v 5.374279 8.491665 -3.842353
v 5.313627 8.648099 -4.147566
v 5.173336 8.648099 -4.422902
v 4.954827 8.648099 -4.641410
v 4.679491 8.648099 -4.781701
v 4.374279 8.648099 -4.830042
v 4.069066 8.648099 -4.781701
v 3.793730 8.648099 -4.641410
v 3.575222 8.648099 -4.422902
v 3.434931 8.648099 -4.147566
v 3.386590 8.648099 -3.842353
v 3.434931 8.648099 -3.537141
v 3.575222 8.648099 -3.261804
v 3.793730 8.648099 -3.043296
v 4.069066 8.648099 -2.903006
v 4.374279 8.648099 -2.854665
v 4.679491 8.648099 -2.903006
v 4.954827 8.648099 -3.043296
v 5.173335 8.648099 -3.261804
v 5.313626 8.648099 -3.537141
v 5.361967 8.648099 -3.842353
v 5.278788 8.800682 -4.136246
v 5.143700 8.800682 -4.401371
v 4.933296 8.800682 -4.611774
v 4.668171 8.800682 -4.746862
v 4.374279 8.800682 -4.793410
v 4.080386 8.800682 -4.746862
v 3.815261 8.800682 -4.611774
v 3.604857 8.800682 -4.401370
v 3.469770 8.800682 -4.136246
v 3.423222 8.800682 -3.842353
v 3.469770 8.800682 -3.548460
v 3.604857 8.800682 -3.283336
v 3.815261 8.800682 -3.072932
v 4.080386 8.800682 -2.937845
v 4.374279 8.800682 -2.891296
v 4.668171 8.800682 -2.937845
v 4.933296 8.800682 -3.072932
v 5.143700 8.800682 -3.283336
v 5.278787 8.800682 -3.548460
v 5.325335 8.800682 -3.842353
v 5.221677 8.945656 -4.117690
v 5.095119 8.945656 -4.366074
v 4.897999 8.945656 -4.563193
v 4.649615 8.945656 -4.689751
v 4.374279 8.945656 -4.733360
v 4.098942 8.945656 -4.689751
v 3.850558 8.945656 -4.563193
v 3.653439 8.945656 -4.366074
v 3.526881 8.945656 -4.117689
v 3.483272 8.945656 -3.842353
v 3.526881 8.945656 -3.567017
v 3.653439 8.945656 -3.318633
v 3.850558 8.945656 -3.121514
v 4.098942 8.945656 -2.994956
v 4.374279 8.945656 -2.951346
v 4.649615 8.945656 -2.994956
v 4.897999 8.945656 -3.121514
v 5.095118 8.945656 -3.318633
v 5.221676 8.945656 -3.567017
v 5.265285 8.945656 -3.842353
v 5.143700 9.079451 -4.092353
v 5.028788 9.079451 -4.317882
v 4.849807 9.079451 -4.496862
v 4.624279 9.079451 -4.611774
v 4.374279 9.079451 -4.651371
v 4.124279 9.079451 -4.611774
v 3.898750 9.079451 -4.496862
v 3.719770 9.079451 -4.317882
v 3.604857 9.079451 -4.092353
v 3.565261 9.079451 -3.842353
v 3.604857 9.079451 -3.592353
v 3.719770 9.079451 -3.366825
v 3.898750 9.079451 -3.187845
v 4.124279 9.079451 -3.072932
v 4.374279 9.079451 -3.033336
v 4.624279 9.079451 -3.072932
v 4.849807 9.079451 -3.187845
v 5.028787 9.079451 -3.366825
v 5.143700 9.079451 -3.592353
v 5.183296 9.079451 -3.842353
v 5.046778 9.198771 -4.060861
v 4.946341 9.198771 -4.257980
v 4.789906 9.198771 -4.414415
v 4.592787 9.198771 -4.514852
v 4.374279 9.198771 -4.549460
v 4.155770 9.198771 -4.514852
v 3.958652 9.198771 -4.414415
v 3.802217 9.198771 -4.257980
v 3.701780 9.198771 -4.060861
v 3.667171 9.198771 -3.842353
v 3.701780 9.198771 -3.623845
v 3.802217 9.198771 -3.426726
v 3.958652 9.198771 -3.270292
v 4.155770 9.198771 -3.169855
v 4.374279 9.198771 -3.135246
v 4.592786 9.198771 -3.169855
v 4.789906 9.198771 -3.270292
v 4.946340 9.198771 -3.426726
v 5.046777 9.198771 -3.623845
v 5.081385 9.198771 -3.842353
v 4.933296 9.300682 -4.023989
v 4.849807 9.300682 -4.187845
v 4.719770 9.300682 -4.317882
v 4.555914 9.300682 -4.401371
v 4.374279 9.300682 -4.430139
v 4.192643 9.300682 -4.401371
v 4.028787 9.300682 -4.317882
v 3.898750 9.300682 -4.187845
v 3.815261 9.300682 -4.023989
v 3.786493 9.300682 -3.842353
v 3.815261 9.300682 -3.660717
v 3.898750 9.300682 -3.496861
v 4.028787 9.300682 -3.366825
v 4.192643 9.300682 -3.283336
v 4.374279 9.300682 -3.254568
v 4.555914 9.300682 -3.283336
v 4.719770 9.300682 -3.366825
v 4.849807 9.300682 -3.496861
v 4.933296 9.300682 -3.660717
v 4.962064 9.300682 -3.842353
v 4.806049 9.382671 -3.982644
v 4.741565 9.382671 -4.109202
v 4.641128 9.382671 -4.209640
v 4.514569 9.382671 -4.274124
v 4.374279 9.382671 -4.296344
v 4.233988 9.382671 -4.274124
v 4.107430 9.382671 -4.209639
v 4.006992 9.382671 -4.109202
v 3.942508 9.382671 -3.982644
v 3.920288 9.382671 -3.842353
v 3.942508 9.382671 -3.702062
v 4.006992 9.382671 -3.575504
v 4.107430 9.382671 -3.475067
v 4.233988 9.382671 -3.410582
v 4.374279 9.382671 -3.388362
v 4.514569 9.382671 -3.410583
v 4.641128 9.382671 -3.475067
v 4.741565 9.382671 -3.575504
v 4.806049 9.382671 -3.702062
v 4.828269 9.382671 -3.842353
v 4.668171 9.442721 -3.937845
v 4.624279 9.442721 -4.023989
v 4.555914 9.442721 -4.092353
v 4.469770 9.442721 -4.136246
v 4.374279 9.442721 -4.151370
v 4.278787 9.442721 -4.136246
v 4.192643 9.442721 -4.092353
v 4.124279 9.442721 -4.023989
v 4.080386 9.442721 -3.937845
v 4.065261 9.442721 -3.842353
v 4.080386 9.442721 -3.746861
v 4.124279 9.442721 -3.660717
v 4.192643 9.442721 -3.592353
v 4.278787 9.442721 -3.548460
v 4.374279 9.442721 -3.533336
v 4.469770 9.442721 -3.548460
v 4.555914 9.442721 -3.592353
v 4.624279 9.442721 -3.660717
v 4.668171 9.442721 -3.746862
v 4.683296 9.442721 -3.842353
v 4.523057 9.479353 -3.890694
v 4.500837 9.479353 -3.934303
v 4.466228 9.479353 -3.968911
v 4.422619 9.479353 -3.991131
v 4.374279 9.479353 -3.998788
v 4.325938 9.479353 -3.991131
v 4.282329 9.479353 -3.968911
v 4.247720 9.479353 -3.934303
v 4.225501 9.479353 -3.890694
v 4.217844 9.479353 -3.842353
v 4.225501 9.479353 -3.794012
v 4.247720 9.479353 -3.750403
v 4.282329 9.479353 -3.715795
v 4.325938 9.479353 -3.693575
v 4.374279 9.479353 -3.685919
v 4.422619 9.479353 -3.693575
v 4.466228 9.479353 -3.715795
v 4.500837 9.479353 -3.750403
v 4.523057 9.479353 -3.794012
v 4.530713 9.479353 -3.842353
v 4.374279 7.491665 -3.842353
v 4.374279 9.491665 -3.842353
vt 0.712090 0.434586
vt 0.726656 0.435541
vt 0.739925 0.435818
vt 0.758746 0.436314
vt 0.779194 0.437133
vt 0.796064 0.437315
vt 0.812634 0.437020
vt 0.829074 0.436297
vt 0.845080 0.435137
vt 0.545584 0.394586
vt 0.560150 0.400301
vt 0.575544 0.405817
vt 0.591210 0.410963
vt 0.607158 0.415678
vt 0.625512 0.420524
vt 0.641780 0.424655
vt 0.653719 0.427215
vt 0.667611 0.429521
vt 0.682240 0.431525
vt 0.697161 0.433221
vt 0.722007 0.444774
vt 0.735840 0.445313
vt 0.754499 0.445739
vt 0.774688 0.446436
vt 0.791747 0.446707
vt 0.808543 0.446513
vt 0.825225 0.445891
vt 0.841530 0.444846
vt 0.537902 0.401502
vt 0.552724 0.407492
vt 0.568311 0.413202
vt 0.584159 0.418522
vt 0.600278 0.423392
vt 0.618551 0.428166
vt 0.634915 0.432383
vt 0.647477 0.435456
vt 0.661751 0.438037
vt 0.676679 0.440239
vt 0.691874 0.442104
vt 0.707089 0.443633
vt 0.720376 0.454098
vt 0.734777 0.454719
vt 0.753276 0.455126
vt 0.773206 0.455786
vt 0.790454 0.456086
vt 0.807475 0.455920
vt 0.824397 0.455322
vt 0.840993 0.454298
vt 0.533003 0.409603
vt 0.548122 0.415765
vt 0.563929 0.421594
vt 0.579984 0.427019
vt 0.596293 0.431980
vt 0.614477 0.436712
vt 0.630946 0.440981
vt 0.644187 0.444335
vt 0.658869 0.447057
vt 0.674111 0.449353
vt 0.689590 0.451292
vt 0.705100 0.452889
vt 0.718827 0.463431
vt 0.733805 0.464128
vt 0.752156 0.464524
vt 0.771828 0.465152
vt 0.789267 0.465478
vt 0.806513 0.465338
vt 0.823674 0.464762
vt 0.840563 0.463755
vt 0.528195 0.417759
vt 0.543612 0.424090
vt 0.559641 0.430035
vt 0.575905 0.435563
vt 0.592404 0.440613
vt 0.610496 0.445306
vt 0.627063 0.449627
vt 0.640978 0.453255
vt 0.656065 0.456108
vt 0.671619 0.458492
vt 0.687382 0.460500
vt 0.703189 0.462159
vt 0.717329 0.472750
vt 0.732920 0.473520
vt 0.751160 0.473927
vt 0.770584 0.474534
vt 0.788214 0.474886
vt 0.805686 0.474769
vt 0.823087 0.474210
vt 0.840269 0.473217
vt 0.523505 0.425984
vt 0.539223 0.432480
vt 0.555475 0.438538
vt 0.571949 0.444166
vt 0.588640 0.449304
vt 0.606633 0.453966
vt 0.623270 0.458347
vt 0.637827 0.462230
vt 0.653304 0.465198
vt 0.669165 0.467655
vt 0.685210 0.469720
vt 0.701315 0.471427
vt 0.715735 0.481986
vt 0.732046 0.482832
vt 0.750293 0.483313
vt 0.769496 0.483930
vt 0.787319 0.484308
vt 0.805019 0.484212
vt 0.822661 0.483667
vt 0.840138 0.482682
vt 0.518959 0.434291
vt 0.534977 0.440944
vt 0.551454 0.447111
vt 0.568138 0.452837
vt 0.585021 0.458065
vt 0.602898 0.462719
vt 0.619518 0.467188
vt 0.634613 0.471290
vt 0.650435 0.474332
vt 0.666579 0.476827
vt 0.682898 0.478916
vt 0.699310 0.480641
vt 0.715318 0.491370
vt 0.732235 0.492320
vt 0.749513 0.492625
vt 0.768573 0.493324
vt 0.786597 0.493738
vt 0.804525 0.493662
vt 0.822410 0.493126
vt 0.840187 0.492143
vt 0.514574 0.442690
vt 0.530890 0.449492
vt 0.547592 0.455763
vt 0.564488 0.461587
vt 0.581562 0.466914
vt 0.599272 0.471617
vt 0.615635 0.476252
vt 0.632103 0.480347
vt 0.648556 0.483514
vt 0.665114 0.486090
vt 0.681769 0.488229
vt 0.698506 0.489987
vt 0.714828 0.500709
vt 0.732154 0.501703
vt 0.749736 0.502272
vt 0.767799 0.502682
vt 0.786038 0.503162
vt 0.804201 0.503112
vt 0.822331 0.502580
vt 0.840425 0.501591
vt 0.510363 0.451189
vt 0.526963 0.458126
vt 0.543888 0.464495
vt 0.560996 0.470424
vt 0.578254 0.475881
vt 0.595669 0.480783
vt 0.612844 0.485429
vt 0.629815 0.489450
vt 0.646737 0.492685
vt 0.663666 0.495334
vt 0.680637 0.497522
vt 0.697679 0.499308
vt 0.714229 0.510025
vt 0.731826 0.511079
vt 0.749645 0.511817
vt 0.767743 0.512357
vt 0.786043 0.512703
vt 0.804395 0.512597
vt 0.822756 0.512034
vt 0.841133 0.511032
vt 0.506322 0.459803
vt 0.523433 0.466881
vt 0.540640 0.473378
vt 0.557976 0.479414
vt 0.575437 0.484991
vt 0.592958 0.490073
vt 0.610394 0.494664
vt 0.627737 0.498597
vt 0.645018 0.501862
vt 0.662257 0.504569
vt 0.679506 0.506802
vt 0.696811 0.508609
vt 0.713518 0.519328
vt 0.731295 0.520442
vt 0.749286 0.521356
vt 0.767541 0.522027
vt 0.786021 0.522261
vt 0.804586 0.522088
vt 0.823167 0.521487
vt 0.841763 0.520454
vt 0.502579 0.468617
vt 0.519984 0.475672
vt 0.537412 0.482272
vt 0.554970 0.488419
vt 0.572659 0.494134
vt 0.590436 0.499407
vt 0.608204 0.503952
vt 0.625855 0.507782
vt 0.643408 0.511050
vt 0.660895 0.513803
vt 0.678376 0.516074
vt 0.695900 0.517899
vt 0.712704 0.528624
vt 0.730574 0.529787
vt 0.748669 0.530885
vt 0.767152 0.531690
vt 0.785958 0.531794
vt 0.804764 0.531570
vt 0.823558 0.530938
vt 0.842309 0.529878
vt 0.499196 0.477559
vt 0.516599 0.484513
vt 0.534199 0.491173
vt 0.551973 0.497416
vt 0.569913 0.503265
vt 0.588057 0.508773
vt 0.606276 0.513292
vt 0.624172 0.517001
vt 0.641910 0.520256
vt 0.659579 0.523044
vt 0.677249 0.525347
vt 0.694947 0.527187
vt 0.711803 0.537920
vt 0.729654 0.539114
vt 0.747726 0.540415
vt 0.767358 0.541070
vt 0.786416 0.541220
vt 0.805454 0.541000
vt 0.824454 0.540348
vt 0.843295 0.539278
vt 0.496054 0.486509
vt 0.513644 0.493526
vt 0.531465 0.500254
vt 0.549473 0.506581
vt 0.567691 0.512555
vt 0.586659 0.518611
vt 0.604621 0.522778
vt 0.622721 0.526255
vt 0.640511 0.529491
vt 0.658302 0.532300
vt 0.676125 0.534627
vt 0.693965 0.536480
vt 0.710857 0.547233
vt 0.728532 0.548431
vt 0.747627 0.549753
vt 0.767752 0.550497
vt 0.787064 0.550655
vt 0.806333 0.550421
vt 0.825544 0.549748
vt 0.844495 0.548662
vt 0.493108 0.495514
vt 0.510871 0.502586
vt 0.528910 0.509378
vt 0.547150 0.515772
vt 0.565640 0.521831
vt 0.585406 0.528137
vt 0.604242 0.532768
vt 0.621491 0.535643
vt 0.639167 0.538771
vt 0.657044 0.541580
vt 0.675005 0.543925
vt 0.692972 0.545791
vt 0.711131 0.556619
vt 0.728382 0.557788
vt 0.747686 0.559173
vt 0.768342 0.559934
vt 0.787907 0.560081
vt 0.807407 0.559826
vt 0.826830 0.559126
vt 0.845896 0.558023
vt 0.490355 0.504575
vt 0.508287 0.511697
vt 0.526544 0.518548
vt 0.545015 0.525001
vt 0.563774 0.531125
vt 0.584279 0.537590
vt 0.603872 0.542383
vt 0.621175 0.545278
vt 0.639016 0.548369
vt 0.657077 0.551130
vt 0.675204 0.553425
vt 0.693277 0.555235
vt 0.711390 0.566057
vt 0.728323 0.567219
vt 0.747916 0.568621
vt 0.769115 0.569366
vt 0.788933 0.569491
vt 0.808664 0.569209
vt 0.828298 0.568478
vt 0.847484 0.567356
vt 0.487781 0.513687
vt 0.505880 0.520855
vt 0.524355 0.527759
vt 0.543059 0.534266
vt 0.562087 0.540445
vt 0.583309 0.547026
vt 0.603557 0.551899
vt 0.620814 0.554799
vt 0.638783 0.557880
vt 0.657017 0.560627
vt 0.675317 0.562904
vt 0.693520 0.564693
vt 0.711740 0.575510
vt 0.728393 0.576675
vt 0.748304 0.578076
vt 0.770051 0.578785
vt 0.790121 0.578883
vt 0.810083 0.578569
vt 0.829929 0.577804
vt 0.849233 0.576660
vt 0.485365 0.522841
vt 0.503632 0.530052
vt 0.522326 0.537007
vt 0.541263 0.543562
vt 0.560560 0.549790
vt 0.582492 0.556464
vt 0.603359 0.561381
vt 0.620533 0.564281
vt 0.638615 0.567360
vt 0.657020 0.570104
vt 0.675495 0.572374
vt 0.693837 0.574154
vt 0.712204 0.584965
vt 0.728589 0.586138
vt 0.748827 0.587527
vt 0.771123 0.588191
vt 0.791445 0.588257
vt 0.811637 0.587908
vt 0.831694 0.587105
vt 0.851118 0.585937
vt 0.483083 0.532029
vt 0.501518 0.539280
vt 0.520431 0.546283
vt 0.539602 0.552882
vt 0.559169 0.559155
vt 0.581809 0.565908
vt 0.603283 0.570853
vt 0.620362 0.573752
vt 0.638553 0.576831
vt 0.657127 0.579573
vt 0.675778 0.581838
vt 0.694262 0.583612
vt 0.712767 0.594415
vt 0.728888 0.595600
vt 0.749456 0.596974
vt 0.772300 0.597585
vt 0.792874 0.597616
vt 0.813296 0.597229
vt 0.833564 0.596386
vt 0.853107 0.595194
vt 0.480904 0.541243
vt 0.499507 0.548531
vt 0.518640 0.555579
vt 0.538045 0.562221
vt 0.557883 0.568534
vt 0.581232 0.575358
vt 0.603310 0.580321
vt 0.620290 0.583220
vt 0.638589 0.586299
vt 0.657331 0.589039
vt 0.676158 0.591298
vt 0.694784 0.593064
vt 0.713402 0.603861
vt 0.729259 0.605060
vt 0.750157 0.606415
vt 0.773550 0.606970
vt 0.794375 0.606964
vt 0.815027 0.606537
vt 0.835505 0.605652
vt 0.855167 0.604434
vt 0.478796 0.550472
vt 0.497568 0.557798
vt 0.516921 0.564889
vt 0.536560 0.571571
vt 0.556668 0.577924
vt 0.580727 0.584812
vt 0.603408 0.589788
vt 0.620288 0.592687
vt 0.638695 0.595766
vt 0.657606 0.598502
vt 0.676609 0.600755
vt 0.695378 0.602513
vt 0.711234 0.425158
vt 0.677097 0.610209
vt 0.858113 0.604237
vt 0.542863 0.393439
vt 0.858927 0.594805
vt 0.859669 0.585367
vt 0.860304 0.575921
vt 0.860802 0.566466
vt 0.861135 0.557004
vt 0.861281 0.547535
vt 0.861222 0.538061
vt 0.860948 0.528580
vt 0.860464 0.519081
vt 0.859624 0.509543
vt 0.858405 0.500056
vt 0.856975 0.490677
vt 0.855361 0.481340
vt 0.853568 0.472041
vt 0.851615 0.462777
vt 0.849530 0.453542
vt 0.847340 0.444331
vt 0.657918 0.607964
vt 0.638838 0.605232
vt 0.620324 0.602155
vt 0.603542 0.599254
vt 0.580258 0.594267
vt 0.555490 0.587317
vt 0.535112 0.580927
vt 0.515237 0.574206
vt 0.495664 0.567072
vt 0.476724 0.559710
vt 0.857262 0.613666
vt 0.837482 0.614911
vt 0.816793 0.615838
vt 0.795913 0.616305
vt 0.774836 0.616349
vt 0.750895 0.615854
vt 0.729667 0.614518
vt 0.714073 0.613304
vt 0.696007 0.611960
vt 0.725437 0.426152
vt 0.738143 0.426519
vt 0.757124 0.426987
vt 0.777832 0.427764
vt 0.794512 0.427976
vt 0.810858 0.427721
vt 0.827063 0.427046
vt 0.842785 0.425953
vt 0.547856 0.385395
vt 0.562087 0.391034
vt 0.577235 0.396502
vt 0.592672 0.401609
vt 0.608412 0.406294
vt 0.626864 0.411154
vt 0.643014 0.415268
vt 0.654217 0.417761
vt 0.667678 0.420054
vt 0.681979 0.422061
vt 0.696606 0.423770
vt 0.709144 0.434392
vt 0.694222 0.432932
vt 0.679311 0.431145
vt 0.664697 0.429040
vt 0.650830 0.426602
vt 0.638948 0.423818
vt 0.622691 0.419652
vt 0.604328 0.414835
vt 0.588399 0.410057
vt 0.572757 0.404843
vt 0.557389 0.399254
vt 0.842139 0.435398
vt 0.826126 0.436466
vt 0.809682 0.437115
vt 0.793112 0.437339
vt 0.776242 0.437097
vt 0.755793 0.436361
vt 0.736973 0.435914
vt 0.723704 0.435460
vt 0.679546 0.601064
vt 0.660536 0.598866
vt 0.641618 0.596182
vt 0.623207 0.593137
vt 0.606331 0.590207
vt 0.583617 0.585416
vt 0.559505 0.578743
vt 0.539372 0.572473
vt 0.519709 0.565861
vt 0.500332 0.558835
vt 0.481542 0.551560
vt 0.838453 0.605493
vt 0.817978 0.606445
vt 0.797328 0.606944
vt 0.776502 0.607030
vt 0.753101 0.606647
vt 0.732193 0.605394
vt 0.716344 0.604114
vt 0.698319 0.602779
vt 0.504969 0.550581
vt 0.486327 0.543391
vt 0.839388 0.596072
vt 0.819127 0.597048
vt 0.509541 0.542291
vt 0.491050 0.535186
vt 0.840251 0.586644
vt 0.820203 0.587642
vt 0.514020 0.533950
vt 0.495681 0.526929
vt 0.841008 0.577207
vt 0.821173 0.578224
vt 0.518378 0.525546
vt 0.500191 0.518605
vt 0.841628 0.567760
vt 0.822007 0.568793
vt 0.522590 0.517068
vt 0.504555 0.510204
vt 0.842085 0.558303
vt 0.822678 0.559349
vt 0.842356 0.548836
vt 0.823165 0.549891
vt 0.549272 0.446361
vt 0.533038 0.440218
vt 0.551708 0.437214
vt 0.535807 0.431167
vt 0.836419 0.473445
vt 0.819033 0.474343
vt 0.553987 0.428026
vt 0.538419 0.422068
vt 0.834752 0.464125
vt 0.817604 0.464983
vt 0.556134 0.418805
vt 0.540900 0.412931
vt 0.832952 0.454830
vt 0.816041 0.455646
vt 0.558178 0.409561
vt 0.543277 0.403768
vt 0.831048 0.445556
vt 0.814373 0.446326
vt 0.681959 0.591910
vt 0.663120 0.589758
vt 0.644364 0.587122
vt 0.626055 0.584108
vt 0.609084 0.581149
vt 0.586941 0.576552
vt 0.563486 0.570154
vt 0.543600 0.564002
vt 0.524148 0.557499
vt 0.798707 0.597578
vt 0.778132 0.597704
vt 0.755271 0.597431
vt 0.734683 0.596260
vt 0.718579 0.594914
vt 0.700594 0.593589
vt 0.684305 0.582737
vt 0.665636 0.580631
vt 0.647042 0.578041
vt 0.628835 0.575059
vt 0.611769 0.572070
vt 0.590198 0.567662
vt 0.567402 0.561534
vt 0.547763 0.555498
vt 0.528523 0.549103
vt 0.800014 0.588201
vt 0.779691 0.588365
vt 0.757371 0.588200
vt 0.737105 0.587107
vt 0.720746 0.585697
vt 0.702801 0.584382
vt 0.686556 0.573540
vt 0.668058 0.571478
vt 0.649626 0.568935
vt 0.631521 0.565983
vt 0.614355 0.562966
vt 0.593356 0.558738
vt 0.571220 0.552871
vt 0.551829 0.546949
vt 0.532804 0.540659
vt 0.801216 0.578810
vt 0.781144 0.579010
vt 0.759367 0.578944
vt 0.739426 0.577925
vt 0.722815 0.576454
vt 0.704912 0.575150
vt 0.688705 0.564313
vt 0.670380 0.562299
vt 0.652110 0.559803
vt 0.634103 0.556884
vt 0.616825 0.553838
vt 0.596386 0.549774
vt 0.574913 0.544155
vt 0.555772 0.538342
vt 0.536961 0.532153
vt 0.802282 0.569403
vt 0.782462 0.569633
vt 0.761230 0.569656
vt 0.741625 0.568702
vt 0.724773 0.567176
vt 0.706919 0.565886
vt 0.690794 0.555059
vt 0.672644 0.553102
vt 0.654533 0.550665
vt 0.636610 0.547788
vt 0.619183 0.544708
vt 0.599271 0.540772
vt 0.578455 0.535379
vt 0.559565 0.529669
vt 0.540972 0.523578
vt 0.803185 0.559977
vt 0.783617 0.560232
vt 0.762938 0.560326
vt 0.743699 0.559417
vt 0.726644 0.557847
vt 0.708855 0.556585
vt 0.602006 0.531753
vt 0.581829 0.526544
vt 0.563191 0.520927
vt 0.544815 0.514927
vt 0.526637 0.508510
vt 0.508754 0.501721
vt 0.803904 0.550532
vt 0.784590 0.550802
vt 0.764479 0.550933
vt 0.745687 0.550025
vt 0.585025 0.517662
vt 0.566637 0.512120
vt 0.548480 0.506203
vt 0.530505 0.499875
vt 0.512770 0.493154
vt 0.842430 0.539362
vt 0.823457 0.540421
vt 0.804429 0.541066
vt 0.785368 0.541332
vt 0.765863 0.541428
vt 0.597756 0.471635
vt 0.580557 0.466727
vt 0.563526 0.461313
vt 0.546665 0.455458
vt 0.530093 0.449209
vt 0.839261 0.492175
vt 0.821402 0.493139
vt 0.803490 0.493636
vt 0.785493 0.493621
vt 0.766782 0.492760
vt 0.617583 0.467122
vt 0.599682 0.462398
vt 0.582693 0.457515
vt 0.565889 0.452149
vt 0.837927 0.482795
vt 0.820304 0.483727
vt 0.802614 0.484195
vt 0.784800 0.484145
vt 0.765709 0.483204
vt 0.747926 0.482702
vt 0.698839 0.471091
vt 0.682736 0.469408
vt 0.666780 0.467375
vt 0.651135 0.464966
vt 0.636199 0.462066
vt 0.619412 0.457878
vt 0.601439 0.453105
vt 0.584659 0.448257
vt 0.568081 0.442940
vt 0.801568 0.474781
vt 0.783940 0.474705
vt 0.764548 0.473755
vt 0.746436 0.473188
vt 0.730970 0.473238
vt 0.714972 0.472404
vt 0.698505 0.461600
vt 0.682700 0.459927
vt 0.667083 0.457917
vt 0.651890 0.455551
vt 0.637734 0.452756
vt 0.621102 0.448577
vt 0.603040 0.443778
vt 0.586467 0.438965
vt 0.570117 0.433695
vt 0.800363 0.465389
vt 0.782925 0.465289
vt 0.763259 0.464360
vt 0.744935 0.463789
vt 0.729988 0.463764
vt 0.714338 0.462913
vt 0.698132 0.452132
vt 0.682623 0.450457
vt 0.667336 0.448453
vt 0.652580 0.446115
vt 0.639169 0.443407
vt 0.622665 0.439243
vt 0.604506 0.434425
vt 0.588141 0.429647
vt 0.572019 0.424421
vt 0.799024 0.456017
vt 0.781775 0.455891
vt 0.761846 0.454994
vt 0.743349 0.454443
vt 0.728955 0.454339
vt 0.713664 0.453458
vt 0.697680 0.442674
vt 0.682465 0.440990
vt 0.667507 0.438988
vt 0.653183 0.436667
vt 0.640509 0.434036
vt 0.624124 0.429889
vt 0.605868 0.425057
vt 0.589711 0.420311
vt 0.573817 0.415126
vt 0.797580 0.446660
vt 0.780521 0.446507
vt 0.760332 0.445648
vt 0.741671 0.445123
vt 0.727839 0.444934
vt 0.712911 0.444018
vn 0.190557 -0.979722 -0.061912
vn 0.162098 -0.979722 -0.117769
vn 0.269872 -0.942722 -0.196073
vn 0.317253 -0.942722 -0.103082
vn 0.117770 -0.979722 -0.162098
vn 0.196073 -0.942722 -0.269871
vn 0.061916 -0.979722 -0.190557
vn 0.103081 -0.942722 -0.317253
vn -0.000000 -0.979722 -0.200363
vn 0.000000 -0.942722 -0.333579
vn -0.061916 -0.979722 -0.190557
vn -0.103081 -0.942722 -0.317253
vn -0.117771 -0.979722 -0.162098
vn -0.196074 -0.942722 -0.269872
vn -0.162098 -0.979721 -0.117771
vn -0.269872 -0.942722 -0.196074
vn -0.190557 -0.979722 -0.061914
vn -0.317253 -0.942722 -0.103083
vn -0.200364 -0.979722 -0.000000
vn -0.333579 -0.942722 -0.000000
vn -0.190557 -0.979722 0.061912
vn -0.317253 -0.942722 0.103082
vn -0.162097 -0.979722 0.117769
vn -0.269871 -0.942722 0.196073
vn -0.117770 -0.979722 0.162098
vn -0.196073 -0.942722 0.269871
vn -0.061916 -0.979722 0.190557
vn -0.103082 -0.942722 0.317253
vn -0.000000 -0.979722 0.200364
vn 0.000000 -0.942722 0.333579
vn 0.061916 -0.979722 0.190557
vn 0.103082 -0.942722 0.317253
vn 0.117770 -0.979722 0.162097
vn 0.196073 -0.942722 0.269872
vn 0.162098 -0.979722 0.117771
vn 0.269872 -0.942722 0.196074
vn 0.190557 -0.979722 0.061914
vn 0.317253 -0.942722 0.103083
vn 0.200364 -0.979722 0.000000
vn 0.333579 -0.942722 0.000000
vn 0.380846 -0.882267 -0.276699
vn 0.447711 -0.882266 -0.145469
vn 0.276701 -0.882266 -0.380845
vn 0.145469 -0.882266 -0.447711
vn 0.000000 -0.882266 -0.470751
vn -0.145469 -0.882266 -0.447712
vn -0.276701 -0.882266 -0.380845
vn -0.380846 -0.882266 -0.276700
vn -0.447711 -0.882266 -0.145471
vn -0.470752 -0.882266 0.000001
vn -0.447711 -0.882266 0.145472
vn -0.380846 -0.882266 0.276701
vn -0.276701 -0.882266 0.380845
vn -0.145470 -0.882266 0.447711
vn 0.000000 -0.882266 0.470751
vn 0.145470 -0.882266 0.447711
vn 0.276700 -0.882266 0.380847
vn 0.380845 -0.882266 0.276701
vn 0.447711 -0.882266 0.145470
vn 0.470752 -0.882266 -0.000001
vn 0.485138 -0.800252 -0.352473
vn 0.570315 -0.800252 -0.185306
vn 0.352474 -0.800252 -0.485138
vn 0.185307 -0.800251 -0.570315
vn 0.000000 -0.800251 -0.599665
vn -0.185306 -0.800251 -0.570315
vn -0.352474 -0.800252 -0.485138
vn -0.485139 -0.800252 -0.352473
vn -0.570315 -0.800251 -0.185307
vn -0.599665 -0.800251 0.000001
vn -0.570314 -0.800251 0.185308
vn -0.485138 -0.800252 0.352474
vn -0.352474 -0.800252 0.485139
vn -0.185307 -0.800251 0.570315
vn -0.000000 -0.800251 0.599666
vn 0.185306 -0.800251 0.570316
vn 0.352473 -0.800251 0.485140
vn 0.485138 -0.800252 0.352474
vn 0.570315 -0.800252 0.185306
vn 0.599666 -0.800251 -0.000000
vn 0.578712 -0.698789 -0.420459
vn 0.680317 -0.698789 -0.221047
vn 0.420458 -0.698789 -0.578712
vn 0.221048 -0.698790 -0.680317
vn -0.000000 -0.698789 -0.715328
vn -0.221048 -0.698789 -0.680317
vn -0.420459 -0.698790 -0.578712
vn -0.578712 -0.698790 -0.420458
vn -0.680317 -0.698790 -0.221047
vn -0.715327 -0.698790 0.000000
vn -0.680317 -0.698789 0.221048
vn -0.578712 -0.698789 0.420460
vn -0.420459 -0.698789 0.578713
vn -0.221048 -0.698789 0.680317
vn -0.000000 -0.698789 0.715328
vn 0.221048 -0.698789 0.680318
vn 0.420459 -0.698788 0.578713
vn 0.578712 -0.698790 0.420458
vn 0.680316 -0.698790 0.221047
vn 0.715327 -0.698790 0.000000
vn 0.658808 -0.580401 -0.478651
vn 0.774475 -0.580401 -0.251641
vn 0.478651 -0.580402 -0.658807
vn 0.251642 -0.580402 -0.774474
vn 0.000000 -0.580401 -0.814331
vn -0.251642 -0.580401 -0.774475
vn -0.478652 -0.580401 -0.658807
vn -0.658808 -0.580401 -0.478651
vn -0.774475 -0.580401 -0.251641
vn -0.814331 -0.580401 -0.000000
vn -0.774475 -0.580401 0.251641
vn -0.658807 -0.580401 0.478652
vn -0.478652 -0.580401 0.658807
vn -0.251642 -0.580401 0.774475
vn -0.000000 -0.580401 0.814331
vn 0.251642 -0.580400 0.774475
vn 0.478652 -0.580400 0.658808
vn 0.658808 -0.580401 0.478651
vn 0.774475 -0.580401 0.251641
vn 0.814331 -0.580401 0.000001
vn 0.723291 -0.447993 -0.525502
vn 0.850281 -0.447992 -0.276272
vn 0.525501 -0.447994 -0.723291
vn 0.276273 -0.447994 -0.850279
vn 0.000000 -0.447994 -0.894037
vn -0.276273 -0.447993 -0.850280
vn -0.525502 -0.447993 -0.723291
vn -0.723291 -0.447993 -0.525502
vn -0.850280 -0.447993 -0.276272
vn -0.894037 -0.447993 -0.000000
vn -0.850280 -0.447994 0.276273
vn -0.723291 -0.447994 0.525501
vn -0.525502 -0.447994 0.723290
vn -0.276273 -0.447994 0.850279
vn -0.000000 -0.447994 0.894037
vn 0.276273 -0.447993 0.850280
vn 0.525501 -0.447994 0.723291
vn 0.723291 -0.447994 0.525502
vn 0.850280 -0.447993 0.276273
vn 0.894038 -0.447992 0.000001
vn 0.770524 -0.304788 -0.559819
vn 0.905806 -0.304788 -0.294313
vn 0.559818 -0.304788 -0.770524
vn 0.294314 -0.304788 -0.905805
vn -0.000000 -0.304788 -0.952420
vn -0.294315 -0.304788 -0.905805
vn -0.559819 -0.304788 -0.770524
vn -0.770525 -0.304788 -0.559818
vn -0.905805 -0.304788 -0.294314
vn -0.952420 -0.304788 -0.000000
vn -0.905806 -0.304787 0.294314
vn -0.770524 -0.304787 0.559819
vn -0.559819 -0.304788 0.770524
vn -0.294314 -0.304789 0.905805
vn -0.000000 -0.304788 0.952420
vn 0.294314 -0.304789 0.905805
vn 0.559818 -0.304789 0.770524
vn 0.770524 -0.304788 0.559819
vn 0.905805 -0.304789 0.294314
vn 0.952420 -0.304789 0.000001
vn 0.799335 -0.154249 -0.580751
vn 0.939674 -0.154249 -0.305318
vn 0.580750 -0.154249 -0.799335
vn 0.305318 -0.154249 -0.939674
vn -0.000000 -0.154249 -0.988032
vn -0.305319 -0.154249 -0.939674
vn -0.580750 -0.154249 -0.799335
vn -0.799335 -0.154249 -0.580751
vn -0.939674 -0.154248 -0.305319
vn -0.988032 -0.154248 -0.000000
vn -0.939674 -0.154248 0.305319
vn -0.799335 -0.154248 0.580751
vn -0.580750 -0.154249 0.799335
vn -0.305318 -0.154249 0.939674
vn 0.000000 -0.154249 0.988032
vn 0.305319 -0.154249 0.939674
vn 0.580751 -0.154248 0.799335
vn 0.799335 -0.154248 0.580751
vn 0.939675 -0.154248 0.305318
vn 0.988032 -0.154249 0.000000
vn 0.809017 -0.000001 -0.587785
vn 0.951057 -0.000001 -0.309016
vn 0.587785 0.000000 -0.809017
vn 0.309017 0.000000 -0.951057
vn -0.000000 0.000000 -1.000000
vn -0.309018 0.000000 -0.951056
vn -0.587785 -0.000000 -0.809018
vn -0.809017 0.000000 -0.587786
vn -0.951057 0.000000 -0.309017
vn -1.000000 -0.000000 -0.000000
vn -0.951056 0.000000 0.309017
vn -0.809017 0.000000 0.587785
vn -0.587785 -0.000000 0.809017
vn -0.309017 -0.000000 0.951056
vn 0.000000 -0.000000 1.000000
vn 0.309018 -0.000000 0.951056
vn 0.587785 0.000000 0.809017
vn 0.809017 0.000000 0.587785
vn 0.951057 -0.000000 0.309017
vn 1.000000 -0.000000 0.000001
vn 0.799335 0.154248 -0.580751
vn 0.939675 0.154248 -0.305318
vn 0.580750 0.154249 -0.799335
vn 0.305318 0.154249 -0.939674
vn 0.000000 0.154249 -0.988032
vn -0.305319 0.154249 -0.939674
vn -0.580750 0.154249 -0.799335
vn -0.799335 0.154248 -0.580751
vn -0.939675 0.154248 -0.305318
vn -0.988032 0.154248 0.000000
vn -0.939675 0.154248 0.305318
vn -0.799335 0.154248 0.580751
vn -0.580750 0.154248 0.799335
vn -0.305319 0.154249 0.939674
vn -0.000000 0.154249 0.988032
vn 0.305319 0.154249 0.939674
vn 0.580750 0.154248 0.799335
vn 0.799335 0.154247 0.580751
vn 0.939674 0.154248 0.305319
vn 0.988032 0.154249 0.000001
vn 0.770524 0.304787 -0.559819
vn 0.905806 0.304788 -0.294313
vn 0.559818 0.304788 -0.770525
vn 0.294314 0.304788 -0.905806
vn -0.000000 0.304787 -0.952420
vn -0.294314 0.304788 -0.905805
vn -0.559819 0.304788 -0.770524
vn -0.770524 0.304788 -0.559819
vn -0.905805 0.304788 -0.294314
vn -0.952420 0.304788 -0.000000
vn -0.905806 0.304788 0.294314
vn -0.770524 0.304787 0.559819
vn -0.559819 0.304787 0.770524
vn -0.294314 0.304788 0.905806
vn -0.000000 0.304787 0.952420
vn 0.294314 0.304788 0.905805
vn 0.559819 0.304788 0.770524
vn 0.770524 0.304788 0.559818
vn 0.905805 0.304789 0.294314
vn 0.952420 0.304789 0.000001
vn 0.723291 0.447993 -0.525503
vn 0.850281 0.447992 -0.276271
vn 0.525500 0.447993 -0.723292
vn 0.276273 0.447993 -0.850280
vn -0.000000 0.447994 -0.894036
vn -0.276273 0.447994 -0.850279
vn -0.525502 0.447993 -0.723291
vn -0.723291 0.447993 -0.525502
vn -0.850280 0.447993 -0.276273
vn -0.894037 0.447994 -0.000000
vn -0.850279 0.447994 0.276273
vn -0.723291 0.447994 0.525502
vn -0.525502 0.447994 0.723291
vn -0.276273 0.447994 0.850280
vn 0.000000 0.447993 0.894037
vn 0.276273 0.447994 0.850279
vn 0.525502 0.447994 0.723291
vn 0.723291 0.447994 0.525501
vn 0.850280 0.447993 0.276272
vn 0.894038 0.447992 0.000001
vn 0.658807 0.580401 -0.478652
vn 0.774475 0.580401 -0.251641
vn 0.478651 0.580402 -0.658808
vn 0.251642 0.580402 -0.774474
vn 0.000000 0.580402 -0.814330
vn -0.251642 0.580401 -0.774475
vn -0.478652 0.580401 -0.658808
vn -0.658808 0.580401 -0.478651
vn -0.774475 0.580401 -0.251642
vn -0.814331 0.580401 -0.000000
vn -0.774475 0.580401 0.251642
vn -0.658807 0.580401 0.478652
vn -0.478651 0.580401 0.658807
vn -0.251642 0.580402 0.774474
vn -0.000000 0.580401 0.814331
vn 0.251642 0.580400 0.774475
vn 0.478652 0.580400 0.658808
vn 0.658808 0.580401 0.478651
vn 0.774475 0.580401 0.251642
vn 0.814331 0.580401 0.000001
vn 0.578712 0.698789 -0.420460
vn 0.680317 0.698789 -0.221048
vn 0.420458 0.698790 -0.578712
vn 0.221048 0.698789 -0.680317
vn 0.000000 0.698789 -0.715328
vn -0.221048 0.698789 -0.680317
vn -0.420459 0.698789 -0.578712
vn -0.578712 0.698790 -0.420459
vn -0.680317 0.698789 -0.221048
vn -0.715327 0.698789 0.000001
vn -0.680317 0.698789 0.221049
vn -0.578713 0.698789 0.420458
vn -0.420459 0.698790 0.578712
vn -0.221049 0.698789 0.680317
vn -0.000000 0.698789 0.715328
vn 0.221048 0.698789 0.680318
vn 0.420459 0.698789 0.578712
vn 0.578712 0.698790 0.420458
vn 0.680316 0.698790 0.221048
vn 0.715327 0.698789 0.000001
vn 0.485138 0.800252 -0.352474
vn 0.570315 0.800251 -0.185306
vn 0.352474 0.800252 -0.485138
vn 0.185307 0.800252 -0.570314
vn 0.000000 0.800252 -0.599664
vn -0.185307 0.800252 -0.570314
vn -0.352474 0.800252 -0.485138
vn -0.485138 0.800252 -0.352475
vn -0.570315 0.800251 -0.185307
vn -0.599665 0.800251 0.000001
vn -0.570315 0.800251 0.185308
vn -0.485138 0.800251 0.352475
vn -0.352474 0.800252 0.485138
vn -0.185307 0.800252 0.570315
vn -0.000000 0.800251 0.599665
vn 0.185307 0.800252 0.570314
vn 0.352474 0.800252 0.485138
vn 0.485138 0.800252 0.352475
vn 0.570315 0.800252 0.185307
vn 0.599666 0.800250 0.000000
vn 0.380845 0.882267 -0.276699
vn 0.447711 0.882266 -0.145468
vn 0.276701 0.882266 -0.380846
vn 0.145470 0.882266 -0.447711
vn -0.000000 0.882267 -0.470750
vn -0.145470 0.882267 -0.447710
vn -0.276701 0.882266 -0.380845
vn -0.380846 0.882266 -0.276701
vn -0.447711 0.882266 -0.145470
vn -0.470752 0.882266 0.000000
vn -0.447711 0.882266 0.145470
vn -0.380845 0.882266 0.276702
vn -0.276701 0.882266 0.380845
vn -0.145470 0.882266 0.447710
vn 0.000000 0.882266 0.470751
vn 0.145471 0.882266 0.447710
vn 0.276701 0.882266 0.380846
vn 0.380845 0.882266 0.276702
vn 0.447711 0.882266 0.145471
vn 0.470752 0.882266 0.000000
vn 0.269871 0.942723 -0.196070
vn 0.317251 0.942722 -0.103082
vn 0.196072 0.942723 -0.269869
vn 0.103081 0.942722 -0.317252
vn 0.000000 0.942722 -0.333579
vn -0.103081 0.942722 -0.317253
vn -0.196072 0.942723 -0.269870
vn -0.269870 0.942723 -0.196069
vn -0.317251 0.942723 -0.103080
vn -0.333577 0.942723 0.000000
vn -0.317252 0.942723 0.103080
vn -0.269870 0.942723 0.196070
vn -0.196072 0.942723 0.269869
vn -0.103081 0.942722 0.317252
vn 0.000000 0.942722 0.333579
vn 0.103081 0.942722 0.317253
vn 0.196072 0.942723 0.269870
vn 0.269871 0.942723 0.196070
vn 0.317252 0.942722 0.103082
vn 0.333578 0.942723 0.000000
vn 0.162095 0.979722 -0.117767
vn 0.190554 0.979722 -0.061912
vn 0.117768 0.979722 -0.162094
vn 0.061915 0.979723 -0.190551
vn 0.000000 0.979722 -0.200360
vn -0.061914 0.979722 -0.190553
vn -0.117768 0.979723 -0.162093
vn -0.162095 0.979723 -0.117766
vn -0.190554 0.979722 -0.061915
vn -0.200360 0.979722 0.000000
vn -0.190554 0.979722 0.061912
vn -0.162095 0.979723 0.117767
vn -0.117768 0.979723 0.162094
vn -0.061915 0.979723 0.190551
vn -0.000000 0.979722 0.200361
vn 0.061915 0.979722 0.190554
vn 0.117768 0.979723 0.162094
vn 0.162095 0.979723 0.117766
vn 0.190555 0.979722 0.061916
vn 0.200361 0.979722 0.000000
vn -0.000000 -1.000000 -0.000000
vn -0.000000 1.000000 0.000000
s 1
g Lamp Light
usemtl lambert6SG
f 343/862/715 344/406/716 364/1095/717 363/425/718
f 344/861/716 345/407/719 365/1094/720 364/426/717
f 345/860/719 346/408/721 366/1093/722 365/427/720
f 346/859/721 347/409/723 367/1092/724 366/428/722
f 347/858/723 348/410/725 368/1091/726 367/429/724
f 348/857/725 349/411/727 369/921/728 368/430/726
f 349/856/727 350/412/729 370/920/730 369/431/728
f 350/855/729 351/413/731 371/805/732 370/432/730
f 351/788/731 352/414/733 372/919/734 371/433/732
f 352/854/733 353/415/735 373/918/736 372/434/734
f 353/853/735 354/416/737 374/1090/738 373/435/736
f 354/852/737 355/417/739 375/1089/740 374/436/738
f 355/851/739 356/418/741 376/1088/742 375/437/740
f 356/850/741 357/419/743 377/1087/744 376/438/742
f 357/849/743 358/420/745 378/1086/746 377/439/744
f 358/848/745 359/421/747 379/1085/748 378/440/746
f 359/847/747 360/422/749 380/1084/750 379/441/748
f 360/846/749 361/423/751 381/1083/752 380/442/750
f 361/845/751 362/424/753 382/1082/754 381/443/752
f 362/844/753 343/405/715 363/1096/718 382/444/754
f 363/425/718 364/1095/717 384/1080/755 383/445/756
f 364/426/717 365/1094/720 385/1079/757 384/446/755
f 365/427/720 366/1093/722 386/1078/758 385/447/757
f 366/428/722 367/1092/724 387/1077/759 386/448/758
f 367/429/724 368/1091/726 388/1076/760 387/449/759
f 368/430/726 369/921/728 389/917/761 388/450/760
f 369/431/728 370/920/730 390/916/762 389/451/761
f 370/432/730 371/805/732 391/804/763 390/452/762
f 371/433/732 372/919/734 392/915/764 391/453/763
f 372/434/734 373/918/736 393/914/765 392/454/764
f 373/435/736 374/1090/738 394/1075/766 393/455/765
f 374/436/738 375/1089/740 395/1074/767 394/456/766
f 375/437/740 376/1088/742 396/1073/768 395/457/767
f 376/438/742 377/1087/744 397/1072/769 396/458/768
f 377/439/744 378/1086/746 398/1071/770 397/459/769
f 378/440/746 379/1085/748 399/1070/771 398/460/770
f 379/441/748 380/1084/750 400/1069/772 399/461/771
f 380/442/750 381/1083/752 401/1068/773 400/462/772
f 381/443/752 382/1082/754 402/1067/774 401/463/773
f 382/444/754 363/1096/718 383/1081/756 402/464/774
f 383/445/756 384/1080/755 404/1065/775 403/465/776
f 384/446/755 385/1079/757 405/1064/777 404/466/775
f 385/447/757 386/1078/758 406/1063/778 405/467/777
f 386/448/758 387/1077/759 407/1062/779 406/468/778
f 387/449/759 388/1076/760 408/1061/780 407/469/779
f 388/450/760 389/917/761 409/913/781 408/470/780
f 389/451/761 390/916/762 410/912/782 409/471/781
f 390/452/762 391/804/763 411/803/783 410/472/782
f 391/453/763 392/915/764 412/911/784 411/473/783
f 392/454/764 393/914/765 413/910/785 412/474/784
f 393/455/765 394/1075/766 414/1060/786 413/475/785
f 394/456/766 395/1074/767 415/1059/787 414/476/786
f 395/457/767 396/1073/768 416/1058/788 415/477/787
f 396/458/768 397/1072/769 417/1057/789 416/478/788
f 397/459/769 398/1071/770 418/1056/790 417/479/789
f 398/460/770 399/1070/771 419/1055/791 418/480/790
f 399/461/771 400/1069/772 420/1054/792 419/481/791
f 400/462/772 401/1068/773 421/1053/793 420/482/792
f 401/463/773 402/1067/774 422/1052/794 421/483/793
f 402/464/774 383/1081/756 403/1066/776 422/484/794
f 403/465/776 404/1065/775 424/1050/795 423/485/796
f 404/466/775 405/1064/777 425/1049/797 424/486/795
f 405/467/777 406/1063/778 426/1048/798 425/487/797
f 406/468/778 407/1062/779 427/1047/799 426/488/798
f 407/469/779 408/1061/780 428/1046/800 427/489/799
f 408/470/780 409/913/781 429/909/801 428/490/800
f 409/471/781 410/912/782 430/908/802 429/491/801
f 410/472/782 411/803/783 431/802/803 430/492/802
f 411/473/783 412/911/784 432/907/804 431/493/803
f 412/474/784 413/910/785 433/906/805 432/494/804
f 413/475/785 414/1060/786 434/1045/806 433/495/805
f 414/476/786 415/1059/787 435/1044/807 434/496/806
f 415/477/787 416/1058/788 436/1043/808 435/497/807
f 416/478/788 417/1057/789 437/1042/809 436/498/808
f 417/479/789 418/1056/790 438/1041/810 437/499/809
f 418/480/790 419/1055/791 439/1040/811 438/500/810
f 419/481/791 420/1054/792 440/1039/812 439/501/811
f 420/482/792 421/1053/793 441/1038/813 440/502/812
f 421/483/793 422/1052/794 442/1037/814 441/503/813
f 422/484/794 403/1066/776 423/1051/796 442/504/814
f 423/485/796 424/1050/795 444/506/815 443/505/816
f 424/486/795 425/1049/797 445/1036/817 444/506/815
f 425/487/797 426/1048/798 446/1035/818 445/507/817
f 426/488/798 427/1047/799 447/1034/819 446/508/818
f 427/489/799 428/1046/800 448/1033/820 447/509/819
f 428/490/800 429/909/801 449/1032/821 448/510/820
f 429/491/801 430/908/802 450/1031/822 449/511/821
f 430/492/802 431/802/803 451/801/823 450/512/822
f 431/493/803 432/907/804 452/905/824 451/513/823
f 432/494/804 433/906/805 453/904/825 452/514/824
f 433/495/805 434/1045/806 454/1030/826 453/515/825
f 434/496/806 435/1044/807 455/1029/827 454/516/826
f 435/497/807 436/1043/808 456/1028/828 455/517/827
f 436/498/808 437/1042/809 457/1027/829 456/518/828
f 437/499/809 438/1041/810 458/520/830 457/519/829
f 438/500/810 439/1040/811 459/521/831 458/520/830
f 439/501/811 440/1039/812 460/522/832 459/521/831
f 440/502/812 441/1038/813 461/523/833 460/522/832
f 441/503/813 442/1037/814 462/524/834 461/523/833
f 442/504/814 423/1051/796 443/505/816 462/524/834
f 443/505/816 444/506/815 464/526/835 463/525/836
f 444/506/815 445/1036/817 465/527/837 464/526/835
f 445/507/817 446/1035/818 466/1026/838 465/527/837
f 446/508/818 447/1034/819 467/1025/839 466/528/838
f 447/509/819 448/1033/820 468/1024/840 467/529/839
f 448/510/820 449/1032/821 469/1023/841 468/530/840
f 449/511/821 450/1031/822 470/1022/842 469/531/841
f 450/512/822 451/801/823 471/800/843 470/532/842
f 451/513/823 452/905/824 472/1021/844 471/533/843
f 452/514/824 453/904/825 473/1020/845 472/534/844
f 453/515/825 454/1030/826 474/1019/846 473/535/845
f 454/516/826 455/1029/827 475/1018/847 474/536/846
f 455/517/827 456/1028/828 476/1017/848 475/537/847
f 456/518/828 457/1027/829 477/539/849 476/538/848
f 457/519/829 458/520/830 478/540/850 477/539/849
f 458/520/830 459/521/831 479/541/851 478/540/850
f 459/521/831 460/522/832 480/542/852 479/541/851
f 460/522/832 461/523/833 481/543/853 480/542/852
f 461/523/833 462/524/834 482/544/854 481/543/853
f 462/524/834 443/505/816 463/525/836 482/544/854
f 463/525/836 464/526/835 484/546/855 483/545/856
f 464/526/835 465/527/837 485/547/857 484/546/855
f 465/527/837 466/1026/838 486/548/858 485/547/857
f 466/528/838 467/1025/839 487/549/859 486/548/858
f 467/529/839 468/1024/840 488/550/860 487/549/859
f 468/530/840 469/1023/841 489/551/861 488/550/860
f 469/531/841 470/1022/842 490/552/862 489/551/861
f 470/532/842 471/800/843 491/799/863 490/552/862
f 471/533/843 472/1021/844 492/554/864 491/553/863
f 472/534/844 473/1020/845 493/555/865 492/554/864
f 473/535/845 474/1019/846 494/556/866 493/555/865
f 474/536/846 475/1018/847 495/557/867 494/556/866
f 475/537/847 476/1017/848 496/558/868 495/557/867
f 476/538/848 477/539/849 497/559/869 496/558/868
f 477/539/849 478/540/850 498/560/870 497/559/869
f 478/540/850 479/541/851 499/561/871 498/560/870
f 479/541/851 480/542/852 500/562/872 499/561/871
f 480/542/852 481/543/853 501/563/873 500/562/872
f 481/543/853 482/544/854 502/564/874 501/563/873
f 482/544/854 463/525/836 483/545/856 502/564/874
f 483/545/856 484/546/855 504/566/875 503/565/876
f 484/546/855 485/547/857 505/567/877 504/566/875
f 485/547/857 486/548/858 506/568/878 505/567/877
f 486/548/858 487/549/859 507/569/879 506/568/878
f 487/549/859 488/550/860 508/570/880 507/569/879
f 488/550/860 489/551/861 509/571/881 508/570/880
f 489/551/861 490/552/862 510/572/882 509/571/881
f 490/552/862 491/799/863 511/798/883 510/572/882
f 491/553/863 492/554/864 512/574/884 511/573/883
f 492/554/864 493/555/865 513/575/885 512/574/884
f 493/555/865 494/556/866 514/576/886 513/575/885
f 494/556/866 495/557/867 515/577/887 514/576/886
f 495/557/867 496/558/868 516/578/888 515/577/887
f 496/558/868 497/559/869 517/579/889 516/578/888
f 497/559/869 498/560/870 518/580/890 517/579/889
f 498/560/870 499/561/871 519/581/891 518/580/890
f 499/561/871 500/562/872 520/582/892 519/581/891
f 500/562/872 501/563/873 521/583/893 520/582/892
f 501/563/873 502/564/874 522/584/894 521/583/893
f 502/564/874 483/545/856 503/565/876 522/584/894
f 503/565/876 504/566/875 524/586/895 523/585/896
f 504/566/875 505/567/877 525/587/897 524/586/895
f 505/567/877 506/568/878 526/588/898 525/587/897
f 506/568/878 507/569/879 527/589/899 526/588/898
f 507/569/879 508/570/880 528/590/900 527/589/899
f 508/570/880 509/571/881 529/591/901 528/590/900
f 509/571/881 510/572/882 530/592/902 529/591/901
f 510/572/882 511/798/883 531/797/903 530/592/902
f 511/573/883 512/574/884 532/594/904 531/593/903
f 512/574/884 513/575/885 533/595/905 532/594/904
f 513/575/885 514/576/886 534/596/906 533/595/905
f 514/576/886 515/577/887 535/597/907 534/596/906
f 515/577/887 516/578/888 536/598/908 535/597/907
f 516/578/888 517/579/889 537/599/909 536/598/908
f 517/579/889 518/580/890 538/600/910 537/599/909
f 518/580/890 519/581/891 539/601/911 538/600/910
f 519/581/891 520/582/892 540/602/912 539/601/911
f 520/582/892 521/583/893 541/603/913 540/602/912
f 521/583/893 522/584/894 542/604/914 541/603/913
f 522/584/894 503/565/876 523/585/896 542/604/914
f 523/585/896 524/586/895 544/606/915 543/605/916
f 524/586/895 525/587/897 545/607/917 544/606/915
f 525/587/897 526/588/898 546/608/918 545/607/917
f 526/588/898 527/589/899 547/609/919 546/608/918
f 527/589/899 528/590/900 548/610/920 547/609/919
f 528/590/900 529/591/901 549/611/921 548/610/920
f 529/591/901 530/592/902 550/612/922 549/611/921
f 530/592/902 531/797/903 551/796/923 550/612/922
f 531/593/903 532/594/904 552/614/924 551/613/923
f 532/594/904 533/595/905 553/615/925 552/614/924
f 533/595/905 534/596/906 554/616/926 553/615/925
f 534/596/906 535/597/907 555/617/927 554/616/926
f 535/597/907 536/598/908 556/618/928 555/617/927
f 536/598/908 537/599/909 557/619/929 556/618/928
f 537/599/909 538/600/910 558/620/930 557/619/929
f 538/600/910 539/601/911 559/621/931 558/620/930
f 539/601/911 540/602/912 560/622/932 559/621/931
f 540/602/912 541/603/913 561/623/933 560/622/932
f 541/603/913 542/604/914 562/624/934 561/623/933
f 542/604/914 523/585/896 543/605/916 562/624/934
f 543/605/916 544/606/915 564/626/935 563/625/936
f 544/606/915 545/607/917 565/627/937 564/626/935
f 545/607/917 546/608/918 566/1016/938 565/627/937
f 546/608/918 547/609/919 567/1015/939 566/628/938
f 547/609/919 548/610/920 568/1014/940 567/629/939
f 548/610/920 549/611/921 569/1013/941 568/630/940
f 549/611/921 550/612/922 570/1012/942 569/631/941
f 550/612/922 551/796/923 571/795/943 570/632/942
f 551/613/923 552/614/924 572/1011/944 571/633/943
f 552/614/924 553/615/925 573/1010/945 572/634/944
f 553/615/925 554/616/926 574/1009/946 573/635/945
f 554/616/926 555/617/927 575/1008/947 574/636/946
f 555/617/927 556/618/928 576/1007/948 575/637/947
f 556/618/928 557/619/929 577/639/949 576/638/948
f 557/619/929 558/620/930 578/640/950 577/639/949
f 558/620/930 559/621/931 579/641/951 578/640/950
f 559/621/931 560/622/932 580/642/952 579/641/951
f 560/622/932 561/623/933 581/643/953 580/642/952
f 561/623/933 562/624/934 582/644/954 581/643/953
f 562/624/934 543/605/916 563/625/936 582/644/954
f 563/625/936 564/626/935 584/646/955 583/645/956
f 564/626/935 565/627/937 585/1006/957 584/646/955
f 565/627/937 566/1016/938 586/1005/958 585/647/957
f 566/628/938 567/1015/939 587/1004/959 586/648/958
f 567/629/939 568/1014/940 588/1003/960 587/649/959
f 568/630/940 569/1013/941 589/903/961 588/650/960
f 569/631/941 570/1012/942 590/902/962 589/651/961
f 570/632/942 571/795/943 591/794/963 590/652/962
f 571/633/943 572/1011/944 592/1002/964 591/653/963
f 572/634/944 573/1010/945 593/1001/965 592/654/964
f 573/635/945 574/1009/946 594/1000/966 593/655/965
f 574/636/946 575/1008/947 595/999/967 594/656/966
f 575/637/947 576/1007/948 596/998/968 595/657/967
f 576/638/948 577/639/949 597/997/969 596/658/968
f 577/639/949 578/640/950 598/660/970 597/659/969
f 578/640/950 579/641/951 599/661/971 598/660/970
f 579/641/951 580/642/952 600/662/972 599/661/971
f 580/642/952 581/643/953 601/663/973 600/662/972
f 581/643/953 582/644/954 602/664/974 601/663/973
f 582/644/954 563/625/936 583/645/956 602/664/974
f 583/645/956 584/646/955 604/995/975 603/665/976
f 584/646/955 585/1006/957 605/994/977 604/666/975
f 585/647/957 586/1005/958 606/993/978 605/667/977
f 586/648/958 587/1004/959 607/992/979 606/668/978
f 587/649/959 588/1003/960 608/991/980 607/669/979
f 588/650/960 589/903/961 609/901/981 608/670/980
f 589/651/961 590/902/962 610/900/982 609/671/981
f 590/652/962 591/794/963 611/793/983 610/672/982
f 591/653/963 592/1002/964 612/899/984 611/673/983
f 592/654/964 593/1001/965 613/898/985 612/674/984
f 593/655/965 594/1000/966 614/990/986 613/675/985
f 594/656/966 595/999/967 615/989/987 614/676/986
f 595/657/967 596/998/968 616/988/988 615/677/987
f 596/658/968 597/997/969 617/987/989 616/678/988
f 597/659/969 598/660/970 618/986/990 617/679/989
f 598/660/970 599/661/971 619/985/991 618/680/990
f 599/661/971 600/662/972 620/984/992 619/681/991
f 600/662/972 601/663/973 621/983/993 620/682/992
f 601/663/973 602/664/974 622/982/994 621/683/993
f 602/664/974 583/645/956 603/996/976 622/684/994
f 603/665/976 604/995/975 624/980/995 623/685/996
f 604/666/975 605/994/977 625/979/997 624/686/995
f 605/667/977 606/993/978 626/978/998 625/687/997
f 606/668/978 607/992/979 627/977/999 626/688/998
f 607/669/979 608/991/980 628/976/1000 627/689/999
f 608/670/980 609/901/981 629/897/1001 628/690/1000
f 609/671/981 610/900/982 630/896/1002 629/691/1001
f 610/672/982 611/793/983 631/792/1003 630/692/1002
f 611/673/983 612/899/984 632/895/1004 631/693/1003
f 612/674/984 613/898/985 633/894/1005 632/694/1004
f 613/675/985 614/990/986 634/975/1006 633/695/1005
f 614/676/986 615/989/987 635/974/1007 634/696/1006
f 615/677/987 616/988/988 636/973/1008 635/697/1007
f 616/678/988 617/987/989 637/972/1009 636/698/1008
f 617/679/989 618/986/990 638/971/1010 637/699/1009
f 618/680/990 619/985/991 639/970/1011 638/700/1010
f 619/681/991 620/984/992 640/969/1012 639/701/1011
f 620/682/992 621/983/993 641/968/1013 640/702/1012
f 621/683/993 622/982/994 642/967/1014 641/703/1013
f 622/684/994 603/996/976 623/981/996 642/704/1014
f 623/685/996 624/980/995 644/965/1015 643/705/1016
f 624/686/995 625/979/997 645/964/1017 644/706/1015
f 625/687/997 626/978/998 646/963/1018 645/707/1017
f 626/688/998 627/977/999 647/962/1019 646/708/1018
f 627/689/999 628/976/1000 648/961/1020 647/709/1019
f 628/690/1000 629/897/1001 649/893/1021 648/710/1020
f 629/691/1001 630/896/1002 650/892/1022 649/711/1021
f 630/692/1002 631/792/1003 651/791/1023 650/712/1022
f 631/693/1003 632/895/1004 652/891/1024 651/713/1023
f 632/694/1004 633/894/1005 653/890/1025 652/714/1024
f 633/695/1005 634/975/1006 654/960/1026 653/715/1025
f 634/696/1006 635/974/1007 655/959/1027 654/716/1026
f 635/697/1007 636/973/1008 656/958/1028 655/717/1027
f 636/698/1008 637/972/1009 657/957/1029 656/718/1028
f 637/699/1009 638/971/1010 658/956/1030 657/719/1029
f 638/700/1010 639/970/1011 659/955/1031 658/720/1030
f 639/701/1011 640/969/1012 660/954/1032 659/721/1031
f 640/702/1012 641/968/1013 661/953/1033 660/722/1032
f 641/703/1013 642/967/1014 662/952/1034 661/723/1033
f 642/704/1014 623/981/996 643/966/1016 662/724/1034
f 643/705/1016 644/965/1015 664/950/1035 663/725/1036
f 644/706/1015 645/964/1017 665/949/1037 664/726/1035
f 645/707/1017 646/963/1018 666/948/1038 665/727/1037
f 646/708/1018 647/962/1019 667/947/1039 666/728/1038
f 647/709/1019 648/961/1020 668/946/1040 667/729/1039
f 648/710/1020 649/893/1021 669/889/1041 668/730/1040
f 649/711/1021 650/892/1022 670/888/1042 669/731/1041
f 650/712/1022 651/791/1023 671/790/1043 670/732/1042
f 651/713/1023 652/891/1024 672/887/1044 671/733/1043
f 652/714/1024 653/890/1025 673/886/1045 672/734/1044
f 653/715/1025 654/960/1026 674/945/1046 673/735/1045
f 654/716/1026 655/959/1027 675/944/1047 674/736/1046
f 655/717/1027 656/958/1028 676/943/1048 675/737/1047
f 656/718/1028 657/957/1029 677/942/1049 676/738/1048
f 657/719/1029 658/956/1030 678/941/1050 677/739/1049
f 658/720/1030 659/955/1031 679/940/1051 678/740/1050
f 659/721/1031 660/954/1032 680/939/1052 679/741/1051
f 660/722/1032 661/953/1033 681/938/1053 680/742/1052
f 661/723/1033 662/952/1034 682/937/1054 681/743/1053
f 662/724/1034 643/966/1016 663/951/1036 682/744/1054
f 663/725/1036 664/950/1035 684/935/1055 683/745/1056
f 664/726/1035 665/949/1037 685/934/1057 684/746/1055
f 665/727/1037 666/948/1038 686/933/1058 685/747/1057
f 666/728/1038 667/947/1039 687/932/1059 686/748/1058
f 667/729/1039 668/946/1040 688/931/1060 687/749/1059
f 668/730/1040 669/889/1041 689/885/1061 688/750/1060
f 669/731/1041 670/888/1042 690/884/1062 689/751/1061
f 670/732/1042 671/790/1043 691/789/1063 690/752/1062
f 671/733/1043 672/887/1044 692/883/1064 691/753/1063
f 672/734/1044 673/886/1045 693/882/1065 692/754/1064
f 673/735/1045 674/945/1046 694/930/1066 693/755/1065
f 674/736/1046 675/944/1047 695/929/1067 694/756/1066
f 675/737/1047 676/943/1048 696/928/1068 695/757/1067
f 676/738/1048 677/942/1049 697/927/1069 696/758/1068
f 677/739/1049 678/941/1050 698/926/1070 697/759/1069
f 678/740/1050 679/940/1051 699/925/1071 698/760/1070
f 679/741/1051 680/939/1052 700/924/1072 699/761/1071
f 680/742/1052 681/938/1053 701/923/1073 700/762/1072
f 681/743/1053 682/937/1054 702/922/1074 701/763/1073
f 682/744/1054 663/951/1036 683/936/1056 702/764/1074
f 683/745/1056 684/935/1055 704/880/1075 703/765/1076
f 684/746/1055 685/934/1057 705/879/1077 704/766/1075
f 685/747/1057 686/933/1058 706/878/1078 705/767/1077
f 686/748/1058 687/932/1059 707/877/1079 706/768/1078
f 687/749/1059 688/931/1060 708/876/1080 707/769/1079
f 688/750/1060 689/885/1061 709/875/1081 708/770/1080
f 689/751/1061 690/884/1062 710/874/1082 709/771/1081
f 690/752/1062 691/789/1063 711/787/1083 710/772/1082
f 691/753/1063 692/883/1064 712/873/1084 711/773/1083
f 692/754/1064 693/882/1065 713/872/1085 712/774/1084
f 693/755/1065 694/930/1066 714/871/1086 713/775/1085
f 694/756/1066 695/929/1067 715/870/1087 714/776/1086
f 695/757/1067 696/928/1068 716/869/1088 715/777/1087
f 696/758/1068 697/927/1069 717/868/1089 716/778/1088
f 697/759/1069 698/926/1070 718/867/1090 717/779/1089
f 698/760/1070 699/925/1071 719/866/1091 718/780/1090
f 699/761/1071 700/924/1072 720/865/1092 719/781/1091
f 700/762/1072 701/923/1073 721/864/1093 720/782/1092
f 701/763/1073 702/922/1074 722/863/1094 721/783/1093
f 702/764/1074 683/936/1056 703/881/1076 722/784/1094
f 344/406/716 343/862/715 723/825/1095
f 345/407/719 344/861/716 723/826/1095
f 346/408/721 345/860/719 723/827/1095
f 347/409/723 346/859/721 723/828/1095
f 348/410/725 347/858/723 723/829/1095
f 349/411/727 348/857/725 723/830/1095
f 350/412/729 349/856/727 723/831/1095
f 351/413/731 350/855/729 723/832/1095
f 352/414/733 351/788/731 723/833/1095
f 353/415/735 352/854/733 723/834/1095
f 354/416/737 353/853/735 723/835/1095
f 355/417/739 354/852/737 723/836/1095
f 356/418/741 355/851/739 723/837/1095
f 357/419/743 356/850/741 723/838/1095
f 358/420/745 357/849/743 723/839/1095
f 359/421/747 358/848/745 723/840/1095
f 360/422/749 359/847/747 723/841/1095
f 361/423/751 360/846/749 723/842/1095
f 362/424/753 361/845/751 723/843/1095
f 343/405/715 362/844/753 723/785/1095
f 703/765/1076 704/880/1075 724/823/1096
f 704/766/1075 705/879/1077 724/822/1096
f 705/767/1077 706/878/1078 724/821/1096
f 706/768/1078 707/877/1079 724/820/1096
f 707/769/1079 708/876/1080 724/819/1096
f 708/770/1080 709/875/1081 724/818/1096
f 709/771/1081 710/874/1082 724/817/1096
f 710/772/1082 711/787/1083 724/816/1096
f 711/773/1083 712/873/1084 724/815/1096
f 712/774/1084 713/872/1085 724/814/1096
f 713/775/1085 714/871/1086 724/813/1096
f 714/776/1086 715/870/1087 724/812/1096
f 715/777/1087 716/869/1088 724/811/1096
f 716/778/1088 717/868/1089 724/810/1096
f 717/779/1089 718/867/1090 724/809/1096
f 718/780/1090 719/866/1091 724/808/1096
f 719/781/1091 720/865/1092 724/807/1096
f 720/782/1092 721/864/1093 724/806/1096
f 721/783/1093 722/863/1094 724/786/1096
f 722/784/1094 703/881/1076 724/824/1096
g default
v 3.829172 1.993051 2.498306
v 3.842239 1.966376 2.496524
v 3.853546 1.975030 2.522654
v 3.873072 1.995754 2.531303
v 3.850974 2.013824 2.522900
v 3.838601 2.021239 2.496872
v 4.116140 1.739447 2.458121
v 4.142542 1.752635 2.454309
v 4.137942 1.760220 2.482714
v 4.119064 1.778361 2.496856
v 4.099539 1.757638 2.488206
v 4.088232 1.748984 2.462077
v 3.898793 2.073447 2.488112
v 3.872391 2.060259 2.491924
v 3.884764 2.052844 2.517951
v 3.906862 2.034774 2.526356
v 3.923167 2.055426 2.512459
v 3.926702 2.063910 2.484157
v 4.185761 1.819842 2.447927
v 4.172693 1.846517 2.449709
v 4.169159 1.838033 2.478012
v 4.152854 1.817381 2.491908
v 4.171732 1.799240 2.477766
v 4.176332 1.791654 2.449361
v 3.408257 2.042391 -0.818830
v 3.403656 2.049976 -0.790425
v 3.430058 2.063164 -0.794237
v 3.457967 2.053627 -0.798193
v 3.446660 2.044972 -0.824322
v 3.427135 2.024250 -0.832972
v 3.695223 1.788786 -0.859016
v 3.673125 1.806857 -0.867420
v 3.692650 1.827580 -0.858770
v 3.703957 1.836235 -0.832640
v 3.717025 1.809559 -0.834423
v 3.707596 1.781371 -0.832988
v 3.360436 1.982768 -0.784043
v 3.369865 2.010956 -0.785477
v 3.374465 2.003371 -0.813882
v 3.393343 1.985229 -0.828024
v 3.377038 1.964577 -0.814128
v 3.373503 1.956093 -0.785825
v 3.647405 1.729164 -0.824229
v 3.619496 1.738700 -0.820273
v 3.623030 1.747184 -0.848576
v 3.639335 1.767837 -0.862472
v 3.661433 1.749766 -0.854068
v 3.673806 1.742352 -0.828040
v 3.839402 1.993595 2.519511
v 4.118840 1.746646 2.480380
v 3.902438 2.066387 2.510281
v 4.181875 1.819437 2.471150
v 3.427359 2.055964 -0.816496
v 3.706794 1.809015 -0.855628
v 3.364322 1.983173 -0.807266
v 3.643759 1.736224 -0.846398
vt 0.714061 0.673343
vt 0.707392 0.663167
vt 0.714243 0.693250
vt 0.713742 0.636432
vt 0.710492 0.663062
vt 0.710330 0.643171
vt 0.713773 0.639559
vt 0.913987 0.667962
vt 0.913860 0.661252
vt 0.913694 0.641350
vt 0.913726 0.637766
vt 0.913694 0.634640
vt 0.914208 0.691455
vt 0.920519 0.661272
vt 0.920337 0.641228
vt 0.707210 0.643123
vt 0.714035 0.663046
vt 0.713869 0.643142
vt 0.917399 0.661224
vt 0.917237 0.641334
vt 0.914026 0.671549
vt 0.714035 0.669756
vt 0.714004 0.666630
vt 0.913955 0.664836
vt 0.713995 0.671550
vt 0.705599 0.663260
vt 0.712274 0.673307
vt 0.712252 0.669819
vt 0.713670 0.634639
vt 0.714211 0.695044
vt 0.707230 0.641322
vt 0.712451 0.693319
vt 0.705428 0.643055
vt 0.713932 0.664836
vt 0.710742 0.664842
vt 0.712268 0.663018
vt 0.713733 0.641352
vt 0.712100 0.643195
vt 0.711990 0.639621
vt 0.915738 0.664774
vt 0.917180 0.662976
vt 0.913995 0.663043
vt 0.915629 0.661200
vt 0.916988 0.639554
vt 0.915491 0.637799
vt 0.915461 0.641378
vt 0.913797 0.639560
vt 0.914058 0.669756
vt 0.920499 0.663073
vt 0.915752 0.667995
vt 0.915819 0.671480
vt 0.914274 0.693248
vt 0.913734 0.632847
vt 0.922130 0.641136
vt 0.915477 0.634577
vt 0.920298 0.639461
vt 0.712551 0.671858
vt 0.712543 0.671260
vt 0.712232 0.634954
vt 0.712759 0.694763
vt 0.712494 0.665151
vt 0.712115 0.641770
vt 0.915447 0.663332
vt 0.915614 0.662625
vt 0.915427 0.639947
vt 0.915235 0.639245
vt 0.915496 0.669441
vt 0.915511 0.670037
vt 0.915718 0.692940
vt 0.915186 0.633136
vt 0.915995 0.691491
vt 0.921771 0.639691
vt 0.921967 0.662804
vt 0.922301 0.661340
vt 0.712281 0.641063
vt 0.710549 0.641419
vt 0.712238 0.666597
vt 0.712303 0.664449
vt 0.711976 0.636400
vt 0.705762 0.641591
vt 0.705959 0.664705
vt 0.707431 0.664935
vn -0.674504 -0.731197 0.101961
vn -0.886817 -0.443412 0.130160
vn -0.887413 -0.443425 0.125987
vn -0.675441 -0.731217 0.095399
vn -0.937499 0.320734 0.135004
vn -0.829663 0.545265 0.119772
vn -0.830503 0.545246 0.113892
vn -0.938095 0.320721 0.130831
vn 0.028373 -0.083314 0.996119
vn -0.132092 -0.270142 0.953717
vn -0.102198 -0.296560 0.949530
vn 0.070020 -0.120117 0.990287
vn -0.563706 -0.681381 0.466857
vn -0.627189 -0.773010 0.095336
vn -0.533811 -0.707800 0.462672
vn -0.699335 0.536791 0.472002
vn -0.573144 0.682511 0.453525
vn -0.644896 0.758626 0.092718
vn -0.208251 0.173722 0.962524
vn 0.209860 0.126263 0.969545
vn -0.082061 0.319438 0.944047
vn 0.645738 -0.758606 -0.086838
vn 0.439651 -0.896304 -0.057847
vn 0.439055 -0.896317 -0.062020
vn 0.644898 -0.758623 -0.092718
vn -0.316794 -0.947158 0.050336
vn -0.628126 -0.773031 0.088773
vn -0.317390 -0.947171 0.046163
vn 0.343304 -0.313703 0.885287
vn 0.469494 -0.167985 0.866808
vn 0.251505 0.089459 0.963713
vn 0.677779 -0.680212 0.279154
vn 0.830510 -0.545235 -0.113893
vn 0.803969 -0.534489 0.260683
vn -0.439054 0.896318 0.062020
vn -0.439650 0.896305 0.057847
vn -0.645735 0.758607 0.086837
vn 0.317397 0.947168 -0.046164
vn 0.628129 0.773029 -0.088773
vn 0.627192 0.773008 -0.095336
vn 0.316801 0.947155 -0.050338
vn 0.641351 0.710160 0.290416
vn 0.671245 0.683742 0.286229
vn 0.675443 0.731215 -0.095399
vn 0.363628 0.302308 0.881127
vn 0.393523 0.275889 0.876941
vn 0.887410 0.443431 -0.125987
vn 0.886814 0.443418 -0.130160
vn 0.674506 0.731195 -0.101962
vn 0.938098 -0.320711 -0.130831
vn 0.829671 -0.545253 -0.119773
vn 0.937502 -0.320724 -0.135004
vn -0.677770 0.680220 -0.279157
vn -0.803961 0.534502 -0.260680
vn -0.343302 0.313709 -0.885286
vn -0.070015 0.120120 -0.990287
vn -0.251505 -0.089455 -0.963713
vn -0.469489 0.167991 -0.866810
vn 0.102209 0.296569 -0.949526
vn 0.132104 0.270150 -0.953713
vn -0.028370 0.083315 -0.996119
vn 0.533807 0.707799 -0.462678
vn 0.563701 0.681380 -0.466864
vn 0.208255 -0.173717 -0.962524
vn 0.082065 -0.319439 -0.944047
vn -0.209858 -0.126260 -0.969545
vn 0.699342 -0.536788 -0.471995
vn 0.573152 -0.682508 -0.453520
vn -0.671245 -0.683742 -0.286230
vn -0.641350 -0.710161 -0.290416
vn -0.393525 -0.275883 -0.876942
vn -0.363630 -0.302302 -0.881128
vn -0.827687 0.341009 0.445698
vn -0.775037 -0.452922 0.440659
vn -0.328828 -0.027790 0.943981
vn -0.290224 -0.881363 0.372785
vn 0.495723 -0.828535 0.260362
vn 0.155969 -0.456226 0.876089
vn 0.382197 0.883382 0.271221
vn -0.403759 0.830547 0.383627
vn 0.095096 0.461731 0.881908
vn 0.919648 -0.338998 0.198312
vn 0.866985 0.454966 0.203330
vn 0.579888 0.033297 0.814016
vn -0.155964 0.456233 -0.876086
vn -0.495719 0.828533 -0.260377
vn 0.290239 0.881362 -0.372776
vn 0.827687 -0.341018 -0.445693
vn 0.328835 0.027802 -0.943978
vn 0.775026 0.452934 -0.440665
vn -0.866996 -0.454943 -0.203337
vn -0.919651 0.338994 -0.198304
vn -0.579888 -0.033305 -0.814015
vn 0.403768 -0.830543 -0.383629
vn -0.382187 -0.883388 -0.271217
vn -0.095083 -0.461735 -0.881907
s 1
g Plank1 Seat
usemtl lambert8SG
f 726/1097/1097 725/1121/1098 761/1144/1099 766/1117/1100
s 2
f 725/1121/1101 730/1118/1102 762/1104/1103 761/1144/1104
s 3
f 728/1098/1105 727/1122/1106 735/1129/1107 734/1112/1108
s 1
f 727/1123/1109 726/1097/1097 736/1099/1110 735/1128/1111
s 2
f 730/1118/1102 729/1124/1112 739/1173/1113 738/1119/1114
s 3
f 729/1178/1115 728/1098/1105 740/1101/1116 739/1131/1117
s 4
f 732/1100/1118 731/1125/1119 767/1149/1120 772/1108/1121
s 1
f 731/1126/1122 736/1099/1110 768/1109/1123 767/1148/1124
s 3
f 734/1112/1108 733/1127/1125 747/1172/1126 746/1102/1127
s 4
f 733/1175/1128 732/1100/1118 748/1103/1129 747/1135/1130
s 2
f 738/1119/1114 737/1130/1131 751/1138/1132 750/1120/1133
s 5
f 737/1130/1134 742/1113/1135 752/1105/1136 751/1138/1137
f 742/1113/1135 741/1132/1138 745/1134/1139 744/1114/1140
s 3
f 741/1132/1141 740/1101/1116 746/1102/1127 745/1134/1142
s 5
f 744/1114/1140 743/1133/1143 759/1143/1144 758/1106/1145
s 4
f 743/1133/1146 748/1103/1129 760/1107/1147 759/1143/1148
s 2
f 750/1120/1133 749/1136/1149 763/1146/1150 762/1104/1103
s 6
f 749/1137/1151 754/1115/1152 764/1110/1153 763/1145/1154
f 754/1115/1152 753/1139/1155 757/1142/1156 756/1116/1157
s 5
f 753/1139/1158 752/1105/1136 758/1106/1145 757/1142/1159
s 6
f 756/1116/1157 755/1140/1160 771/1152/1161 770/1111/1162
s 4
f 755/1141/1163 760/1107/1147 772/1108/1121 771/1151/1164
s 1
f 766/1117/1100 765/1147/1165 769/1167/1166 768/1109/1123
s 6
f 765/1170/1167 764/1110/1153 770/1111/1162 769/1150/1168
s 3
f 728/1098/1105 734/1112/1108 746/1102/1127 740/1101/1116
s 5
f 742/1113/1135 744/1114/1140 758/1106/1145 752/1105/1136
s 6
f 754/1115/1152 756/1116/1157 770/1111/1162 764/1110/1153
s 1
f 766/1117/1100 768/1109/1123 736/1099/1110 726/1097/1097
s 4
f 732/1100/1118 772/1108/1121 760/1107/1147 748/1103/1129
s 2
f 762/1104/1103 730/1118/1102 738/1119/1114 750/1120/1133
f 729/1124/1112 730/1118/1102 725/1121/1101 773/1154/1169
s 1
f 725/1121/1098 726/1097/1097 727/1123/1109 773/1153/1170
s 3
f 727/1122/1106 728/1098/1105 729/1178/1115 773/1177/1171
s 1
f 735/1128/1111 736/1099/1110 731/1126/1122 774/1156/1172
s 4
f 731/1125/1119 732/1100/1118 733/1175/1128 774/1155/1173
s 3
f 733/1127/1125 734/1112/1108 735/1129/1107 774/1176/1174
s 5
f 741/1132/1138 742/1113/1135 737/1130/1134 775/1174/1175
s 2
f 737/1130/1131 738/1119/1114 739/1173/1113 775/1157/1176
s 3
f 739/1131/1117 740/1101/1116 741/1132/1141 775/1174/1177
s 4
f 747/1135/1130 748/1103/1129 743/1133/1146 776/1171/1178
s 5
f 743/1133/1143 744/1114/1140 745/1134/1139 776/1158/1179
s 3
f 745/1134/1142 746/1102/1127 747/1172/1126 776/1158/1180
s 6
f 753/1139/1155 754/1115/1152 749/1137/1151 777/1160/1181
s 2
f 749/1136/1149 750/1120/1133 751/1138/1132 777/1159/1182
s 5
f 751/1138/1137 752/1105/1136 753/1139/1158 777/1160/1183
s 4
f 759/1143/1148 760/1107/1147 755/1141/1163 778/1162/1184
s 6
f 755/1140/1160 756/1116/1157 757/1142/1156 778/1161/1185
s 5
f 757/1142/1159 758/1106/1145 759/1143/1144 778/1161/1186
s 1
f 765/1147/1165 766/1117/1100 761/1144/1099 779/1164/1187
s 2
f 761/1144/1104 762/1104/1103 763/1146/1150 779/1163/1188
s 6
f 763/1145/1154 764/1110/1153 765/1170/1167 779/1169/1189
s 4
f 771/1151/1164 772/1108/1121 767/1149/1120 780/1166/1190
s 1
f 767/1148/1124 768/1109/1123 769/1167/1166 780/1165/1191
s 6
f 769/1150/1168 770/1111/1162 771/1152/1161 780/1168/1192
g default
v 4.294608 1.683698 2.432809
v 4.323187 1.676471 2.428750
v 4.325414 1.687820 2.456169
v 4.323016 1.715050 2.467929
v 4.294486 1.710978 2.460513
v 4.279449 1.709221 2.434894
v 4.671657 1.740237 2.378788
v 4.678799 1.769104 2.377677
v 4.671534 1.767517 2.406491
v 4.646225 1.763515 2.421621
v 4.648623 1.736286 2.409861
v 4.646397 1.724936 2.382442
v 4.279032 1.789378 2.434702
v 4.271890 1.760512 2.435813
v 4.286927 1.762269 2.461432
v 4.315456 1.766341 2.468848
v 4.309838 1.793500 2.458062
v 4.304291 1.804679 2.431047
v 4.656080 1.845917 2.380681
v 4.627500 1.853145 2.384739
v 4.633047 1.841966 2.411754
v 4.638665 1.814807 2.422540
v 4.663975 1.818808 2.407410
v 4.671238 1.820395 2.378596
v 3.810417 1.751816 -0.875350
v 3.803154 1.750229 -0.846536
v 3.810296 1.779095 -0.847647
v 3.835555 1.794396 -0.851302
v 3.833329 1.783047 -0.878720
v 3.835727 1.755817 -0.890480
v 4.187467 1.808354 -0.929371
v 4.158937 1.804283 -0.936788
v 4.156539 1.831512 -0.925027
v 4.158765 1.842862 -0.897609
v 4.187345 1.835634 -0.901668
v 4.202504 1.810112 -0.903753
v 3.825871 1.673415 -0.849540
v 3.810713 1.698938 -0.847455
v 3.817977 1.700524 -0.876269
v 3.843286 1.704525 -0.891399
v 3.848904 1.677366 -0.880613
v 3.854451 1.666187 -0.853599
v 4.202920 1.729954 -0.903562
v 4.177661 1.714653 -0.899906
v 4.172114 1.725832 -0.926921
v 4.166496 1.752991 -0.937707
v 4.195026 1.757063 -0.930290
v 4.210063 1.758820 -0.904672
v 4.301991 1.689508 2.454404
v 4.669144 1.744563 2.401800
v 4.287889 1.785192 2.456118
v 4.655041 1.840247 2.403514
v 3.812808 1.774770 -0.870659
v 4.179962 1.829825 -0.923263
v 3.826910 1.679085 -0.872373
v 4.194064 1.734141 -0.924977
vt 0.913732 0.811679
vt 0.920344 0.821892
vt 0.913658 0.791772
vt 0.913847 0.848591
vt 0.917243 0.821980
vt 0.917296 0.841872
vt 0.913832 0.845465
vt 0.713779 0.815959
vt 0.713869 0.822669
vt 0.713924 0.842572
vt 0.713873 0.846156
vt 0.713888 0.849282
vt 0.713686 0.792465
vt 0.707210 0.822613
vt 0.707281 0.842657
vt 0.920415 0.841937
vt 0.913701 0.821977
vt 0.913756 0.841881
vt 0.710329 0.822678
vt 0.710382 0.842569
vt 0.713759 0.812372
vt 0.913737 0.815266
vt 0.913751 0.818393
vt 0.713793 0.819085
vt 0.913787 0.813473
vt 0.922137 0.821809
vt 0.915518 0.811725
vt 0.915520 0.815214
vt 0.913909 0.850385
vt 0.913701 0.789978
vt 0.920385 0.843738
vt 0.915451 0.791713
vt 0.922197 0.842014
vt 0.913813 0.820187
vt 0.917004 0.820198
vt 0.915467 0.822015
vt 0.913882 0.843672
vt 0.915526 0.841838
vt 0.915616 0.845412
vt 0.712010 0.819138
vt 0.710558 0.820928
vt 0.713743 0.820878
vt 0.712099 0.822712
vt 0.710621 0.844351
vt 0.712108 0.846113
vt 0.712158 0.842534
vt 0.713812 0.844362
vt 0.713717 0.814165
vt 0.707240 0.820812
vt 0.712013 0.815916
vt 0.711966 0.812431
vt 0.713631 0.790671
vt 0.713838 0.851075
vt 0.705487 0.842740
vt 0.712104 0.849335
vt 0.707310 0.844425
vt 0.915232 0.813173
vt 0.915237 0.813770
vt 0.915348 0.850078
vt 0.915151 0.790267
vt 0.915253 0.819880
vt 0.915504 0.843263
vt 0.712292 0.820581
vt 0.712122 0.821287
vt 0.712184 0.843966
vt 0.712372 0.844669
vt 0.712277 0.814472
vt 0.712266 0.813876
vt 0.712186 0.790971
vt 0.712387 0.850778
vt 0.711900 0.792419
vt 0.705839 0.844187
vt 0.705771 0.821073
vt 0.705428 0.822535
vt 0.915333 0.843969
vt 0.917067 0.843622
vt 0.915517 0.818435
vt 0.915440 0.820583
vt 0.915612 0.848634
vt 0.921855 0.843477
vt 0.921786 0.820362
vt 0.920315 0.820124
vn 0.115097 -0.993304 -0.009976
vn -0.239474 -0.970104 0.039366
vn -0.240071 -0.970117 0.035193
vn 0.114159 -0.993325 -0.016539
vn -0.848678 -0.513942 0.124935
vn -0.948182 -0.285562 0.139300
vn -0.949022 -0.285581 0.133420
vn -0.849274 -0.513955 0.120762
vn 0.132878 -0.138776 0.981369
vn 0.166525 -0.376317 0.911403
vn 0.205805 -0.370426 0.905775
vn 0.187598 -0.130571 0.973529
vn 0.168930 -0.916362 0.362965
vn 0.177264 -0.983982 -0.018883
vn 0.208209 -0.910472 0.357338
vn -0.838271 -0.230278 0.494241
vn -0.866495 -0.038731 0.497681
vn -0.989517 -0.005101 0.144325
vn -0.217610 -0.147241 0.964866
vn 0.092276 0.136712 0.986304
vn -0.245842 0.044307 0.968297
vn 0.990357 0.005123 -0.138443
vn 0.960775 -0.242634 -0.134314
vn 0.960179 -0.242647 -0.138487
vn 0.989517 0.005104 -0.144324
vn 0.509481 -0.857796 -0.067941
vn 0.176327 -0.984003 -0.025446
vn 0.508885 -0.857809 -0.072114
vn 0.507086 -0.038567 0.861032
vn 0.478855 0.152973 0.864464
vn 0.146996 0.144916 0.978464
vn 0.971125 0.041042 0.235015
vn 0.949019 0.285591 -0.133419
vn 0.942896 0.232579 0.238441
vn -0.960179 0.242647 0.138488
vn -0.960775 0.242634 0.134315
vn -0.990357 -0.005119 0.138444
vn -0.508879 0.857812 0.072111
vn -0.176327 0.984003 0.025446
vn -0.177264 0.983982 0.018883
vn -0.509475 0.857799 0.067938
vn -0.100664 0.912827 0.395745
vn -0.061386 0.918717 0.390117
vn -0.114160 0.993325 0.016539
vn 0.055622 0.376165 0.924882
vn 0.094901 0.382055 0.919254
vn 0.240071 0.970117 -0.035194
vn 0.239475 0.970104 -0.039367
vn -0.115097 0.993304 0.009976
vn 0.849265 0.513972 -0.120759
vn 0.948179 0.285572 -0.139299
vn 0.848669 0.513959 -0.124933
vn -0.971128 -0.041029 -0.235005
vn -0.942897 -0.232580 -0.238438
vn -0.507083 0.038573 -0.861033
vn -0.187597 0.130572 -0.973529
vn -0.146995 -0.144915 -0.978464
vn -0.478851 -0.152975 -0.864465
vn -0.205805 0.370430 -0.905774
vn -0.166526 0.376320 -0.911401
vn -0.132879 0.138778 -0.981368
vn -0.208208 0.910469 -0.357346
vn -0.168928 0.916359 -0.362974
vn 0.217608 0.147243 -0.964866
vn 0.245839 -0.044301 -0.968298
vn -0.092276 -0.136710 -0.986304
vn 0.838267 0.230284 -0.494245
vn 0.866498 0.038732 -0.497675
vn 0.061385 -0.918717 -0.390116
vn 0.100664 -0.912827 -0.395744
vn -0.094900 -0.382053 -0.919255
vn -0.055621 -0.376163 -0.924883
vn -0.776021 -0.451104 0.440791
vn -0.143064 -0.925041 0.351897
vn -0.145544 -0.366743 0.918867
vn 0.493921 -0.829526 0.260633
vn 0.962823 -0.190329 0.191693
vn 0.491445 -0.271213 0.827602
vn -0.401956 0.831539 0.383373
vn -0.870843 0.192378 0.452353
vn -0.240385 0.276741 0.930392
vn 0.867981 0.453122 0.203198
vn 0.235022 0.927059 0.292106
vn 0.396606 0.372252 0.839126
vn -0.491441 0.271228 -0.827600
vn -0.962821 0.190365 -0.191670
vn -0.493923 0.829524 -0.260634
vn 0.776009 0.451112 -0.440803
vn 0.145547 0.366744 -0.918866
vn 0.143063 0.925042 -0.351896
vn -0.235031 -0.927056 -0.292108
vn -0.867978 -0.453125 -0.203203
vn -0.396599 -0.372255 -0.839128
vn 0.870855 -0.192382 -0.452329
vn 0.401959 -0.831537 -0.383373
vn 0.240385 -0.276733 -0.930394
s 1
g Seat Plank2
usemtl lambert8SG
f 782/1179/1193 781/1203/1194 817/1226/1195 822/1199/1196
s 2
f 781/1203/1197 786/1200/1198 818/1186/1199 817/1226/1200
s 3
f 784/1180/1201 783/1204/1202 791/1211/1203 790/1194/1204
s 1
f 783/1205/1205 782/1179/1193 792/1181/1206 791/1210/1207
s 2
f 786/1200/1198 785/1206/1208 795/1255/1209 794/1201/1210
s 3
f 785/1260/1211 784/1180/1201 796/1183/1212 795/1213/1213
s 4
f 788/1182/1214 787/1207/1215 823/1231/1216 828/1190/1217
s 1
f 787/1208/1218 792/1181/1206 824/1191/1219 823/1230/1220
s 3
f 790/1194/1204 789/1209/1221 803/1254/1222 802/1184/1223
s 4
f 789/1257/1224 788/1182/1214 804/1185/1225 803/1217/1226
s 2
f 794/1201/1210 793/1212/1227 807/1220/1228 806/1202/1229
s 5
f 793/1212/1230 798/1195/1231 808/1187/1232 807/1220/1233
f 798/1195/1231 797/1214/1234 801/1216/1235 800/1196/1236
s 3
f 797/1214/1237 796/1183/1212 802/1184/1223 801/1216/1238
s 5
f 800/1196/1236 799/1215/1239 815/1225/1240 814/1188/1241
s 4
f 799/1215/1242 804/1185/1225 816/1189/1243 815/1225/1244
s 2
f 806/1202/1229 805/1218/1245 819/1228/1246 818/1186/1199
s 6
f 805/1219/1247 810/1197/1248 820/1192/1249 819/1227/1250
f 810/1197/1248 809/1221/1251 813/1224/1252 812/1198/1253
s 5
f 809/1221/1254 808/1187/1232 814/1188/1241 813/1224/1255
s 6
f 812/1198/1253 811/1222/1256 827/1234/1257 826/1193/1258
s 4
f 811/1223/1259 816/1189/1243 828/1190/1217 827/1233/1260
s 1
f 822/1199/1196 821/1229/1261 825/1249/1262 824/1191/1219
s 6
f 821/1252/1263 820/1192/1249 826/1193/1258 825/1232/1264
s 3
f 784/1180/1201 790/1194/1204 802/1184/1223 796/1183/1212
s 5
f 798/1195/1231 800/1196/1236 814/1188/1241 808/1187/1232
s 6
f 810/1197/1248 812/1198/1253 826/1193/1258 820/1192/1249
s 1
f 822/1199/1196 824/1191/1219 792/1181/1206 782/1179/1193
s 4
f 788/1182/1214 828/1190/1217 816/1189/1243 804/1185/1225
s 2
f 818/1186/1199 786/1200/1198 794/1201/1210 806/1202/1229
f 785/1206/1208 786/1200/1198 781/1203/1197 829/1236/1265
s 1
f 781/1203/1194 782/1179/1193 783/1205/1205 829/1235/1266
s 3
f 783/1204/1202 784/1180/1201 785/1260/1211 829/1259/1267
s 1
f 791/1210/1207 792/1181/1206 787/1208/1218 830/1238/1268
s 4
f 787/1207/1215 788/1182/1214 789/1257/1224 830/1237/1269
s 3
f 789/1209/1221 790/1194/1204 791/1211/1203 830/1258/1270
s 5
f 797/1214/1234 798/1195/1231 793/1212/1230 831/1256/1271
s 2
f 793/1212/1227 794/1201/1210 795/1255/1209 831/1239/1272
s 3
f 795/1213/1213 796/1183/1212 797/1214/1237 831/1256/1273
s 4
f 803/1217/1226 804/1185/1225 799/1215/1242 832/1253/1274
s 5
f 799/1215/1239 800/1196/1236 801/1216/1235 832/1240/1275
s 3
f 801/1216/1238 802/1184/1223 803/1254/1222 832/1240/1276
s 6
f 809/1221/1251 810/1197/1248 805/1219/1247 833/1242/1277
s 2
f 805/1218/1245 806/1202/1229 807/1220/1228 833/1241/1278
s 5
f 807/1220/1233 808/1187/1232 809/1221/1254 833/1242/1279
s 4
f 815/1225/1244 816/1189/1243 811/1223/1259 834/1244/1280
s 6
f 811/1222/1256 812/1198/1253 813/1224/1252 834/1243/1281
s 5
f 813/1224/1255 814/1188/1241 815/1225/1240 834/1243/1282
s 1
f 821/1229/1261 822/1199/1196 817/1226/1195 835/1246/1283
s 2
f 817/1226/1200 818/1186/1199 819/1228/1246 835/1245/1284
s 6
f 819/1227/1250 820/1192/1249 821/1252/1263 835/1251/1285
s 4
f 827/1233/1260 828/1190/1217 823/1231/1216 836/1248/1286
s 1
f 823/1230/1220 824/1191/1219 825/1249/1262 836/1247/1287
s 6
f 825/1232/1264 826/1193/1258 827/1234/1257 836/1250/1288
g default
v 4.811020 1.780440 2.358760
v 4.839736 1.773785 2.354680
v 4.841742 1.785100 2.382130
v 4.838812 1.812244 2.393966
v 4.810368 1.807635 2.386539
v 4.795365 1.805655 2.360917
v 5.186884 1.844504 2.304883
v 5.193460 1.873508 2.303854
v 5.186232 1.871699 2.332664
v 5.161006 1.867160 2.347783
v 5.163936 1.840016 2.335947
v 5.161930 1.828701 2.308497
v 4.793377 1.885790 2.360949
v 4.786802 1.856786 2.361979
v 4.801804 1.858766 2.387602
v 4.830248 1.863375 2.395029
v 4.824099 1.890449 2.384318
v 4.818332 1.901593 2.357336
v 5.169241 1.949854 2.307074
v 5.140526 1.956509 2.311153
v 5.146293 1.945365 2.338136
v 5.152443 1.918291 2.348846
v 5.177669 1.922830 2.333726
v 5.184897 1.924639 2.304917
v 4.325295 1.848312 -0.949180
v 4.318066 1.846503 -0.920370
v 4.324641 1.875507 -0.921400
v 4.349596 1.891309 -0.925013
v 4.347590 1.879995 -0.952463
v 4.350520 1.852851 -0.964299
v 4.701159 1.912376 -1.003055
v 4.672714 1.907767 -1.010482
v 4.669784 1.934911 -0.998646
v 4.671790 1.946225 -0.971196
v 4.700505 1.939570 -0.975276
v 4.716161 1.914356 -0.977432
v 4.342284 1.770157 -0.923589
v 4.326629 1.795372 -0.921433
v 4.333858 1.797181 -0.950242
v 4.359083 1.801720 -0.965362
v 4.365233 1.774646 -0.954652
v 4.371000 1.763502 -0.927669
v 4.718149 1.834221 -0.977465
v 4.693194 1.818418 -0.973852
v 4.687427 1.829562 -1.000835
v 4.681277 1.856636 -1.011545
v 4.709722 1.861245 -1.004118
v 4.724724 1.863225 -0.978495
v 4.818290 1.786333 2.380371
v 5.184290 1.848716 2.327909
v 4.802316 1.881718 2.382353
v 5.168316 1.944100 2.329891
v 4.327235 1.871295 -0.944425
v 4.693235 1.933678 -0.996887
v 4.343210 1.775911 -0.946407
v 4.709210 1.838293 -0.998869
vt 0.713613 0.714479
vt 0.707329 0.764686
vt 0.713734 0.734386
vt 0.713762 0.737973
vt 0.710430 0.764591
vt 0.710330 0.744700
vt 0.713784 0.741099
vt 0.913909 0.770121
vt 0.913802 0.763411
vt 0.913698 0.743507
vt 0.913740 0.739923
vt 0.913718 0.736796
vt 0.913704 0.733209
vt 0.920461 0.763451
vt 0.920342 0.743406
vt 0.707210 0.744643
vt 0.713973 0.764585
vt 0.713869 0.744682
vt 0.917342 0.763393
vt 0.917241 0.743501
vt 0.913583 0.713302
vt 0.713952 0.771296
vt 0.713930 0.768169
vt 0.913887 0.766995
vt 0.713554 0.712686
vt 0.713907 0.773089
vt 0.705536 0.764774
vt 0.711827 0.714437
vt 0.712169 0.771353
vt 0.713697 0.736179
vt 0.707235 0.742842
vt 0.711941 0.734449
vt 0.705428 0.744569
vt 0.713864 0.766376
vt 0.710674 0.766372
vt 0.712206 0.764552
vt 0.713739 0.742892
vt 0.712099 0.744730
vt 0.712001 0.741156
vt 0.915670 0.766938
vt 0.917117 0.765144
vt 0.913933 0.765201
vt 0.915572 0.763363
vt 0.916997 0.741721
vt 0.915506 0.739961
vt 0.915465 0.743541
vt 0.913807 0.741717
vt 0.913975 0.771915
vt 0.913621 0.711509
vt 0.920436 0.765252
vt 0.915674 0.770159
vt 0.915376 0.713239
vt 0.913764 0.735003
vt 0.922135 0.743319
vt 0.915502 0.736739
vt 0.920308 0.741638
vt 0.712109 0.712989
vt 0.712456 0.772795
vt 0.712257 0.736490
vt 0.712245 0.735894
vt 0.712425 0.766686
vt 0.712119 0.743305
vt 0.915384 0.765495
vt 0.915553 0.764789
vt 0.915435 0.742109
vt 0.915246 0.741406
vt 0.915414 0.771604
vt 0.915072 0.711794
vt 0.915209 0.734699
vt 0.915215 0.735297
vt 0.915491 0.733251
vt 0.921779 0.741872
vt 0.921904 0.764987
vt 0.922243 0.763524
vt 0.712288 0.742598
vt 0.710554 0.742949
vt 0.712165 0.768131
vt 0.712236 0.765984
vt 0.711997 0.737935
vt 0.705767 0.743106
vt 0.705891 0.766220
vt 0.707363 0.766455
vn 0.134529 -0.990828 -0.012759
vn -0.220423 -0.974715 0.036660
vn -0.221019 -0.974728 0.032487
vn 0.133592 -0.990848 -0.019322
vn -0.838420 -0.530843 0.123523
vn -0.942391 -0.304479 0.138533
vn -0.943232 -0.304495 0.132652
vn -0.839016 -0.530856 0.119350
vn 0.135659 -0.138890 0.980972
vn 0.173945 -0.375529 0.910341
vn 0.213101 -0.368856 0.904729
vn 0.190206 -0.129593 0.973153
vn 0.186878 -0.913883 0.360408
vn 0.196501 -0.980265 -0.021642
vn 0.226034 -0.907209 0.354796
vn -0.833547 -0.248046 0.493633
vn -0.865529 -0.057096 0.497595
vn -0.989215 -0.024891 0.144343
vn -0.214606 -0.154179 0.964455
vn 0.089667 0.135737 0.986679
vn -0.246583 0.036772 0.968424
vn 0.990054 0.024911 -0.138462
vn 0.965336 -0.223370 -0.135025
vn 0.964740 -0.223383 -0.139198
vn 0.989215 0.024892 -0.144343
vn 0.526172 -0.847463 -0.070357
vn 0.195564 -0.980285 -0.028205
vn 0.525576 -0.847476 -0.074530
vn 0.507808 -0.031039 0.860911
vn 0.475831 0.159909 0.864878
vn 0.144215 0.145032 0.978860
vn 0.970163 0.059389 0.235070
vn 0.943231 0.304498 -0.132652
vn 0.938182 0.250350 0.239039
vn -0.964740 0.223383 0.139199
vn -0.965336 0.223370 0.135026
vn -0.990054 -0.024908 0.138463
vn -0.525583 0.847471 0.074530
vn -0.195564 0.980285 0.028205
vn -0.196501 0.980265 0.021642
vn -0.526179 0.847458 0.070357
vn -0.118490 0.909569 0.398302
vn -0.079334 0.916243 0.392689
vn -0.133591 0.990848 0.019322
vn 0.048323 0.374603 0.925925
vn 0.087477 0.381276 0.920313
vn 0.221019 0.974728 -0.032487
vn 0.220423 0.974715 -0.036660
vn -0.134529 0.990828 0.012759
vn 0.839016 0.530855 -0.119350
vn 0.942391 0.304480 -0.138533
vn 0.838420 0.530842 -0.123523
vn -0.970158 -0.059397 -0.235086
vn -0.938180 -0.250345 -0.239052
vn -0.507809 0.031038 -0.860910
vn -0.190205 0.129593 -0.973154
vn -0.144214 -0.145035 -0.978860
vn -0.475831 -0.159905 -0.864879
vn -0.213101 0.368859 -0.904727
vn -0.173945 0.375534 -0.910339
vn -0.135657 0.138889 -0.980973
vn -0.226034 0.907211 -0.354792
vn -0.186878 0.913885 -0.360405
vn 0.214604 0.154172 -0.964456
vn 0.246582 -0.036774 -0.968424
vn -0.089667 -0.135739 -0.986679
vn 0.833553 0.248054 -0.493617
vn 0.865533 0.057098 -0.497586
vn 0.079332 -0.916245 -0.392685
vn 0.118489 -0.909571 -0.398297
vn -0.087480 -0.381273 -0.920314
vn -0.048324 -0.374600 -0.925927
vn -0.766980 -0.467452 0.439579
vn -0.124877 -0.928650 0.349305
vn -0.138257 -0.372097 0.917839
vn 0.510105 -0.820413 0.258294
vn 0.966380 -0.172023 0.191095
vn 0.496721 -0.263878 0.826823
vn -0.418144 0.822428 0.385705
vn -0.874418 0.174028 0.452889
vn -0.245677 0.269382 0.931169
vn 0.858950 0.469482 0.204430
vn 0.216845 0.930664 0.294691
vn 0.389300 0.377599 0.840158
vn -0.496727 0.263853 -0.826828
vn -0.966380 0.172003 -0.191112
vn -0.510096 0.820416 -0.258303
vn 0.766985 0.467463 -0.439560
vn 0.138255 0.372091 -0.917842
vn 0.124885 0.928644 -0.349319
vn -0.216848 -0.930661 -0.294698
vn -0.858954 -0.469472 -0.204436
vn -0.389300 -0.377600 -0.840157
vn 0.874416 -0.174027 -0.452893
vn 0.418135 -0.822434 -0.385701
vn 0.245681 -0.269377 -0.931170
s 1
g Seat Plank3
usemtl lambert8SG
f 838/1261/1289 837/1285/1290 873/1309/1291 878/1281/1292
s 2
f 837/1286/1293 842/1282/1294 874/1268/1295 873/1308/1296
s 3
f 840/1262/1297 839/1287/1298 847/1293/1299 846/1276/1300
s 1
f 839/1288/1301 838/1261/1289 848/1263/1302 847/1292/1303
s 2
f 842/1282/1294 841/1289/1304 851/1337/1305 850/1283/1306
s 3
f 841/1342/1307 840/1262/1297 852/1265/1308 851/1295/1309
s 4
f 844/1264/1310 843/1290/1311 879/1313/1312 884/1272/1313
s 1
f 843/1290/1314 848/1263/1302 880/1273/1315 879/1313/1316
s 3
f 846/1276/1300 845/1291/1317 859/1336/1318 858/1266/1319
s 4
f 845/1339/1320 844/1264/1310 860/1267/1321 859/1299/1322
s 2
f 850/1283/1306 849/1294/1323 863/1302/1324 862/1284/1325
s 5
f 849/1294/1326 854/1277/1327 864/1269/1328 863/1302/1329
f 854/1277/1327 853/1296/1330 857/1298/1331 856/1278/1332
s 3
f 853/1296/1333 852/1265/1308 858/1266/1319 857/1298/1334
s 5
f 856/1278/1332 855/1297/1335 871/1307/1336 870/1270/1337
s 4
f 855/1297/1338 860/1267/1321 872/1271/1339 871/1307/1340
s 2
f 862/1284/1325 861/1300/1341 875/1311/1342 874/1268/1295
s 6
f 861/1301/1343 866/1279/1344 876/1274/1345 875/1310/1346
f 866/1279/1344 865/1303/1347 869/1306/1348 868/1280/1349
s 5
f 865/1303/1350 864/1269/1328 870/1270/1337 869/1306/1351
s 6
f 868/1280/1349 867/1304/1352 883/1316/1353 882/1275/1354
s 4
f 867/1305/1355 872/1271/1339 884/1272/1313 883/1315/1356
s 1
f 878/1281/1292 877/1312/1357 881/1331/1358 880/1273/1315
s 6
f 877/1334/1359 876/1274/1345 882/1275/1354 881/1314/1360
s 3
f 840/1262/1297 846/1276/1300 858/1266/1319 852/1265/1308
s 5
f 854/1277/1327 856/1278/1332 870/1270/1337 864/1269/1328
s 6
f 866/1279/1344 868/1280/1349 882/1275/1354 876/1274/1345
s 1
f 878/1281/1292 880/1273/1315 848/1263/1302 838/1261/1289
s 4
f 844/1264/1310 884/1272/1313 872/1271/1339 860/1267/1321
s 2
f 874/1268/1295 842/1282/1294 850/1283/1306 862/1284/1325
f 841/1289/1304 842/1282/1294 837/1286/1293 885/1318/1361
s 1
f 837/1285/1290 838/1261/1289 839/1288/1301 885/1317/1362
s 3
f 839/1287/1298 840/1262/1297 841/1342/1307 885/1341/1363
s 1
f 847/1292/1303 848/1263/1302 843/1290/1314 886/1320/1364
s 4
f 843/1290/1311 844/1264/1310 845/1339/1320 886/1319/1365
s 3
f 845/1291/1317 846/1276/1300 847/1293/1299 886/1340/1366
s 5
f 853/1296/1330 854/1277/1327 849/1294/1326 887/1338/1367
s 2
f 849/1294/1323 850/1283/1306 851/1337/1305 887/1321/1368
s 3
f 851/1295/1309 852/1265/1308 853/1296/1333 887/1338/1369
s 4
f 859/1299/1322 860/1267/1321 855/1297/1338 888/1335/1370
s 5
f 855/1297/1335 856/1278/1332 857/1298/1331 888/1322/1371
s 3
f 857/1298/1334 858/1266/1319 859/1336/1318 888/1322/1372
s 6
f 865/1303/1347 866/1279/1344 861/1301/1343 889/1324/1373
s 2
f 861/1300/1341 862/1284/1325 863/1302/1324 889/1323/1374
s 5
f 863/1302/1329 864/1269/1328 865/1303/1350 889/1324/1375
s 4
f 871/1307/1340 872/1271/1339 867/1305/1355 890/1326/1376
s 6
f 867/1304/1352 868/1280/1349 869/1306/1348 890/1325/1377
s 5
f 869/1306/1351 870/1270/1337 871/1307/1336 890/1325/1378
s 1
f 877/1312/1357 878/1281/1292 873/1309/1291 891/1328/1379
s 2
f 873/1308/1296 874/1268/1295 875/1311/1342 891/1327/1380
s 6
f 875/1310/1346 876/1274/1345 877/1334/1359 891/1333/1381
s 4
f 883/1315/1356 884/1272/1313 879/1313/1312 892/1330/1382
s 1
f 879/1313/1316 880/1273/1315 881/1331/1358 892/1329/1383
s 6
f 881/1314/1360 882/1275/1354 883/1316/1353 892/1332/1384
g default
v 5.293921 1.847483 2.289589
v 5.321251 1.836364 2.285721
v 5.325023 1.847836 2.312918
v 5.326355 1.875363 2.324145
v 5.297530 1.875060 2.316759
v 5.282371 1.874863 2.291152
v 5.675106 1.851235 2.235142
v 5.686102 1.878837 2.233485
v 5.678716 1.878811 2.262312
v 5.653111 1.878578 2.277472
v 5.651778 1.851052 2.266246
v 5.648006 1.839579 2.239049
v 5.292843 1.954316 2.289408
v 5.281848 1.926714 2.291065
v 5.297008 1.926911 2.316671
v 5.325832 1.927214 2.324057
v 5.323945 1.954670 2.312737
v 5.319944 1.965971 2.285501
v 5.674029 1.958068 2.234962
v 5.646698 1.969187 2.238830
v 5.650701 1.957885 2.266065
v 5.652587 1.930429 2.277385
v 5.678193 1.930662 2.262224
v 5.685579 1.930688 2.233398
v 4.820498 1.916457 -1.020110
v 4.813112 1.916431 -0.991284
v 4.824108 1.944033 -0.992941
v 4.851207 1.955688 -0.996847
v 4.847436 1.944216 -1.024044
v 4.846103 1.916690 -1.035271
v 5.201683 1.920208 -1.074557
v 5.172858 1.919905 -1.081943
v 5.174191 1.947431 -1.070717
v 5.177963 1.958904 -1.043519
v 5.205293 1.947784 -1.047388
v 5.216843 1.920404 -1.048951
v 4.825185 1.837200 -0.992760
v 4.813635 1.864580 -0.991196
v 4.821021 1.864606 -1.020023
v 4.846626 1.864839 -1.035183
v 4.848513 1.837383 -1.023863
v 4.852515 1.826081 -0.996628
v 5.206369 1.840951 -1.047207
v 5.179269 1.829296 -1.043300
v 5.175268 1.840598 -1.070536
v 5.173380 1.868054 -1.081856
v 5.202206 1.868357 -1.074470
v 5.217365 1.868553 -1.048864
v 5.302044 1.852655 2.311080
v 5.673226 1.856307 2.258062
v 5.301068 1.949383 2.310916
v 5.672250 1.953035 2.257899
v 4.825988 1.938960 -1.015861
v 5.197170 1.942613 -1.068879
v 4.826963 1.842232 -1.015697
v 5.198144 1.845885 -1.068715
vt 0.623209 0.930903
vt 0.673359 0.937627
vt 0.643115 0.930957
vt 0.646702 0.930960
vt 0.673291 0.934526
vt 0.653400 0.934452
vt 0.649829 0.930965
vt 0.680602 0.731102
vt 0.673891 0.731150
vt 0.653987 0.731080
vt 0.650404 0.731006
vt 0.647277 0.731001
vt 0.643690 0.730984
vt 0.673990 0.724492
vt 0.653945 0.724436
vt 0.653315 0.937571
vt 0.673316 0.930983
vt 0.653413 0.930912
vt 0.673905 0.727611
vt 0.654013 0.727537
vt 0.623783 0.730931
vt 0.680026 0.931062
vt 0.676899 0.931056
vt 0.677476 0.731097
vt 0.621415 0.930947
vt 0.681819 0.931123
vt 0.673431 0.939420
vt 0.623151 0.932689
vt 0.680067 0.932845
vt 0.644908 0.931010
vt 0.651514 0.937529
vt 0.643163 0.932750
vt 0.653226 0.939351
vt 0.675105 0.931107
vt 0.675073 0.934297
vt 0.673267 0.932749
vt 0.651621 0.931027
vt 0.653445 0.932682
vt 0.649870 0.932749
vt 0.677434 0.729313
vt 0.675653 0.727850
vt 0.675683 0.731036
vt 0.673859 0.729380
vt 0.652230 0.727766
vt 0.650457 0.729241
vt 0.654036 0.729314
vt 0.652198 0.730956
vt 0.682396 0.731052
vt 0.621990 0.730877
vt 0.675790 0.724533
vt 0.680656 0.729337
vt 0.623735 0.729137
vt 0.645484 0.730940
vt 0.653873 0.722642
vt 0.647236 0.729217
vt 0.652176 0.724454
vt 0.621706 0.932394
vt 0.681512 0.932572
vt 0.645206 0.932452
vt 0.644610 0.932459
vt 0.675403 0.932548
vt 0.652020 0.932650
vt 0.675990 0.729587
vt 0.675284 0.729412
vt 0.652604 0.729331
vt 0.651900 0.729514
vt 0.682099 0.729610
vt 0.622288 0.729428
vt 0.645193 0.729492
vt 0.645791 0.729491
vt 0.651315 0.932475
vt 0.651651 0.934212
vt 0.676846 0.932821
vt 0.674699 0.932731
vt 0.646649 0.932725
vt 0.651765 0.939000
vt 0.674880 0.939078
vt 0.675128 0.937608
vt 0.643748 0.729198
vt 0.652424 0.722985
vt 0.675539 0.723062
vt 0.674078 0.722711
vn -0.020879 -0.999737 0.009462
vn -0.368982 -0.927642 0.057728
vn -0.369578 -0.927655 0.053555
vn -0.021817 -0.999758 0.002899
vn -0.910497 -0.391414 0.133380
vn -0.978052 -0.151403 0.143145
vn -0.978892 -0.151421 0.137265
vn -0.911093 -0.391427 0.129206
vn 0.113681 -0.136448 0.984103
vn 0.114692 -0.377676 0.918807
vn 0.154404 -0.377284 0.913135
vn 0.169000 -0.135904 0.976201
vn 0.043240 -0.923581 0.380957
vn 0.041970 -0.999119 0.000485
vn 0.082950 -0.923191 0.375284
vn -0.861333 -0.104673 0.497141
vn -0.863285 0.088963 0.496814
vn -0.980913 0.132123 0.142665
vn -0.234723 -0.097559 0.967154
vn 0.110872 0.142045 0.983631
vn -0.236676 0.096081 0.966826
vn 0.981751 -0.132117 -0.136785
vn 0.918799 -0.373428 -0.127910
vn 0.918203 -0.373441 -0.132083
vn 0.980911 -0.132135 -0.142666
vn 0.388206 -0.920192 -0.050426
vn 0.041033 -0.999139 -0.006078
vn 0.387610 -0.920205 -0.054600
vn 0.497915 -0.090343 0.862508
vn 0.495961 0.103288 0.862180
vn 0.166191 0.142589 0.975730
vn 0.967914 -0.086673 0.235860
vn 0.978893 0.151418 -0.137265
vn 0.965961 0.106972 0.235533
vn -0.918203 0.373441 0.132083
vn -0.918799 0.373428 0.127910
vn -0.981753 0.132105 0.136785
vn -0.387610 0.920205 0.054599
vn -0.041033 0.999139 0.006078
vn -0.041970 0.999119 -0.000485
vn -0.388206 0.920192 0.050426
vn 0.024594 0.925555 0.377813
vn 0.064306 0.925946 0.372140
vn 0.021817 0.999758 -0.002899
vn 0.107021 0.383012 0.917523
vn 0.146733 0.383403 0.911851
vn 0.369565 0.927660 -0.053553
vn 0.368969 0.927647 -0.057726
vn 0.020880 0.999737 -0.009462
vn 0.911087 0.391442 -0.129205
vn 0.978053 0.151399 -0.143146
vn 0.910491 0.391429 -0.133378
vn -0.967916 0.086665 -0.235856
vn -0.965964 -0.106972 -0.235523
vn -0.497916 0.090344 -0.862507
vn -0.169001 0.135907 -0.976201
vn -0.166194 -0.142588 -0.975730
vn -0.495963 -0.103291 -0.862178
vn -0.154402 0.377283 -0.913136
vn -0.114692 0.377674 -0.918808
vn -0.113681 0.136452 -0.984102
vn -0.082949 0.923195 -0.375274
vn -0.043239 0.923586 -0.380945
vn 0.234728 0.097557 -0.967153
vn 0.236681 -0.096079 -0.966825
vn -0.110874 -0.142043 -0.983631
vn 0.861332 0.104676 -0.497142
vn 0.863286 -0.088969 -0.496811
vn -0.064306 -0.925946 -0.372142
vn -0.024596 -0.925555 -0.377814
vn -0.146735 -0.383409 -0.911848
vn -0.107023 -0.383019 -0.917520
vn -0.829693 -0.332895 0.448097
vn -0.267053 -0.890029 0.369500
vn -0.193181 -0.325674 0.925536
vn 0.376919 -0.883699 0.277502
vn 0.928215 -0.315606 0.197000
vn 0.450798 -0.319317 0.833558
vn -0.284960 0.885712 0.366487
vn -0.836252 0.317606 0.447000
vn -0.199743 0.324833 0.924438
vn 0.921658 0.334917 0.195902
vn 0.359015 0.892054 0.274494
vn 0.444235 0.331167 0.832456
vn -0.450794 0.319330 -0.833555
vn -0.928217 0.315596 -0.197008
vn -0.376934 0.883687 -0.277520
vn 0.829688 0.332907 -0.448097
vn 0.193183 0.325666 -0.925539
vn 0.267058 0.890029 -0.369498
vn -0.359027 -0.892045 -0.274509
vn -0.921664 -0.334906 -0.195889
vn -0.444237 -0.331164 -0.832457
vn 0.836254 -0.317619 -0.446987
vn 0.284955 -0.885711 -0.366492
vn 0.199743 -0.324831 -0.924439
s 1
g Seat Plank4
usemtl lambert8SG
f 894/1343/1385 893/1367/1386 929/1391/1387 934/1363/1388
s 2
f 893/1368/1389 898/1364/1390 930/1350/1391 929/1390/1392
s 3
f 896/1344/1393 895/1369/1394 903/1375/1395 902/1358/1396
s 1
f 895/1370/1397 894/1343/1385 904/1345/1398 903/1374/1399
s 2
f 898/1364/1390 897/1371/1400 907/1415/1401 906/1365/1402
s 3
f 897/1420/1403 896/1344/1393 908/1347/1404 907/1377/1405
s 4
f 900/1346/1406 899/1372/1407 935/1395/1408 940/1354/1409
s 1
f 899/1372/1410 904/1345/1398 936/1355/1411 935/1395/1412
s 3
f 902/1358/1396 901/1373/1413 915/1414/1414 914/1348/1415
s 4
f 901/1417/1416 900/1346/1406 916/1349/1417 915/1381/1418
s 2
f 906/1365/1402 905/1376/1419 919/1384/1420 918/1366/1421
s 5
f 905/1376/1422 910/1359/1423 920/1351/1424 919/1384/1425
f 910/1359/1423 909/1378/1426 913/1380/1427 912/1360/1428
s 3
f 909/1378/1429 908/1347/1404 914/1348/1415 913/1380/1430
s 5
f 912/1360/1428 911/1379/1431 927/1389/1432 926/1352/1433
s 4
f 911/1379/1434 916/1349/1417 928/1353/1435 927/1389/1436
s 2
f 918/1366/1421 917/1382/1437 931/1393/1438 930/1350/1391
s 6
f 917/1383/1439 922/1361/1440 932/1356/1441 931/1392/1442
f 922/1361/1440 921/1385/1443 925/1388/1444 924/1362/1445
s 5
f 921/1385/1446 920/1351/1424 926/1352/1433 925/1388/1447
s 6
f 924/1362/1445 923/1386/1448 939/1398/1449 938/1357/1450
s 4
f 923/1387/1451 928/1353/1435 940/1354/1409 939/1397/1452
s 1
f 934/1363/1388 933/1394/1453 937/1421/1454 936/1355/1411
s 6
f 933/1424/1455 932/1356/1441 938/1357/1450 937/1396/1456
s 3
f 896/1344/1393 902/1358/1396 914/1348/1415 908/1347/1404
s 5
f 910/1359/1423 912/1360/1428 926/1352/1433 920/1351/1424
s 6
f 922/1361/1440 924/1362/1445 938/1357/1450 932/1356/1441
s 1
f 934/1363/1388 936/1355/1411 904/1345/1398 894/1343/1385
s 4
f 900/1346/1406 940/1354/1409 928/1353/1435 916/1349/1417
s 2
f 930/1350/1391 898/1364/1390 906/1365/1402 918/1366/1421
f 897/1371/1400 898/1364/1390 893/1368/1389 941/1400/1457
s 1
f 893/1367/1386 894/1343/1385 895/1370/1397 941/1399/1458
s 3
f 895/1369/1394 896/1344/1393 897/1420/1403 941/1419/1459
s 1
f 903/1374/1399 904/1345/1398 899/1372/1410 942/1402/1460
s 4
f 899/1372/1407 900/1346/1406 901/1417/1416 942/1401/1461
s 3
f 901/1373/1413 902/1358/1396 903/1375/1395 942/1418/1462
s 5
f 909/1378/1426 910/1359/1423 905/1376/1422 943/1416/1463
s 2
f 905/1376/1419 906/1365/1402 907/1415/1401 943/1403/1464
s 3
f 907/1377/1405 908/1347/1404 909/1378/1429 943/1416/1465
s 4
f 915/1381/1418 916/1349/1417 911/1379/1434 944/1413/1466
s 5
f 911/1379/1431 912/1360/1428 913/1380/1427 944/1404/1467
s 3
f 913/1380/1430 914/1348/1415 915/1414/1414 944/1404/1468
s 6
f 921/1385/1443 922/1361/1440 917/1383/1439 945/1406/1469
s 2
f 917/1382/1437 918/1366/1421 919/1384/1420 945/1405/1470
s 5
f 919/1384/1425 920/1351/1424 921/1385/1446 945/1406/1471
s 4
f 927/1389/1436 928/1353/1435 923/1387/1451 946/1408/1472
s 6
f 923/1386/1448 924/1362/1445 925/1388/1444 946/1407/1473
s 5
f 925/1388/1447 926/1352/1433 927/1389/1432 946/1407/1474
s 1
f 933/1394/1453 934/1363/1388 929/1391/1387 947/1410/1475
s 2
f 929/1390/1392 930/1350/1391 931/1393/1438 947/1409/1476
s 6
f 931/1392/1442 932/1356/1441 933/1424/1455 947/1423/1477
s 4
f 939/1397/1452 940/1354/1409 935/1395/1408 948/1412/1478
s 1
f 935/1395/1412 936/1355/1411 937/1421/1454 948/1411/1479
s 6
f 937/1396/1456 938/1357/1450 939/1398/1449 948/1422/1480
g default
v 3.372158 3.698961 2.645482
v 3.376896 3.669589 2.644897
v 3.390368 3.675663 2.670726
v 3.415120 3.690157 2.678649
v 3.399187 3.713505 2.669348
v 3.389367 3.723105 2.642949
v 3.458941 3.557288 2.633533
v 3.488016 3.562060 2.629366
v 3.485970 3.571831 2.657399
v 3.473256 3.595250 2.670644
v 3.448504 3.580756 2.662721
v 3.435031 3.574682 2.636893
v 3.462093 3.755148 2.632463
v 3.433017 3.750376 2.636630
v 3.442837 3.740775 2.663029
v 3.458770 3.717427 2.672330
v 3.480303 3.731850 2.657707
v 3.486002 3.737754 2.629103
v 3.548875 3.613475 2.620514
v 3.544137 3.642847 2.621099
v 3.538438 3.636944 2.649702
v 3.516906 3.622520 2.664325
v 3.529619 3.599102 2.651080
v 3.531666 3.589331 2.623047
v 2.959167 3.730164 -0.723906
v 2.957120 3.739935 -0.695873
v 2.986195 3.744708 -0.700040
v 3.010105 3.727313 -0.703400
v 2.996632 3.721239 -0.729228
v 2.971880 3.706746 -0.737151
v 3.045948 3.588491 -0.735855
v 3.030014 3.611839 -0.745156
v 3.054766 3.626333 -0.737233
v 3.068239 3.632407 -0.711404
v 3.072976 3.603034 -0.711989
v 3.055767 3.578890 -0.709455
v 2.896261 3.688521 -0.687020
v 2.913471 3.712665 -0.689554
v 2.915517 3.702894 -0.717587
v 2.928231 3.679475 -0.730832
v 2.906698 3.665052 -0.716209
v 2.900999 3.659149 -0.687605
v 2.983044 3.546847 -0.698970
v 2.959134 3.564242 -0.695610
v 2.964833 3.570145 -0.724214
v 2.986366 3.584569 -0.738837
v 3.002299 3.561221 -0.729536
v 3.012119 3.551620 -0.703137
v 3.382216 3.697391 2.666718
v 3.463734 3.564312 2.655494
v 3.463644 3.748263 2.654931
v 3.545161 3.615185 2.643706
v 2.981402 3.737684 -0.722001
v 3.062918 3.604605 -0.733225
v 2.899975 3.686811 -0.710213
v 2.981492 3.553733 -0.721437
vt 0.973670 0.226114
vt 0.963367 0.232552
vt 0.980400 0.226146
vt 0.949929 0.225988
vt 0.963325 0.229477
vt 0.956634 0.229432
vt 0.953057 0.226001
vt 0.971110 0.023096
vt 0.964398 0.023127
vt 0.957668 0.023090
vt 0.954085 0.023008
vt 0.950958 0.022995
vt 0.981428 0.023144
vt 0.964469 0.016547
vt 0.957673 0.016532
vt 0.956571 0.232537
vt 0.963372 0.225995
vt 0.956642 0.225957
vt 0.964406 0.019652
vt 0.957715 0.019608
vt 0.974698 0.023111
vt 0.970083 0.226089
vt 0.966955 0.226076
vt 0.967983 0.023083
vt 0.971876 0.226155
vt 0.963435 0.234345
vt 0.973605 0.227889
vt 0.970120 0.227873
vt 0.948135 0.226033
vt 0.982193 0.226207
vt 0.954767 0.232508
vt 0.980446 0.227937
vt 0.956482 0.234303
vt 0.965161 0.226122
vt 0.965110 0.229265
vt 0.963312 0.227724
vt 0.954849 0.226067
vt 0.956678 0.227695
vt 0.953094 0.227785
vt 0.967946 0.021299
vt 0.966190 0.023017
vt 0.964362 0.021389
vt 0.955930 0.019819
vt 0.957728 0.021360
vt 0.955879 0.022962
vt 0.972905 0.023051
vt 0.966273 0.016576
vt 0.974652 0.021320
vt 0.983223 0.023102
vt 0.949165 0.022929
vt 0.957605 0.014739
vt 0.950920 0.021211
vt 0.972163 0.227600
vt 0.948429 0.227476
vt 0.981891 0.227655
vt 0.965455 0.227565
vt 0.955250 0.227664
vt 0.966501 0.021569
vt 0.956294 0.021367
vt 0.972610 0.021608
vt 0.982935 0.021657
vt 0.954885 0.229204
vt 0.949871 0.227753
vt 0.955024 0.233970
vt 0.966897 0.227841
vt 0.964884 0.234015
vt 0.965138 0.232550
vt 0.981493 0.021369
vt 0.949475 0.021481
vt 0.956156 0.015069
vt 0.955902 0.016534
vt 0.971168 0.021331
vt 0.973207 0.021602
vt 0.966016 0.015114
vt 0.964558 0.014780
vt 0.955585 0.021520
vt 0.954142 0.021243
vt 0.965790 0.021420
vt 0.966155 0.019880
vt 0.954539 0.227515
vt 0.964746 0.227717
vt 0.971565 0.227603
vn -0.880946 -0.454903 0.130377
vn -0.976734 -0.160636 0.142083
vn -0.977321 -0.160649 0.137972
vn -0.881827 -0.454922 0.124206
vn -0.803030 0.584749 0.114940
vn -0.634658 0.767395 0.091183
vn -0.635485 0.767377 0.085390
vn -0.803617 0.584737 0.110829
vn -0.011322 -0.006010 0.999918
vn -0.213617 -0.149736 0.965374
vn -0.158192 -0.240216 0.957743
vn 0.064242 -0.129369 0.989513
vn -0.753179 -0.440060 0.488947
vn -0.796113 -0.593393 0.118697
vn -0.697752 -0.530541 0.481319
vn -0.510562 0.736088 0.444410
vn -0.347555 0.837926 0.420817
vn -0.395974 0.916514 0.056632
vn -0.143676 0.266688 0.953013
vn 0.215177 0.135495 0.967130
vn 0.019328 0.368528 0.929416
vn 0.396806 -0.916494 -0.050839
vn 0.159749 -0.987000 -0.017625
vn 0.159162 -0.987013 -0.021735
vn 0.395979 -0.916512 -0.056632
vn -0.578219 -0.811207 0.087212
vn -0.796995 -0.593412 0.112525
vn -0.578806 -0.811220 0.083101
vn 0.241913 -0.362798 0.899920
vn 0.404917 -0.260959 0.876323
vn 0.290741 0.012137 0.956725
vn 0.452188 -0.835627 0.311856
vn 0.635489 -0.767374 -0.085391
vn 0.615190 -0.733788 0.288263
vn -0.159152 0.987015 0.021734
vn -0.159739 0.987002 0.017624
vn -0.396801 0.916496 0.050839
vn 0.578807 0.811220 -0.083100
vn 0.796996 0.593410 -0.112525
vn 0.796115 0.593391 -0.118697
vn 0.578220 0.811207 -0.087211
vn 0.804114 0.532879 0.263516
vn 0.859539 0.442396 0.255886
vn 0.881829 0.454918 -0.124206
vn 0.419729 0.245949 0.873691
vn 0.475152 0.155469 0.866060
vn 0.977320 0.160649 -0.137974
vn 0.976733 0.160636 -0.142084
vn 0.880948 0.454899 -0.130378
vn 0.803614 -0.584741 -0.110830
vn 0.634662 -0.767392 -0.091184
vn 0.803027 -0.584754 -0.114941
vn -0.452185 0.835626 -0.311862
vn -0.615193 0.733783 -0.288271
vn -0.241918 0.362805 -0.899916
vn -0.064244 0.129369 -0.989513
vn -0.290745 -0.012140 -0.956724
vn -0.404926 0.260963 -0.876318
vn 0.158192 0.240215 -0.957743
vn 0.213617 0.149733 -0.965374
vn 0.011321 0.006008 -0.999918
vn 0.697752 0.530536 -0.481324
vn 0.753177 0.440053 -0.488956
vn 0.143685 -0.266692 -0.953011
vn -0.019322 -0.368531 -0.929415
vn -0.215180 -0.135500 -0.967129
vn 0.510568 -0.736080 -0.444417
vn 0.347560 -0.837923 -0.420818
vn -0.859543 -0.442392 -0.255880
vn -0.804118 -0.532876 -0.263510
vn -0.475156 -0.155474 -0.866057
vn -0.419731 -0.245956 -0.873689
vn -0.690432 0.585154 0.425323
vn -0.870909 -0.189309 0.453519
vn -0.317741 0.108335 0.941968
vn -0.531969 -0.742609 0.406868
vn 0.234787 -0.925262 0.297936
vn 0.021190 -0.444960 0.895300
vn 0.623943 0.744623 0.237133
vn -0.142817 0.927278 0.346062
vn 0.229866 0.450463 0.862696
vn 0.782383 -0.583144 0.218678
vn 0.962869 0.191319 0.190474
vn 0.568789 -0.102838 0.816029
vn -0.021187 0.444963 -0.895298
vn -0.234783 0.925261 -0.297940
vn 0.531976 0.742604 -0.406866
vn 0.690423 -0.585156 -0.425334
vn 0.317745 -0.108348 -0.941965
vn 0.870903 0.189296 -0.453535
vn -0.962871 -0.191307 -0.190476
vn -0.782393 0.583127 -0.218685
vn -0.568794 0.102838 -0.816025
vn 0.142824 -0.927279 -0.346055
vn -0.623937 -0.744627 -0.237135
vn -0.229861 -0.450466 -0.862696
s 1
g Seat Plank5
usemtl lambert8SG
f 950/1425/1481 949/1449/1482 985/1470/1483 990/1445/1484
s 2
f 949/1449/1485 954/1446/1486 986/1432/1487 985/1470/1488
s 3
f 952/1426/1489 951/1450/1490 959/1457/1491 958/1440/1492
s 1
f 951/1451/1493 950/1425/1481 960/1427/1494 959/1456/1495
s 2
f 954/1446/1486 953/1452/1496 963/1489/1497 962/1447/1498
s 3
f 953/1491/1499 952/1426/1489 964/1429/1500 963/1459/1501
s 4
f 956/1428/1502 955/1453/1503 991/1474/1504 996/1436/1505
s 1
f 955/1454/1506 960/1427/1494 992/1437/1507 991/1473/1508
s 3
f 958/1440/1492 957/1455/1509 971/1486/1510 970/1430/1511
s 4
f 957/1487/1512 956/1428/1502 972/1431/1513 971/1463/1514
s 2
f 962/1447/1498 961/1458/1515 975/1465/1516 974/1448/1517
s 5
f 961/1458/1518 966/1441/1519 976/1433/1520 975/1465/1521
f 966/1441/1519 965/1460/1522 969/1462/1523 968/1442/1524
s 3
f 965/1460/1525 964/1429/1500 970/1430/1511 969/1462/1526
s 5
f 968/1442/1524 967/1461/1527 983/1469/1528 982/1434/1529
s 4
f 967/1461/1530 972/1431/1513 984/1435/1531 983/1469/1532
s 2
f 974/1448/1517 973/1464/1533 987/1496/1534 986/1432/1487
s 6
f 973/1503/1535 978/1443/1536 988/1438/1537 987/1471/1538
f 978/1443/1536 977/1466/1539 981/1468/1540 980/1444/1541
s 5
f 977/1466/1542 976/1433/1520 982/1434/1529 981/1468/1543
s 6
f 980/1444/1541 979/1467/1544 995/1495/1545 994/1439/1546
s 4
f 979/1501/1547 984/1435/1531 996/1436/1505 995/1476/1548
s 1
f 990/1445/1484 989/1472/1549 993/1492/1550 992/1437/1507
s 6
f 989/1499/1551 988/1438/1537 994/1439/1546 993/1475/1552
s 3
f 952/1426/1489 958/1440/1492 970/1430/1511 964/1429/1500
s 5
f 966/1441/1519 968/1442/1524 982/1434/1529 976/1433/1520
s 6
f 978/1443/1536 980/1444/1541 994/1439/1546 988/1438/1537
s 1
f 990/1445/1484 992/1437/1507 960/1427/1494 950/1425/1481
s 4
f 956/1428/1502 996/1436/1505 984/1435/1531 972/1431/1513
s 2
f 986/1432/1487 954/1446/1486 962/1447/1498 974/1448/1517
f 953/1452/1496 954/1446/1486 949/1449/1485 997/1506/1553
s 1
f 949/1449/1482 950/1425/1481 951/1451/1493 997/1477/1554
s 3
f 951/1450/1490 952/1426/1489 953/1491/1499 997/1490/1555
s 1
f 959/1456/1495 960/1427/1494 955/1454/1506 998/1479/1556
s 4
f 955/1453/1503 956/1428/1502 957/1487/1512 998/1478/1557
s 3
f 957/1455/1509 958/1440/1492 959/1457/1491 998/1488/1558
s 5
f 965/1460/1522 966/1441/1519 961/1458/1518 999/1505/1559
s 2
f 961/1458/1515 962/1447/1498 963/1489/1497 999/1480/1560
s 3
f 963/1459/1501 964/1429/1500 965/1460/1525 999/1505/1561
s 4
f 971/1463/1514 972/1431/1513 967/1461/1530 1000/1504/1562
s 5
f 967/1461/1527 968/1442/1524 969/1462/1523 1000/1481/1563
s 3
f 969/1462/1526 970/1430/1511 971/1486/1510 1000/1481/1564
s 6
f 977/1466/1539 978/1443/1536 973/1503/1535 1001/1502/1565
s 2
f 973/1464/1533 974/1448/1517 975/1465/1516 1001/1482/1566
s 5
f 975/1465/1521 976/1433/1520 977/1466/1542 1001/1502/1567
s 4
f 983/1469/1532 984/1435/1531 979/1501/1547 1002/1500/1568
s 6
f 979/1467/1544 980/1444/1541 981/1468/1540 1002/1483/1569
s 5
f 981/1468/1543 982/1434/1529 983/1469/1528 1002/1483/1570
s 1
f 989/1472/1549 990/1445/1484 985/1470/1483 1003/1497/1571
s 2
f 985/1470/1488 986/1432/1487 987/1496/1534 1003/1484/1572
s 6
f 987/1471/1538 988/1438/1537 989/1499/1551 1003/1498/1573
s 4
f 995/1476/1548 996/1436/1505 991/1474/1504 1004/1493/1574
s 1
f 991/1473/1508 992/1437/1507 993/1492/1550 1004/1485/1575
s 6
f 993/1475/1552 994/1439/1546 995/1495/1545 1004/1494/1576
g default
v 3.448229 3.483286 2.635758
v 3.442698 3.454060 2.636639
v 3.457625 3.456446 2.662272
v 3.485888 3.462035 2.669722
v 3.478768 3.488926 2.659151
v 3.472599 3.499993 2.632226
v 3.525404 3.106156 2.625918
v 3.554339 3.100557 2.621804
v 3.555944 3.111795 2.649311
v 3.552043 3.138756 2.661287
v 3.523781 3.133167 2.653837
v 3.508854 3.130781 2.628205
v 3.551804 3.504869 2.620900
v 3.522869 3.510468 2.625014
v 3.529038 3.499401 2.651939
v 3.536158 3.472511 2.662510
v 3.561201 3.478029 2.647413
v 3.568354 3.480245 2.618613
v 3.628980 3.127739 2.611060
v 3.634510 3.156965 2.610178
v 3.627356 3.154750 2.638978
v 3.602313 3.149231 2.654076
v 3.606214 3.122270 2.642099
v 3.604609 3.111032 2.614593
v 3.031682 3.488490 -0.830822
v 3.033286 3.499728 -0.803315
v 3.062221 3.494129 -0.807429
v 3.078771 3.469504 -0.809716
v 3.063845 3.467118 -0.835348
v 3.035582 3.461529 -0.842798
v 3.108857 3.111359 -0.840661
v 3.101737 3.138250 -0.851232
v 3.130000 3.143839 -0.843782
v 3.144927 3.146225 -0.818150
v 3.139397 3.116999 -0.817269
v 3.115026 3.100292 -0.813736
v 2.958646 3.472546 -0.792571
v 2.983016 3.489253 -0.796103
v 2.981412 3.478015 -0.823611
v 2.985312 3.451054 -0.835587
v 2.960269 3.445535 -0.820490
v 2.953116 3.443320 -0.791690
v 3.035821 3.095415 -0.802410
v 3.019271 3.120040 -0.800124
v 3.026424 3.122256 -0.828924
v 3.051467 3.127774 -0.844021
v 3.058588 3.100884 -0.833450
v 3.064756 3.089816 -0.806525
v 3.457312 3.479428 2.657140
v 3.532462 3.112195 2.647559
v 3.551090 3.498970 2.643687
v 3.626241 3.131737 2.634106
v 3.055163 3.488090 -0.829070
v 3.130313 3.120857 -0.838651
v 2.961385 3.468549 -0.815617
v 3.036535 3.101315 -0.825198
vt 0.231662 0.036437
vt 0.238422 0.046552
vt 0.231299 0.016533
vt 0.232314 0.073344
vt 0.235323 0.046685
vt 0.235665 0.066574
vt 0.232254 0.070218
vt 0.022902 0.043786
vt 0.023090 0.050494
vt 0.023435 0.070394
vt 0.023436 0.073979
vt 0.023496 0.077105
vt 0.022468 0.020296
vt 0.016431 0.050535
vt 0.016794 0.070576
vt 0.238785 0.066594
vt 0.231780 0.046734
vt 0.232126 0.066635
vt 0.019551 0.050555
vt 0.019893 0.070443
vt 0.022831 0.040199
vt 0.231719 0.040023
vt 0.231779 0.043150
vt 0.022962 0.046912
vt 0.231743 0.038230
vt 0.240214 0.046443
vt 0.233448 0.036457
vt 0.233501 0.039945
vt 0.232402 0.075136
vt 0.231315 0.014739
vt 0.238782 0.068395
vt 0.233091 0.016448
vt 0.240568 0.066645
vt 0.231867 0.044942
vt 0.235057 0.044908
vt 0.233547 0.046746
vt 0.232278 0.068424
vt 0.233895 0.066566
vt 0.234037 0.070139
vt 0.021179 0.046990
vt 0.019754 0.048801
vt 0.022938 0.048705
vt 0.021321 0.050563
vt 0.020159 0.072221
vt 0.021671 0.073962
vt 0.021669 0.070383
vt 0.023349 0.072186
vt 0.022814 0.041993
vt 0.016434 0.048734
vt 0.021136 0.043769
vt 0.021039 0.040285
vt 0.022387 0.018504
vt 0.023473 0.078898
vt 0.015002 0.070685
vt 0.021714 0.077183
vt 0.016849 0.072344
vt 0.233184 0.037909
vt 0.233197 0.038506
vt 0.233837 0.074808
vt 0.232770 0.015007
vt 0.233302 0.044614
vt 0.233893 0.067991
vt 0.021483 0.048429
vt 0.021323 0.049138
vt 0.021716 0.071814
vt 0.021914 0.072514
vt 0.021379 0.042321
vt 0.021360 0.041725
vt 0.020946 0.018825
vt 0.022018 0.078622
vt 0.020682 0.020276
vt 0.015375 0.072128
vt 0.014969 0.049016
vt 0.014648 0.050484
vt 0.233733 0.068700
vt 0.235462 0.068328
vt 0.233545 0.043166
vt 0.233500 0.045315
vt 0.234080 0.073360
vt 0.240247 0.068113
vt 0.239841 0.045001
vt 0.238367 0.044784
vn -0.974878 -0.170810 0.142960
vn -0.972113 0.187938 0.140273
vn -0.972683 0.187925 0.136277
vn -0.975775 -0.170830 0.136674
vn -0.555682 0.827652 0.078800
vn -0.335445 0.940845 0.047829
vn -0.336250 0.940827 0.042197
vn -0.556253 0.827640 0.074803
vn -0.000666 0.002303 0.999997
vn -0.242053 -0.054328 0.968741
vn -0.234013 -0.093617 0.967716
vn 0.010535 -0.052429 0.998569
vn -0.846627 -0.165964 0.505647
vn -0.962152 -0.232999 0.141337
vn -0.838587 -0.205251 0.504622
vn -0.226730 0.886483 0.403412
vn -0.038992 0.925603 0.376481
vn -0.060535 0.998131 0.008392
vn -0.037420 0.345730 0.937587
vn 0.269338 0.058566 0.961263
vn 0.150314 0.384848 0.910658
vn 0.061343 -0.998113 -0.002760
vn -0.185310 -0.982173 0.031580
vn -0.185881 -0.982185 0.027583
vn 0.060538 -0.998131 -0.008392
vn -0.818820 -0.561211 0.120729
vn -0.963049 -0.233019 0.135052
vn -0.819391 -0.561224 0.116732
vn 0.110919 -0.379122 0.918675
vn 0.298654 -0.340002 0.891742
vn 0.280539 0.003835 0.959835
vn 0.143627 -0.923307 0.356195
vn 0.336250 -0.940827 -0.042198
vn 0.331364 -0.884186 0.329262
vn 0.185879 0.982185 -0.027580
vn 0.185308 0.982173 -0.031577
vn -0.061339 0.998113 0.002760
vn 0.819386 0.561232 -0.116731
vn 0.963049 0.233018 -0.135052
vn 0.962152 0.232998 -0.141337
vn 0.818815 0.561219 -0.120727
vn 0.946129 0.207611 0.248469
vn 0.954169 0.168324 0.247444
vn 0.975775 0.170830 -0.136674
vn 0.495448 0.099353 0.862937
vn 0.503489 0.060065 0.861911
vn 0.972687 -0.187908 -0.136277
vn 0.972116 -0.187920 -0.140274
vn 0.974878 0.170810 -0.142960
vn 0.556248 -0.827643 -0.074804
vn 0.335446 -0.940844 -0.047830
vn 0.555677 -0.827655 -0.078800
vn -0.143623 0.923308 -0.356194
vn -0.331357 0.884188 -0.329263
vn -0.110915 0.379119 -0.918677
vn -0.010535 0.052426 -0.998569
vn -0.280537 -0.003837 -0.959836
vn -0.298652 0.339997 -0.891745
vn 0.234013 0.093615 -0.967716
vn 0.242053 0.054327 -0.968741
vn 0.000665 -0.002304 -0.999997
vn 0.838586 0.205251 -0.504624
vn 0.846626 0.165964 -0.505649
vn 0.037415 -0.345728 -0.937589
vn -0.150319 -0.384849 -0.910656
vn -0.269337 -0.058568 -0.961263
vn 0.226730 -0.886487 -0.403405
vn 0.038996 -0.925606 -0.376476
vn -0.954171 -0.168325 -0.247436
vn -0.946131 -0.207615 -0.248461
vn -0.503483 -0.060064 -0.861915
vn -0.495443 -0.099352 -0.862940
vn -0.447314 0.804906 0.389919
vn -0.880006 0.140196 0.453799
vn -0.255000 0.255614 0.932543
vn -0.749630 -0.496920 0.437180
vn -0.091395 -0.934305 0.344560
vn -0.124622 -0.381519 0.915922
vn 0.841591 0.498944 0.206831
vn 0.183365 0.936326 0.299453
vn 0.375668 0.387023 0.842073
vn 0.539279 -0.802883 0.254081
vn 0.971973 -0.138172 0.190204
vn 0.506055 -0.250100 0.825444
vn 0.124618 0.381517 -0.915923
vn 0.091393 0.934310 -0.344546
vn 0.749628 0.496920 -0.437183
vn 0.447310 -0.804905 -0.389925
vn 0.254999 -0.255607 -0.932545
vn 0.880007 -0.140193 -0.453799
vn -0.971971 0.138189 -0.190200
vn -0.539271 0.802891 -0.254072
vn -0.506051 0.250095 -0.825449
vn -0.183362 -0.936324 -0.299461
vn -0.841587 -0.498954 -0.206823
vn -0.375673 -0.387031 -0.842067
s 1
g Seat Plank6
usemtl lambert8SG
f 1006/1507/1577 1005/1531/1578 1041/1554/1579 1046/1527/1580
s 2
f 1005/1531/1581 1010/1528/1582 1042/1514/1583 1041/1554/1584
s 3
f 1008/1508/1585 1007/1532/1586 1015/1539/1587 1014/1522/1588
s 1
f 1007/1533/1589 1006/1507/1577 1016/1509/1590 1015/1538/1591
s 2
f 1010/1528/1582 1009/1534/1592 1019/1583/1593 1018/1529/1594
s 3
f 1009/1588/1595 1008/1508/1585 1020/1511/1596 1019/1541/1597
s 4
f 1012/1510/1598 1011/1535/1599 1047/1559/1600 1052/1518/1601
s 1
f 1011/1536/1602 1016/1509/1590 1048/1519/1603 1047/1558/1604
s 3
f 1014/1522/1588 1013/1537/1605 1027/1582/1606 1026/1512/1607
s 4
f 1013/1585/1608 1012/1510/1598 1028/1513/1609 1027/1545/1610
s 2
f 1018/1529/1594 1017/1540/1611 1031/1548/1612 1030/1530/1613
s 5
f 1017/1540/1614 1022/1523/1615 1032/1515/1616 1031/1548/1617
f 1022/1523/1615 1021/1542/1618 1025/1544/1619 1024/1524/1620
s 3
f 1021/1542/1621 1020/1511/1596 1026/1512/1607 1025/1544/1622
s 5
f 1024/1524/1620 1023/1543/1623 1039/1553/1624 1038/1516/1625
s 4
f 1023/1543/1626 1028/1513/1609 1040/1517/1627 1039/1553/1628
s 2
f 1030/1530/1613 1029/1546/1629 1043/1556/1630 1042/1514/1583
s 6
f 1029/1547/1631 1034/1525/1632 1044/1520/1633 1043/1555/1634
f 1034/1525/1632 1033/1549/1635 1037/1552/1636 1036/1526/1637
s 5
f 1033/1549/1638 1032/1515/1616 1038/1516/1625 1037/1552/1639
s 6
f 1036/1526/1637 1035/1550/1640 1051/1562/1641 1050/1521/1642
s 4
f 1035/1551/1643 1040/1517/1627 1052/1518/1601 1051/1561/1644
s 1
f 1046/1527/1580 1045/1557/1645 1049/1577/1646 1048/1519/1603
s 6
f 1045/1580/1647 1044/1520/1633 1050/1521/1642 1049/1560/1648
s 3
f 1008/1508/1585 1014/1522/1588 1026/1512/1607 1020/1511/1596
s 5
f 1022/1523/1615 1024/1524/1620 1038/1516/1625 1032/1515/1616
s 6
f 1034/1525/1632 1036/1526/1637 1050/1521/1642 1044/1520/1633
s 1
f 1046/1527/1580 1048/1519/1603 1016/1509/1590 1006/1507/1577
s 4
f 1012/1510/1598 1052/1518/1601 1040/1517/1627 1028/1513/1609
s 2
f 1042/1514/1583 1010/1528/1582 1018/1529/1594 1030/1530/1613
f 1009/1534/1592 1010/1528/1582 1005/1531/1581 1053/1564/1649
s 1
f 1005/1531/1578 1006/1507/1577 1007/1533/1589 1053/1563/1650
s 3
f 1007/1532/1586 1008/1508/1585 1009/1588/1595 1053/1587/1651
s 1
f 1015/1538/1591 1016/1509/1590 1011/1536/1602 1054/1566/1652
s 4
f 1011/1535/1599 1012/1510/1598 1013/1585/1608 1054/1565/1653
s 3
f 1013/1537/1605 1014/1522/1588 1015/1539/1587 1054/1586/1654
s 5
f 1021/1542/1618 1022/1523/1615 1017/1540/1614 1055/1584/1655
s 2
f 1017/1540/1611 1018/1529/1594 1019/1583/1593 1055/1567/1656
s 3
f 1019/1541/1597 1020/1511/1596 1021/1542/1621 1055/1584/1657
s 4
f 1027/1545/1610 1028/1513/1609 1023/1543/1626 1056/1581/1658
s 5
f 1023/1543/1623 1024/1524/1620 1025/1544/1619 1056/1568/1659
s 3
f 1025/1544/1622 1026/1512/1607 1027/1582/1606 1056/1568/1660
s 6
f 1033/1549/1635 1034/1525/1632 1029/1547/1631 1057/1570/1661
s 2
f 1029/1546/1629 1030/1530/1613 1031/1548/1612 1057/1569/1662
s 5
f 1031/1548/1617 1032/1515/1616 1033/1549/1638 1057/1570/1663
s 4
f 1039/1553/1628 1040/1517/1627 1035/1551/1643 1058/1572/1664
s 6
f 1035/1550/1640 1036/1526/1637 1037/1552/1636 1058/1571/1665
s 5
f 1037/1552/1639 1038/1516/1625 1039/1553/1624 1058/1571/1666
s 1
f 1045/1557/1645 1046/1527/1580 1041/1554/1579 1059/1574/1667
s 2
f 1041/1554/1584 1042/1514/1583 1043/1556/1630 1059/1573/1668
s 6
f 1043/1555/1634 1044/1520/1633 1045/1580/1647 1059/1579/1669
s 4
f 1051/1561/1644 1052/1518/1601 1047/1559/1600 1060/1576/1670
s 1
f 1047/1558/1604 1048/1519/1603 1049/1577/1646 1060/1575/1671
s 6
f 1049/1560/1648 1050/1521/1642 1051/1562/1641 1060/1578/1672
g default
v 3.533032 3.031066 2.610977
v 3.523709 3.002843 2.612397
v 3.538840 3.003727 2.638005
v 3.567599 3.005692 2.645395
v 3.564067 3.033081 2.634310
v 3.559384 3.044355 2.607172
v 3.559951 2.646946 2.608336
v 3.587896 2.637515 2.604375
v 3.590986 2.648960 2.631669
v 3.590674 2.676420 2.643131
v 3.561916 2.674455 2.635741
v 3.546784 2.673571 2.610133
v 3.638533 3.038564 2.595887
v 3.610588 3.047994 2.599848
v 3.615271 3.036720 2.626987
v 3.618803 3.009331 2.638071
v 3.644341 3.011225 2.622915
v 3.651700 3.011939 2.594090
v 3.665453 2.654443 2.593246
v 3.674777 2.682667 2.591826
v 3.667418 2.681953 2.620651
v 3.641879 2.680059 2.635808
v 3.642191 2.652599 2.624345
v 3.639101 2.641154 2.597051
v 3.138762 3.026267 -0.709795
v 3.141852 3.037711 -0.682500
v 3.169797 3.028281 -0.686462
v 3.182964 3.001656 -0.688259
v 3.167832 3.000771 -0.713866
v 3.139074 2.998807 -0.721257
v 3.165682 2.642146 -0.712436
v 3.162150 2.669535 -0.723521
v 3.190908 2.671499 -0.716131
v 3.206040 2.672384 -0.690523
v 3.196717 2.644160 -0.689103
v 3.170365 2.630871 -0.685298
v 3.064296 3.020783 -0.671372
v 3.090648 3.034072 -0.675177
v 3.087557 3.022628 -0.702471
v 3.087869 2.995168 -0.713933
v 3.062331 2.993274 -0.698777
v 3.054972 2.992560 -0.669952
v 3.091215 2.636662 -0.674013
v 3.078048 2.663288 -0.672216
v 3.085407 2.664002 -0.701041
v 3.110945 2.665896 -0.716197
v 3.114477 2.638507 -0.705112
v 3.119160 2.627232 -0.677974
v 3.541547 3.026450 2.632443
v 3.567760 2.652410 2.629871
v 3.637069 3.033239 2.618781
v 3.663282 2.659199 2.616209
v 3.161988 3.022817 -0.707997
v 3.188202 2.648776 -0.710569
v 3.066466 3.016028 -0.694334
v 3.092679 2.641988 -0.696906
vt 0.778234 0.036437
vt 0.784966 0.046572
vt 0.777928 0.016532
vt 0.778782 0.073345
vt 0.781867 0.046696
vt 0.782152 0.066586
vt 0.778731 0.070219
vt 0.578345 0.043059
vt 0.578514 0.049767
vt 0.578803 0.069668
vt 0.578794 0.073252
vt 0.578845 0.076379
vt 0.577978 0.019568
vt 0.571855 0.049789
vt 0.572161 0.069831
vt 0.785272 0.066614
vt 0.778324 0.046735
vt 0.778613 0.066636
vt 0.574975 0.049818
vt 0.575260 0.069707
vt 0.578284 0.039472
vt 0.778282 0.040024
vt 0.778333 0.043150
vt 0.578396 0.046184
vt 0.778311 0.038230
vt 0.786758 0.046468
vt 0.780021 0.036463
vt 0.780064 0.039950
vt 0.778865 0.075138
vt 0.777949 0.014738
vt 0.785263 0.068415
vt 0.779720 0.016452
vt 0.787054 0.066671
vt 0.778416 0.044943
vt 0.781606 0.044917
vt 0.780091 0.046752
vt 0.778760 0.068426
vt 0.780382 0.066573
vt 0.780514 0.070146
vt 0.576614 0.046258
vt 0.575183 0.048065
vt 0.578367 0.047978
vt 0.576745 0.049831
vt 0.575521 0.071486
vt 0.577028 0.073231
vt 0.577036 0.069651
vt 0.578711 0.071459
vt 0.578263 0.041266
vt 0.571864 0.047988
vt 0.576580 0.043037
vt 0.576492 0.039552
vt 0.577902 0.017775
vt 0.578816 0.078172
vt 0.570369 0.069935
vt 0.577062 0.076452
vt 0.572211 0.071599
vt 0.779753 0.037913
vt 0.779765 0.038511
vt 0.780301 0.074814
vt 0.779403 0.015010
vt 0.779852 0.044619
vt 0.780376 0.067998
vt 0.576914 0.047698
vt 0.576751 0.048406
vt 0.577079 0.071083
vt 0.577275 0.071783
vt 0.576827 0.041590
vt 0.576809 0.040994
vt 0.576460 0.018092
vt 0.577362 0.077892
vt 0.576191 0.019542
vt 0.570737 0.071378
vt 0.570398 0.048266
vt 0.570073 0.049733
vt 0.780214 0.068706
vt 0.781944 0.068339
vt 0.780099 0.043172
vt 0.780048 0.045320
vt 0.780548 0.073367
vt 0.786729 0.068138
vt 0.786390 0.045025
vt 0.784916 0.044804
vn -0.988733 -0.038461 0.144665
vn -0.938846 0.316682 0.135209
vn -0.939441 0.316669 0.131036
vn -0.989670 -0.038482 0.138102
vn -0.441963 0.894857 0.062441
vn -0.208784 0.977509 0.029753
vn -0.209622 0.977491 0.023872
vn -0.442559 0.894844 0.058267
vn 0.000472 0.021170 0.999776
vn -0.246298 -0.003817 0.969187
vn -0.243493 -0.043834 0.968912
vn 0.004378 -0.034576 0.999393
vn -0.860680 -0.043698 0.507267
vn -0.984294 -0.101796 0.144229
vn -0.857876 -0.083714 0.506992
vn -0.107890 0.916018 0.386356
vn 0.083334 0.929609 0.359002
vn 0.071213 0.997408 -0.010294
vn 0.009142 0.365218 0.930877
vn 0.275499 0.040714 0.960439
vn 0.200367 0.378799 0.903529
vn -0.070372 -0.997390 0.016175
vn -0.312769 -0.948525 0.049766
vn -0.313365 -0.948538 0.045593
vn -0.071212 -0.997408 0.010294
vn -0.885377 -0.446337 0.129964
vn -0.985232 -0.101817 0.137667
vn -0.885973 -0.446350 0.125791
vn 0.060872 -0.373076 0.925802
vn 0.252101 -0.359486 0.898452
vn 0.279406 -0.015031 0.960055
vn 0.021296 -0.927314 0.373679
vn 0.209619 -0.977492 -0.023872
vn 0.212520 -0.913724 0.346329
vn 0.313362 0.948539 -0.045591
vn 0.312766 0.948526 -0.049764
vn 0.070373 0.997390 -0.016175
vn 0.885973 0.446350 -0.125791
vn 0.985232 0.101818 -0.137667
vn 0.984294 0.101797 -0.144229
vn 0.885377 0.446337 -0.129964
vn 0.965414 0.086073 0.246103
vn 0.968219 0.046057 0.245828
vn 0.989670 0.038485 -0.138102
vn 0.504928 0.049568 0.861737
vn 0.507733 0.009553 0.861461
vn 0.939448 -0.316651 -0.131037
vn 0.938852 -0.316664 -0.135211
vn 0.988733 0.038464 -0.144665
vn 0.442552 -0.894848 -0.058267
vn 0.208779 -0.977510 -0.029753
vn 0.441956 -0.894861 -0.062440
vn -0.021296 0.927312 -0.373682
vn -0.212523 0.913723 -0.346330
vn -0.060877 0.373075 -0.925802
vn -0.004380 0.034576 -0.999393
vn -0.279402 0.015031 -0.960057
vn -0.252104 0.359483 -0.898452
vn 0.243490 0.043835 -0.968912
vn 0.246295 0.003819 -0.969188
vn -0.000472 -0.021169 -0.999776
vn 0.857872 0.083716 -0.506999
vn 0.860677 0.043700 -0.507273
vn -0.009137 -0.365213 -0.930879
vn -0.200362 -0.378801 -0.903529
vn -0.275495 -0.040713 -0.960440
vn 0.107890 -0.916020 -0.386351
vn -0.083332 -0.929611 -0.358997
vn -0.968220 -0.046056 -0.245821
vn -0.965416 -0.086070 -0.246097
vn -0.507726 -0.009551 -0.861466
vn -0.504921 -0.049566 -0.861741
vn -0.337286 0.863906 0.374040
vn -0.853566 0.263165 0.449633
vn -0.218407 0.304408 0.927164
vn -0.808085 -0.385765 0.445179
vn -0.213145 -0.907542 0.361852
vn -0.172933 -0.344543 0.922705
vn 0.900055 0.387775 0.198826
vn 0.305102 0.909562 0.282151
vn 0.423991 0.350035 0.835289
vn 0.429264 -0.861887 0.269971
vn 0.945526 -0.261147 0.194376
vn 0.469481 -0.298883 0.830817
vn 0.172938 0.344538 -0.922706
vn 0.213141 0.907544 -0.361848
vn 0.808084 0.385764 -0.445180
vn 0.337289 -0.863908 -0.374031
vn 0.218412 -0.304395 -0.927168
vn 0.853566 -0.263157 -0.449636
vn -0.945532 0.261140 -0.194358
vn -0.429257 0.861893 -0.269962
vn -0.469466 0.298878 -0.830827
vn -0.305102 -0.909565 -0.282142
vn -0.900060 -0.387761 -0.198829
vn -0.423991 -0.350038 -0.835287
s 1
g Seat Plank7
usemtl lambert8SG
f 1062/1589/1673 1061/1613/1674 1097/1636/1675 1102/1609/1676
s 2
f 1061/1613/1677 1066/1610/1678 1098/1596/1679 1097/1636/1680
s 3
f 1064/1590/1681 1063/1614/1682 1071/1621/1683 1070/1604/1684
s 1
f 1063/1615/1685 1062/1589/1673 1072/1591/1686 1071/1620/1687
s 2
f 1066/1610/1678 1065/1616/1688 1075/1665/1689 1074/1611/1690
s 3
f 1065/1670/1691 1064/1590/1681 1076/1593/1692 1075/1623/1693
s 4
f 1068/1592/1694 1067/1617/1695 1103/1641/1696 1108/1600/1697
s 1
f 1067/1618/1698 1072/1591/1686 1104/1601/1699 1103/1640/1700
s 3
f 1070/1604/1684 1069/1619/1701 1083/1664/1702 1082/1594/1703
s 4
f 1069/1667/1704 1068/1592/1694 1084/1595/1705 1083/1627/1706
s 2
f 1074/1611/1690 1073/1622/1707 1087/1630/1708 1086/1612/1709
s 5
f 1073/1622/1710 1078/1605/1711 1088/1597/1712 1087/1630/1713
f 1078/1605/1711 1077/1624/1714 1081/1626/1715 1080/1606/1716
s 3
f 1077/1624/1717 1076/1593/1692 1082/1594/1703 1081/1626/1718
s 5
f 1080/1606/1716 1079/1625/1719 1095/1635/1720 1094/1598/1721
s 4
f 1079/1625/1722 1084/1595/1705 1096/1599/1723 1095/1635/1724
s 2
f 1086/1612/1709 1085/1628/1725 1099/1638/1726 1098/1596/1679
s 6
f 1085/1629/1727 1090/1607/1728 1100/1602/1729 1099/1637/1730
f 1090/1607/1728 1089/1631/1731 1093/1634/1732 1092/1608/1733
s 5
f 1089/1631/1734 1088/1597/1712 1094/1598/1721 1093/1634/1735
s 6
f 1092/1608/1733 1091/1632/1736 1107/1644/1737 1106/1603/1738
s 4
f 1091/1633/1739 1096/1599/1723 1108/1600/1697 1107/1643/1740
s 1
f 1102/1609/1676 1101/1639/1741 1105/1659/1742 1104/1601/1699
s 6
f 1101/1662/1743 1100/1602/1729 1106/1603/1738 1105/1642/1744
s 3
f 1064/1590/1681 1070/1604/1684 1082/1594/1703 1076/1593/1692
s 5
f 1078/1605/1711 1080/1606/1716 1094/1598/1721 1088/1597/1712
s 6
f 1090/1607/1728 1092/1608/1733 1106/1603/1738 1100/1602/1729
s 1
f 1102/1609/1676 1104/1601/1699 1072/1591/1686 1062/1589/1673
s 4
f 1068/1592/1694 1108/1600/1697 1096/1599/1723 1084/1595/1705
s 2
f 1098/1596/1679 1066/1610/1678 1074/1611/1690 1086/1612/1709
f 1065/1616/1688 1066/1610/1678 1061/1613/1677 1109/1646/1745
s 1
f 1061/1613/1674 1062/1589/1673 1063/1615/1685 1109/1645/1746
s 3
f 1063/1614/1682 1064/1590/1681 1065/1670/1691 1109/1669/1747
s 1
f 1071/1620/1687 1072/1591/1686 1067/1618/1698 1110/1648/1748
s 4
f 1067/1617/1695 1068/1592/1694 1069/1667/1704 1110/1647/1749
s 3
f 1069/1619/1701 1070/1604/1684 1071/1621/1683 1110/1668/1750
s 5
f 1077/1624/1714 1078/1605/1711 1073/1622/1710 1111/1666/1751
s 2
f 1073/1622/1707 1074/1611/1690 1075/1665/1689 1111/1649/1752
s 3
f 1075/1623/1693 1076/1593/1692 1077/1624/1717 1111/1666/1753
s 4
f 1083/1627/1706 1084/1595/1705 1079/1625/1722 1112/1663/1754
s 5
f 1079/1625/1719 1080/1606/1716 1081/1626/1715 1112/1650/1755
s 3
f 1081/1626/1718 1082/1594/1703 1083/1664/1702 1112/1650/1756
s 6
f 1089/1631/1731 1090/1607/1728 1085/1629/1727 1113/1652/1757
s 2
f 1085/1628/1725 1086/1612/1709 1087/1630/1708 1113/1651/1758
s 5
f 1087/1630/1713 1088/1597/1712 1089/1631/1734 1113/1652/1759
s 4
f 1095/1635/1724 1096/1599/1723 1091/1633/1739 1114/1654/1760
s 6
f 1091/1632/1736 1092/1608/1733 1093/1634/1732 1114/1653/1761
s 5
f 1093/1634/1735 1094/1598/1721 1095/1635/1720 1114/1653/1762
s 1
f 1101/1639/1741 1102/1609/1676 1097/1636/1675 1115/1656/1763
s 2
f 1097/1636/1680 1098/1596/1679 1099/1638/1726 1115/1655/1764
s 6
f 1099/1637/1730 1100/1602/1729 1101/1662/1743 1115/1661/1765
s 4
f 1107/1643/1740 1108/1600/1697 1103/1641/1696 1116/1658/1766
s 1
f 1103/1640/1700 1104/1601/1699 1105/1659/1742 1116/1657/1767
s 6
f 1105/1642/1744 1106/1603/1738 1107/1644/1737 1116/1660/1768
g default
v 3.606914 2.534038 2.580379
v 3.606835 2.504281 2.580484
v 3.621148 2.508691 2.606197
v 3.647931 2.519167 2.613843
v 3.635973 2.544564 2.603968
v 3.627801 2.555014 2.577331
v 3.751841 2.177818 2.560799
v 3.781299 2.177724 2.556592
v 3.780900 2.188344 2.584387
v 3.772163 2.213811 2.597058
v 3.745380 2.203335 2.589413
v 3.731067 2.198925 2.563699
v 3.704737 2.574613 2.566282
v 3.675279 2.574706 2.570489
v 3.683451 2.564257 2.597126
v 3.695408 2.538860 2.607001
v 3.718971 2.549265 2.592100
v 3.725511 2.553505 2.563382
v 3.849664 2.218392 2.546701
v 3.849744 2.248149 2.546597
v 3.843204 2.243910 2.575315
v 3.819641 2.233504 2.590216
v 3.828378 2.208036 2.577545
v 3.828778 2.197417 2.549750
v 3.206942 2.553803 -0.739655
v 3.206542 2.564423 -0.711860
v 3.236001 2.564329 -0.716067
v 3.256775 2.543222 -0.718967
v 3.242461 2.538812 -0.744681
v 3.215679 2.528336 -0.752327
v 3.351869 2.197583 -0.759236
v 3.339912 2.222980 -0.769112
v 3.366694 2.233456 -0.761466
v 3.381008 2.237866 -0.735752
v 3.380928 2.208109 -0.735648
v 3.360041 2.187134 -0.732599
v 3.138178 2.523755 -0.701970
v 3.159065 2.544731 -0.705019
v 3.159464 2.534111 -0.732814
v 3.168201 2.508643 -0.745485
v 3.144639 2.498238 -0.730584
v 3.138098 2.493998 -0.701866
v 3.283105 2.167535 -0.721551
v 3.262331 2.188642 -0.718650
v 3.268871 2.192882 -0.747369
v 3.292434 2.203287 -0.762270
v 3.304391 2.177890 -0.752394
v 3.312563 2.167441 -0.725757
v 3.616615 2.531353 2.601670
v 3.757738 2.184480 2.582603
v 3.705184 2.568089 2.588906
v 3.846308 2.221217 2.569839
v 3.230104 2.557667 -0.737871
v 3.371228 2.210794 -0.756938
v 3.141534 2.520931 -0.725108
v 3.282657 2.174058 -0.744175
vt 0.963504 0.541513
vt 0.953263 0.548083
vt 0.983411 0.541524
vt 0.926592 0.541474
vt 0.953189 0.544982
vt 0.933297 0.544951
vt 0.929718 0.541473
vt 0.960064 0.341544
vt 0.953353 0.341606
vt 0.933451 0.341578
vt 0.929867 0.341512
vt 0.926740 0.341514
vt 0.983557 0.341551
vt 0.953438 0.334948
vt 0.933393 0.334934
vt 0.933218 0.548070
vt 0.953206 0.541439
vt 0.933302 0.541411
vt 0.953359 0.338067
vt 0.933468 0.338035
vt 0.963651 0.341540
vt 0.959917 0.541504
vt 0.956790 0.541505
vt 0.956938 0.341545
vt 0.961710 0.541561
vt 0.953339 0.549877
vt 0.963450 0.543299
vt 0.959962 0.543287
vt 0.924798 0.541528
vt 0.985204 0.541574
vt 0.931418 0.548033
vt 0.983463 0.543317
vt 0.933134 0.549851
vt 0.954996 0.541559
vt 0.954971 0.544749
vt 0.953161 0.543205
vt 0.931511 0.541530
vt 0.933338 0.543181
vt 0.929763 0.543256
vt 0.956892 0.339762
vt 0.955109 0.338303
vt 0.955145 0.341488
vt 0.953318 0.339836
vt 0.931686 0.338268
vt 0.929917 0.339747
vt 0.933496 0.339812
vt 0.931661 0.341458
vt 0.961858 0.341490
vt 0.955238 0.334985
vt 0.960114 0.339779
vt 0.963600 0.339747
vt 0.985352 0.341503
vt 0.924948 0.341456
vt 0.933318 0.333141
vt 0.926695 0.339730
vt 0.931625 0.334956
vt 0.962004 0.543008
vt 0.961406 0.543010
vt 0.925099 0.542969
vt 0.984909 0.543023
vt 0.955297 0.543000
vt 0.931913 0.543153
vt 0.955448 0.340039
vt 0.954743 0.339865
vt 0.932064 0.339832
vt 0.931360 0.340017
vt 0.961557 0.340049
vt 0.962153 0.340041
vt 0.985057 0.340056
vt 0.925251 0.340007
vt 0.983611 0.339765
vt 0.931869 0.333486
vt 0.954984 0.333515
vt 0.953523 0.333167
vt 0.956740 0.543270
vt 0.954593 0.543185
vt 0.954788 0.549531
vt 0.955032 0.548061
vt 0.931207 0.542979
vt 0.931547 0.544715
vt 0.926542 0.543239
vt 0.931672 0.549503
vn -0.926636 -0.350199 0.136774
vn -0.989654 0.002893 0.143447
vn -0.990250 0.002880 0.139273
vn -0.927573 -0.350220 0.130211
vn -0.697631 0.709509 0.099534
vn -0.501954 0.861894 0.071982
vn -0.502793 0.861876 0.066101
vn -0.698227 0.709496 0.095361
vn 0.001918 -0.023966 0.999711
vn -0.225106 -0.123028 0.966536
vn -0.210008 -0.160138 0.964496
vn 0.022949 -0.075663 0.996869
vn -0.800377 -0.331408 0.499565
vn -0.902741 -0.408931 0.133545
vn -0.785280 -0.368517 0.497525
vn -0.384084 0.819096 0.426100
vn -0.206774 0.892640 0.400547
vn -0.242335 0.969577 0.034569
vn -0.097309 0.308429 0.946257
vn 0.256928 0.081804 0.962962
vn 0.079998 0.381972 0.920705
vn 0.243173 -0.969559 -0.028688
vn -0.002129 -0.999982 0.005565
vn -0.002725 -0.999995 0.001392
vn 0.242334 -0.969577 -0.034569
vn -0.701781 -0.704678 0.104554
vn -0.903678 -0.408952 0.126983
vn -0.702377 -0.704691 0.100381
vn 0.181244 -0.376237 0.908623
vn 0.358553 -0.302691 0.883073
vn 0.277960 0.030107 0.960121
vn 0.311407 -0.890344 0.332133
vn 0.502792 -0.861877 -0.066100
vn 0.488715 -0.816803 0.306579
vn 0.002721 0.999995 -0.001393
vn 0.002125 0.999982 -0.005567
vn -0.243175 0.969558 0.028688
vn 0.702366 0.704703 -0.100380
vn 0.903677 0.408954 -0.126982
vn 0.902740 0.408933 -0.133545
vn 0.701770 0.704690 -0.104553
vn 0.892825 0.370875 0.255570
vn 0.907923 0.333764 0.253530
vn 0.927573 0.350219 -0.130211
vn 0.471442 0.165876 0.866157
vn 0.486541 0.128767 0.864117
vn 0.990250 -0.002900 -0.139275
vn 0.989654 -0.002913 -0.143448
vn 0.926636 0.350199 -0.136774
vn 0.698235 -0.709489 -0.095360
vn 0.501953 -0.861895 -0.071981
vn 0.697639 -0.709502 -0.099533
vn -0.311405 0.890345 -0.332133
vn -0.488715 0.816803 -0.306579
vn -0.181241 0.376240 -0.908623
vn -0.022951 0.075663 -0.996869
vn -0.277959 -0.030106 -0.960121
vn -0.358553 0.302697 -0.883071
vn 0.210007 0.160140 -0.964496
vn 0.225105 0.123031 -0.966536
vn -0.001919 0.023967 -0.999711
vn 0.785277 0.368518 -0.497528
vn 0.800376 0.331407 -0.499567
vn 0.097310 -0.308428 -0.946257
vn -0.079997 -0.381967 -0.920707
vn -0.256928 -0.081803 -0.962962
vn 0.384082 -0.819098 -0.426098
vn 0.206775 -0.892640 -0.400547
vn -0.907923 -0.333766 -0.253527
vn -0.892825 -0.370875 -0.255567
vn -0.486540 -0.128766 -0.864117
vn -0.471442 -0.165875 -0.866157
vn -0.586023 0.698867 0.410076
vn -0.889432 -0.035302 0.455702
vn -0.294706 0.180125 0.938458
vn -0.644594 -0.637101 0.422611
vn 0.082342 -0.943907 0.319782
vn -0.049868 -0.421681 0.905372
vn 0.736553 0.639122 0.221388
vn 0.009624 0.945928 0.324234
vn 0.300928 0.427183 0.852618
vn 0.677995 -0.696847 0.233936
vn 0.981402 0.037297 0.188307
vn 0.545779 -0.174609 0.819535
vn 0.049877 0.421679 -0.905373
vn -0.082339 0.943907 -0.319782
vn 0.644586 0.637102 -0.422624
vn 0.586026 -0.698871 -0.410064
vn 0.294719 -0.180125 -0.938454
vn 0.889435 0.035282 -0.455698
vn -0.981401 -0.037310 -0.188308
vn -0.677991 0.696851 -0.233938
vn -0.545779 0.174618 -0.819533
vn -0.009624 -0.945930 -0.324228
vn -0.736564 -0.639114 -0.221377
vn -0.300930 -0.427176 -0.852620
s 1
g Seat Plank8
usemtl lambert8SG
f 1118/1671/1769 1117/1695/1770 1153/1718/1771 1158/1691/1772
s 2
f 1117/1695/1773 1122/1692/1774 1154/1678/1775 1153/1718/1776
s 3
f 1120/1672/1777 1119/1696/1778 1127/1703/1779 1126/1686/1780
s 1
f 1119/1697/1781 1118/1671/1769 1128/1673/1782 1127/1702/1783
s 2
f 1122/1692/1774 1121/1698/1784 1131/1745/1785 1130/1693/1786
s 3
f 1121/1748/1787 1120/1672/1777 1132/1675/1788 1131/1705/1789
s 4
f 1124/1674/1790 1123/1699/1791 1159/1723/1792 1164/1682/1793
s 1
f 1123/1700/1794 1128/1673/1782 1160/1683/1795 1159/1722/1796
s 3
f 1126/1686/1780 1125/1701/1797 1139/1750/1798 1138/1676/1799
s 4
f 1125/1751/1800 1124/1674/1790 1140/1677/1801 1139/1709/1802
s 2
f 1130/1693/1786 1129/1704/1803 1143/1712/1804 1142/1694/1805
s 5
f 1129/1704/1806 1134/1687/1807 1144/1679/1808 1143/1712/1809
f 1134/1687/1807 1133/1706/1810 1137/1708/1811 1136/1688/1812
s 3
f 1133/1706/1813 1132/1675/1788 1138/1676/1799 1137/1708/1814
s 5
f 1136/1688/1812 1135/1707/1815 1151/1717/1816 1150/1680/1817
s 4
f 1135/1707/1818 1140/1677/1801 1152/1681/1819 1151/1717/1820
s 2
f 1142/1694/1805 1141/1710/1821 1155/1720/1822 1154/1678/1775
s 6
f 1141/1711/1823 1146/1689/1824 1156/1684/1825 1155/1719/1826
f 1146/1689/1824 1145/1713/1827 1149/1716/1828 1148/1690/1829
s 5
f 1145/1713/1830 1144/1679/1808 1150/1680/1817 1149/1716/1831
s 6
f 1148/1690/1829 1147/1714/1832 1163/1726/1833 1162/1685/1834
s 4
f 1147/1715/1835 1152/1681/1819 1164/1682/1793 1163/1725/1836
s 1
f 1158/1691/1772 1157/1721/1837 1161/1741/1838 1160/1683/1795
s 6
f 1157/1744/1839 1156/1684/1825 1162/1685/1834 1161/1724/1840
s 3
f 1120/1672/1777 1126/1686/1780 1138/1676/1799 1132/1675/1788
s 5
f 1134/1687/1807 1136/1688/1812 1150/1680/1817 1144/1679/1808
s 6
f 1146/1689/1824 1148/1690/1829 1162/1685/1834 1156/1684/1825
s 1
f 1158/1691/1772 1160/1683/1795 1128/1673/1782 1118/1671/1769
s 4
f 1124/1674/1790 1164/1682/1793 1152/1681/1819 1140/1677/1801
s 2
f 1154/1678/1775 1122/1692/1774 1130/1693/1786 1142/1694/1805
f 1121/1698/1784 1122/1692/1774 1117/1695/1773 1165/1728/1841
s 1
f 1117/1695/1770 1118/1671/1769 1119/1697/1781 1165/1727/1842
s 3
f 1119/1696/1778 1120/1672/1777 1121/1748/1787 1165/1747/1843
s 1
f 1127/1702/1783 1128/1673/1782 1123/1700/1794 1166/1730/1844
s 4
f 1123/1699/1791 1124/1674/1790 1125/1751/1800 1166/1729/1845
s 3
f 1125/1701/1797 1126/1686/1780 1127/1703/1779 1166/1752/1846
s 5
f 1133/1706/1810 1134/1687/1807 1129/1704/1806 1167/1746/1847
s 2
f 1129/1704/1803 1130/1693/1786 1131/1745/1785 1167/1731/1848
s 3
f 1131/1705/1789 1132/1675/1788 1133/1706/1813 1167/1746/1849
s 4
f 1139/1709/1802 1140/1677/1801 1135/1707/1818 1168/1749/1850
s 5
f 1135/1707/1815 1136/1688/1812 1137/1708/1811 1168/1732/1851
s 3
f 1137/1708/1814 1138/1676/1799 1139/1750/1798 1168/1732/1852
s 6
f 1145/1713/1827 1146/1689/1824 1141/1711/1823 1169/1734/1853
s 2
f 1141/1710/1821 1142/1694/1805 1143/1712/1804 1169/1733/1854
s 5
f 1143/1712/1809 1144/1679/1808 1145/1713/1830 1169/1734/1855
s 4
f 1151/1717/1820 1152/1681/1819 1147/1715/1835 1170/1736/1856
s 6
f 1147/1714/1832 1148/1690/1829 1149/1716/1828 1170/1735/1857
s 5
f 1149/1716/1831 1150/1680/1817 1151/1717/1816 1170/1735/1858
s 1
f 1157/1721/1837 1158/1691/1772 1153/1718/1771 1171/1738/1859
s 2
f 1153/1718/1776 1154/1678/1775 1155/1720/1822 1171/1737/1860
s 6
f 1155/1719/1826 1156/1684/1825 1157/1744/1839 1171/1743/1861
s 4
f 1163/1725/1836 1164/1682/1793 1159/1723/1792 1172/1740/1862
s 1
f 1159/1722/1796 1160/1683/1795 1161/1741/1838 1172/1739/1863
s 6
f 1161/1724/1840 1162/1685/1834 1163/1726/1833 1172/1742/1864
g default
v 5.738340 1.836210 2.226158
v 5.759424 1.815418 2.223213
v 5.767498 1.826075 2.249798
v 5.779214 1.851632 2.259548
v 5.752334 1.861817 2.251852
v 5.737980 1.865965 2.226117
v 6.092288 1.693058 2.176062
v 6.112862 1.714347 2.173057
v 6.106282 1.718666 2.201755
v 6.082621 1.728921 2.216605
v 6.070905 1.703364 2.206855
v 6.062831 1.692707 2.180270
v 5.777616 1.935391 2.220239
v 5.757042 1.914102 2.223244
v 5.771396 1.909954 2.248979
v 5.798276 1.899769 2.256675
v 5.806773 1.925256 2.243879
v 5.807072 1.935742 2.216032
v 6.131564 1.792239 2.170142
v 6.110479 1.813031 2.173088
v 6.110179 1.802545 2.200935
v 6.101683 1.777058 2.213732
v 6.125343 1.766803 2.198882
v 6.131924 1.762484 2.170184
v 5.294888 1.899501 -1.087803
v 5.288307 1.903819 -1.059105
v 5.308881 1.925108 -1.062109
v 5.338338 1.925459 -1.066317
v 5.330265 1.914802 -1.092903
v 5.318548 1.889245 -1.102653
v 5.648835 1.756349 -1.137899
v 5.621954 1.766534 -1.145596
v 5.633671 1.792091 -1.135846
v 5.641744 1.802748 -1.109261
v 5.662828 1.781956 -1.112206
v 5.663188 1.752201 -1.112164
v 5.269606 1.825927 -1.056190
v 5.269245 1.855682 -1.056232
v 5.275826 1.851364 -1.084929
v 5.299486 1.841108 -1.099780
v 5.290989 1.815621 -1.086983
v 5.290689 1.805135 -1.059136
v 5.623551 1.682775 -1.106287
v 5.594095 1.682424 -1.102079
v 5.594394 1.692910 -1.129926
v 5.602891 1.718397 -1.142723
v 5.629772 1.708212 -1.135026
v 5.644125 1.704064 -1.109292
v 5.748015 1.839092 2.247436
v 6.092673 1.699697 2.198654
v 5.783575 1.928892 2.242076
v 6.128234 1.789497 2.193294
v 5.308496 1.918469 -1.084701
v 5.653153 1.779074 -1.133483
v 5.272935 1.828669 -1.079342
v 5.617592 1.689275 -1.128124
vt 0.914448 0.149794
vt 0.920325 0.099538
vt 0.914166 0.129889
vt 0.914109 0.126303
vt 0.917226 0.099658
vt 0.917487 0.119548
vt 0.914062 0.123177
vt 0.713709 0.095776
vt 0.713870 0.102485
vt 0.714135 0.122387
vt 0.714122 0.125972
vt 0.714169 0.129098
vt 0.714212 0.132685
vt 0.707211 0.102499
vt 0.707493 0.122542
vt 0.920607 0.119580
vt 0.913683 0.099693
vt 0.913948 0.119594
vt 0.710330 0.102531
vt 0.710592 0.122422
vt 0.714495 0.152590
vt 0.913649 0.092982
vt 0.913697 0.096109
vt 0.713756 0.098902
vt 0.914522 0.151587
vt 0.913680 0.091189
vt 0.922118 0.099436
vt 0.916235 0.149822
vt 0.915432 0.092911
vt 0.914189 0.128096
vt 0.920596 0.121381
vt 0.915958 0.129811
vt 0.922389 0.119639
vt 0.913777 0.097901
vt 0.916967 0.097879
vt 0.915450 0.099712
vt 0.914093 0.121383
vt 0.915717 0.119532
vt 0.915844 0.123105
vt 0.711973 0.098974
vt 0.710541 0.100779
vt 0.713725 0.100696
vt 0.712100 0.102547
vt 0.710851 0.124201
vt 0.712356 0.125948
vt 0.712368 0.122368
vt 0.714041 0.124179
vt 0.713628 0.093983
vt 0.714471 0.154384
vt 0.707221 0.100698
vt 0.711943 0.095752
vt 0.712702 0.152668
vt 0.714138 0.130892
vt 0.705700 0.122644
vt 0.712386 0.129170
vt 0.707541 0.124310
vt 0.915964 0.151272
vt 0.915134 0.091471
vt 0.915626 0.127774
vt 0.915643 0.128369
vt 0.915213 0.097579
vt 0.915709 0.120957
vt 0.712271 0.100414
vt 0.712108 0.101122
vt 0.712410 0.123800
vt 0.712605 0.124501
vt 0.712192 0.094305
vt 0.713018 0.154110
vt 0.712696 0.131207
vt 0.712685 0.130610
vt 0.915546 0.121665
vt 0.917277 0.121300
vt 0.915462 0.096132
vt 0.915408 0.098280
vt 0.915874 0.126327
vt 0.922063 0.121105
vt 0.921751 0.097992
vt 0.920277 0.097770
vt 0.712426 0.132657
vt 0.706067 0.124088
vt 0.705755 0.100974
vt 0.705428 0.102441
vn -0.396137 -0.916042 0.062788
vn -0.690906 -0.715565 0.103036
vn -0.691502 -0.715578 0.098862
vn -0.397075 -0.916063 0.056226
vn -0.989585 -0.011550 0.143484
vn -0.961580 0.236392 0.139578
vn -0.962420 0.236373 0.133697
vn -0.990181 -0.011563 0.139310
vn 0.063059 -0.115820 0.991267
vn -0.027555 -0.342790 0.939008
vn 0.009316 -0.357702 0.933789
vn 0.114425 -0.136595 0.983996
vn -0.304566 -0.849712 0.430383
vn -0.337779 -0.939645 0.054528
vn -0.267693 -0.864625 0.425164
vn -0.832543 0.254749 0.491910
vn -0.761356 0.434514 0.481181
vn -0.857346 0.499615 0.123868
vn -0.245119 0.050550 0.968174
vn 0.165445 0.142732 0.975836
vn -0.173935 0.230321 0.957444
vn 0.858180 -0.499606 -0.117987
vn 0.708986 -0.698530 -0.096929
vn 0.708390 -0.698543 -0.101103
vn 0.857340 -0.499625 -0.123868
vn 0.012164 -0.999920 0.003525
vn -0.338716 -0.939665 0.047966
vn 0.011568 -0.999933 -0.000649
vn 0.435172 -0.224589 0.871886
vn 0.506360 -0.044815 0.861157
vn 0.216812 0.121957 0.968566
vn 0.865991 -0.432216 0.251495
vn 0.962419 -0.236380 -0.133697
vn 0.937175 -0.252456 0.240767
vn -0.708401 0.698531 0.101104
vn -0.708997 0.698518 0.096931
vn -0.858186 0.499596 0.117988
vn -0.011570 0.999933 0.000648
vn 0.338715 0.939665 -0.047966
vn 0.337778 0.939645 -0.054528
vn -0.012166 0.999920 -0.003525
vn 0.375238 0.866985 0.327922
vn 0.412110 0.852073 0.322703
vn 0.397075 0.916062 -0.056226
vn 0.252107 0.363430 0.896862
vn 0.288979 0.348518 0.891643
vn 0.691511 0.715569 -0.098864
vn 0.690915 0.715555 -0.103037
vn 0.396138 0.916042 -0.062788
vn 0.990181 0.011563 -0.139310
vn 0.961579 -0.236399 -0.139578
vn 0.989585 0.011550 -0.143483
vn -0.865988 0.432219 -0.251499
vn -0.937174 0.252454 -0.240773
vn -0.435177 0.224591 -0.871883
vn -0.114428 0.136592 -0.983996
vn -0.216813 -0.121956 -0.968565
vn -0.506366 0.044818 -0.861153
vn -0.009319 0.357692 -0.933793
vn 0.027554 0.342779 -0.939012
vn -0.063060 0.115818 -0.991267
vn 0.267691 0.864625 -0.425165
vn 0.304565 0.849712 -0.430384
vn 0.245117 -0.050551 -0.968175
vn 0.173929 -0.230318 -0.957446
vn -0.165445 -0.142730 -0.975836
vn 0.832550 -0.254753 -0.491897
vn 0.761359 -0.434522 -0.481169
vn -0.412111 -0.852070 -0.322711
vn -0.375238 -0.866982 -0.327930
vn -0.288980 -0.348521 -0.891641
vn -0.252107 -0.363434 -0.896860
vn -0.889734 0.029151 0.455547
vn -0.579399 -0.702353 0.413518
vn -0.293015 -0.178283 0.939339
vn 0.018545 -0.944192 0.328875
vn 0.742564 -0.631027 0.224508
vn 0.304926 -0.420125 0.854702
vn 0.073410 0.946206 0.315126
vn -0.650591 0.633045 0.419505
vn -0.053880 0.425634 0.903290
vn 0.981704 -0.027146 0.188469
vn 0.671359 0.704379 0.230494
vn 0.544073 0.183802 0.818658
vn -0.304930 0.420125 -0.854700
vn -0.742563 0.631030 -0.224501
vn -0.018548 0.944190 -0.328880
vn 0.889744 -0.029125 -0.455529
vn 0.293025 0.178282 -0.939336
vn 0.579415 0.702340 -0.413518
vn -0.671378 -0.704363 -0.230489
vn -0.981705 0.027130 -0.188469
vn -0.544079 -0.183793 -0.818656
vn 0.650598 -0.633044 -0.419497
vn -0.073420 -0.946205 -0.315127
vn 0.053875 -0.425627 -0.903293
s 1
g Seat Plank9
usemtl lambert8SG
f 1174/1753/1865 1173/1777/1866 1209/1801/1867 1214/1773/1868
s 2
f 1173/1778/1869 1178/1774/1870 1210/1760/1871 1209/1800/1872
s 3
f 1176/1754/1873 1175/1779/1874 1183/1785/1875 1182/1768/1876
s 1
f 1175/1780/1877 1174/1753/1865 1184/1755/1878 1183/1784/1879
s 2
f 1178/1774/1870 1177/1781/1880 1187/1825/1881 1186/1775/1882
s 3
f 1177/1830/1883 1176/1754/1873 1188/1757/1884 1187/1787/1885
s 4
f 1180/1756/1886 1179/1782/1887 1215/1805/1888 1220/1764/1889
s 1
f 1179/1782/1890 1184/1755/1878 1216/1765/1891 1215/1805/1892
s 3
f 1182/1768/1876 1181/1783/1893 1195/1824/1894 1194/1758/1895
s 4
f 1181/1827/1896 1180/1756/1886 1196/1759/1897 1195/1791/1898
s 2
f 1186/1775/1882 1185/1786/1899 1199/1794/1900 1198/1776/1901
s 5
f 1185/1786/1902 1190/1769/1903 1200/1761/1904 1199/1794/1905
f 1190/1769/1903 1189/1788/1906 1193/1790/1907 1192/1770/1908
s 3
f 1189/1788/1909 1188/1757/1884 1194/1758/1895 1193/1790/1910
s 5
f 1192/1770/1908 1191/1789/1911 1207/1799/1912 1206/1762/1913
s 4
f 1191/1789/1914 1196/1759/1897 1208/1763/1915 1207/1799/1916
s 2
f 1198/1776/1901 1197/1792/1917 1211/1803/1918 1210/1760/1871
s 6
f 1197/1793/1919 1202/1771/1920 1212/1766/1921 1211/1802/1922
f 1202/1771/1920 1201/1795/1923 1205/1798/1924 1204/1772/1925
s 5
f 1201/1795/1926 1200/1761/1904 1206/1762/1913 1205/1798/1927
s 6
f 1204/1772/1925 1203/1796/1928 1219/1808/1929 1218/1767/1930
s 4
f 1203/1797/1931 1208/1763/1915 1220/1764/1889 1219/1807/1932
s 1
f 1214/1773/1868 1213/1804/1933 1217/1831/1934 1216/1765/1891
s 6
f 1213/1834/1935 1212/1766/1921 1218/1767/1930 1217/1806/1936
s 3
f 1176/1754/1873 1182/1768/1876 1194/1758/1895 1188/1757/1884
s 5
f 1190/1769/1903 1192/1770/1908 1206/1762/1913 1200/1761/1904
s 6
f 1202/1771/1920 1204/1772/1925 1218/1767/1930 1212/1766/1921
s 1
f 1214/1773/1868 1216/1765/1891 1184/1755/1878 1174/1753/1865
s 4
f 1180/1756/1886 1220/1764/1889 1208/1763/1915 1196/1759/1897
s 2
f 1210/1760/1871 1178/1774/1870 1186/1775/1882 1198/1776/1901
f 1177/1781/1880 1178/1774/1870 1173/1778/1869 1221/1810/1937
s 1
f 1173/1777/1866 1174/1753/1865 1175/1780/1877 1221/1809/1938
s 3
f 1175/1779/1874 1176/1754/1873 1177/1830/1883 1221/1829/1939
s 1
f 1183/1784/1879 1184/1755/1878 1179/1782/1890 1222/1812/1940
s 4
f 1179/1782/1887 1180/1756/1886 1181/1827/1896 1222/1811/1941
s 3
f 1181/1783/1893 1182/1768/1876 1183/1785/1875 1222/1828/1942
s 5
f 1189/1788/1906 1190/1769/1903 1185/1786/1902 1223/1826/1943
s 2
f 1185/1786/1899 1186/1775/1882 1187/1825/1881 1223/1813/1944
s 3
f 1187/1787/1885 1188/1757/1884 1189/1788/1909 1223/1826/1945
s 4
f 1195/1791/1898 1196/1759/1897 1191/1789/1914 1224/1823/1946
s 5
f 1191/1789/1911 1192/1770/1908 1193/1790/1907 1224/1814/1947
s 3
f 1193/1790/1910 1194/1758/1895 1195/1824/1894 1224/1814/1948
s 6
f 1201/1795/1923 1202/1771/1920 1197/1793/1919 1225/1816/1949
s 2
f 1197/1792/1917 1198/1776/1901 1199/1794/1900 1225/1815/1950
s 5
f 1199/1794/1905 1200/1761/1904 1201/1795/1926 1225/1816/1951
s 4
f 1207/1799/1916 1208/1763/1915 1203/1797/1931 1226/1818/1952
s 6
f 1203/1796/1928 1204/1772/1925 1205/1798/1924 1226/1817/1953
s 5
f 1205/1798/1927 1206/1762/1913 1207/1799/1912 1226/1817/1954
s 1
f 1213/1804/1933 1214/1773/1868 1209/1801/1867 1227/1820/1955
s 2
f 1209/1800/1872 1210/1760/1871 1211/1803/1918 1227/1819/1956
s 6
f 1211/1802/1922 1212/1766/1921 1213/1834/1935 1227/1833/1957
s 4
f 1219/1807/1932 1220/1764/1889 1215/1805/1888 1228/1822/1958
s 1
f 1215/1805/1892 1216/1765/1891 1217/1831/1934 1228/1821/1959
s 6
f 1217/1806/1936 1218/1767/1930 1219/1808/1929 1228/1832/1960
g default
v 6.247105 0.350142 2.390427
v 6.362440 0.351452 2.476939
v 6.300660 0.758623 2.432992
v 6.242992 0.757968 2.389736
v 6.358328 0.759278 2.476248
v 6.650834 0.354115 2.332759
v 6.564325 0.353438 2.448102
v 6.603469 0.761603 2.389740
v 6.560212 0.761264 2.447412
v 6.646723 0.761941 2.332069
v 6.257417 0.757674 2.130170
v 6.300671 0.758013 2.072499
v 6.214161 0.757336 2.187841
v 6.218273 0.349510 2.188532
v 6.304783 0.350187 2.073189
v 6.560225 0.760654 2.086918
v 6.617892 0.761309 2.130174
v 6.502557 0.760000 2.043662
v 6.622004 0.353483 2.130864
v 6.506669 0.352173 2.044353
v 6.553526 1.059680 2.396855
v 6.487377 1.296080 2.406478
v 6.405313 1.489009 2.418510
v 6.307857 1.643962 2.432859
v 6.196146 1.764720 2.449351
v 6.073626 1.853690 2.467485
v 5.946518 1.914261 2.486364
v 5.821483 1.952688 2.505016
v 5.702918 1.976898 2.522789
v 5.588630 1.992108 2.539980
v 5.476442 2.000018 2.556893
v 5.366636 2.001572 2.573486
v 5.259505 1.997703 2.589714
v 5.155298 1.989336 2.605538
v 5.054248 1.977377 2.620923
v 4.956583 1.962714 2.635833
v 4.862531 1.946223 2.650233
v 4.772510 1.928933 2.664060
v 4.687067 1.912103 2.677231
v 4.606556 1.896934 2.689693
v 4.531384 1.884572 2.701384
v 4.462060 1.876086 2.712227
v 4.399209 1.872403 2.722131
v 4.343543 1.874208 2.730992
v 4.295697 1.881803 2.738718
v 4.255116 1.894921 2.745389
v 4.218098 1.913223 2.751535
v 4.182564 1.936927 2.757452
v 4.147619 1.966393 2.763267
v 4.112921 2.001843 2.769028
v 4.078441 2.043179 2.774739
v 4.044245 2.090006 2.780393
v 4.010352 2.141726 2.785989
v 3.976777 2.197592 2.791525
v 3.944407 2.256474 2.796880
v 3.914011 2.318004 2.801945
v 3.885967 2.382463 2.806665
v 3.860653 2.450156 2.810985
v 3.838447 2.521409 2.814850
v 3.819746 2.596555 2.818202
v 3.804972 2.675943 2.820980
v 3.794531 2.759957 2.823125
v 3.787415 2.850795 2.824774
v 3.780661 2.951718 2.826339
v 3.771135 3.063597 2.828266
v 3.755470 3.187027 2.831033
v 3.730225 3.322612 2.835131
v 3.692026 3.471034 2.841037
v 3.637613 3.633096 2.849217
v 3.563820 3.809772 2.860119
v 6.595707 1.067960 2.339755
v 6.528062 1.309384 2.350018
v 6.443462 1.508438 2.362834
v 6.341890 1.670409 2.378191
v 6.224136 1.798291 2.395966
v 6.094084 1.893248 2.415600
v 5.959304 1.957752 2.436004
v 5.827962 1.998101 2.455993
v 5.705233 2.022904 2.474801
v 5.587874 2.038186 2.492871
v 5.472901 2.045936 2.510625
v 5.360610 2.047151 2.528016
v 5.251307 2.042813 2.544998
v 5.145248 2.033890 2.561531
v 5.042668 2.021327 2.577579
v 4.943787 2.006047 2.593107
v 4.848827 1.988952 2.608079
v 4.758270 1.971107 2.622427
v 4.672779 1.953810 2.636049
v 4.592739 1.938277 2.648887
v 4.518624 1.925652 2.660869
v 4.451041 1.916974 2.671907
v 4.390746 1.913095 2.681889
v 4.338615 1.914544 2.690688
v 4.295423 1.921337 2.698194
v 4.260385 1.932836 2.704521
v 4.228674 1.948708 2.710359
v 4.197663 1.969466 2.716081
v 4.166300 1.995813 2.721837
v 4.134265 2.028264 2.727669
v 4.101669 2.066913 2.733562
v 4.068735 2.111455 2.739485
v 4.035631 2.161312 2.745415
v 4.002512 2.215697 2.751333
v 3.970507 2.273137 2.757084
v 3.940491 2.333062 2.762541
v 3.912811 2.395770 2.767657
v 3.887814 2.461587 2.772380
v 3.865850 2.530866 2.776658
v 3.847294 2.603974 2.780438
v 3.832547 2.681296 2.783661
v 3.822010 2.763261 2.786269
v 3.814642 2.852575 2.788400
v 3.807537 2.953136 2.790459
v 3.797604 3.065639 2.792884
v 3.781443 3.190408 2.796160
v 3.755566 3.327784 2.800784
v 3.716566 3.478203 2.807242
v 3.661186 3.642272 2.815995
v 3.586304 3.820820 2.827489
v 6.567123 1.067333 2.139594
v 6.499725 1.308762 2.151590
v 6.415374 1.507822 2.166141
v 6.314049 1.669798 2.183231
v 6.196541 1.797686 2.202739
v 6.066738 1.892648 2.224107
v 5.932204 1.957158 2.246245
v 5.801110 1.997512 2.267967
v 5.678629 2.022320 2.288509
v 5.561521 2.037607 2.308313
v 5.446792 2.045363 2.327801
v 5.334750 2.046583 2.346925
v 5.225692 2.042251 2.365641
v 5.119883 2.033333 2.383907
v 5.017550 2.020776 2.401689
v 4.918915 2.005502 2.418950
v 4.824203 1.988412 2.435657
v 4.733896 1.970572 2.451738
v 4.648651 1.953280 2.467094
v 4.568859 1.937753 2.481665
v 4.494992 1.925133 2.495381
v 4.427657 1.916461 2.508153
v 4.367610 1.912587 2.519868
v 4.315725 1.914042 2.530401
v 4.272780 1.920841 2.539641
v 4.237990 1.932345 2.547701
v 4.206528 1.948222 2.555273
v 4.175765 1.968986 2.562729
v 4.144648 1.995338 2.570218
v 4.112861 2.027795 2.577784
v 4.080511 2.066449 2.585411
v 4.047827 2.110996 2.593067
v 4.014973 2.160859 2.600731
v 3.982098 2.215249 2.608383
v 3.950340 2.272695 2.615867
v 3.920572 2.332625 2.623058
v 3.893141 2.395338 2.629907
v 3.868391 2.461161 2.636364
v 3.846674 2.530445 2.642376
v 3.828365 2.603559 2.647890
v 3.813867 2.680887 2.652847
v 3.803577 2.762857 2.657187
v 3.796457 2.852176 2.661052
v 3.789598 2.952743 2.664845
v 3.779911 3.065251 2.669004
v 3.764000 3.190025 2.674014
v 3.738371 3.327406 2.680371
v 3.699617 3.477831 2.688563
v 3.644487 3.641905 2.699050
v 3.569851 3.820459 2.712277
v 6.510653 1.058739 2.096634
v 6.444875 1.295148 2.108857
v 6.363181 1.488084 2.123489
v 6.266099 1.643046 2.140438
v 6.154758 1.763812 2.159530
v 6.032610 1.852790 2.180265
v 5.905874 1.913369 2.201744
v 5.781209 1.951805 2.222996
v 5.663016 1.976022 2.243370
v 5.549100 1.991241 2.263161
v 5.437281 1.999159 2.282674
v 5.327850 2.000721 2.301867
v 5.221087 1.996861 2.320696
v 5.117250 1.988502 2.339121
v 5.016574 1.976550 2.357106
v 4.919281 1.961896 2.374616
v 4.825599 1.945412 2.391616
v 4.735948 1.928131 2.408043
v 4.650879 1.911309 2.423815
v 4.570738 1.896148 2.438877
v 4.495938 1.883795 2.453168
v 4.426982 1.875316 2.466612
v 4.364503 1.871641 2.479116
v 4.309209 1.873455 2.490577
v 4.261737 1.881058 2.500904
v 4.221526 1.894184 2.510175
v 4.184879 1.912494 2.518921
v 4.149717 1.936206 2.527439
v 4.115143 1.965681 2.535854
v 4.080816 2.001138 2.544215
v 4.046708 2.042483 2.552527
v 4.012884 2.089318 2.560781
v 3.979362 2.141046 2.568977
v 3.946158 2.196920 2.577114
v 3.914160 2.255811 2.585069
v 3.884134 2.317348 2.592734
v 3.856462 2.381815 2.600054
v 3.831518 2.449517 2.606975
v 3.809684 2.520777 2.613440
v 3.791357 2.595932 2.619393
v 3.776951 2.675329 2.624771
v 3.766884 2.759351 2.629516
v 3.760138 2.850197 2.633766
v 3.753754 2.951128 2.637931
v 3.744602 3.063015 2.642458
v 3.729307 3.186452 2.647826
v 3.704433 3.322046 2.654523
v 3.666607 3.470476 2.663031
v 3.612566 3.632546 2.673811
v 3.539143 3.809231 2.687313
v 6.454184 1.050145 2.053674
v 6.390023 1.281534 2.066123
v 6.310988 1.468346 2.080837
v 6.218148 1.616293 2.097645
v 6.112974 1.729939 2.116320
v 5.998486 1.812933 2.136423
v 5.879543 1.869581 2.157243
v 5.761312 1.906098 2.178026
v 5.647402 1.929724 2.198231
v 5.536678 1.944875 2.218008
v 5.427772 1.952955 2.237548
v 5.320950 1.954859 2.256809
v 5.216482 1.951471 2.275751
v 5.114620 1.943671 2.294334
v 5.015598 1.932325 2.312523
v 4.919647 1.918290 2.330282
v 4.826996 1.902413 2.347575
v 4.738002 1.885690 2.364349
v 4.653107 1.869339 2.380536
v 4.572618 1.854544 2.396089
v 4.496885 1.842456 2.410955
v 4.426313 1.834172 2.425071
v 4.361403 1.830695 2.438365
v 4.302698 1.832867 2.450753
v 4.250694 1.841274 2.462166
v 4.205065 1.856023 2.472648
v 4.163233 1.876765 2.482570
v 4.123672 1.903425 2.492148
v 4.085640 1.936022 2.501490
v 4.048772 1.974481 2.510647
v 4.012905 2.018515 2.519644
v 3.977942 2.067638 2.528495
v 3.943751 2.121232 2.537223
v 3.910220 2.178589 2.545844
v 3.877980 2.238925 2.554271
v 3.847700 2.302069 2.562410
v 3.819786 2.368290 2.570202
v 3.794647 2.437872 2.577586
v 3.772694 2.511108 2.584504
v 3.754345 2.588304 2.590895
v 3.740038 2.669770 2.596696
v 3.730190 2.755843 2.601845
v 3.723816 2.848216 2.606479
v 3.717909 2.949512 2.611017
v 3.709290 3.060777 2.615912
v 3.694611 3.182878 2.621638
v 3.670496 3.316686 2.628676
v 3.633595 3.463120 2.637499
v 3.580641 3.623187 2.648572
v 3.508432 3.798002 2.662349
v 6.256845 1.016392 2.081960
v 6.198913 1.227689 2.093584
v 6.130268 1.389995 2.106891
v 6.054152 1.509871 2.121397
v 5.973398 1.595022 2.136676
v 5.889297 1.654071 2.152513
v 5.801296 1.694985 2.168964
v 5.708543 1.723820 2.186132
v 5.611540 1.745078 2.203931
v 5.513346 1.759950 2.221919
v 5.415832 1.768675 2.239830
v 5.319205 1.771940 2.257631
v 5.223671 1.770436 2.275291
v 5.129461 1.764865 2.292775
v 5.036817 1.755938 2.310046
v 4.945983 1.744378 2.327066
v 4.857203 1.730922 2.343799
v 4.770592 1.716427 2.360225
v 4.686152 1.701951 2.376342
v 4.604021 1.688617 2.392125
v 4.524299 1.677587 2.407557
v 4.447016 1.670074 2.422629
v 4.372124 1.667385 2.437345
v 4.299524 1.670987 2.451714
v 4.229161 1.682606 2.465738
v 4.161598 1.703838 2.479332
v 4.098774 1.734307 2.492222
v 4.041362 1.772757 2.504312
v 3.989254 1.817840 2.515625
v 3.941971 1.868299 2.526231
v 3.898820 1.923089 2.536234
v 3.859053 1.981364 2.545744
v 3.821944 2.042414 2.554864
v 3.786846 2.105703 2.563690
v 3.753395 2.171814 2.572273
v 3.721844 2.241381 2.580573
v 3.692720 2.314615 2.588515
v 3.666557 2.391709 2.596022
v 3.643881 2.472847 2.603019
v 3.625202 2.558202 2.609432
v 3.611027 2.647940 2.615188
v 3.601820 2.742217 2.620219
v 3.596687 2.840693 2.624656
v 3.592442 2.943441 2.628954
v 3.585701 3.052216 2.633588
v 3.573248 3.168964 2.639013
v 3.551908 3.295617 2.645676
v 3.518465 3.434064 2.654031
v 3.469620 3.586108 2.664543
v 3.402018 3.753438 2.677685
v 6.214664 1.008112 2.139061
v 6.158227 1.214386 2.150045
v 6.092117 1.370565 2.162567
v 6.020119 1.483423 2.176065
v 5.945406 1.561451 2.190060
v 5.868841 1.614513 2.204398
v 5.788512 1.651493 2.219324
v 5.702066 1.678407 2.235156
v 5.609225 1.699071 2.251919
v 5.514101 1.713872 2.269027
v 5.419374 1.722757 2.286098
v 5.325233 1.726360 2.303101
v 5.231870 1.725327 2.320006
v 5.139511 1.720312 2.336782
v 5.048398 1.711988 2.353390
v 4.958780 1.701045 2.369792
v 4.870910 1.688192 2.385952
v 4.784831 1.674253 2.401858
v 4.700444 1.660244 2.417524
v 4.617839 1.647274 2.432931
v 4.537060 1.636507 2.448071
v 4.458035 1.629186 2.462949
v 4.380589 1.626692 2.477587
v 4.304453 1.630650 2.492018
v 4.229438 1.643071 2.506262
v 4.156332 1.665922 2.520200
v 4.088197 1.698821 2.533397
v 4.026263 1.740217 2.545683
v 3.970573 1.788419 2.557055
v 3.920626 1.841876 2.567591
v 3.875591 1.899353 2.577412
v 3.834560 1.959915 2.586652
v 3.796661 2.022828 2.595438
v 3.761110 2.087598 2.603882
v 3.727295 2.155151 2.612070
v 3.695364 2.226322 2.619977
v 3.665876 2.301308 2.627523
v 3.639397 2.380279 2.634628
v 3.616474 2.463390 2.641211
v 3.597654 2.550783 2.647196
v 3.583452 2.642588 2.652507
v 3.574341 2.738914 2.657076
v 3.569456 2.838914 2.661031
v 3.565563 2.942023 2.664834
v 3.559233 3.050175 2.668970
v 3.547276 3.165583 2.673886
v 3.526567 3.290448 2.680022
v 3.493923 3.426897 2.687827
v 3.446045 3.576934 2.697765
v 3.379536 3.742392 2.710315
v 6.172484 0.999832 2.196161
v 6.117541 1.201082 2.206505
v 6.053967 1.351135 2.218242
v 5.986088 1.456975 2.230733
v 5.917417 1.527880 2.243445
v 5.848384 1.574956 2.256284
v 5.775727 1.608002 2.269684
v 5.695589 1.632994 2.284179
v 5.606912 1.653065 2.299907
v 5.514856 1.667795 2.316135
v 5.422914 1.676840 2.332365
v 5.331260 1.680782 2.348570
v 5.240069 1.680218 2.364722
v 5.149560 1.675759 2.380790
v 5.059978 1.668038 2.396735
v 4.971580 1.657712 2.412519
v 4.884613 1.645463 2.428105
v 4.799068 1.632079 2.443491
v 4.714732 1.618538 2.458705
v 4.631656 1.605932 2.473737
v 4.549818 1.595428 2.488585
v 4.469053 1.588298 2.503269
v 4.389050 1.585999 2.517829
v 4.309381 1.590314 2.532321
v 4.229716 1.603536 2.546785
v 4.151064 1.628007 2.561068
v 4.077620 1.663335 2.574574
v 4.011161 1.707677 2.587054
v 3.951893 1.758998 2.598485
v 3.899282 1.815454 2.608950
v 3.852365 1.875618 2.618589
v 3.810071 1.938465 2.627560
v 3.771378 2.003241 2.636011
v 3.735376 2.069492 2.644073
v 3.701195 2.138487 2.651866
v 3.668884 2.211262 2.659381
v 3.639032 2.287999 2.666531
v 3.612232 2.368847 2.673234
v 3.589069 2.453932 2.679403
v 3.570103 2.543363 2.684959
v 3.555874 2.637234 2.689826
v 3.546862 2.735608 2.693933
v 3.542227 2.837133 2.697405
v 3.538685 2.940604 2.700715
v 3.532763 3.048131 2.704352
v 3.521301 3.162200 2.708760
v 3.501226 3.285275 2.714369
v 3.469383 3.419726 2.721623
v 3.422470 3.567757 2.730987
v 3.357050 3.731341 2.742946
v 6.201070 1.000459 2.396323
v 6.145879 1.201704 2.404933
v 6.082058 1.351751 2.414936
v 6.013927 1.457586 2.425693
v 5.945010 1.528485 2.436672
v 5.875731 1.575556 2.447776
v 5.802827 1.608597 2.459444
v 5.722439 1.633583 2.472204
v 5.633515 1.653649 2.486200
v 5.541212 1.668374 2.500694
v 5.449021 1.677413 2.515190
v 5.357120 1.681349 2.529661
v 5.265683 1.680780 2.544080
v 5.174926 1.676315 2.558413
v 5.085095 1.668589 2.572625
v 4.996451 1.658258 2.586675
v 4.909237 1.646003 2.600527
v 4.823444 1.632614 2.614180
v 4.738860 1.619067 2.627661
v 4.655538 1.606455 2.640959
v 4.573450 1.595946 2.654073
v 4.492439 1.588811 2.667023
v 4.412189 1.586507 2.679850
v 4.332270 1.590816 2.692608
v 4.252358 1.604033 2.705338
v 4.173458 1.628498 2.717888
v 4.099768 1.663821 2.729660
v 4.033063 1.708158 2.740406
v 3.973545 1.759473 2.750104
v 3.920684 1.815923 2.758835
v 3.873521 1.876082 2.766741
v 3.830979 1.938924 2.773978
v 3.792040 2.003694 2.780695
v 3.755789 2.069940 2.787023
v 3.721361 2.138929 2.793083
v 3.688803 2.211699 2.798864
v 3.658703 2.288431 2.804281
v 3.631657 2.369273 2.809249
v 3.608246 2.454353 2.813685
v 3.589031 2.543778 2.817508
v 3.574556 2.637644 2.820641
v 3.565296 2.736013 2.823014
v 3.560411 2.837532 2.824752
v 3.556623 2.940997 2.826329
v 3.550453 3.048519 2.828232
v 3.538742 3.162583 2.830906
v 3.518423 3.285652 2.834782
v 3.486332 3.420098 2.840302
v 3.439169 3.568123 2.847933
v 3.373501 3.731702 2.858157
v 6.257538 1.009052 2.439283
v 6.200728 1.215318 2.447666
v 6.134247 1.371489 2.457587
v 6.061878 1.484339 2.468486
v 5.986794 1.562358 2.479881
v 5.909857 1.615413 2.491619
v 5.829158 1.652385 2.503944
v 5.742340 1.679290 2.517175
v 5.649129 1.699947 2.531338
v 5.553633 1.714740 2.545846
v 5.458533 1.723616 2.560316
v 5.364019 1.727211 2.574719
v 5.270288 1.726169 2.589025
v 5.177557 1.721146 2.603199
v 5.086072 1.712814 2.617208
v 4.996084 1.701863 2.631010
v 4.907842 1.689002 2.644568
v 4.821393 1.675055 2.657875
v 4.736632 1.661038 2.670940
v 4.653657 1.648060 2.683747
v 4.572506 1.637285 2.696286
v 4.493110 1.629955 2.708564
v 4.415291 1.627453 2.720602
v 4.338785 1.631404 2.732432
v 4.263398 1.643816 2.744076
v 4.189920 1.666659 2.755414
v 4.121415 1.699550 2.766011
v 4.059108 1.740938 2.775696
v 4.003050 1.789132 2.784468
v 3.952730 1.842581 2.792403
v 3.907326 1.900050 2.799624
v 3.865923 1.960603 2.806264
v 3.827650 2.023508 2.812449
v 3.791731 2.088269 2.818293
v 3.757542 2.155814 2.823881
v 3.725239 2.226978 2.829188
v 3.695381 2.301955 2.834134
v 3.668528 2.380918 2.838638
v 3.645237 2.464021 2.842621
v 3.626043 2.551406 2.846005
v 3.611469 2.643203 2.848716
v 3.601990 2.739520 2.850685
v 3.596733 2.839512 2.852039
v 3.592468 2.942614 2.853242
v 3.585766 3.050757 2.854778
v 3.573439 3.166157 2.857094
v 3.552359 3.291013 2.860630
v 3.519344 3.427455 2.865834
v 3.471094 3.577484 2.873171
v 3.404213 3.742933 2.883121
v 6.314007 1.017646 2.482243
v 6.255580 1.228932 2.490399
v 6.186441 1.391227 2.500239
v 6.109829 1.511092 2.511279
v 6.028578 1.596233 2.523090
v 5.943985 1.655271 2.535461
v 5.855488 1.696174 2.548445
v 5.762240 1.724998 2.562146
v 5.664742 1.746245 2.576478
v 5.566051 1.761107 2.590999
v 5.468043 1.769821 2.605443
v 5.370919 1.773074 2.619777
v 5.274893 1.771560 2.633970
v 5.180187 1.765978 2.647987
v 5.087047 1.757040 2.661790
v 4.995717 1.745469 2.675344
v 4.906444 1.732002 2.688609
v 4.819338 1.717496 2.701569
v 4.734403 1.703009 2.714219
v 4.651777 1.689665 2.726534
v 4.571559 1.678624 2.738499
v 4.493782 1.671100 2.750105
v 4.418394 1.668400 2.761353
v 4.345301 1.671991 2.772256
v 4.274442 1.683599 2.782813
v 4.206383 1.704821 2.792940
v 4.143063 1.735279 2.802362
v 4.085156 1.773718 2.810986
v 4.032555 1.818790 2.818832
v 3.984776 1.869238 2.825972
v 3.941131 1.924017 2.832508
v 3.900866 1.982281 2.838550
v 3.863263 2.043321 2.844203
v 3.827671 2.106599 2.849563
v 3.793724 2.172699 2.854678
v 3.761677 2.242255 2.859511
v 3.732059 2.315478 2.863987
v 3.705402 2.392561 2.868027
v 3.682228 2.473689 2.871557
v 3.663055 2.559032 2.874502
v 3.648386 2.648760 2.876791
v 3.638683 2.743025 2.878356
v 3.633055 2.841491 2.879326
v 3.628315 2.944227 2.880156
v 3.621078 3.052992 2.881323
v 3.608131 3.169729 2.883281
v 3.586298 3.296372 2.886477
v 3.552355 3.434808 2.891366
v 3.503017 3.586841 2.898410
v 3.434921 3.754159 2.908085
v 6.511347 1.051399 2.453956
v 6.446691 1.282777 2.462939
v 6.367162 1.469579 2.474186
v 6.273826 1.617514 2.487526
v 6.168156 1.731149 2.502735
v 6.053171 1.814133 2.519371
v 5.933735 1.870770 2.536724
v 5.815005 1.907276 2.554039
v 5.700603 1.930892 2.570777
v 5.589386 1.946031 2.587088
v 5.479981 1.954101 2.603160
v 5.372665 1.955993 2.618955
v 5.267704 1.952595 2.634429
v 5.165346 1.944783 2.649546
v 5.065830 1.933427 2.664268
v 4.969383 1.919381 2.678560
v 4.876236 1.903494 2.692386
v 4.786748 1.886760 2.705693
v 4.701359 1.870397 2.718413
v 4.620374 1.855592 2.730499
v 4.544144 1.843493 2.741898
v 4.473080 1.835198 2.752547
v 4.407673 1.831710 2.762373
v 4.348473 1.833871 2.771296
v 4.295975 1.842268 2.779241
v 4.249849 1.857005 2.786256
v 4.207521 1.877737 2.792711
v 4.167466 1.904386 2.798823
v 4.128941 1.936972 2.804697
v 4.091575 1.975420 2.810387
v 4.055214 2.019443 2.815917
v 4.019754 2.068556 2.821301
v 3.985068 2.122139 2.826562
v 3.951043 2.179485 2.831716
v 3.918309 2.239810 2.836677
v 3.887531 2.302943 2.841349
v 3.859125 2.369153 2.845673
v 3.833492 2.438724 2.849590
v 3.811041 2.511950 2.853042
v 3.792198 2.589134 2.855966
v 3.777393 2.670589 2.858299
v 3.767052 2.756652 2.859981
v 3.760181 2.849014 2.861148
v 3.753782 2.950299 2.862220
v 3.744667 3.061554 2.863648
v 3.729494 3.183644 2.865907
v 3.704884 3.317441 2.869477
v 3.667486 3.463864 2.874834
v 3.614038 3.623919 2.882440
v 3.541336 3.798724 2.892749
v 3.763430 0.377720 2.620341
v 3.689985 0.413049 2.633847
v 3.842082 0.353249 2.606058
v 3.921747 0.340028 2.591594
v 4.001416 0.335713 2.577102
v 4.024554 0.336220 2.739123
v 3.944635 0.340530 2.751881
v 3.864724 0.353746 2.764611
v 3.785824 0.378211 2.777161
v 3.712132 0.413535 2.788933
v 3.645428 0.457871 2.799679
v 3.623528 0.457391 2.646327
vt 0.352196 0.759631
vt 0.353328 0.763985
vt 0.348545 0.695954
vt 0.356295 0.776129
vt 0.346761 0.738559
vt 0.345964 0.734147
vt 0.321047 0.721409
vt 0.321885 0.735573
vt 0.323412 0.745370
vt 0.326081 0.758880
vt 0.327910 0.768044
vt 0.331228 0.780441
vt 0.323022 0.698221
vt 0.344918 0.721629
vt 0.351065 0.755277
vt 0.345791 0.712816
vt 0.321684 0.711493
vt 0.347558 0.742971
vt 0.347806 0.700320
vt 0.345355 0.717222
vt 0.363918 0.737395
vt 0.377500 0.736224
vt 0.388807 0.735132
vt 0.398482 0.734149
vt 0.407092 0.733285
vt 0.415022 0.732544
vt 0.422459 0.731911
vt 0.429464 0.731343
vt 0.436047 0.730771
vt 0.442416 0.730167
vt 0.448721 0.729530
vt 0.454994 0.728886
vt 0.461223 0.728239
vt 0.467393 0.727602
vt 0.473488 0.726992
vt 0.479491 0.726326
vt 0.485430 0.725679
vt 0.491242 0.725074
vt 0.496869 0.724521
vt 0.502247 0.723942
vt 0.507327 0.723405
vt 0.512049 0.722802
vt 0.516338 0.722162
vt 0.520151 0.721452
vt 0.523460 0.720657
vt 0.526336 0.719756
vt 0.529075 0.718709
vt 0.531863 0.717485
vt 0.534807 0.716070
vt 0.537973 0.714476
vt 0.541376 0.712736
vt 0.545066 0.710939
vt 0.548975 0.709067
vt 0.553070 0.707213
vt 0.557263 0.705376
vt 0.561519 0.703554
vt 0.565841 0.701742
vt 0.570248 0.699858
vt 0.574762 0.697939
vt 0.579403 0.695970
vt 0.584187 0.693925
vt 0.589129 0.691763
vt 0.594358 0.689474
vt 0.600115 0.686978
vt 0.606395 0.684279
vt 0.613302 0.681352
vt 0.620906 0.678178
vt 0.629340 0.674652
vt 0.638764 0.670643
vt 0.666711 0.677683
vt 0.363254 0.733087
vt 0.376752 0.732048
vt 0.388041 0.731081
vt 0.397770 0.730200
vt 0.406494 0.729399
vt 0.414565 0.728675
vt 0.422133 0.728020
vt 0.429216 0.727415
vt 0.435797 0.726833
vt 0.442148 0.726248
vt 0.448434 0.725654
vt 0.454701 0.725066
vt 0.460924 0.724466
vt 0.467087 0.723872
vt 0.473177 0.723286
vt 0.479189 0.722670
vt 0.485123 0.722049
vt 0.490934 0.721435
vt 0.496551 0.720833
vt 0.501918 0.720193
vt 0.506992 0.719537
vt 0.511678 0.718807
vt 0.515921 0.718050
vt 0.519648 0.717267
vt 0.522808 0.716479
vt 0.525477 0.715693
vt 0.528024 0.714832
vt 0.530668 0.713834
vt 0.533526 0.712659
vt 0.536656 0.711293
vt 0.540072 0.709744
vt 0.543761 0.708096
vt 0.547692 0.706334
vt 0.551836 0.704519
vt 0.556068 0.702711
vt 0.560341 0.700912
vt 0.564669 0.699109
vt 0.569062 0.697263
vt 0.573560 0.695368
vt 0.578182 0.693427
vt 0.582943 0.691423
vt 0.587857 0.689326
vt 0.593096 0.687096
vt 0.598877 0.684651
vt 0.605204 0.681979
vt 0.612141 0.679075
vt 0.619773 0.675910
vt 0.628225 0.672382
vt 0.637663 0.668319
vt 0.648261 0.663497
vt 0.362258 0.720837
vt 0.375744 0.720105
vt 0.387017 0.719465
vt 0.396736 0.718874
vt 0.405453 0.718279
vt 0.413516 0.717646
vt 0.421072 0.716977
vt 0.428140 0.716310
vt 0.434704 0.715696
vt 0.441025 0.715196
vt 0.447305 0.714663
vt 0.453514 0.714246
vt 0.459675 0.713781
vt 0.465761 0.713303
vt 0.471751 0.712820
vt 0.477652 0.712334
vt 0.483445 0.711795
vt 0.489086 0.711191
vt 0.494511 0.710518
vt 0.499671 0.709762
vt 0.504520 0.708922
vt 0.508999 0.708005
vt 0.513060 0.707057
vt 0.516638 0.706165
vt 0.519697 0.705405
vt 0.522315 0.704795
vt 0.524844 0.704217
vt 0.527493 0.703587
vt 0.530371 0.702850
vt 0.533528 0.701962
vt 0.536970 0.700895
vt 0.540678 0.699645
vt 0.544611 0.698233
vt 0.548730 0.696670
vt 0.552929 0.695019
vt 0.557163 0.693324
vt 0.561453 0.691590
vt 0.565820 0.689814
vt 0.570295 0.687993
vt 0.574905 0.686126
vt 0.579672 0.684214
vt 0.584622 0.682258
vt 0.589913 0.680189
vt 0.595726 0.677911
vt 0.602093 0.675354
vt 0.609052 0.672530
vt 0.616687 0.669425
vt 0.625118 0.665925
vt 0.634497 0.661808
vt 0.645026 0.656588
vt 0.362434 0.716495
vt 0.375956 0.715868
vt 0.387222 0.715338
vt 0.396874 0.714849
vt 0.405462 0.714331
vt 0.413362 0.713736
vt 0.420760 0.713068
vt 0.427720 0.712384
vt 0.434248 0.711750
vt 0.440579 0.711288
vt 0.446853 0.710803
vt 0.453052 0.710405
vt 0.459175 0.709993
vt 0.465222 0.709555
vt 0.471145 0.709108
vt 0.476977 0.708684
vt 0.482681 0.708183
vt 0.488213 0.707603
vt 0.493515 0.706937
vt 0.498541 0.706177
vt 0.503250 0.705323
vt 0.507608 0.704381
vt 0.511577 0.703395
vt 0.515127 0.702455
vt 0.518253 0.701658
vt 0.521037 0.701045
vt 0.523748 0.700513
vt 0.526550 0.699977
vt 0.529537 0.699364
vt 0.532757 0.698617
vt 0.536221 0.697694
vt 0.539912 0.696579
vt 0.543804 0.695280
vt 0.547858 0.693810
vt 0.551994 0.692226
vt 0.556183 0.690574
vt 0.560442 0.688870
vt 0.564793 0.687117
vt 0.569264 0.685319
vt 0.573882 0.683475
vt 0.578671 0.681589
vt 0.583664 0.679675
vt 0.589014 0.677653
vt 0.594840 0.675420
vt 0.601205 0.672920
vt 0.608145 0.670135
vt 0.615765 0.667061
vt 0.624167 0.663582
vt 0.633487 0.659469
vt 0.643799 0.654201
vt 0.362698 0.712159
vt 0.376276 0.711632
vt 0.387528 0.711200
vt 0.397080 0.710806
vt 0.405490 0.710360
vt 0.413170 0.709803
vt 0.420364 0.709144
vt 0.427191 0.708453
vt 0.433694 0.707829
vt 0.440047 0.707373
vt 0.446305 0.706936
vt 0.452502 0.706563
vt 0.458596 0.706199
vt 0.464593 0.705814
vt 0.470475 0.705379
vt 0.476220 0.705031
vt 0.481821 0.704574
vt 0.487233 0.704026
vt 0.492404 0.703382
vt 0.497296 0.702634
vt 0.501863 0.701790
vt 0.506108 0.700850
vt 0.510012 0.699840
vt 0.513584 0.698859
vt 0.516837 0.698017
vt 0.519837 0.697378
vt 0.522766 0.696872
vt 0.525745 0.696413
vt 0.528847 0.695909
vt 0.532121 0.695288
vt 0.535596 0.694489
vt 0.539249 0.693492
vt 0.543077 0.692301
vt 0.547046 0.690921
vt 0.551105 0.689406
vt 0.555239 0.687802
vt 0.559464 0.686129
vt 0.563798 0.684401
vt 0.568269 0.682626
vt 0.572902 0.680804
vt 0.577723 0.678942
vt 0.582771 0.677056
vt 0.588149 0.675102
vt 0.593992 0.672906
vt 0.600330 0.670472
vt 0.607241 0.667733
vt 0.614825 0.664700
vt 0.623175 0.661254
vt 0.632403 0.657157
vt 0.642544 0.651843
vt 0.364038 0.699916
vt 0.377815 0.699640
vt 0.389101 0.699450
vt 0.398346 0.699264
vt 0.406078 0.698961
vt 0.412876 0.698498
vt 0.419270 0.697906
vt 0.425625 0.697271
vt 0.432096 0.696721
vt 0.438515 0.696313
vt 0.444791 0.695981
vt 0.450929 0.695704
vt 0.456928 0.695451
vt 0.462781 0.695189
vt 0.468470 0.694879
vt 0.474000 0.694618
vt 0.479302 0.694294
vt 0.484367 0.693882
vt 0.489176 0.693364
vt 0.493706 0.692747
vt 0.497943 0.691986
vt 0.501909 0.691184
vt 0.505689 0.690192
vt 0.509488 0.689127
vt 0.513316 0.688113
vt 0.517166 0.687317
vt 0.520918 0.686818
vt 0.524488 0.686563
vt 0.527865 0.686323
vt 0.531189 0.685949
vt 0.534559 0.685425
vt 0.538016 0.684639
vt 0.541570 0.683688
vt 0.545223 0.682524
vt 0.549000 0.681196
vt 0.552938 0.679741
vt 0.557040 0.678183
vt 0.561314 0.676538
vt 0.565782 0.674849
vt 0.570466 0.673105
vt 0.575391 0.671318
vt 0.580603 0.669525
vt 0.586118 0.667694
vt 0.591910 0.665605
vt 0.598132 0.663337
vt 0.604880 0.660785
vt 0.612267 0.657919
vt 0.620385 0.654628
vt 0.629290 0.650659
vt 0.638897 0.645402
vt 0.364553 0.695591
vt 0.378391 0.695383
vt 0.389692 0.695245
vt 0.398854 0.695105
vt 0.406374 0.694837
vt 0.412887 0.694406
vt 0.419031 0.693852
vt 0.425250 0.693258
vt 0.431707 0.692742
vt 0.438152 0.692360
vt 0.444431 0.692063
vt 0.450552 0.691822
vt 0.456517 0.691605
vt 0.462320 0.691378
vt 0.467973 0.691124
vt 0.473428 0.690901
vt 0.478641 0.690623
vt 0.483603 0.690261
vt 0.488299 0.689790
vt 0.492715 0.689235
vt 0.496825 0.688523
vt 0.500643 0.687820
vt 0.504145 0.686916
vt 0.508123 0.685764
vt 0.512289 0.684629
vt 0.516575 0.683763
vt 0.520792 0.683258
vt 0.524653 0.683147
vt 0.527861 0.683042
vt 0.531067 0.682702
vt 0.534326 0.682246
vt 0.537673 0.681491
vt 0.541120 0.680593
vt 0.544653 0.679489
vt 0.548341 0.678222
vt 0.552216 0.676820
vt 0.556279 0.675306
vt 0.560538 0.673696
vt 0.565011 0.672043
vt 0.569711 0.670331
vt 0.574669 0.668574
vt 0.579926 0.666816
vt 0.585449 0.665013
vt 0.591224 0.662984
vt 0.597400 0.660770
vt 0.604085 0.658283
vt 0.611392 0.655484
vt 0.619408 0.652266
vt 0.628167 0.648377
vt 0.637623 0.643178
vt 0.372219 0.773951
vt 0.386333 0.772016
vt 0.397597 0.770337
vt 0.406400 0.768997
vt 0.413367 0.767984
vt 0.419298 0.767186
vt 0.424984 0.766481
vt 0.430961 0.765779
vt 0.437403 0.765012
vt 0.443948 0.764149
vt 0.450321 0.763226
vt 0.456531 0.762273
vt 0.462591 0.761311
vt 0.468505 0.760351
vt 0.474266 0.759403
vt 0.479853 0.758473
vt 0.485232 0.757584
vt 0.490382 0.756754
vt 0.495283 0.755992
vt 0.499874 0.755303
vt 0.504045 0.754681
vt 0.507603 0.754102
vt 0.510152 0.753567
vt 0.506662 0.682477
vt 0.511248 0.681178
vt 0.516031 0.680235
vt 0.520800 0.679783
vt 0.525418 0.679725
vt 0.551183 0.737251
vt 0.553678 0.736046
vt 0.556534 0.734566
vt 0.559576 0.732944
vt 0.562760 0.731263
vt 0.566075 0.729567
vt 0.569582 0.727832
vt 0.573320 0.726030
vt 0.577278 0.724147
vt 0.581446 0.722163
vt 0.585819 0.720067
vt 0.590402 0.717842
vt 0.595206 0.715468
vt 0.600249 0.712927
vt 0.605488 0.710253
vt 0.610900 0.707510
vt 0.616626 0.704652
vt 0.622877 0.701703
vt 0.629800 0.698487
vt 0.637492 0.695025
vt 0.646103 0.691476
vt 0.656132 0.688555
vt 0.369799 0.762015
vt 0.384026 0.760139
vt 0.395476 0.758519
vt 0.404571 0.757226
vt 0.411863 0.756273
vt 0.418083 0.755564
vt 0.423985 0.754971
vt 0.430095 0.754388
vt 0.436599 0.753734
vt 0.443146 0.752951
vt 0.449536 0.752108
vt 0.455780 0.751243
vt 0.461905 0.750376
vt 0.467916 0.749520
vt 0.473810 0.748681
vt 0.479570 0.747848
vt 0.485172 0.747065
vt 0.490622 0.746361
vt 0.495942 0.745766
vt 0.501150 0.745319
vt 0.506308 0.745105
vt 0.511574 0.745316
vt 0.517302 0.746467
vt 0.522149 0.745360
vt 0.527040 0.743999
vt 0.531888 0.742220
vt 0.536451 0.740055
vt 0.540646 0.737681
vt 0.543978 0.733646
vt 0.547355 0.730711
vt 0.550776 0.728303
vt 0.554253 0.726169
vt 0.557800 0.724199
vt 0.561429 0.722341
vt 0.565207 0.720521
vt 0.569168 0.718686
vt 0.573301 0.716805
vt 0.577599 0.714849
vt 0.582068 0.712803
vt 0.586723 0.710648
vt 0.591587 0.708355
vt 0.596691 0.705890
vt 0.602023 0.703275
vt 0.607605 0.700587
vt 0.613545 0.697744
vt 0.620057 0.694816
vt 0.627254 0.691603
vt 0.635338 0.688115
vt 0.644548 0.684471
vt 0.654999 0.681068
vt 0.368725 0.757835
vt 0.382855 0.756042
vt 0.394283 0.754472
vt 0.403466 0.753191
vt 0.410977 0.752229
vt 0.417495 0.751522
vt 0.423671 0.750952
vt 0.429948 0.750405
vt 0.436458 0.749806
vt 0.442998 0.749040
vt 0.449384 0.748210
vt 0.455645 0.747375
vt 0.461797 0.746543
vt 0.467846 0.745723
vt 0.473795 0.744930
vt 0.479625 0.744126
vt 0.485302 0.743381
vt 0.490846 0.742727
vt 0.496271 0.742194
vt 0.501584 0.741814
vt 0.506803 0.741660
vt 0.511974 0.741799
vt 0.516996 0.742055
vt 0.521697 0.741289
vt 0.526293 0.740110
vt 0.530775 0.738512
vt 0.534993 0.736531
vt 0.538820 0.734222
vt 0.542172 0.731122
vt 0.545555 0.728341
vt 0.549011 0.725899
vt 0.552550 0.723699
vt 0.556178 0.721670
vt 0.559904 0.719772
vt 0.563774 0.717928
vt 0.567807 0.716083
vt 0.571996 0.714204
vt 0.576333 0.712253
vt 0.580825 0.710226
vt 0.585495 0.708099
vt 0.590366 0.705842
vt 0.595463 0.703418
vt 0.600785 0.700841
vt 0.606413 0.698191
vt 0.612428 0.695351
vt 0.618997 0.692442
vt 0.626269 0.689247
vt 0.634436 0.685760
vt 0.643690 0.682067
vt 0.654053 0.678426
vt 0.367666 0.753630
vt 0.381686 0.751949
vt 0.393089 0.750447
vt 0.402382 0.749193
vt 0.410143 0.748227
vt 0.416981 0.747514
vt 0.423438 0.746955
vt 0.429871 0.746433
vt 0.436406 0.745844
vt 0.442891 0.745159
vt 0.449270 0.744328
vt 0.455545 0.743522
vt 0.461722 0.742723
vt 0.467803 0.741940
vt 0.473796 0.741193
vt 0.479676 0.740417
vt 0.485429 0.739709
vt 0.491054 0.739095
vt 0.496553 0.738602
vt 0.501917 0.738243
vt 0.507111 0.738056
vt 0.512109 0.738001
vt 0.516841 0.737852
vt 0.521317 0.737210
vt 0.525604 0.736180
vt 0.529716 0.734755
vt 0.533574 0.732963
vt 0.537151 0.730829
vt 0.540498 0.728288
vt 0.543857 0.725759
vt 0.547315 0.723386
vt 0.550892 0.721182
vt 0.554589 0.719124
vt 0.558405 0.717204
vt 0.562361 0.715343
vt 0.566460 0.713492
vt 0.570697 0.711620
vt 0.575066 0.709674
vt 0.579575 0.707666
vt 0.584253 0.705569
vt 0.589122 0.703351
vt 0.594203 0.700970
vt 0.599515 0.698433
vt 0.605177 0.695831
vt 0.611245 0.693001
vt 0.617893 0.690091
vt 0.625235 0.686913
vt 0.633464 0.683427
vt 0.642743 0.679677
vt 0.653103 0.675800
vt 0.364682 0.741682
vt 0.378388 0.740372
vt 0.389708 0.739167
vt 0.399301 0.738093
vt 0.407746 0.737177
vt 0.415471 0.736429
vt 0.422729 0.735819
vt 0.429632 0.735280
vt 0.436215 0.734713
vt 0.442613 0.734086
vt 0.448931 0.733407
vt 0.455215 0.732707
vt 0.461443 0.732013
vt 0.467606 0.731336
vt 0.473690 0.730716
vt 0.479692 0.729981
vt 0.485602 0.729320
vt 0.491384 0.728726
vt 0.496994 0.728219
vt 0.502381 0.727707
vt 0.507492 0.727270
vt 0.512257 0.726812
vt 0.516617 0.726284
vt 0.520562 0.725621
vt 0.524081 0.724791
vt 0.527225 0.723762
vt 0.530200 0.722522
vt 0.533154 0.721067
vt 0.536196 0.719397
vt 0.539405 0.717570
vt 0.542821 0.715651
vt 0.546466 0.713711
vt 0.550307 0.711754
vt 0.554359 0.709875
vt 0.558510 0.708016
vt 0.562739 0.706181
vt 0.567067 0.704355
vt 0.571457 0.702439
vt 0.575978 0.700499
vt 0.580635 0.698499
vt 0.585446 0.696411
vt 0.590412 0.694191
vt 0.595675 0.691822
vt 0.601376 0.689310
vt 0.607599 0.686575
vt 0.614465 0.683630
vt 0.622017 0.680458
vt 0.630414 0.676943
vt 0.639816 0.672998
vt 0.650392 0.668531
vt 0.506790 0.601508
vt 0.501868 0.601906
vt 0.496973 0.602928
vt 0.492290 0.604391
vt 0.538862 0.823690
vt 0.547686 0.819973
vt 0.552358 0.819326
vt 0.556987 0.818194
vt 0.561517 0.816437
vt 0.565689 0.814060
vt 0.569434 0.811205
vt 0.511640 0.601792
vt 0.315484 0.791587
vt 0.307830 0.787566
vt 0.304029 0.775891
vt 0.327154 0.787829
vt 0.307981 0.768081
vt 0.319887 0.764136
vt 0.510540 0.591652
vt 0.578201 0.807762
vt 0.549860 0.738009
vt 0.505702 0.592150
vt 0.500528 0.592671
vt 0.495293 0.593565
vt 0.490293 0.594758
vt 0.485476 0.596028
vt 0.487780 0.606131
vt 0.502252 0.683850
vt 0.664677 0.676327
vt 0.649346 0.666003
vt 0.657804 0.677641
vt 0.656336 0.679646
vt 0.658215 0.689956
vt 0.636339 0.641002
vt 0.627034 0.646105
vt 0.618420 0.649896
vt 0.610504 0.653036
vt 0.603267 0.655768
vt 0.596638 0.658195
vt 0.590501 0.660357
vt 0.584749 0.662337
vt 0.579229 0.664115
vt 0.573924 0.665837
vt 0.568932 0.667564
vt 0.564215 0.669237
vt 0.559719 0.670846
vt 0.555475 0.672429
vt 0.551453 0.673896
vt 0.547636 0.675244
vt 0.544030 0.676457
vt 0.540616 0.677530
vt 0.537277 0.678354
vt 0.534064 0.679033
vt 0.530904 0.679472
vt 0.527881 0.679807
vt 0.499435 0.684451
vt 0.495801 0.685077
vt 0.491819 0.685698
vt 0.487503 0.686189
vt 0.482915 0.686620
vt 0.478061 0.686932
vt 0.472933 0.687161
vt 0.467541 0.687344
vt 0.461935 0.687552
vt 0.456172 0.687737
vt 0.450241 0.687917
vt 0.444138 0.688121
vt 0.437858 0.688382
vt 0.431393 0.688731
vt 0.424959 0.689210
vt 0.418886 0.689761
vt 0.412980 0.690274
vt 0.406712 0.690672
vt 0.399350 0.690908
vt 0.390229 0.691007
vt 0.378900 0.691096
vt 0.365067 0.691269
vt 0.349284 0.691587
vt 0.660250 0.691296
vt 0.667262 0.690135
vt 0.668737 0.688127
vt 0.670121 0.685943
vt 0.668762 0.679013
vt 0.324854 0.689448
vn 0.141434 0.002381 0.989945
vn 0.141370 0.003102 0.989952
vn 0.141370 0.003102 0.989952
vn 0.141427 0.002464 0.989946
vn -0.141369 -0.003102 -0.989952
vn -0.141903 0.002987 -0.989876
vn -0.141842 0.002286 -0.989887
vn -0.141369 -0.003102 -0.989952
vn 0.986943 0.077541 -0.141179
vn 0.989906 0.009740 -0.141389
vn 0.989906 0.009740 -0.141389
vn 0.986970 0.077189 -0.141181
vn -0.987448 -0.070707 0.141235
vn -0.989906 -0.009743 0.141393
vn -0.989906 -0.009743 0.141393
vn -0.987417 -0.071147 0.141232
vn -0.379470 0.923781 0.051297
vn -0.379470 0.923781 0.051297
vn -0.379470 0.923781 0.051297
vn -0.379470 0.923781 0.051297
vn -0.379470 0.923781 0.051297
vn -0.379470 0.923781 0.051297
vn -0.379470 0.923781 0.051297
vn -0.379470 0.923781 0.051297
vn -0.379470 0.923781 0.051297
vn -0.379470 0.923781 0.051297
vn -0.379470 0.923781 0.051297
vn -0.379470 0.923781 0.051297
vn 0.010082 -0.999948 0.001693
vn 0.010082 -0.999948 0.001693
vn 0.010082 -0.999948 0.001693
vn 0.010082 -0.999948 0.001693
vn 0.010082 -0.999948 0.001693
vn 0.010082 -0.999948 0.001693
vn 0.010082 -0.999948 0.001693
vn 0.010082 -0.999948 0.001693
vn -0.600004 -0.004695 0.799984
vn -0.600004 -0.004695 0.799983
vn -0.600004 -0.004695 0.799984
vn -0.600004 -0.004695 0.799983
vn 0.799933 0.009082 0.600021
vn 0.799933 0.009082 0.600021
vn 0.799933 0.009082 0.600021
vn 0.799933 0.009082 0.600021
vn -0.799932 -0.009082 -0.600022
vn -0.799932 -0.009082 -0.600022
vn -0.799932 -0.009082 -0.600022
vn -0.799932 -0.009082 -0.600022
vn 0.600005 0.004696 -0.799982
vn 0.600005 0.004696 -0.799982
vn 0.600005 0.004696 -0.799982
vn 0.600005 0.004696 -0.799982
vn -0.424434 0.000000 0.905459
vn -0.000000 0.000000 0.000000
vn -0.000000 0.000000 0.000000
vn -0.000650 -0.999133 -0.041631
vn -0.000000 -0.000000 -0.000000
vn -0.000000 -0.000000 -0.000000
vn -0.001301 0.999132 -0.041631
vn -0.000000 0.000000 -0.000000
vn -0.000000 0.000000 -0.000000
vn -0.376377 0.000000 0.926467
vn -0.000000 0.000000 0.000000
vn -0.000000 0.000000 0.000000
vn 0.792234 0.118394 0.598622
vn 0.792318 0.117748 0.598638
vn 0.785408 0.149962 0.600538
vn 0.785072 0.151556 0.600577
vn 0.762773 0.230547 0.604174
vn 0.762143 0.232435 0.604245
vn 0.723907 0.323739 0.609222
vn 0.722573 0.326414 0.609378
vn 0.660589 0.426682 0.617710
vn 0.658224 0.429919 0.617990
vn 0.570946 0.526402 0.630018
vn 0.567640 0.529486 0.630421
vn 0.464367 0.606949 0.644962
vn 0.460888 0.609136 0.645396
vn 0.360481 0.659308 0.659823
vn 0.357785 0.660432 0.660167
vn 0.278713 0.686341 0.671755
vn 0.277206 0.686757 0.671954
vn 0.221385 0.698737 0.680261
vn 0.220580 0.698884 0.680371
vn 0.176125 0.705154 0.686831
vn 0.175527 0.705223 0.686914
vn 0.135347 0.708445 0.692667
vn 0.134847 0.708473 0.692736
vn 0.098520 0.709347 0.697940
vn 0.098113 0.709349 0.697996
vn 0.065940 0.708511 0.702612
vn 0.065620 0.708498 0.702656
vn 0.037783 0.706550 0.706654
vn 0.037545 0.706531 0.706685
vn 0.014156 0.704014 0.710045
vn 0.013988 0.703996 0.710066
vn -0.004853 0.701381 0.712770
vn -0.004960 0.701366 0.712784
vn -0.018623 0.699143 0.714740
vn -0.018673 0.699134 0.714746
vn -0.025574 0.697911 0.715728
vn -0.025576 0.697912 0.715727
vn -0.024141 0.698196 0.715500
vn -0.024128 0.698199 0.715497
vn -0.013080 0.700159 0.713867
vn -0.013110 0.700152 0.713874
vn 0.009402 0.703569 0.710565
vn 0.009224 0.703541 0.710594
vn 0.045964 0.707531 0.705186
vn 0.045434 0.707479 0.705273
vn 0.100253 0.709874 0.697157
vn 0.098967 0.709842 0.697373
vn 0.176644 0.706066 0.685760
vn 0.173798 0.706293 0.686254
vn 0.275946 0.688471 0.670717
vn 0.270475 0.689658 0.671725
vn 0.380500 0.652950 0.654886
vn 0.373399 0.655636 0.656289
vn 0.466307 0.607585 0.642960
vn 0.460335 0.610864 0.644157
vn 0.533520 0.559518 0.634268
vn 0.529587 0.562372 0.635040
vn 0.585927 0.512570 0.627664
vn 0.583700 0.514582 0.628092
vn 0.626272 0.469230 0.622581
vn 0.625148 0.470440 0.622797
vn 0.656823 0.431049 0.618693
vn 0.656321 0.431677 0.618788
vn 0.679476 0.398936 0.615762
vn 0.679285 0.399196 0.615804
vn 0.695982 0.372977 0.613593
vn 0.695927 0.373035 0.613621
vn 0.709463 0.349778 0.611815
vn 0.709473 0.349748 0.611821
vn 0.723033 0.324262 0.609981
vn 0.723054 0.324228 0.609975
vn 0.737121 0.294831 0.608052
vn 0.737126 0.294820 0.608051
vn 0.750993 0.261878 0.606160
vn 0.750987 0.261890 0.606161
vn 0.764014 0.225799 0.604398
vn 0.763997 0.225836 0.604406
vn 0.775602 0.187091 0.602858
vn 0.775580 0.187144 0.602871
vn 0.785279 0.146326 0.601602
vn 0.785260 0.146389 0.601612
vn 0.792657 0.104300 0.600680
vn 0.792639 0.104370 0.600691
vn 0.797064 0.067115 0.600154
vn 0.797049 0.067129 0.600173
vn 0.798557 0.047749 0.600022
vn 0.798538 0.047730 0.600049
vn 0.798318 0.051030 0.600071
vn 0.798295 0.051170 0.600089
vn 0.796529 0.072769 0.600205
vn 0.796482 0.073191 0.600216
vn 0.792150 0.108369 0.600629
vn 0.792041 0.109036 0.600652
vn 0.784035 0.152928 0.601583
vn 0.783856 0.153737 0.601610
vn 0.771690 0.201725 0.603160
vn 0.771450 0.202553 0.603190
vn 0.755455 0.250769 0.605312
vn 0.755174 0.251522 0.605350
vn 0.746472 0.274204 0.606293
vn 0.746413 0.274346 0.606302
vn 0.967032 0.213527 -0.138763
vn 0.966915 0.214065 -0.138748
vn 0.934630 0.329207 -0.134500
vn 0.934373 0.329949 -0.134466
vn 0.878063 0.461430 -0.126837
vn 0.877558 0.462409 -0.126768
vn 0.786747 0.606609 -0.114254
vn 0.785889 0.607744 -0.114135
vn 0.658655 0.746245 -0.096400
vn 0.657437 0.747339 -0.096230
vn 0.507377 0.858442 -0.075147
vn 0.505965 0.859292 -0.074948
vn 0.360143 0.931312 -0.054350
vn 0.358817 0.931835 -0.054163
vn 0.243722 0.969107 -0.037842
vn 0.242723 0.969363 -0.037700
vn 0.161428 0.986538 -0.026143
vn 0.160652 0.986668 -0.026033
vn 0.096712 0.995169 -0.016929
vn 0.095987 0.995241 -0.016826
vn 0.038697 0.999214 -0.008656
vn 0.038019 0.999240 -0.008559
vn -0.013710 0.999905 -0.001174
vn -0.014332 0.999897 -0.001085
vn -0.060107 0.998177 0.005458
vn -0.060666 0.998143 0.005538
vn -0.100259 0.994898 0.011202
vn -0.100750 0.994848 0.011273
vn -0.134041 0.990846 0.016038
vn -0.134460 0.990788 0.016098
vn -0.161345 0.986696 0.019951
vn -0.161685 0.986640 0.020000
vn -0.181348 0.983154 0.022818
vn -0.181582 0.983110 0.022852
vn -0.191912 0.981111 0.024332
vn -0.191987 0.981095 0.024343
vn -0.190875 0.981316 0.024183
vn -0.190749 0.981341 0.024165
vn -0.176535 0.984046 0.022126
vn -0.176141 0.984118 0.022070
vn -0.146474 0.989054 0.017818
vn -0.145701 0.989170 0.017707
vn -0.097091 0.995217 0.010747
vn -0.095751 0.995349 0.010555
vn -0.023405 0.999726 0.000210
vn -0.021179 0.999776 -0.000108
vn 0.080719 0.996629 -0.014649
vn 0.084342 0.996321 -0.015166
vn 0.217615 0.975438 -0.034132
vn 0.222914 0.974214 -0.034885
vn 0.366141 0.928921 -0.055197
vn 0.371284 0.926834 -0.055925
vn 0.489709 0.868853 -0.072654
vn 0.493826 0.866471 -0.073234
vn 0.587770 0.804396 -0.086454
vn 0.590853 0.802087 -0.086887
vn 0.665380 0.740132 -0.097336
vn 0.667588 0.738100 -0.097645
vn 0.725817 0.679706 -0.105781
vn 0.727358 0.678023 -0.105996
vn 0.771920 0.625741 -0.112197
vn 0.772975 0.624410 -0.112343
vn 0.806236 0.579920 -0.116946
vn 0.806949 0.578908 -0.117044
vn 0.831275 0.542665 -0.120401
vn 0.831757 0.541911 -0.120467
vn 0.851541 0.509609 -0.123198
vn 0.851968 0.508880 -0.123256
vn 0.871702 0.473570 -0.125967
vn 0.872142 0.472742 -0.126027
vn 0.892619 0.432014 -0.128822
vn 0.893055 0.431095 -0.128881
vn 0.913314 0.385399 -0.131628
vn 0.913725 0.384403 -0.131683
vn 0.932875 0.334242 -0.134261
vn 0.933244 0.333192 -0.134310
vn 0.950459 0.279225 -0.136604
vn 0.950770 0.278144 -0.136645
vn 0.965346 0.221159 -0.138549
vn 0.965590 0.220073 -0.138580
vn 0.976946 0.161160 -0.140014
vn 0.977117 0.160100 -0.140035
vn 0.984177 0.107466 -0.140876
vn 0.984258 0.106713 -0.140885
vn 0.986868 0.078507 -0.141170
vn 0.986882 0.078328 -0.141171
vn 0.986615 0.081653 -0.141152
vn 0.986596 0.081884 -0.141150
vn 0.983779 0.111091 -0.140844
vn 0.983726 0.111574 -0.140837
vn 0.977091 0.160261 -0.140036
vn 0.976993 0.160868 -0.140024
vn 0.965116 0.222182 -0.138517
vn 0.964972 0.222817 -0.138499
vn 0.947248 0.290131 -0.136179
vn 0.947069 0.290727 -0.136155
vn 0.924009 0.358468 -0.133072
vn 0.923811 0.358987 -0.133045
vn 0.911149 0.390588 -0.131335
vn 0.911149 0.390588 -0.131335
vn 0.591731 0.123516 -0.796617
vn 0.591632 0.124293 -0.796570
vn 0.583402 0.158396 -0.796588
vn 0.583719 0.156926 -0.796647
vn 0.558252 0.241140 -0.793855
vn 0.558831 0.239457 -0.793957
vn 0.516080 0.336330 -0.787746
vn 0.517317 0.333910 -0.787964
vn 0.448398 0.440093 -0.777983
vn 0.450605 0.437147 -0.778369
vn 0.354122 0.538630 -0.764510
vn 0.357216 0.535814 -0.765049
vn 0.243793 0.616159 -0.748941
vn 0.247059 0.614159 -0.749514
vn 0.137489 0.664890 -0.734179
vn 0.140046 0.663859 -0.734628
vn 0.054075 0.688899 -0.722838
vn 0.055555 0.688507 -0.723099
vn -0.004772 0.699144 -0.714965
vn -0.003978 0.699008 -0.715103
vn -0.051099 0.703807 -0.708551
vn -0.050534 0.703750 -0.708648
vn -0.092582 0.705457 -0.702680
vn -0.092105 0.705436 -0.702764
vn -0.130031 0.704811 -0.697376
vn -0.129641 0.704813 -0.697447
vn -0.163198 0.702541 -0.692678
vn -0.162887 0.702557 -0.692735
vn -0.191958 0.699270 -0.688603
vn -0.191719 0.699292 -0.688647
vn -0.216257 0.695548 -0.685161
vn -0.216081 0.695570 -0.685195
vn -0.236059 0.691853 -0.682360
vn -0.235935 0.691871 -0.682385
vn -0.250838 0.688697 -0.680277
vn -0.250762 0.688710 -0.680292
vn -0.259184 0.686741 -0.679125
vn -0.259145 0.686747 -0.679133
vn -0.259668 0.686571 -0.679111
vn -0.259646 0.686573 -0.679118
vn -0.251189 0.688459 -0.680388
vn -0.251140 0.688470 -0.680395
vn -0.232191 0.692356 -0.683177
vn -0.232045 0.692388 -0.683194
vn -0.200366 0.697694 -0.687806
vn -0.199988 0.697755 -0.687854
vn -0.152526 0.702910 -0.694732
vn -0.151653 0.702982 -0.694851
vn -0.084770 0.704626 -0.704497
vn -0.082886 0.704582 -0.704765
vn 0.004613 0.696801 -0.717250
vn 0.008165 0.696247 -0.717756
vn 0.104609 0.674063 -0.731230
vn 0.108970 0.672713 -0.731835
vn 0.195351 0.638969 -0.744014
vn 0.198836 0.637331 -0.744495
vn 0.272084 0.596801 -0.754850
vn 0.274247 0.595433 -0.755148
vn 0.334557 0.552231 -0.763618
vn 0.335676 0.551349 -0.763765
vn 0.383654 0.509145 -0.770442
vn 0.384131 0.508707 -0.770493
vn 0.421132 0.470209 -0.775598
vn 0.421274 0.470074 -0.775602
vn 0.449013 0.436956 -0.779396
vn 0.449001 0.436997 -0.779379
vn 0.469351 0.409840 -0.782138
vn 0.469283 0.409962 -0.782116
vn 0.485604 0.385948 -0.784368
vn 0.485543 0.386063 -0.784349
vn 0.501419 0.360354 -0.786590
vn 0.501377 0.360439 -0.786578
vn 0.517775 0.330994 -0.788893
vn 0.517755 0.331046 -0.788885
vn 0.534101 0.297962 -0.791173
vn 0.534103 0.297977 -0.791166
vn 0.549727 0.261573 -0.793335
vn 0.549743 0.261552 -0.793331
vn 0.564019 0.222268 -0.795286
vn 0.564052 0.222208 -0.795279
vn 0.576409 0.180612 -0.796952
vn 0.576452 0.180515 -0.796943
vn 0.586423 0.137378 -0.798270
vn 0.586456 0.137252 -0.798268
vn 0.593174 0.098230 -0.799059
vn 0.593188 0.098196 -0.799053
vn 0.596159 0.075923 -0.799269
vn 0.596159 0.076008 -0.799260
vn 0.596319 0.076136 -0.799129
vn 0.596330 0.076105 -0.799124
vn 0.594123 0.095202 -0.798720
vn 0.594172 0.094933 -0.798716
vn 0.588874 0.128325 -0.797973
vn 0.588973 0.127843 -0.797977
vn 0.579759 0.170443 -0.796761
vn 0.579906 0.169844 -0.796782
vn 0.566511 0.216785 -0.795028
vn 0.566709 0.216166 -0.795055
vn 0.549589 0.263405 -0.792824
vn 0.549822 0.262844 -0.792849
vn 0.540650 0.285152 -0.791446
vn 0.540757 0.284933 -0.791452
vn 0.591515 0.125203 -0.796514
vn 0.583102 0.159794 -0.796528
vn 0.557716 0.242696 -0.793758
vn 0.514912 0.338612 -0.787533
vn 0.446268 0.442930 -0.777597
vn 0.351085 0.541391 -0.763960
vn 0.240563 0.618139 -0.748354
vn 0.134984 0.665908 -0.733721
vn 0.052683 0.689276 -0.722580
vn -0.005457 0.699267 -0.714840
vn -0.051545 0.703857 -0.708469
vn -0.092945 0.705478 -0.702611
vn -0.130316 0.704815 -0.697319
vn -0.163411 0.702535 -0.692633
vn -0.192108 0.699260 -0.688571
vn -0.216356 0.695541 -0.685137
vn -0.236118 0.691849 -0.682344
vn -0.250869 0.688694 -0.680268
vn -0.259205 0.686739 -0.679119
vn -0.259711 0.686565 -0.679101
vn -0.251311 0.688433 -0.680369
vn -0.232484 0.692296 -0.683138
vn -0.200995 0.697596 -0.687721
vn -0.153795 0.702808 -0.694556
vn -0.087204 0.704678 -0.704148
vn 0.000477 0.697427 -0.716656
vn 0.099750 0.675541 -0.730544
vn 0.191354 0.640832 -0.743450
vn 0.269421 0.598483 -0.754474
vn 0.333014 0.553458 -0.763404
vn 0.382850 0.509904 -0.770340
vn 0.420756 0.470611 -0.775558
vn 0.448862 0.437124 -0.779388
vn 0.469308 0.409876 -0.782145
vn 0.485567 0.385986 -0.784372
vn 0.501358 0.360443 -0.786588
vn 0.517695 0.331135 -0.788886
vn 0.534004 0.298156 -0.791166
vn 0.549624 0.261815 -0.793326
vn 0.563912 0.222554 -0.795281
vn 0.576306 0.180937 -0.796952
vn 0.586346 0.137728 -0.798267
vn 0.593139 0.098424 -0.799061
vn 0.596153 0.075880 -0.799277
vn 0.596312 0.076128 -0.799135
vn 0.594084 0.095385 -0.798728
vn 0.588794 0.128699 -0.797971
vn 0.579640 0.170930 -0.796744
vn 0.566346 0.217298 -0.795006
vn 0.549393 0.263871 -0.792804
vn 0.540541 0.285375 -0.791440
vn -0.143771 0.012390 -0.989534
vn -0.143686 0.012301 -0.989547
vn -0.146568 0.015137 -0.989085
vn -0.146433 0.015014 -0.989107
vn -0.150494 0.017794 -0.988451
vn -0.150247 0.017670 -0.988491
vn -0.155981 0.019389 -0.987570
vn -0.155612 0.019345 -0.987629
vn -0.162392 0.018839 -0.986546
vn -0.161995 0.018951 -0.986610
vn -0.168311 0.015867 -0.985606
vn -0.168030 0.016082 -0.985651
vn -0.172599 0.011533 -0.984925
vn -0.172469 0.011712 -0.984945
vn -0.175222 0.007385 -0.984501
vn -0.175180 0.007465 -0.984508
vn -0.176836 0.004186 -0.984231
vn -0.176819 0.004221 -0.984234
vn -0.177977 0.001699 -0.984033
vn -0.177967 0.001724 -0.984035
vn -0.178863 -0.000536 -0.983874
vn -0.178857 -0.000517 -0.983875
vn -0.179591 -0.002643 -0.983738
vn -0.179587 -0.002630 -0.983739
vn -0.180232 -0.004589 -0.983613
vn -0.180230 -0.004582 -0.983614
vn -0.180856 -0.006359 -0.983489
vn -0.180855 -0.006357 -0.983489
vn -0.181528 -0.007948 -0.983354
vn -0.181529 -0.007949 -0.983354
vn -0.182313 -0.009346 -0.983196
vn -0.182316 -0.009351 -0.983196
vn -0.183287 -0.010537 -0.983003
vn -0.183294 -0.010544 -0.983002
vn -0.184547 -0.011455 -0.982757
vn -0.184562 -0.011463 -0.982754
vn -0.186190 -0.011990 -0.982441
vn -0.186218 -0.011995 -0.982435
vn -0.188312 -0.012010 -0.982036
vn -0.188360 -0.012005 -0.982027
vn -0.190975 -0.011336 -0.981530
vn -0.191052 -0.011307 -0.981515
vn -0.194186 -0.009683 -0.980917
vn -0.194302 -0.009608 -0.980895
vn -0.197814 -0.006623 -0.980217
vn -0.197970 -0.006458 -0.980187
vn -0.201401 -0.001604 -0.979508
vn -0.201573 -0.001284 -0.979473
vn -0.203967 0.005787 -0.978961
vn -0.204061 0.006307 -0.978938
vn -0.204196 0.015025 -0.978815
vn -0.204113 0.015603 -0.978823
vn -0.201567 0.024332 -0.979173
vn -0.201349 0.024804 -0.979206
vn -0.196806 0.032135 -0.979916
vn -0.196547 0.032450 -0.979957
vn -0.191049 0.037861 -0.980850
vn -0.190819 0.038039 -0.980888
vn -0.185242 0.041601 -0.981812
vn -0.185068 0.041687 -0.981841
vn -0.179997 0.043773 -0.982693
vn -0.179880 0.043809 -0.982713
vn -0.175598 0.044860 -0.983439
vn -0.175526 0.044872 -0.983452
vn -0.172084 0.045267 -0.984042
vn -0.172043 0.045269 -0.984049
vn -0.169235 0.045294 -0.984534
vn -0.169202 0.045293 -0.984540
vn -0.166601 0.045148 -0.984990
vn -0.166565 0.045145 -0.984997
vn -0.163852 0.044918 -0.985462
vn -0.163811 0.044914 -0.985469
vn -0.160928 0.044579 -0.985959
vn -0.160883 0.044572 -0.985966
vn -0.157877 0.044067 -0.986475
vn -0.157830 0.044058 -0.986483
vn -0.154754 0.043319 -0.987003
vn -0.154706 0.043306 -0.987011
vn -0.151632 0.042296 -0.987532
vn -0.151585 0.042278 -0.987540
vn -0.148597 0.040983 -0.988048
vn -0.148553 0.040961 -0.988056
vn -0.145857 0.039257 -0.988526
vn -0.145833 0.039237 -0.988531
vn -0.143960 0.036957 -0.988893
vn -0.143962 0.036961 -0.988893
vn -0.143345 0.034210 -0.989081
vn -0.143344 0.034241 -0.989080
vn -0.143834 0.031233 -0.989109
vn -0.143818 0.031288 -0.989110
vn -0.144951 0.028112 -0.989039
vn -0.144922 0.028183 -0.989042
vn -0.146269 0.024883 -0.988932
vn -0.146236 0.024964 -0.988935
vn -0.147480 0.021621 -0.988829
vn -0.147452 0.021703 -0.988831
vn -0.148396 0.018447 -0.988756
vn -0.148378 0.018522 -0.988757
vn -0.148743 0.017009 -0.988730
vn -0.148743 0.017009 -0.988730
vn -0.792894 -0.113319 -0.598730
vn -0.792803 -0.114020 -0.598718
vn -0.786426 -0.144554 -0.600532
vn -0.786773 -0.142856 -0.600484
vn -0.766084 -0.219700 -0.604026
vn -0.766730 -0.217658 -0.603945
vn -0.728065 -0.314707 -0.608999
vn -0.729601 -0.311511 -0.608805
vn -0.664142 -0.421426 -0.617508
vn -0.667248 -0.417073 -0.617115
vn -0.572629 -0.524711 -0.629900
vn -0.577435 -0.520153 -0.629293
vn -0.467381 -0.605024 -0.644594
vn -0.472428 -0.601791 -0.643941
vn -0.372072 -0.654285 -0.658387
vn -0.375394 -0.652841 -0.657935
vn -0.301929 -0.679491 -0.668679
vn -0.303195 -0.679102 -0.668500
vn -0.252502 -0.692412 -0.675875
vn -0.252876 -0.692323 -0.675828
vn -0.210230 -0.700597 -0.681885
vn -0.210405 -0.700561 -0.681868
vn -0.170757 -0.705864 -0.687458
vn -0.170840 -0.705847 -0.687454
vn -0.135006 -0.708674 -0.692499
vn -0.135011 -0.708665 -0.692507
vn -0.103338 -0.709633 -0.696952
vn -0.103280 -0.709622 -0.696972
vn -0.075991 -0.709311 -0.700787
vn -0.075886 -0.709297 -0.700813
vn -0.053123 -0.708231 -0.703979
vn -0.052987 -0.708212 -0.704009
vn -0.034878 -0.706855 -0.706498
vn -0.034727 -0.706830 -0.706531
vn -0.021898 -0.705630 -0.708242
vn -0.021750 -0.705603 -0.708274
vn -0.015719 -0.705059 -0.708975
vn -0.015614 -0.705038 -0.708998
vn -0.017830 -0.705505 -0.708481
vn -0.017832 -0.705504 -0.708482
vn -0.029346 -0.707004 -0.706600
vn -0.029538 -0.707031 -0.706565
vn -0.051714 -0.709187 -0.703121
vn -0.052220 -0.709246 -0.703024
vn -0.086871 -0.711042 -0.697763
vn -0.087869 -0.711109 -0.697569
vn -0.137176 -0.710497 -0.690201
vn -0.138904 -0.710489 -0.689863
vn -0.204948 -0.703851 -0.680139
vn -0.207671 -0.703569 -0.679605
vn -0.289831 -0.685682 -0.667711
vn -0.293599 -0.684807 -0.666963
vn -0.382591 -0.652241 -0.654374
vn -0.386721 -0.650648 -0.653532
vn -0.470823 -0.605119 -0.641994
vn -0.474473 -0.603078 -0.641227
vn -0.545826 -0.550508 -0.631676
vn -0.548671 -0.548386 -0.631057
vn -0.605078 -0.494873 -0.623684
vn -0.607104 -0.492957 -0.623231
vn -0.649550 -0.443144 -0.617826
vn -0.650897 -0.441589 -0.617520
vn -0.681747 -0.398237 -0.613700
vn -0.682602 -0.397075 -0.613503
vn -0.704466 -0.361329 -0.610876
vn -0.704990 -0.360517 -0.610751
vn -0.720240 -0.332275 -0.608973
vn -0.720554 -0.331742 -0.608892
vn -0.732328 -0.307656 -0.607489
vn -0.732538 -0.307269 -0.607432
vn -0.743695 -0.282279 -0.606000
vn -0.743885 -0.281893 -0.605946
vn -0.755195 -0.253575 -0.604467
vn -0.755382 -0.253145 -0.604413
vn -0.766412 -0.221381 -0.602995
vn -0.766592 -0.220918 -0.602936
vn -0.776765 -0.186102 -0.601666
vn -0.776928 -0.185616 -0.601607
vn -0.785721 -0.148257 -0.600552
vn -0.785853 -0.147764 -0.600501
vn -0.792834 -0.108475 -0.599706
vn -0.792940 -0.107994 -0.599652
vn -0.797757 -0.067559 -0.599182
vn -0.797832 -0.067102 -0.599134
vn -0.800085 -0.031151 -0.599078
vn -0.800115 -0.030813 -0.599054
vn -0.800380 -0.011724 -0.599379
vn -0.800384 -0.011570 -0.599375
vn -0.800015 -0.016127 -0.599763
vn -0.800021 -0.015980 -0.599760
vn -0.798928 -0.040956 -0.600030
vn -0.798953 -0.040615 -0.600021
vn -0.795617 -0.080404 -0.600441
vn -0.795687 -0.079821 -0.600426
vn -0.788581 -0.128760 -0.601299
vn -0.788718 -0.128010 -0.601280
vn -0.777147 -0.180925 -0.602751
vn -0.777349 -0.180133 -0.602728
vn -0.761598 -0.232840 -0.604776
vn -0.761854 -0.232112 -0.604733
vn -0.753158 -0.256814 -0.605640
vn -0.753191 -0.256776 -0.605615
vn -0.792691 -0.114867 -0.598704
vn -0.786098 -0.146153 -0.600574
vn -0.765491 -0.221562 -0.604098
vn -0.726620 -0.317689 -0.609177
vn -0.661123 -0.425610 -0.617877
vn -0.567843 -0.529189 -0.630487
vn -0.462390 -0.608179 -0.645224
vn -0.368935 -0.655639 -0.658805
vn -0.300862 -0.679819 -0.668826
vn -0.252314 -0.692461 -0.675896
vn -0.210238 -0.700604 -0.681875
vn -0.170842 -0.705864 -0.687437
vn -0.135154 -0.708676 -0.692468
vn -0.103532 -0.709643 -0.696913
vn -0.076212 -0.709329 -0.700745
vn -0.053353 -0.708258 -0.703935
vn -0.035104 -0.706886 -0.706455
vn -0.022092 -0.705663 -0.708203
vn -0.015834 -0.705080 -0.708951
vn -0.017798 -0.705502 -0.708485
vn -0.029080 -0.706969 -0.706647
vn -0.051091 -0.709120 -0.703235
vn -0.085719 -0.710971 -0.697978
vn -0.135273 -0.710514 -0.690558
vn -0.202066 -0.704159 -0.680683
vn -0.285968 -0.686587 -0.668446
vn -0.378432 -0.653854 -0.655183
vn -0.467142 -0.607191 -0.642727
vn -0.542924 -0.552691 -0.632271
vn -0.602968 -0.496887 -0.624126
vn -0.648112 -0.444822 -0.618130
vn -0.680810 -0.399531 -0.613899
vn -0.703874 -0.362264 -0.611004
vn -0.719875 -0.332912 -0.609057
vn -0.732070 -0.308150 -0.607551
vn -0.743456 -0.282784 -0.606058
vn -0.754961 -0.254134 -0.604525
vn -0.766189 -0.221982 -0.603057
vn -0.776566 -0.186731 -0.601728
vn -0.785559 -0.148898 -0.600605
vn -0.792707 -0.109104 -0.599760
vn -0.797670 -0.068162 -0.599230
vn -0.800051 -0.031596 -0.599099
vn -0.800376 -0.011897 -0.599380
vn -0.800012 -0.016209 -0.599765
vn -0.798910 -0.041171 -0.600040
vn -0.795563 -0.080830 -0.600455
vn -0.788475 -0.129348 -0.601313
vn -0.776984 -0.181564 -0.602769
vn -0.761385 -0.233435 -0.604815
vn -0.753125 -0.256852 -0.605665
vn -0.966440 -0.216234 0.138694
vn -0.966570 -0.215642 0.138711
vn -0.936289 -0.324361 0.134730
vn -0.936621 -0.323385 0.134774
vn -0.877330 -0.462847 0.126743
vn -0.878095 -0.461366 0.126848
vn -0.778197 -0.617758 0.113066
vn -0.779730 -0.615783 0.113278
vn -0.637355 -0.764888 0.093413
vn -0.639714 -0.762875 0.093743
vn -0.480491 -0.874092 0.071357
vn -0.483011 -0.872673 0.071713
vn -0.345904 -0.936809 0.052333
vn -0.347848 -0.936074 0.052608
vn -0.251012 -0.967203 0.038876
vn -0.252212 -0.966884 0.039046
vn -0.183855 -0.982516 0.029334
vn -0.184783 -0.982338 0.029466
vn -0.124365 -0.992017 0.020868
vn -0.125247 -0.991904 0.020993
vn -0.068170 -0.997591 0.012860
vn -0.068981 -0.997534 0.012975
vn -0.017368 -0.999833 0.005612
vn -0.018099 -0.999820 0.005716
vn 0.027588 -0.999619 -0.000808
vn 0.026945 -0.999637 -0.000716
vn 0.066433 -0.997771 -0.006361
vn 0.065881 -0.997808 -0.006282
vn 0.098997 -0.995027 -0.011020
vn 0.098539 -0.995073 -0.010955
vn 0.125120 -0.992032 -0.014761
vn 0.124760 -0.992078 -0.014709
vn 0.143918 -0.989436 -0.017454
vn 0.143683 -0.989470 -0.017420
vn 0.153221 -0.988013 -0.018786
vn 0.153159 -0.988023 -0.018777
vn 0.151012 -0.988359 -0.018470
vn 0.151149 -0.988338 -0.018490
vn 0.135806 -0.990602 -0.016292
vn 0.136176 -0.990550 -0.016345
vn 0.105560 -0.994341 -0.011960
vn 0.106213 -0.994270 -0.012054
vn 0.057473 -0.998334 -0.005080
vn 0.058470 -0.998275 -0.005223
vn 0.028549 -0.999592 -0.000946
vn 0.028549 -0.999592 -0.000946
vn -0.295828 -0.954170 0.045234
vn -0.295828 -0.954170 0.045234
vn -0.295828 -0.954170 0.045234
vn -0.295828 -0.954170 0.045234
vn -0.295828 -0.954170 0.045234
vn -0.295828 -0.954170 0.045234
vn -0.295828 -0.954170 0.045234
vn -0.295828 -0.954170 0.045234
vn -0.295828 -0.954170 0.045234
vn -0.295828 -0.954170 0.045234
vn -0.295828 -0.954170 0.045234
vn -0.295828 -0.954170 0.045234
vn -0.641285 -0.761527 0.093970
vn -0.641285 -0.761527 0.093970
vn -0.680374 -0.726088 0.099436
vn -0.678993 -0.727406 0.099243
vn -0.746956 -0.655924 0.108718
vn -0.745913 -0.657134 0.108573
vn -0.795834 -0.594397 0.115505
vn -0.795072 -0.595435 0.115400
vn -0.830776 -0.543443 0.120339
vn -0.830235 -0.544285 0.120264
vn -0.855342 -0.503073 0.123721
vn -0.854963 -0.503730 0.123669
vn -0.874408 -0.468456 0.126334
vn -0.874081 -0.469077 0.126289
vn -0.892454 -0.432363 0.128799
vn -0.892126 -0.433051 0.128754
vn -0.910788 -0.391444 0.131288
vn -0.910469 -0.392200 0.131245
vn -0.928821 -0.345558 0.133721
vn -0.928524 -0.346370 0.133681
vn -0.945709 -0.295201 0.135979
vn -0.945448 -0.296054 0.135944
vn -0.960650 -0.241087 0.137943
vn -0.960434 -0.241964 0.137915
vn -0.972964 -0.184052 0.139524
vn -0.972799 -0.184935 0.139503
vn -0.982108 -0.125226 0.140650
vn -0.981999 -0.126092 0.140637
vn -0.987303 -0.072722 0.141225
vn -0.987255 -0.073373 0.141220
vn -0.988974 -0.044117 0.141367
vn -0.988967 -0.044277 0.141366
vn -0.988746 -0.049013 0.141350
vn -0.988759 -0.048734 0.141351
vn -0.986543 -0.082538 0.141138
vn -0.986590 -0.081964 0.141143
vn -0.980653 -0.136345 0.140462
vn -0.980752 -0.135621 0.140474
vn -0.969389 -0.202349 0.139069
vn -0.969542 -0.201599 0.139088
vn -0.952106 -0.273446 0.136824
vn -0.952301 -0.272754 0.136850
vn -0.929356 -0.344092 0.133787
vn -0.929570 -0.343502 0.133815
vn -0.916996 -0.376382 0.132118
vn -0.916996 -0.376382 0.132118
vn -0.591809 -0.122918 0.796652
vn -0.591944 -0.121870 0.796712
vn -0.584424 -0.153319 0.796833
vn -0.584100 -0.154850 0.796774
vn -0.561460 -0.230892 0.794639
vn -0.560899 -0.232591 0.794540
vn -0.519603 -0.328889 0.788571
vn -0.518188 -0.331719 0.788317
vn -0.449876 -0.438000 0.778311
vn -0.446800 -0.442119 0.777754
vn -0.351204 -0.541524 0.763812
vn -0.346145 -0.546081 0.762876
vn -0.239715 -0.618946 0.747959
vn -0.234229 -0.622265 0.746942
vn -0.141190 -0.663487 0.734746
vn -0.137536 -0.664980 0.734088
vn -0.070561 -0.684413 0.725672
vn -0.069122 -0.684825 0.725422
vn -0.021288 -0.694406 0.719268
vn -0.020933 -0.694481 0.719207
vn 0.021356 -0.700473 0.713359
vn 0.021421 -0.700486 0.713344
vn 0.061362 -0.703864 0.707680
vn 0.061344 -0.703867 0.707678
vn 0.097490 -0.704935 0.702540
vn 0.097406 -0.704938 0.702549
vn 0.129443 -0.704315 0.697987
vn 0.129308 -0.704322 0.698004
vn 0.157048 -0.702594 0.694044
vn 0.156882 -0.702609 0.694067
vn 0.180208 -0.700299 0.690729
vn 0.180029 -0.700323 0.690751
vn 0.198821 -0.697887 0.688058
vn 0.198645 -0.697918 0.688078
vn 0.212268 -0.695836 0.686116
vn 0.212123 -0.695867 0.686129
vn 0.218996 -0.694730 0.685121
vn 0.218934 -0.694747 0.685124
vn 0.217573 -0.695020 0.685281
vn 0.217654 -0.695008 0.685267
vn 0.206943 -0.696823 0.686741
vn 0.207252 -0.696776 0.686695
vn 0.185614 -0.699894 0.689707
vn 0.186272 -0.699811 0.689614
vn 0.151505 -0.703390 0.694470
vn 0.152684 -0.703289 0.694314
vn 0.102000 -0.705440 0.701392
vn 0.103923 -0.705408 0.701142
vn 0.034365 -0.702501 0.710853
vn 0.037275 -0.702729 0.710481
vn -0.051381 -0.689092 0.722850
vn -0.047467 -0.689888 0.722359
vn -0.145549 -0.661088 0.736056
vn -0.141381 -0.662572 0.735534
vn -0.235458 -0.619558 0.748804
vn -0.231796 -0.621489 0.748347
vn -0.312676 -0.570012 0.759816
vn -0.309806 -0.572055 0.759456
vn -0.374509 -0.518559 0.768661
vn -0.372442 -0.520427 0.768403
vn -0.421644 -0.470043 0.775420
vn -0.420249 -0.471576 0.775247
vn -0.456350 -0.427460 0.780399
vn -0.455452 -0.428620 0.780288
vn -0.481259 -0.392144 0.783973
vn -0.480704 -0.392967 0.783901
vn -0.498855 -0.364100 0.786496
vn -0.498520 -0.364659 0.786449
vn -0.512667 -0.339870 0.788455
vn -0.512411 -0.340335 0.788421
vn -0.525984 -0.314306 0.790287
vn -0.525732 -0.314816 0.790251
vn -0.539614 -0.285208 0.792132
vn -0.539359 -0.285789 0.792096
vn -0.553041 -0.252592 0.793941
vn -0.552794 -0.253236 0.793908
vn -0.565660 -0.216807 0.795627
vn -0.565438 -0.217497 0.795597
vn -0.576902 -0.178335 0.797108
vn -0.576708 -0.179053 0.797087
vn -0.586271 -0.137769 0.798315
vn -0.586119 -0.138497 0.798300
vn -0.593375 -0.095889 0.799194
vn -0.593278 -0.096605 0.799180
vn -0.597571 -0.058503 0.799679
vn -0.597531 -0.059008 0.799672
vn -0.598956 -0.038179 0.799872
vn -0.598951 -0.038294 0.799870
vn -0.598691 -0.041403 0.799909
vn -0.598696 -0.041363 0.799907
vn -0.596934 -0.064484 0.799695
vn -0.596925 -0.064537 0.799697
vn -0.592538 -0.101694 0.799098
vn -0.592499 -0.101924 0.799097
vn -0.584355 -0.147477 0.797985
vn -0.584278 -0.147846 0.797973
vn -0.571936 -0.196905 0.796315
vn -0.571808 -0.197330 0.796302
vn -0.555677 -0.246098 0.794141
vn -0.555508 -0.246498 0.794134
vn -0.547058 -0.268818 0.792757
vn -0.546974 -0.268958 0.792768
vn -0.592058 -0.120990 0.796762
vn -0.584766 -0.151709 0.796890
vn -0.562072 -0.229039 0.794743
vn -0.521092 -0.325904 0.788828
vn -0.452971 -0.433830 0.778851
vn -0.356119 -0.537060 0.764687
vn -0.245029 -0.615709 0.748908
vn -0.144838 -0.661998 0.735378
vn -0.072102 -0.683980 0.725929
vn -0.021787 -0.694307 0.719349
vn 0.021133 -0.700442 0.713396
vn 0.061231 -0.703852 0.707703
vn 0.097438 -0.704931 0.702551
vn 0.129455 -0.704313 0.697986
vn 0.157108 -0.702588 0.694037
vn 0.180298 -0.700284 0.690720
vn 0.198927 -0.697866 0.688048
vn 0.212366 -0.695813 0.686108
vn 0.219044 -0.694716 0.685120
vn 0.217515 -0.695028 0.685291
vn 0.206701 -0.696859 0.686777
vn 0.185070 -0.699963 0.689783
vn 0.150493 -0.703477 0.694602
vn 0.100291 -0.705468 0.701610
vn 0.031697 -0.702288 0.711187
vn -0.055054 -0.688335 0.723300
vn -0.149510 -0.659666 0.736537
vn -0.238918 -0.617724 0.749223
vn -0.315344 -0.568108 0.760139
vn -0.376387 -0.516861 0.768887
vn -0.422875 -0.468693 0.775567
vn -0.457117 -0.426474 0.780490
vn -0.481712 -0.391471 0.784030
vn -0.499116 -0.363664 0.786531
vn -0.512858 -0.339524 0.788479
vn -0.526168 -0.313928 0.790314
vn -0.539804 -0.284773 0.792159
vn -0.553227 -0.252105 0.793966
vn -0.565829 -0.216282 0.795651
vn -0.577051 -0.177787 0.797122
vn -0.586387 -0.137213 0.798325
vn -0.593448 -0.095342 0.799205
vn -0.597601 -0.058126 0.799684
vn -0.598959 -0.038096 0.799873
vn -0.598689 -0.041390 0.799912
vn -0.596953 -0.064321 0.799693
vn -0.592595 -0.101328 0.799102
vn -0.584461 -0.146966 0.798001
vn -0.572101 -0.196349 0.796334
vn -0.555886 -0.245584 0.794153
vn -0.547141 -0.268681 0.792747
vn 0.141646 0.001278 0.989917
vn 0.141656 0.001268 0.989915
vn 0.141972 0.000957 0.989870
vn 0.141988 0.000942 0.989868
vn 0.142425 0.000642 0.989805
vn 0.142454 0.000628 0.989801
vn 0.143061 0.000445 0.989714
vn 0.143105 0.000440 0.989707
vn 0.143819 0.000491 0.989604
vn 0.143866 0.000504 0.989597
vn 0.144535 0.000830 0.989499
vn 0.144568 0.000856 0.989495
vn 0.145061 0.001348 0.989422
vn 0.145077 0.001370 0.989420
vn 0.145384 0.001851 0.989374
vn 0.145389 0.001861 0.989373
vn 0.145579 0.002235 0.989344
vn 0.145581 0.002239 0.989344
vn 0.145713 0.002531 0.989324
vn 0.145714 0.002534 0.989323
vn 0.145819 0.002797 0.989307
vn 0.145820 0.002799 0.989307
vn 0.145908 0.003045 0.989294
vn 0.145909 0.003047 0.989293
vn 0.145985 0.003277 0.989281
vn 0.145985 0.003277 0.989281
vn 0.146057 0.003488 0.989270
vn 0.146057 0.003488 0.989270
vn 0.146137 0.003674 0.989258
vn 0.146137 0.003674 0.989258
vn 0.146232 0.003839 0.989243
vn 0.146232 0.003838 0.989243
vn 0.146351 0.003981 0.989225
vn 0.146350 0.003980 0.989225
vn 0.146504 0.004091 0.989202
vn 0.146502 0.004090 0.989202
vn 0.146698 0.004155 0.989173
vn 0.146695 0.004154 0.989173
vn 0.146953 0.004157 0.989135
vn 0.146948 0.004157 0.989136
vn 0.147279 0.004075 0.989087
vn 0.147270 0.004078 0.989088
vn 0.147664 0.003873 0.989030
vn 0.147651 0.003882 0.989032
vn 0.148103 0.003498 0.988966
vn 0.148084 0.003518 0.988969
vn 0.148535 0.002885 0.988903
vn 0.148515 0.002923 0.988906
vn 0.148830 0.001987 0.988861
vn 0.148818 0.002048 0.988863
vn 0.148843 0.000883 0.988861
vn 0.148852 0.000951 0.988859
vn 0.148520 -0.000210 0.988909
vn 0.148546 -0.000154 0.988906
vn 0.147947 -0.001116 0.988995
vn 0.147978 -0.001079 0.988990
vn 0.147263 -0.001775 0.989096
vn 0.147291 -0.001754 0.989092
vn 0.146582 -0.002208 0.989196
vn 0.146602 -0.002197 0.989193
vn 0.145965 -0.002458 0.989287
vn 0.145979 -0.002453 0.989285
vn 0.145447 -0.002584 0.989363
vn 0.145455 -0.002583 0.989362
vn 0.145033 -0.002633 0.989423
vn 0.145038 -0.002632 0.989423
vn 0.144691 -0.002634 0.989473
vn 0.144695 -0.002634 0.989473
vn 0.144377 -0.002615 0.989519
vn 0.144381 -0.002616 0.989519
vn 0.144052 -0.002590 0.989567
vn 0.144057 -0.002590 0.989566
vn 0.143705 -0.002549 0.989617
vn 0.143711 -0.002550 0.989617
vn 0.143339 -0.002484 0.989670
vn 0.143345 -0.002485 0.989670
vn 0.142968 -0.002397 0.989724
vn 0.142974 -0.002398 0.989724
vn 0.142598 -0.002274 0.989778
vn 0.142604 -0.002276 0.989777
vn 0.142238 -0.002115 0.989830
vn 0.142243 -0.002118 0.989830
vn 0.141915 -0.001911 0.989877
vn 0.141918 -0.001914 0.989877
vn 0.141692 -0.001645 0.989909
vn 0.141691 -0.001645 0.989910
vn 0.141616 -0.001322 0.989921
vn 0.141616 -0.001318 0.989921
vn 0.141668 -0.000969 0.989914
vn 0.141670 -0.000963 0.989914
vn 0.141796 -0.000603 0.989896
vn 0.141800 -0.000595 0.989895
vn 0.141952 -0.000221 0.989874
vn 0.141956 -0.000212 0.989873
vn 0.142094 0.000165 0.989853
vn 0.142097 0.000175 0.989853
vn 0.142202 0.000541 0.989838
vn 0.142204 0.000550 0.989837
vn 0.142245 0.000721 0.989831
vn 0.142245 0.000721 0.989831
vn 0.792133 0.119161 0.598603
vn 0.784755 0.153063 0.600609
vn 0.761559 0.234177 0.604309
vn 0.721319 0.328914 0.609521
vn 0.655971 0.432981 0.618248
vn 0.564454 0.532437 0.630795
vn 0.457529 0.611236 0.645800
vn 0.355220 0.661499 0.660483
vn 0.275835 0.687137 0.672129
vn 0.219909 0.699008 0.680461
vn 0.175066 0.705276 0.686977
vn 0.134475 0.708494 0.692786
vn 0.097827 0.709351 0.698034
vn 0.065410 0.708490 0.702684
vn 0.037401 0.706521 0.706703
vn 0.013903 0.703989 0.710075
vn -0.005000 0.701362 0.712787
vn -0.018678 0.699134 0.714747
vn -0.025565 0.697915 0.715724
vn -0.024144 0.698196 0.715499
vn -0.013220 0.700131 0.713892
vn 0.008899 0.703494 0.710646
vn 0.044673 0.707407 0.705394
vn 0.097364 0.709807 0.697634
vn 0.170630 0.706548 0.686787
vn 0.264949 0.690850 0.672703
vn 0.366577 0.658198 0.657569
vn 0.454545 0.614033 0.645254
vn 0.525631 0.565248 0.635772
vn 0.581337 0.516733 0.628518
vn 0.623864 0.471841 0.623025
vn 0.655675 0.432499 0.618898
vn 0.678984 0.399623 0.615859
vn 0.695791 0.373227 0.613658
vn 0.709406 0.349856 0.611837
vn 0.722995 0.324351 0.609979
vn 0.737054 0.294981 0.608060
vn 0.750909 0.262087 0.606173
vn 0.763916 0.226066 0.604423
vn 0.775504 0.187395 0.602890
vn 0.785199 0.146652 0.601628
vn 0.792593 0.104633 0.600706
vn 0.797022 0.067278 0.600192
vn 0.798518 0.047739 0.600075
vn 0.798275 0.051262 0.600107
vn 0.796444 0.073513 0.600227
vn 0.791949 0.109578 0.600674
vn 0.783705 0.154414 0.601633
vn 0.771245 0.203255 0.603215
vn 0.754933 0.252165 0.605383
vn 0.746353 0.274488 0.606311
vn -0.178039 0.008550 -0.983986
vn -0.176653 0.008109 -0.984240
vn -0.176622 0.008099 -0.984246
vn -0.177793 0.008472 -0.984032
vn -0.176798 0.008154 -0.984213
vn -0.176749 0.008139 -0.984222
vn -0.177959 0.008525 -0.984001
vn -0.177809 0.008477 -0.984029
vn -0.178499 0.008698 -0.983902
vn -0.178499 0.008698 -0.983902
vn 0.944722 -0.299250 -0.133978
vn 0.944722 -0.299250 -0.133978
vn 0.944722 -0.299250 -0.133978
vn 0.944722 -0.299250 -0.133978
vn 0.157535 -0.002027 0.987511
vn 0.157304 -0.001953 0.987548
vn 0.157239 -0.001932 0.987559
vn 0.157535 -0.002027 0.987511
vn 0.156798 -0.001792 0.987629
vn 0.156776 -0.001785 0.987633
vn 0.156733 -0.001771 0.987640
vn 0.156719 -0.001767 0.987642
vn 0.157339 -0.001964 0.987543
vn 0.157232 -0.001930 0.987560
vn 0.157703 -0.002080 0.987485
vn 0.157703 -0.002080 0.987484
vn -0.944721 0.299249 0.133983
vn -0.944721 0.299249 0.133983
vn -0.944721 0.299249 0.133983
vn -0.944721 0.299249 0.133983
vn -0.178875 0.008815 -0.983832
vn -0.178875 0.008815 -0.983832
s 1
g Seat pCube7 Sides
usemtl lambert7SG
f 1233/1849/1961 1230/1844/1962 1235/1843/1963 1237/1852/1964
s 2
f 1243/1847/1965 1240/1853/1966 1246/1850/1967 1248/1851/1968
s 3
f 1238/1840/1969 1234/1842/1970 1247/1841/1971 1245/1848/1972
s 4
f 1241/1838/1973 1242/1846/1974 1229/1845/1975 1232/1836/1976
s off
f 1298/1904/1977 1348/2537/1978 1398/2536/1979 1448/2535/1980 1498/2534/1981 1548/2533/1982 1598/2487/1983 1648/2254/1984 1698/2304/1985 1748/2486/1986 1798/2485/1987 1848/2483/1988
f 1242/1846/1989 1243/2470/1990 1248/2467/1991 1247/2468/1992 1234/2469/1993 1235/2471/1994 1230/2472/1995 1229/1845/1996
f 1229/1845/1997 1230/1844/1998 1233/1849/1999 1232/1836/2000
f 1235/1843/2001 1234/1842/2002 1238/1840/2003 1237/1852/2004
f 1241/2532/2005 1240/1853/2006 1243/1847/2007 1242/2538/2008
f 1246/1850/2009 1245/1848/2010 1247/1841/2011 1248/1851/2012
f 1231/1835/2013 1232/1836/2014 1233/1849/2015
f 1236/1839/2016 1237/1852/2017 1238/1840/2018
f 1239/1837/2019 1240/1853/2020 1241/2532/2021
f 1244/1854/2022 1245/1848/2023 1246/1850/2024
s 5
f 1236/1839/2025 1238/1840/2026 1299/1905/2027 1249/1855/2028
f 1249/1855/2028 1299/1905/2027 1300/1906/2029 1250/1856/2030
f 1250/1856/2030 1300/1906/2029 1301/1907/2031 1251/1857/2032
f 1251/1857/2032 1301/1907/2031 1302/1908/2033 1252/1858/2034
f 1252/1858/2034 1302/1908/2033 1303/1909/2035 1253/1859/2036
f 1253/1859/2036 1303/1909/2035 1304/1910/2037 1254/1860/2038
f 1254/1860/2038 1304/1910/2037 1305/1911/2039 1255/1861/2040
f 1255/1861/2040 1305/1911/2039 1306/1912/2041 1256/1862/2042
f 1256/1862/2042 1306/1912/2041 1307/1913/2043 1257/1863/2044
f 1257/1863/2044 1307/1913/2043 1308/1914/2045 1258/1864/2046
f 1258/1864/2046 1308/1914/2045 1309/1915/2047 1259/1865/2048
f 1259/1865/2048 1309/1915/2047 1310/1916/2049 1260/1866/2050
f 1260/1866/2050 1310/1916/2049 1311/1917/2051 1261/1867/2052
f 1261/1867/2052 1311/1917/2051 1312/1918/2053 1262/1868/2054
f 1262/1868/2054 1312/1918/2053 1313/1919/2055 1263/1869/2056
f 1263/1869/2056 1313/1919/2055 1314/1920/2057 1264/1870/2058
f 1264/1870/2058 1314/1920/2057 1315/1921/2059 1265/1871/2060
f 1265/1871/2060 1315/1921/2059 1316/1922/2061 1266/1872/2062
f 1266/1872/2062 1316/1922/2061 1317/1923/2063 1267/1873/2064
f 1267/1873/2064 1317/1923/2063 1318/1924/2065 1268/1874/2066
f 1268/1874/2066 1318/1924/2065 1319/1925/2067 1269/1875/2068
f 1269/1875/2068 1319/1925/2067 1320/1926/2069 1270/1876/2070
f 1270/1876/2070 1320/1926/2069 1321/1927/2071 1271/1877/2072
f 1271/1877/2072 1321/1927/2071 1322/1928/2073 1272/1878/2074
f 1272/1878/2074 1322/1928/2073 1323/1929/2075 1273/1879/2076
f 1273/1879/2076 1323/1929/2075 1324/1930/2077 1274/1880/2078
f 1274/1880/2078 1324/1930/2077 1325/1931/2079 1275/1881/2080
f 1275/1881/2080 1325/1931/2079 1326/1932/2081 1276/1882/2082
f 1276/1882/2082 1326/1932/2081 1327/1933/2083 1277/1883/2084
f 1277/1883/2084 1327/1933/2083 1328/1934/2085 1278/1884/2086
f 1278/1884/2086 1328/1934/2085 1329/1935/2087 1279/1885/2088
f 1279/1885/2088 1329/1935/2087 1330/1936/2089 1280/1886/2090
f 1280/1886/2090 1330/1936/2089 1331/1937/2091 1281/1887/2092
f 1281/1887/2092 1331/1937/2091 1332/1938/2093 1282/1888/2094
f 1282/1888/2094 1332/1938/2093 1333/1939/2095 1283/1889/2096
f 1283/1889/2096 1333/1939/2095 1334/1940/2097 1284/1890/2098
f 1284/1890/2098 1334/1940/2097 1335/1941/2099 1285/1891/2100
f 1285/1891/2100 1335/1941/2099 1336/1942/2101 1286/1892/2102
f 1286/1892/2102 1336/1942/2101 1337/1943/2103 1287/1893/2104
f 1287/1893/2104 1337/1943/2103 1338/1944/2105 1288/1894/2106
f 1288/1894/2106 1338/1944/2105 1339/1945/2107 1289/1895/2108
f 1289/1895/2108 1339/1945/2107 1340/1946/2109 1290/1896/2110
f 1290/1896/2110 1340/1946/2109 1341/1947/2111 1291/1897/2112
f 1291/1897/2112 1341/1947/2111 1342/1948/2113 1292/1898/2114
f 1292/1898/2114 1342/1948/2113 1343/1949/2115 1293/1899/2116
f 1293/1899/2116 1343/1949/2115 1344/1950/2117 1294/1900/2118
f 1294/1900/2118 1344/1950/2117 1345/1951/2119 1295/1901/2120
f 1295/1901/2120 1345/1951/2119 1346/1952/2121 1296/1902/2122
f 1296/1902/2122 1346/1952/2121 1347/1953/2123 1297/1903/2124
f 1297/1903/2124 1347/1953/2123 1348/1954/2125 1298/2484/2126
s 3
f 1238/1840/1969 1245/1848/1972 1349/1955/2127 1299/1905/2128
f 1299/1905/2128 1349/1955/2127 1350/1956/2129 1300/1906/2130
f 1300/1906/2130 1350/1956/2129 1351/1957/2131 1301/1907/2132
f 1301/1907/2132 1351/1957/2131 1352/1958/2133 1302/1908/2134
f 1302/1908/2134 1352/1958/2133 1353/1959/2135 1303/1909/2136
f 1303/1909/2136 1353/1959/2135 1354/1960/2137 1304/1910/2138
f 1304/1910/2138 1354/1960/2137 1355/1961/2139 1305/1911/2140
f 1305/1911/2140 1355/1961/2139 1356/1962/2141 1306/1912/2142
f 1306/1912/2142 1356/1962/2141 1357/1963/2143 1307/1913/2144
f 1307/1913/2144 1357/1963/2143 1358/1964/2145 1308/1914/2146
f 1308/1914/2146 1358/1964/2145 1359/1965/2147 1309/1915/2148
f 1309/1915/2148 1359/1965/2147 1360/1966/2149 1310/1916/2150
f 1310/1916/2150 1360/1966/2149 1361/1967/2151 1311/1917/2152
f 1311/1917/2152 1361/1967/2151 1362/1968/2153 1312/1918/2154
f 1312/1918/2154 1362/1968/2153 1363/1969/2155 1313/1919/2156
f 1313/1919/2156 1363/1969/2155 1364/1970/2157 1314/1920/2158
f 1314/1920/2158 1364/1970/2157 1365/1971/2159 1315/1921/2160
f 1315/1921/2160 1365/1971/2159 1366/1972/2161 1316/1922/2162
f 1316/1922/2162 1366/1972/2161 1367/1973/2163 1317/1923/2164
f 1317/1923/2164 1367/1973/2163 1368/1974/2165 1318/1924/2166
f 1318/1924/2166 1368/1974/2165 1369/1975/2167 1319/1925/2168
f 1319/1925/2168 1369/1975/2167 1370/1976/2169 1320/1926/2170
f 1320/1926/2170 1370/1976/2169 1371/1977/2171 1321/1927/2172
f 1321/1927/2172 1371/1977/2171 1372/1978/2173 1322/1928/2174
f 1322/1928/2174 1372/1978/2173 1373/1979/2175 1323/1929/2176
f 1323/1929/2176 1373/1979/2175 1374/1980/2177 1324/1930/2178
f 1324/1930/2178 1374/1980/2177 1375/1981/2179 1325/1931/2180
f 1325/1931/2180 1375/1981/2179 1376/1982/2181 1326/1932/2182
f 1326/1932/2182 1376/1982/2181 1377/1983/2183 1327/1933/2184
f 1327/1933/2184 1377/1983/2183 1378/1984/2185 1328/1934/2186
f 1328/1934/2186 1378/1984/2185 1379/1985/2187 1329/1935/2188
f 1329/1935/2188 1379/1985/2187 1380/1986/2189 1330/1936/2190
f 1330/1936/2190 1380/1986/2189 1381/1987/2191 1331/1937/2192
f 1331/1937/2192 1381/1987/2191 1382/1988/2193 1332/1938/2194
f 1332/1938/2194 1382/1988/2193 1383/1989/2195 1333/1939/2196
f 1333/1939/2196 1383/1989/2195 1384/1990/2197 1334/1940/2198
f 1334/1940/2198 1384/1990/2197 1385/1991/2199 1335/1941/2200
f 1335/1941/2200 1385/1991/2199 1386/1992/2201 1336/1942/2202
f 1336/1942/2202 1386/1992/2201 1387/1993/2203 1337/1943/2204
f 1337/1943/2204 1387/1993/2203 1388/1994/2205 1338/1944/2206
f 1338/1944/2206 1388/1994/2205 1389/1995/2207 1339/1945/2208
f 1339/1945/2208 1389/1995/2207 1390/1996/2209 1340/1946/2210
f 1340/1946/2210 1390/1996/2209 1391/1997/2211 1341/1947/2212
f 1341/1947/2212 1391/1997/2211 1392/1998/2213 1342/1948/2214
f 1342/1948/2214 1392/1998/2213 1393/1999/2215 1343/1949/2216
f 1343/1949/2216 1393/1999/2215 1394/2000/2217 1344/1950/2218
f 1344/1950/2218 1394/2000/2217 1395/2001/2219 1345/1951/2220
f 1345/1951/2220 1395/2001/2219 1396/2002/2221 1346/1952/2222
f 1346/1952/2222 1396/2002/2221 1397/2003/2223 1347/1953/2224
f 1347/1953/2224 1397/2003/2223 1398/2004/2225 1348/1954/2226
s 6
f 1245/1848/2227 1244/1854/2228 1399/2005/2229 1349/1955/2230
f 1349/1955/2230 1399/2005/2229 1400/2006/2231 1350/1956/2232
f 1350/1956/2232 1400/2006/2231 1401/2007/2233 1351/1957/2234
f 1351/1957/2234 1401/2007/2233 1402/2008/2235 1352/1958/2236
f 1352/1958/2236 1402/2008/2235 1403/2009/2237 1353/1959/2238
f 1353/1959/2238 1403/2009/2237 1404/2010/2239 1354/1960/2240
f 1354/1960/2240 1404/2010/2239 1405/2011/2241 1355/1961/2242
f 1355/1961/2242 1405/2011/2241 1406/2012/2243 1356/1962/2244
f 1356/1962/2244 1406/2012/2243 1407/2013/2245 1357/1963/2246
f 1357/1963/2246 1407/2013/2245 1408/2014/2247 1358/1964/2248
f 1358/1964/2248 1408/2014/2247 1409/2015/2249 1359/1965/2250
f 1359/1965/2250 1409/2015/2249 1410/2016/2251 1360/1966/2252
f 1360/1966/2252 1410/2016/2251 1411/2017/2253 1361/1967/2254
f 1361/1967/2254 1411/2017/2253 1412/2018/2255 1362/1968/2256
f 1362/1968/2256 1412/2018/2255 1413/2019/2257 1363/1969/2258
f 1363/1969/2258 1413/2019/2257 1414/2020/2259 1364/1970/2260
f 1364/1970/2260 1414/2020/2259 1415/2021/2261 1365/1971/2262
f 1365/1971/2262 1415/2021/2261 1416/2022/2263 1366/1972/2264
f 1366/1972/2264 1416/2022/2263 1417/2023/2265 1367/1973/2266
f 1367/1973/2266 1417/2023/2265 1418/2024/2267 1368/1974/2268
f 1368/1974/2268 1418/2024/2267 1419/2025/2269 1369/1975/2270
f 1369/1975/2270 1419/2025/2269 1420/2026/2271 1370/1976/2272
f 1370/1976/2272 1420/2026/2271 1421/2027/2273 1371/1977/2274
f 1371/1977/2274 1421/2027/2273 1422/2028/2275 1372/1978/2276
f 1372/1978/2276 1422/2028/2275 1423/2029/2277 1373/1979/2278
f 1373/1979/2278 1423/2029/2277 1424/2030/2279 1374/1980/2280
f 1374/1980/2280 1424/2030/2279 1425/2031/2281 1375/1981/2282
f 1375/1981/2282 1425/2031/2281 1426/2032/2283 1376/1982/2284
f 1376/1982/2284 1426/2032/2283 1427/2033/2285 1377/1983/2286
f 1377/1983/2286 1427/2033/2285 1428/2034/2287 1378/1984/2288
f 1378/1984/2288 1428/2034/2287 1429/2035/2289 1379/1985/2290
f 1379/1985/2290 1429/2035/2289 1430/2036/2291 1380/1986/2292
f 1380/1986/2292 1430/2036/2291 1431/2037/2293 1381/1987/2294
f 1381/1987/2294 1431/2037/2293 1432/2038/2295 1382/1988/2296
f 1382/1988/2296 1432/2038/2295 1433/2039/2297 1383/1989/2298
f 1383/1989/2298 1433/2039/2297 1434/2040/2299 1384/1990/2300
f 1384/1990/2300 1434/2040/2299 1435/2041/2301 1385/1991/2302
f 1385/1991/2302 1435/2041/2301 1436/2042/2303 1386/1992/2304
f 1386/1992/2304 1436/2042/2303 1437/2043/2305 1387/1993/2306
f 1387/1993/2306 1437/2043/2305 1438/2044/2307 1388/1994/2308
f 1388/1994/2308 1438/2044/2307 1439/2045/2309 1389/1995/2310
f 1389/1995/2310 1439/2045/2309 1440/2046/2311 1390/1996/2312
f 1390/1996/2312 1440/2046/2311 1441/2047/2313 1391/1997/2314
f 1391/1997/2314 1441/2047/2313 1442/2048/2315 1392/1998/2316
f 1392/1998/2316 1442/2048/2315 1443/2049/2317 1393/1999/2318
f 1393/1999/2318 1443/2049/2317 1444/2050/2319 1394/2000/2320
f 1394/2000/2320 1444/2050/2319 1445/2051/2321 1395/2001/2322
f 1395/2001/2322 1445/2051/2321 1446/2052/2323 1396/2002/2324
f 1396/2002/2324 1446/2052/2323 1447/2053/2325 1397/2003/2326
f 1397/2003/2326 1447/2053/2325 1448/2054/2327 1398/2004/2328
f 1244/1854/2228 1246/1850/2329 1449/2055/2330 1399/2005/2229
f 1399/2005/2229 1449/2055/2330 1450/2056/2331 1400/2006/2231
f 1400/2006/2231 1450/2056/2331 1451/2057/2332 1401/2007/2233
f 1401/2007/2233 1451/2057/2332 1452/2058/2333 1402/2008/2235
f 1402/2008/2235 1452/2058/2333 1453/2059/2334 1403/2009/2237
f 1403/2009/2237 1453/2059/2334 1454/2060/2335 1404/2010/2239
f 1404/2010/2239 1454/2060/2335 1455/2061/2336 1405/2011/2241
f 1405/2011/2241 1455/2061/2336 1456/2062/2337 1406/2012/2243
f 1406/2012/2243 1456/2062/2337 1457/2063/2338 1407/2013/2245
f 1407/2013/2245 1457/2063/2338 1458/2064/2339 1408/2014/2247
f 1408/2014/2247 1458/2064/2339 1459/2065/2340 1409/2015/2249
f 1409/2015/2249 1459/2065/2340 1460/2066/2341 1410/2016/2251
f 1410/2016/2251 1460/2066/2341 1461/2067/2342 1411/2017/2253
f 1411/2017/2253 1461/2067/2342 1462/2068/2343 1412/2018/2255
f 1412/2018/2255 1462/2068/2343 1463/2069/2344 1413/2019/2257
f 1413/2019/2257 1463/2069/2344 1464/2070/2345 1414/2020/2259
f 1414/2020/2259 1464/2070/2345 1465/2071/2346 1415/2021/2261
f 1415/2021/2261 1465/2071/2346 1466/2072/2347 1416/2022/2263
f 1416/2022/2263 1466/2072/2347 1467/2073/2348 1417/2023/2265
f 1417/2023/2265 1467/2073/2348 1468/2074/2349 1418/2024/2267
f 1418/2024/2267 1468/2074/2349 1469/2075/2350 1419/2025/2269
f 1419/2025/2269 1469/2075/2350 1470/2076/2351 1420/2026/2271
f 1420/2026/2271 1470/2076/2351 1471/2077/2352 1421/2027/2273
f 1421/2027/2273 1471/2077/2352 1472/2078/2353 1422/2028/2275
f 1422/2028/2275 1472/2078/2353 1473/2079/2354 1423/2029/2277
f 1423/2029/2277 1473/2079/2354 1474/2080/2355 1424/2030/2279
f 1424/2030/2279 1474/2080/2355 1475/2081/2356 1425/2031/2281
f 1425/2031/2281 1475/2081/2356 1476/2082/2357 1426/2032/2283
f 1426/2032/2283 1476/2082/2357 1477/2083/2358 1427/2033/2285
f 1427/2033/2285 1477/2083/2358 1478/2084/2359 1428/2034/2287
f 1428/2034/2287 1478/2084/2359 1479/2085/2360 1429/2035/2289
f 1429/2035/2289 1479/2085/2360 1480/2086/2361 1430/2036/2291
f 1430/2036/2291 1480/2086/2361 1481/2087/2362 1431/2037/2293
f 1431/2037/2293 1481/2087/2362 1482/2088/2363 1432/2038/2295
f 1432/2038/2295 1482/2088/2363 1483/2089/2364 1433/2039/2297
f 1433/2039/2297 1483/2089/2364 1484/2090/2365 1434/2040/2299
f 1434/2040/2299 1484/2090/2365 1485/2091/2366 1435/2041/2301
f 1435/2041/2301 1485/2091/2366 1486/2092/2367 1436/2042/2303
f 1436/2042/2303 1486/2092/2367 1487/2093/2368 1437/2043/2305
f 1437/2043/2305 1487/2093/2368 1488/2094/2369 1438/2044/2307
f 1438/2044/2307 1488/2094/2369 1489/2095/2370 1439/2045/2309
f 1439/2045/2309 1489/2095/2370 1490/2096/2371 1440/2046/2311
f 1440/2046/2311 1490/2096/2371 1491/2097/2372 1441/2047/2313
f 1441/2047/2313 1491/2097/2372 1492/2098/2373 1442/2048/2315
f 1442/2048/2315 1492/2098/2373 1493/2099/2374 1443/2049/2317
f 1443/2049/2317 1493/2099/2374 1494/2100/2375 1444/2050/2319
f 1444/2050/2319 1494/2100/2375 1495/2101/2376 1445/2051/2321
f 1445/2051/2321 1495/2101/2376 1496/2102/2377 1446/2052/2323
f 1446/2052/2323 1496/2102/2377 1497/2103/2378 1447/2053/2325
f 1447/2053/2325 1497/2103/2378 1498/2104/2379 1448/2054/2327
s 2
f 1246/1850/1967 1240/1853/1966 1499/2105/2380 1449/2055/2381
f 1449/2055/2381 1499/2105/2380 1500/2106/2382 1450/2056/2383
f 1450/2056/2383 1500/2106/2382 1501/2107/2384 1451/2057/2385
f 1451/2057/2385 1501/2107/2384 1502/2108/2386 1452/2058/2387
f 1452/2058/2387 1502/2108/2386 1503/2109/2388 1453/2059/2389
f 1453/2059/2389 1503/2109/2388 1504/2110/2390 1454/2060/2391
f 1454/2060/2391 1504/2110/2390 1505/2111/2392 1455/2061/2393
f 1455/2061/2393 1505/2111/2392 1506/2112/2394 1456/2062/2395
f 1456/2062/2395 1506/2112/2394 1507/2113/2396 1457/2063/2397
f 1457/2063/2397 1507/2113/2396 1508/2114/2398 1458/2064/2399
f 1458/2064/2399 1508/2114/2398 1509/2115/2400 1459/2065/2401
f 1459/2065/2401 1509/2115/2400 1510/2116/2402 1460/2066/2403
f 1460/2066/2403 1510/2116/2402 1511/2117/2404 1461/2067/2405
f 1461/2067/2405 1511/2117/2404 1512/2118/2406 1462/2068/2407
f 1462/2068/2407 1512/2118/2406 1513/2119/2408 1463/2069/2409
f 1463/2069/2409 1513/2119/2408 1514/2120/2410 1464/2070/2411
f 1464/2070/2411 1514/2120/2410 1515/2121/2412 1465/2071/2413
f 1465/2071/2413 1515/2121/2412 1516/2122/2414 1466/2072/2415
f 1466/2072/2415 1516/2122/2414 1517/2123/2416 1467/2073/2417
f 1467/2073/2417 1517/2123/2416 1518/2124/2418 1468/2074/2419
f 1468/2074/2419 1518/2124/2418 1519/2125/2420 1469/2075/2421
f 1469/2075/2421 1519/2125/2420 1520/2126/2422 1470/2076/2423
f 1470/2076/2423 1520/2126/2422 1521/2127/2424 1471/2077/2425
f 1471/2077/2425 1521/2127/2424 1522/2128/2426 1472/2078/2427
f 1472/2078/2427 1522/2128/2426 1523/2129/2428 1473/2079/2429
f 1473/2079/2429 1523/2129/2428 1524/2130/2430 1474/2080/2431
f 1474/2080/2431 1524/2130/2430 1525/2131/2432 1475/2081/2433
f 1475/2081/2433 1525/2131/2432 1526/2132/2434 1476/2082/2435
f 1476/2082/2435 1526/2132/2434 1527/2133/2436 1477/2083/2437
f 1477/2083/2437 1527/2133/2436 1528/2134/2438 1478/2084/2439
f 1478/2084/2439 1528/2134/2438 1529/2135/2440 1479/2085/2441
f 1479/2085/2441 1529/2135/2440 1530/2136/2442 1480/2086/2443
f 1480/2086/2443 1530/2136/2442 1531/2137/2444 1481/2087/2445
f 1481/2087/2445 1531/2137/2444 1532/2138/2446 1482/2088/2447
f 1482/2088/2447 1532/2138/2446 1533/2139/2448 1483/2089/2449
f 1483/2089/2449 1533/2139/2448 1534/2140/2450 1484/2090/2451
f 1484/2090/2451 1534/2140/2450 1535/2141/2452 1485/2091/2453
f 1485/2091/2453 1535/2141/2452 1536/2142/2454 1486/2092/2455
f 1486/2092/2455 1536/2142/2454 1537/2143/2456 1487/2093/2457
f 1487/2093/2457 1537/2143/2456 1538/2144/2458 1488/2094/2459
f 1488/2094/2459 1538/2144/2458 1539/2145/2460 1489/2095/2461
f 1489/2095/2461 1539/2145/2460 1540/2146/2462 1490/2096/2463
f 1490/2096/2463 1540/2146/2462 1541/2147/2464 1491/2097/2465
f 1491/2097/2465 1541/2147/2464 1542/2148/2466 1492/2098/2467
f 1492/2098/2467 1542/2148/2466 1543/2149/2468 1493/2099/2469
f 1493/2099/2469 1543/2149/2468 1544/2150/2470 1494/2100/2471
f 1494/2100/2471 1544/2150/2470 1545/2151/2472 1495/2101/2473
f 1495/2101/2473 1545/2151/2472 1546/2152/2474 1496/2102/2475
f 1496/2102/2475 1546/2152/2474 1547/2153/2476 1497/2103/2477
f 1497/2103/2477 1547/2153/2476 1548/2154/2478 1498/2104/2479
s 7
f 1240/1853/2480 1239/1837/2481 1549/2155/2482 1499/2105/2483
f 1499/2105/2483 1549/2155/2482 1550/2156/2484 1500/2106/2485
f 1500/2106/2485 1550/2156/2484 1551/2157/2486 1501/2107/2487
f 1501/2107/2487 1551/2157/2486 1552/2158/2488 1502/2108/2489
f 1502/2108/2489 1552/2158/2488 1553/2159/2490 1503/2109/2491
f 1503/2109/2491 1553/2159/2490 1554/2160/2492 1504/2110/2493
f 1504/2110/2493 1554/2160/2492 1555/2161/2494 1505/2111/2495
f 1505/2111/2495 1555/2161/2494 1556/2162/2496 1506/2112/2497
f 1506/2112/2497 1556/2162/2496 1557/2163/2498 1507/2113/2499
f 1507/2113/2499 1557/2163/2498 1558/2164/2500 1508/2114/2501
f 1508/2114/2501 1558/2164/2500 1559/2165/2502 1509/2115/2503
f 1509/2115/2503 1559/2165/2502 1560/2166/2504 1510/2116/2505
f 1510/2116/2505 1560/2166/2504 1561/2167/2506 1511/2117/2507
f 1511/2117/2507 1561/2167/2506 1562/2168/2508 1512/2118/2509
f 1512/2118/2509 1562/2168/2508 1563/2169/2510 1513/2119/2511
f 1513/2119/2511 1563/2169/2510 1564/2170/2512 1514/2120/2513
f 1514/2120/2513 1564/2170/2512 1565/2171/2514 1515/2121/2515
f 1515/2121/2515 1565/2171/2514 1566/2172/2516 1516/2122/2517
f 1516/2122/2517 1566/2172/2516 1567/2173/2518 1517/2123/2519
f 1517/2123/2519 1567/2173/2518 1568/2174/2520 1518/2124/2521
f 1518/2124/2521 1568/2174/2520 1569/2175/2522 1519/2125/2523
f 1519/2125/2523 1569/2175/2522 1570/2176/2524 1520/2126/2525
f 1520/2126/2525 1570/2176/2524 1571/2177/2526 1521/2127/2527
f 1521/2127/2527 1571/2177/2526 1572/2178/2528 1522/2128/2529
f 1522/2128/2529 1572/2178/2528 1573/2179/2530 1523/2129/2531
f 1523/2129/2531 1573/2179/2530 1574/2180/2532 1524/2130/2533
f 1524/2130/2533 1574/2180/2532 1575/2181/2534 1525/2131/2535
f 1525/2131/2535 1575/2181/2534 1576/2182/2536 1526/2132/2537
f 1526/2132/2537 1576/2182/2536 1577/2183/2538 1527/2133/2539
f 1527/2133/2539 1577/2183/2538 1578/2184/2540 1528/2134/2541
f 1528/2134/2541 1578/2184/2540 1579/2185/2542 1529/2135/2543
f 1529/2135/2543 1579/2185/2542 1580/2186/2544 1530/2136/2545
f 1530/2136/2545 1580/2186/2544 1581/2187/2546 1531/2137/2547
f 1531/2137/2547 1581/2187/2546 1582/2188/2548 1532/2138/2549
f 1532/2138/2549 1582/2188/2548 1583/2189/2550 1533/2139/2551
f 1533/2139/2551 1583/2189/2550 1584/2190/2552 1534/2140/2553
f 1534/2140/2553 1584/2190/2552 1585/2191/2554 1535/2141/2555
f 1535/2141/2555 1585/2191/2554 1586/2192/2556 1536/2142/2557
f 1536/2142/2557 1586/2192/2556 1587/2193/2558 1537/2143/2559
f 1537/2143/2559 1587/2193/2558 1588/2194/2560 1538/2144/2561
f 1538/2144/2561 1588/2194/2560 1589/2195/2562 1539/2145/2563
f 1539/2145/2563 1589/2195/2562 1590/2196/2564 1540/2146/2565
f 1540/2146/2565 1590/2196/2564 1591/2197/2566 1541/2147/2567
f 1541/2147/2567 1591/2197/2566 1592/2198/2568 1542/2148/2569
f 1542/2148/2569 1592/2198/2568 1593/2199/2570 1543/2149/2571
f 1543/2149/2571 1593/2199/2570 1594/2200/2572 1544/2150/2573
f 1544/2150/2573 1594/2200/2572 1595/2201/2574 1545/2151/2575
f 1545/2151/2575 1595/2201/2574 1596/2202/2576 1546/2152/2577
f 1546/2152/2577 1596/2202/2576 1597/2203/2578 1547/2153/2579
f 1547/2153/2579 1597/2203/2578 1598/2204/2580 1548/2154/2581
f 1239/1837/2481 1241/2532/2582 1599/2531/2583 1549/2155/2482
f 1549/2155/2482 1599/2531/2583 1600/2530/2584 1550/2156/2484
f 1550/2156/2484 1600/2530/2584 1601/2529/2585 1551/2157/2486
f 1551/2157/2486 1601/2529/2585 1602/2528/2586 1552/2158/2488
f 1552/2158/2488 1602/2528/2586 1603/2527/2587 1553/2159/2490
f 1553/2159/2490 1603/2527/2587 1604/2526/2588 1554/2160/2492
f 1554/2160/2492 1604/2526/2588 1605/2525/2589 1555/2161/2494
f 1555/2161/2494 1605/2525/2589 1606/2524/2590 1556/2162/2496
f 1556/2162/2496 1606/2524/2590 1607/2523/2591 1557/2163/2498
f 1557/2163/2498 1607/2523/2591 1608/2522/2592 1558/2164/2500
f 1558/2164/2500 1608/2522/2592 1609/2521/2593 1559/2165/2502
f 1559/2165/2502 1609/2521/2593 1610/2520/2594 1560/2166/2504
f 1560/2166/2504 1610/2520/2594 1611/2519/2595 1561/2167/2506
f 1561/2167/2506 1611/2519/2595 1612/2518/2596 1562/2168/2508
f 1562/2168/2508 1612/2518/2596 1613/2517/2597 1563/2169/2510
f 1563/2169/2510 1613/2517/2597 1614/2516/2598 1564/2170/2512
f 1564/2170/2512 1614/2516/2598 1615/2515/2599 1565/2171/2514
f 1565/2171/2514 1615/2515/2599 1616/2514/2600 1566/2172/2516
f 1566/2172/2516 1616/2514/2600 1617/2513/2601 1567/2173/2518
f 1567/2173/2518 1617/2513/2601 1618/2512/2602 1568/2174/2520
f 1568/2174/2520 1618/2512/2602 1619/2511/2603 1569/2175/2522
f 1569/2175/2522 1619/2511/2603 1620/2510/2604 1570/2176/2524
f 1570/2176/2524 1620/2510/2604 1621/2482/2605 1571/2177/2526
f 1571/2177/2526 1621/2482/2605 1622/2228/2606 1572/2178/2528
f 1572/2178/2528 1622/2228/2606 1623/2229/2607 1573/2179/2530
f 1573/2179/2530 1623/2229/2607 1624/2230/2608 1574/2180/2532
f 1574/2180/2532 1624/2230/2608 1625/2231/2609 1575/2181/2534
f 1575/2181/2534 1625/2231/2609 1626/2232/2610 1576/2182/2536
f 1576/2182/2536 1626/2232/2610 1627/2509/2611 1577/2183/2538
f 1577/2183/2538 1627/2509/2611 1628/2508/2612 1578/2184/2540
f 1578/2184/2540 1628/2508/2612 1629/2507/2613 1579/2185/2542
f 1579/2185/2542 1629/2507/2613 1630/2506/2614 1580/2186/2544
f 1580/2186/2544 1630/2506/2614 1631/2505/2615 1581/2187/2546
f 1581/2187/2546 1631/2505/2615 1632/2504/2616 1582/2188/2548
f 1582/2188/2548 1632/2504/2616 1633/2503/2617 1583/2189/2550
f 1583/2189/2550 1633/2503/2617 1634/2502/2618 1584/2190/2552
f 1584/2190/2552 1634/2502/2618 1635/2501/2619 1585/2191/2554
f 1585/2191/2554 1635/2501/2619 1636/2500/2620 1586/2192/2556
f 1586/2192/2556 1636/2500/2620 1637/2499/2621 1587/2193/2558
f 1587/2193/2558 1637/2499/2621 1638/2498/2622 1588/2194/2560
f 1588/2194/2560 1638/2498/2622 1639/2497/2623 1589/2195/2562
f 1589/2195/2562 1639/2497/2623 1640/2496/2624 1590/2196/2564
f 1590/2196/2564 1640/2496/2624 1641/2495/2625 1591/2197/2566
f 1591/2197/2566 1641/2495/2625 1642/2494/2626 1592/2198/2568
f 1592/2198/2568 1642/2494/2626 1643/2493/2627 1593/2199/2570
f 1593/2199/2570 1643/2493/2627 1644/2492/2628 1594/2200/2572
f 1594/2200/2572 1644/2492/2628 1645/2491/2629 1595/2201/2574
f 1595/2201/2574 1645/2491/2629 1646/2490/2630 1596/2202/2576
f 1596/2202/2576 1646/2490/2630 1647/2489/2631 1597/2203/2578
f 1597/2203/2578 1647/2489/2631 1648/2488/2632 1598/2204/2580
s 4
f 1241/1838/1973 1232/1836/1976 1649/2255/2633 1599/2205/2634
f 1599/2205/2634 1649/2255/2633 1650/2256/2635 1600/2206/2636
f 1600/2206/2636 1650/2256/2635 1651/2257/2637 1601/2207/2638
f 1601/2207/2638 1651/2257/2637 1652/2258/2639 1602/2208/2640
f 1602/2208/2640 1652/2258/2639 1653/2259/2641 1603/2209/2642
f 1603/2209/2642 1653/2259/2641 1654/2260/2643 1604/2210/2644
f 1604/2210/2644 1654/2260/2643 1655/2261/2645 1605/2211/2646
f 1605/2211/2646 1655/2261/2645 1656/2262/2647 1606/2212/2648
f 1606/2212/2648 1656/2262/2647 1657/2263/2649 1607/2213/2650
f 1607/2213/2650 1657/2263/2649 1658/2264/2651 1608/2214/2652
f 1608/2214/2652 1658/2264/2651 1659/2265/2653 1609/2215/2654
f 1609/2215/2654 1659/2265/2653 1660/2266/2655 1610/2216/2656
f 1610/2216/2656 1660/2266/2655 1661/2267/2657 1611/2217/2658
f 1611/2217/2658 1661/2267/2657 1662/2268/2659 1612/2218/2660
f 1612/2218/2660 1662/2268/2659 1663/2269/2661 1613/2219/2662
f 1613/2219/2662 1663/2269/2661 1664/2270/2663 1614/2220/2664
f 1614/2220/2664 1664/2270/2663 1665/2271/2665 1615/2221/2666
f 1615/2221/2666 1665/2271/2665 1666/2272/2667 1616/2222/2668
f 1616/2222/2668 1666/2272/2667 1667/2273/2669 1617/2223/2670
f 1617/2223/2670 1667/2273/2669 1668/2274/2671 1618/2224/2672
f 1618/2224/2672 1668/2274/2671 1669/2275/2673 1619/2225/2674
f 1619/2225/2674 1669/2275/2673 1670/2276/2675 1620/2226/2676
f 1620/2226/2676 1670/2276/2675 1671/2277/2677 1621/2227/2678
s off
f 1850/2455/2679 1849/2456/2680 1851/2457/2681 1852/2458/2682 1853/2481/2683 1854/2480/2684 1855/2479/2685 1856/2478/2686 1857/2477/2687 1858/2476/2688 1859/2473/2689 1860/2466/2690
s 8
f 1626/2475/2691 1676/2282/2692 1677/2283/2693 1627/2233/2694
f 1627/2233/2694 1677/2283/2693 1678/2284/2695 1628/2234/2696
f 1628/2234/2696 1678/2284/2695 1679/2285/2697 1629/2235/2698
f 1629/2235/2698 1679/2285/2697 1680/2286/2699 1630/2236/2700
f 1630/2236/2700 1680/2286/2699 1681/2287/2701 1631/2237/2702
f 1631/2237/2702 1681/2287/2701 1682/2288/2703 1632/2238/2704
f 1632/2238/2704 1682/2288/2703 1683/2289/2705 1633/2239/2706
f 1633/2239/2706 1683/2289/2705 1684/2290/2707 1634/2240/2708
f 1634/2240/2708 1684/2290/2707 1685/2291/2709 1635/2241/2710
f 1635/2241/2710 1685/2291/2709 1686/2292/2711 1636/2242/2712
f 1636/2242/2712 1686/2292/2711 1687/2293/2713 1637/2243/2714
f 1637/2243/2714 1687/2293/2713 1688/2294/2715 1638/2244/2716
f 1638/2244/2716 1688/2294/2715 1689/2295/2717 1639/2245/2718
f 1639/2245/2718 1689/2295/2717 1690/2296/2719 1640/2246/2720
f 1640/2246/2720 1690/2296/2719 1691/2297/2721 1641/2247/2722
f 1641/2247/2722 1691/2297/2721 1692/2298/2723 1642/2248/2724
f 1642/2248/2724 1692/2298/2723 1693/2299/2725 1643/2249/2726
f 1643/2249/2726 1693/2299/2725 1694/2300/2727 1644/2250/2728
f 1644/2250/2728 1694/2300/2727 1695/2301/2729 1645/2251/2730
f 1645/2251/2730 1695/2301/2729 1696/2302/2731 1646/2252/2732
f 1646/2252/2732 1696/2302/2731 1697/2303/2733 1647/2253/2734
f 1647/2253/2734 1697/2303/2733 1698/2304/2735 1648/2254/2736
s 9
f 1232/1836/2737 1231/1835/2738 1699/2305/2739 1649/2255/2740
f 1649/2255/2740 1699/2305/2739 1700/2306/2741 1650/2256/2742
f 1650/2256/2742 1700/2306/2741 1701/2307/2743 1651/2257/2744
f 1651/2257/2744 1701/2307/2743 1702/2308/2745 1652/2258/2746
f 1652/2258/2746 1702/2308/2745 1703/2309/2747 1653/2259/2748
f 1653/2259/2748 1703/2309/2747 1704/2310/2749 1654/2260/2750
f 1654/2260/2750 1704/2310/2749 1705/2311/2751 1655/2261/2752
f 1655/2261/2752 1705/2311/2751 1706/2312/2753 1656/2262/2754
f 1656/2262/2754 1706/2312/2753 1707/2313/2755 1657/2263/2756
f 1657/2263/2756 1707/2313/2755 1708/2314/2757 1658/2264/2758
f 1658/2264/2758 1708/2314/2757 1709/2315/2759 1659/2265/2760
f 1659/2265/2760 1709/2315/2759 1710/2316/2761 1660/2266/2762
f 1660/2266/2762 1710/2316/2761 1711/2317/2763 1661/2267/2764
f 1661/2267/2764 1711/2317/2763 1712/2318/2765 1662/2268/2766
f 1662/2268/2766 1712/2318/2765 1713/2319/2767 1663/2269/2768
f 1663/2269/2768 1713/2319/2767 1714/2320/2769 1664/2270/2770
f 1664/2270/2770 1714/2320/2769 1715/2321/2771 1665/2271/2772
f 1665/2271/2772 1715/2321/2771 1716/2322/2773 1666/2272/2774
f 1666/2272/2774 1716/2322/2773 1717/2323/2775 1667/2273/2776
f 1667/2273/2776 1717/2323/2775 1718/2324/2777 1668/2274/2778
f 1668/2274/2778 1718/2324/2777 1719/2325/2779 1669/2275/2780
f 1669/2275/2780 1719/2325/2779 1720/2326/2781 1670/2276/2782
f 1670/2276/2782 1720/2326/2781 1721/2327/2783 1671/2277/2784
f 1671/2277/2784 1721/2327/2783 1722/2328/2785 1672/2278/2786
f 1672/2278/2786 1722/2328/2785 1723/2329/2787 1673/2279/2788
f 1673/2279/2788 1723/2329/2787 1724/2330/2789 1674/2280/2790
f 1674/2280/2790 1724/2330/2789 1725/2331/2791 1675/2281/2792
f 1675/2281/2792 1725/2331/2791 1726/2332/2793 1676/2282/2794
f 1676/2282/2794 1726/2332/2793 1727/2333/2795 1677/2283/2796
f 1677/2283/2796 1727/2333/2795 1728/2334/2797 1678/2284/2798
f 1678/2284/2798 1728/2334/2797 1729/2335/2799 1679/2285/2800
f 1679/2285/2800 1729/2335/2799 1730/2336/2801 1680/2286/2802
f 1680/2286/2802 1730/2336/2801 1731/2337/2803 1681/2287/2804
f 1681/2287/2804 1731/2337/2803 1732/2338/2805 1682/2288/2806
f 1682/2288/2806 1732/2338/2805 1733/2339/2807 1683/2289/2808
f 1683/2289/2808 1733/2339/2807 1734/2340/2809 1684/2290/2810
f 1684/2290/2810 1734/2340/2809 1735/2341/2811 1685/2291/2812
f 1685/2291/2812 1735/2341/2811 1736/2342/2813 1686/2292/2814
f 1686/2292/2814 1736/2342/2813 1737/2343/2815 1687/2293/2816
f 1687/2293/2816 1737/2343/2815 1738/2344/2817 1688/2294/2818
f 1688/2294/2818 1738/2344/2817 1739/2345/2819 1689/2295/2820
f 1689/2295/2820 1739/2345/2819 1740/2346/2821 1690/2296/2822
f 1690/2296/2822 1740/2346/2821 1741/2347/2823 1691/2297/2824
f 1691/2297/2824 1741/2347/2823 1742/2348/2825 1692/2298/2826
f 1692/2298/2826 1742/2348/2825 1743/2349/2827 1693/2299/2828
f 1693/2299/2828 1743/2349/2827 1744/2350/2829 1694/2300/2830
f 1694/2300/2830 1744/2350/2829 1745/2351/2831 1695/2301/2832
f 1695/2301/2832 1745/2351/2831 1746/2352/2833 1696/2302/2834
f 1696/2302/2834 1746/2352/2833 1747/2353/2835 1697/2303/2836
f 1697/2303/2836 1747/2353/2835 1748/2354/2837 1698/2304/2838
f 1231/1835/2738 1233/1849/2839 1749/2355/2840 1699/2305/2739
f 1699/2305/2739 1749/2355/2840 1750/2356/2841 1700/2306/2741
f 1700/2306/2741 1750/2356/2841 1751/2357/2842 1701/2307/2743
f 1701/2307/2743 1751/2357/2842 1752/2358/2843 1702/2308/2745
f 1702/2308/2745 1752/2358/2843 1753/2359/2844 1703/2309/2747
f 1703/2309/2747 1753/2359/2844 1754/2360/2845 1704/2310/2749
f 1704/2310/2749 1754/2360/2845 1755/2361/2846 1705/2311/2751
f 1705/2311/2751 1755/2361/2846 1756/2362/2847 1706/2312/2753
f 1706/2312/2753 1756/2362/2847 1757/2363/2848 1707/2313/2755
f 1707/2313/2755 1757/2363/2848 1758/2364/2849 1708/2314/2757
f 1708/2314/2757 1758/2364/2849 1759/2365/2850 1709/2315/2759
f 1709/2315/2759 1759/2365/2850 1760/2366/2851 1710/2316/2761
f 1710/2316/2761 1760/2366/2851 1761/2367/2852 1711/2317/2763
f 1711/2317/2763 1761/2367/2852 1762/2368/2853 1712/2318/2765
f 1712/2318/2765 1762/2368/2853 1763/2369/2854 1713/2319/2767
f 1713/2319/2767 1763/2369/2854 1764/2370/2855 1714/2320/2769
f 1714/2320/2769 1764/2370/2855 1765/2371/2856 1715/2321/2771
f 1715/2321/2771 1765/2371/2856 1766/2372/2857 1716/2322/2773
f 1716/2322/2773 1766/2372/2857 1767/2373/2858 1717/2323/2775
f 1717/2323/2775 1767/2373/2858 1768/2374/2859 1718/2324/2777
f 1718/2324/2777 1768/2374/2859 1769/2375/2860 1719/2325/2779
f 1719/2325/2779 1769/2375/2860 1770/2376/2861 1720/2326/2781
f 1720/2326/2781 1770/2376/2861 1771/2377/2862 1721/2327/2783
f 1721/2327/2783 1771/2377/2862 1772/2378/2863 1722/2328/2785
f 1722/2328/2785 1772/2378/2863 1773/2379/2864 1723/2329/2787
f 1723/2329/2787 1773/2379/2864 1774/2380/2865 1724/2330/2789
f 1724/2330/2789 1774/2380/2865 1775/2381/2866 1725/2331/2791
f 1725/2331/2791 1775/2381/2866 1776/2382/2867 1726/2332/2793
f 1726/2332/2793 1776/2382/2867 1777/2383/2868 1727/2333/2795
f 1727/2333/2795 1777/2383/2868 1778/2384/2869 1728/2334/2797
f 1728/2334/2797 1778/2384/2869 1779/2385/2870 1729/2335/2799
f 1729/2335/2799 1779/2385/2870 1780/2386/2871 1730/2336/2801
f 1730/2336/2801 1780/2386/2871 1781/2387/2872 1731/2337/2803
f 1731/2337/2803 1781/2387/2872 1782/2388/2873 1732/2338/2805
f 1732/2338/2805 1782/2388/2873 1783/2389/2874 1733/2339/2807
f 1733/2339/2807 1783/2389/2874 1784/2390/2875 1734/2340/2809
f 1734/2340/2809 1784/2390/2875 1785/2391/2876 1735/2341/2811
f 1735/2341/2811 1785/2391/2876 1786/2392/2877 1736/2342/2813
f 1736/2342/2813 1786/2392/2877 1787/2393/2878 1737/2343/2815
f 1737/2343/2815 1787/2393/2878 1788/2394/2879 1738/2344/2817
f 1738/2344/2817 1788/2394/2879 1789/2395/2880 1739/2345/2819
f 1739/2345/2819 1789/2395/2880 1790/2396/2881 1740/2346/2821
f 1740/2346/2821 1790/2396/2881 1791/2397/2882 1741/2347/2823
f 1741/2347/2823 1791/2397/2882 1792/2398/2883 1742/2348/2825
f 1742/2348/2825 1792/2398/2883 1793/2399/2884 1743/2349/2827
f 1743/2349/2827 1793/2399/2884 1794/2400/2885 1744/2350/2829
f 1744/2350/2829 1794/2400/2885 1795/2401/2886 1745/2351/2831
f 1745/2351/2831 1795/2401/2886 1796/2402/2887 1746/2352/2833
f 1746/2352/2833 1796/2402/2887 1797/2403/2888 1747/2353/2835
f 1747/2353/2835 1797/2403/2888 1798/2404/2889 1748/2354/2837
s 1
f 1233/1849/1961 1237/1852/1964 1799/2405/2890 1749/2355/2891
f 1749/2355/2891 1799/2405/2890 1800/2406/2892 1750/2356/2893
f 1750/2356/2893 1800/2406/2892 1801/2407/2894 1751/2357/2895
f 1751/2357/2895 1801/2407/2894 1802/2408/2896 1752/2358/2897
f 1752/2358/2897 1802/2408/2896 1803/2409/2898 1753/2359/2899
f 1753/2359/2899 1803/2409/2898 1804/2410/2900 1754/2360/2901
f 1754/2360/2901 1804/2410/2900 1805/2411/2902 1755/2361/2903
f 1755/2361/2903 1805/2411/2902 1806/2412/2904 1756/2362/2905
f 1756/2362/2905 1806/2412/2904 1807/2413/2906 1757/2363/2907
f 1757/2363/2907 1807/2413/2906 1808/2414/2908 1758/2364/2909
f 1758/2364/2909 1808/2414/2908 1809/2415/2910 1759/2365/2911
f 1759/2365/2911 1809/2415/2910 1810/2416/2912 1760/2366/2913
f 1760/2366/2913 1810/2416/2912 1811/2417/2914 1761/2367/2915
f 1761/2367/2915 1811/2417/2914 1812/2418/2916 1762/2368/2917
f 1762/2368/2917 1812/2418/2916 1813/2419/2918 1763/2369/2919
f 1763/2369/2919 1813/2419/2918 1814/2420/2920 1764/2370/2921
f 1764/2370/2921 1814/2420/2920 1815/2421/2922 1765/2371/2923
f 1765/2371/2923 1815/2421/2922 1816/2422/2924 1766/2372/2925
f 1766/2372/2925 1816/2422/2924 1817/2423/2926 1767/2373/2927
f 1767/2373/2927 1817/2423/2926 1818/2424/2928 1768/2374/2929
f 1768/2374/2929 1818/2424/2928 1819/2425/2930 1769/2375/2931
f 1769/2375/2931 1819/2425/2930 1820/2426/2932 1770/2376/2933
f 1770/2376/2933 1820/2426/2932 1821/2427/2934 1771/2377/2935
f 1771/2377/2935 1821/2427/2934 1822/2428/2936 1772/2378/2937
f 1772/2378/2937 1822/2428/2936 1823/2429/2938 1773/2379/2939
f 1773/2379/2939 1823/2429/2938 1824/2430/2940 1774/2380/2941
f 1774/2380/2941 1824/2430/2940 1825/2431/2942 1775/2381/2943
f 1775/2381/2943 1825/2431/2942 1826/2432/2944 1776/2382/2945
f 1776/2382/2945 1826/2432/2944 1827/2433/2946 1777/2383/2947
f 1777/2383/2947 1827/2433/2946 1828/2434/2948 1778/2384/2949
f 1778/2384/2949 1828/2434/2948 1829/2435/2950 1779/2385/2951
f 1779/2385/2951 1829/2435/2950 1830/2436/2952 1780/2386/2953
f 1780/2386/2953 1830/2436/2952 1831/2437/2954 1781/2387/2955
f 1781/2387/2955 1831/2437/2954 1832/2438/2956 1782/2388/2957
f 1782/2388/2957 1832/2438/2956 1833/2439/2958 1783/2389/2959
f 1783/2389/2959 1833/2439/2958 1834/2440/2960 1784/2390/2961
f 1784/2390/2961 1834/2440/2960 1835/2441/2962 1785/2391/2963
f 1785/2391/2963 1835/2441/2962 1836/2442/2964 1786/2392/2965
f 1786/2392/2965 1836/2442/2964 1837/2443/2966 1787/2393/2967
f 1787/2393/2967 1837/2443/2966 1838/2444/2968 1788/2394/2969
f 1788/2394/2969 1838/2444/2968 1839/2445/2970 1789/2395/2971
f 1789/2395/2971 1839/2445/2970 1840/2446/2972 1790/2396/2973
f 1790/2396/2973 1840/2446/2972 1841/2447/2974 1791/2397/2975
f 1791/2397/2975 1841/2447/2974 1842/2448/2976 1792/2398/2977
f 1792/2398/2977 1842/2448/2976 1843/2449/2978 1793/2399/2979
f 1793/2399/2979 1843/2449/2978 1844/2450/2980 1794/2400/2981
f 1794/2400/2981 1844/2450/2980 1845/2451/2982 1795/2401/2983
f 1795/2401/2983 1845/2451/2982 1846/2452/2984 1796/2402/2985
f 1796/2402/2985 1846/2452/2984 1847/2453/2986 1797/2403/2987
f 1797/2403/2987 1847/2453/2986 1848/2454/2988 1798/2404/2989
s 5
f 1237/1852/2990 1236/1839/2025 1249/1855/2028 1799/2405/2991
f 1799/2405/2991 1249/1855/2028 1250/1856/2030 1800/2406/2992
f 1800/2406/2992 1250/1856/2030 1251/1857/2032 1801/2407/2993
f 1801/2407/2993 1251/1857/2032 1252/1858/2034 1802/2408/2994
f 1802/2408/2994 1252/1858/2034 1253/1859/2036 1803/2409/2995
f 1803/2409/2995 1253/1859/2036 1254/1860/2038 1804/2410/2996
f 1804/2410/2996 1254/1860/2038 1255/1861/2040 1805/2411/2997
f 1805/2411/2997 1255/1861/2040 1256/1862/2042 1806/2412/2998
f 1806/2412/2998 1256/1862/2042 1257/1863/2044 1807/2413/2999
f 1807/2413/2999 1257/1863/2044 1258/1864/2046 1808/2414/3000
f 1808/2414/3000 1258/1864/2046 1259/1865/2048 1809/2415/3001
f 1809/2415/3001 1259/1865/2048 1260/1866/2050 1810/2416/3002
f 1810/2416/3002 1260/1866/2050 1261/1867/2052 1811/2417/3003
f 1811/2417/3003 1261/1867/2052 1262/1868/2054 1812/2418/3004
f 1812/2418/3004 1262/1868/2054 1263/1869/2056 1813/2419/3005
f 1813/2419/3005 1263/1869/2056 1264/1870/2058 1814/2420/3006
f 1814/2420/3006 1264/1870/2058 1265/1871/2060 1815/2421/3007
f 1815/2421/3007 1265/1871/2060 1266/1872/2062 1816/2422/3008
f 1816/2422/3008 1266/1872/2062 1267/1873/2064 1817/2423/3009
f 1817/2423/3009 1267/1873/2064 1268/1874/2066 1818/2424/3010
f 1818/2424/3010 1268/1874/2066 1269/1875/2068 1819/2425/3011
f 1819/2425/3011 1269/1875/2068 1270/1876/2070 1820/2426/3012
f 1820/2426/3012 1270/1876/2070 1271/1877/2072 1821/2427/3013
f 1821/2427/3013 1271/1877/2072 1272/1878/2074 1822/2428/3014
f 1822/2428/3014 1272/1878/2074 1273/1879/2076 1823/2429/3015
f 1823/2429/3015 1273/1879/2076 1274/1880/2078 1824/2430/3016
f 1824/2430/3016 1274/1880/2078 1275/1881/2080 1825/2431/3017
f 1825/2431/3017 1275/1881/2080 1276/1882/2082 1826/2432/3018
f 1826/2432/3018 1276/1882/2082 1277/1883/2084 1827/2433/3019
f 1827/2433/3019 1277/1883/2084 1278/1884/2086 1828/2434/3020
f 1828/2434/3020 1278/1884/2086 1279/1885/2088 1829/2435/3021
f 1829/2435/3021 1279/1885/2088 1280/1886/2090 1830/2436/3022
f 1830/2436/3022 1280/1886/2090 1281/1887/2092 1831/2437/3023
f 1831/2437/3023 1281/1887/2092 1282/1888/2094 1832/2438/3024
f 1832/2438/3024 1282/1888/2094 1283/1889/2096 1833/2439/3025
f 1833/2439/3025 1283/1889/2096 1284/1890/2098 1834/2440/3026
f 1834/2440/3026 1284/1890/2098 1285/1891/2100 1835/2441/3027
f 1835/2441/3027 1285/1891/2100 1286/1892/2102 1836/2442/3028
f 1836/2442/3028 1286/1892/2102 1287/1893/2104 1837/2443/3029
f 1837/2443/3029 1287/1893/2104 1288/1894/2106 1838/2444/3030
f 1838/2444/3030 1288/1894/2106 1289/1895/2108 1839/2445/3031
f 1839/2445/3031 1289/1895/2108 1290/1896/2110 1840/2446/3032
f 1840/2446/3032 1290/1896/2110 1291/1897/2112 1841/2447/3033
f 1841/2447/3033 1291/1897/2112 1292/1898/2114 1842/2448/3034
f 1842/2448/3034 1292/1898/2114 1293/1899/2116 1843/2449/3035
f 1843/2449/3035 1293/1899/2116 1294/1900/2118 1844/2450/3036
f 1844/2450/3036 1294/1900/2118 1295/1901/2120 1845/2451/3037
f 1845/2451/3037 1295/1901/2120 1296/1902/2122 1846/2452/3038
f 1846/2452/3038 1296/1902/2122 1297/1903/2124 1847/2453/3039
f 1847/2453/3039 1297/1903/2124 1298/2484/2126 1848/2454/3040
s 10
f 1625/2231/3041 1624/2230/3042 1849/2456/3043 1850/2455/3044
f 1624/2230/3042 1623/2229/3045 1851/2457/3046 1849/2456/3043
f 1623/2229/3045 1622/2228/3047 1852/2458/3048 1851/2457/3046
f 1622/2228/3047 1621/2482/3049 1853/2481/3050 1852/2458/3048
s off
f 1621/2227/3051 1671/2277/3052 1854/2460/3053 1853/2459/3054
s 11
f 1671/2277/3055 1672/2278/3056 1855/2461/3057 1854/2460/3058
f 1672/2278/3056 1673/2279/3059 1856/2462/3060 1855/2461/3057
f 1673/2279/3059 1674/2280/3061 1857/2463/3062 1856/2462/3060
f 1674/2280/3061 1675/2281/3063 1858/2464/3064 1857/2463/3062
f 1675/2281/3063 1676/2282/3065 1859/2465/3066 1858/2464/3064
s off
f 1676/2282/3067 1626/2475/3068 1860/2474/3069 1859/2465/3070
s 10
f 1626/2232/3071 1625/2231/3041 1850/2455/3044 1860/2466/3072
g default
v 5.690967 0.350142 -1.177548
v 5.806302 0.351452 -1.091037
v 5.744522 0.758623 -1.134983
v 5.686854 0.757968 -1.178239
v 5.802190 0.759278 -1.091727
v 6.094696 0.354115 -1.235216
v 6.008187 0.353438 -1.119873
v 6.047331 0.761603 -1.178235
v 6.004074 0.761264 -1.120564
v 6.090585 0.761941 -1.235906
v 5.701279 0.757674 -1.437805
v 5.744533 0.758013 -1.495477
v 5.658023 0.757336 -1.380134
v 5.662135 0.349510 -1.379444
v 5.748645 0.350187 -1.494786
v 6.004086 0.760654 -1.481057
v 6.061754 0.761309 -1.437801
v 5.946419 0.760000 -1.524313
v 6.065866 0.353483 -1.437111
v 5.950531 0.352173 -1.523623
v 5.997388 1.059680 -1.171120
v 5.931239 1.296080 -1.161497
v 5.849174 1.489009 -1.149465
v 5.751719 1.643962 -1.135116
v 5.640008 1.764720 -1.118625
v 5.517488 1.853690 -1.100490
v 5.390380 1.914261 -1.081611
v 5.265345 1.952688 -1.062959
v 5.146780 1.976898 -1.045186
v 5.032492 1.992108 -1.027996
v 4.920304 2.000018 -1.011082
v 4.810498 2.001572 -0.994490
v 4.703367 1.997703 -0.978261
v 4.599160 1.989336 -0.962437
v 4.498110 1.977377 -0.947052
v 4.400445 1.962714 -0.932142
v 4.306393 1.946223 -0.917742
v 4.216372 1.928933 -0.903915
v 4.130929 1.912103 -0.890744
v 4.050418 1.896934 -0.878282
v 3.975246 1.884572 -0.866591
v 3.905922 1.876086 -0.855748
v 3.843071 1.872403 -0.845844
v 3.787405 1.874208 -0.836983
v 3.739559 1.881803 -0.829257
v 3.698978 1.894921 -0.822586
v 3.661960 1.913223 -0.816440
v 3.626426 1.936927 -0.810523
v 3.591481 1.966393 -0.804708
v 3.556783 2.001843 -0.798947
v 3.522303 2.043179 -0.793236
v 3.488107 2.090006 -0.787582
v 3.454214 2.141726 -0.781987
v 3.420639 2.197592 -0.776450
v 3.388268 2.256474 -0.771095
v 3.357873 2.318004 -0.766030
v 3.329829 2.382463 -0.761310
v 3.304515 2.450156 -0.756990
v 3.282309 2.521409 -0.753125
v 3.263608 2.596555 -0.749774
v 3.248834 2.675943 -0.746995
v 3.238393 2.759957 -0.744851
v 3.231277 2.850795 -0.743201
v 3.224523 2.951718 -0.741636
v 3.214997 3.063597 -0.739710
v 3.199332 3.187027 -0.736942
v 3.174087 3.322612 -0.732845
v 3.135888 3.471034 -0.726938
v 3.081475 3.633096 -0.718758
v 3.007682 3.809772 -0.707856
v 6.039569 1.067960 -1.228220
v 5.971924 1.309384 -1.217957
v 5.887324 1.508438 -1.205141
v 5.785752 1.670409 -1.189784
v 5.667998 1.798291 -1.172009
v 5.537946 1.893248 -1.152375
v 5.403166 1.957752 -1.131971
v 5.271824 1.998101 -1.111982
v 5.149095 2.022904 -1.093174
v 5.031736 2.038186 -1.075104
v 4.916763 2.045936 -1.057350
v 4.804472 2.047151 -1.039959
v 4.695169 2.042813 -1.022977
v 4.589110 2.033890 -1.006444
v 4.486530 2.021327 -0.990396
v 4.387649 2.006047 -0.974869
v 4.292689 1.988952 -0.959896
v 4.202132 1.971107 -0.945549
v 4.116641 1.953810 -0.931926
v 4.036601 1.938277 -0.919089
v 3.962486 1.925652 -0.907106
v 3.894903 1.916974 -0.896068
v 3.834608 1.913095 -0.886086
v 3.782477 1.914544 -0.877287
v 3.739285 1.921337 -0.869781
v 3.704247 1.932836 -0.863455
v 3.672536 1.948708 -0.857617
v 3.641525 1.969466 -0.851894
v 3.610162 1.995813 -0.846138
v 3.578127 2.028264 -0.840307
v 3.545531 2.066913 -0.834413
v 3.512597 2.111455 -0.828490
v 3.479493 2.161312 -0.822560
v 3.446374 2.215697 -0.816642
v 3.414369 2.273137 -0.810891
v 3.384353 2.333062 -0.805434
v 3.356673 2.395770 -0.800318
v 3.331676 2.461587 -0.795595
v 3.309712 2.530866 -0.791317
v 3.291156 2.603974 -0.787537
v 3.276409 2.681296 -0.784314
v 3.265872 2.763261 -0.781707
v 3.258504 2.852575 -0.779575
v 3.251399 2.953136 -0.777516
v 3.241466 3.065639 -0.775091
v 3.225305 3.190408 -0.771815
v 3.199428 3.327784 -0.767191
v 3.160428 3.478203 -0.760733
v 3.105048 3.642272 -0.751980
v 3.030166 3.820820 -0.740486
v 6.010985 1.067333 -1.428382
v 5.943587 1.308762 -1.416385
v 5.859236 1.507822 -1.401835
v 5.757911 1.669798 -1.384744
v 5.640403 1.797686 -1.365236
v 5.510600 1.892648 -1.343868
v 5.376066 1.957158 -1.321731
v 5.244972 1.997512 -1.300008
v 5.122491 2.022320 -1.279466
v 5.005383 2.037607 -1.259662
v 4.890654 2.045363 -1.240175
v 4.778612 2.046583 -1.221050
v 4.669554 2.042251 -1.202334
v 4.563745 2.033333 -1.184068
v 4.461412 2.020776 -1.166287
v 4.362777 2.005502 -1.149025
v 4.268065 1.988412 -1.132318
v 4.177758 1.970572 -1.116237
v 4.092513 1.953280 -1.100882
v 4.012721 1.937753 -1.086310
v 3.938854 1.925133 -1.072594
v 3.871519 1.916461 -1.059823
v 3.811472 1.912587 -1.048107
v 3.759587 1.914042 -1.037575
v 3.716642 1.920841 -1.028334
v 3.681852 1.932345 -1.020274
v 3.650390 1.948222 -1.012703
v 3.619627 1.968986 -1.005246
v 3.588510 1.995338 -0.997757
v 3.556723 2.027795 -0.990191
v 3.524373 2.066449 -0.982565
v 3.491689 2.110996 -0.974908
v 3.458835 2.160859 -0.967244
v 3.425960 2.215249 -0.959592
v 3.394202 2.272695 -0.952108
v 3.364434 2.332625 -0.944917
v 3.337003 2.395338 -0.938068
v 3.312253 2.461161 -0.931611
v 3.290536 2.530445 -0.925599
v 3.272227 2.603559 -0.920085
v 3.257729 2.680887 -0.915129
v 3.247439 2.762857 -0.910788
v 3.240319 2.852176 -0.906923
v 3.233460 2.952743 -0.903130
v 3.223773 3.065251 -0.898971
v 3.207862 3.190025 -0.893961
v 3.182233 3.327406 -0.887604
v 3.143479 3.477831 -0.879413
v 3.088349 3.641905 -0.868926
v 3.013713 3.820459 -0.855698
v 5.954515 1.058739 -1.471342
v 5.888737 1.295148 -1.459118
v 5.807043 1.488084 -1.444486
v 5.709961 1.643046 -1.427537
v 5.598620 1.763812 -1.408445
v 5.476472 1.852790 -1.387710
v 5.349736 1.913369 -1.366231
v 5.225071 1.951805 -1.344979
v 5.106878 1.976022 -1.324605
v 4.992962 1.991241 -1.304815
v 4.881143 1.999159 -1.285301
v 4.771712 2.000721 -1.266108
v 4.664949 1.996861 -1.247279
v 4.561112 1.988502 -1.228854
v 4.460436 1.976550 -1.210870
v 4.363143 1.961896 -1.193359
v 4.269461 1.945412 -1.176359
v 4.179810 1.928131 -1.159932
v 4.094741 1.911309 -1.144160
v 4.014600 1.896148 -1.129098
v 3.939800 1.883795 -1.114807
v 3.870844 1.875316 -1.101363
v 3.808365 1.871641 -1.088859
v 3.753071 1.873455 -1.077398
v 3.705599 1.881058 -1.067072
v 3.665388 1.894184 -1.057801
v 3.628741 1.912494 -1.049054
v 3.593579 1.936206 -1.040536
v 3.559005 1.965681 -1.032121
v 3.524678 2.001138 -1.023760
v 3.490570 2.042483 -1.015448
v 3.456746 2.089318 -1.007194
v 3.423223 2.141046 -0.998998
v 3.390020 2.196920 -0.990862
v 3.358022 2.255811 -0.982906
v 3.327996 2.317348 -0.975241
v 3.300324 2.381815 -0.967921
v 3.275380 2.449517 -0.961001
v 3.253546 2.520777 -0.954535
v 3.235219 2.595932 -0.948582
v 3.220813 2.675329 -0.943204
v 3.210746 2.759351 -0.938460
v 3.204000 2.850197 -0.934210
v 3.197616 2.951128 -0.930044
v 3.188464 3.063015 -0.925517
v 3.173169 3.186452 -0.920150
v 3.148295 3.322046 -0.913452
v 3.110469 3.470476 -0.904945
v 3.056428 3.632546 -0.894164
v 2.983005 3.809231 -0.880663
v 5.898046 1.050145 -1.514302
v 5.833885 1.281534 -1.501852
v 5.754850 1.468346 -1.487138
v 5.662010 1.616293 -1.470330
v 5.556836 1.729939 -1.451655
v 5.442348 1.812933 -1.431552
v 5.323405 1.869581 -1.410732
v 5.205173 1.906098 -1.389949
v 5.091264 1.929724 -1.369744
v 4.980540 1.944875 -1.349967
v 4.871634 1.952955 -1.330427
v 4.764812 1.954859 -1.311166
v 4.660344 1.951471 -1.292225
v 4.558482 1.943671 -1.273641
v 4.459460 1.932325 -1.255452
v 4.363509 1.918290 -1.237693
v 4.270858 1.902413 -1.220400
v 4.181864 1.885690 -1.203626
v 4.096969 1.869339 -1.187439
v 4.016479 1.854544 -1.171886
v 3.940747 1.842456 -1.157020
v 3.870175 1.834172 -1.142904
v 3.805264 1.830695 -1.129611
v 3.746560 1.832867 -1.117222
v 3.694556 1.841274 -1.105809
v 3.648927 1.856023 -1.095327
v 3.607095 1.876765 -1.085406
v 3.567533 1.903425 -1.075827
v 3.529502 1.936022 -1.066486
v 3.492634 1.974481 -1.057328
v 3.456767 2.018515 -1.048332
v 3.421803 2.067638 -1.039480
v 3.387613 2.121232 -1.030753
v 3.354082 2.178589 -1.022131
v 3.321842 2.238925 -1.013704
v 3.291562 2.302069 -1.005565
v 3.263648 2.368290 -0.997774
v 3.238509 2.437872 -0.990390
v 3.216556 2.511108 -0.983471
v 3.198207 2.588304 -0.977080
v 3.183900 2.669770 -0.971279
v 3.174052 2.755843 -0.966130
v 3.167678 2.848216 -0.961497
v 3.161771 2.949512 -0.956958
v 3.153152 3.060777 -0.952063
v 3.138473 3.182878 -0.946337
v 3.114358 3.316686 -0.939300
v 3.077456 3.463120 -0.930476
v 3.024503 3.623187 -0.919403
v 2.952294 3.798002 -0.905626
v 5.700707 1.016392 -1.486015
v 5.642775 1.227689 -1.474391
v 5.574130 1.389995 -1.461085
v 5.498013 1.509871 -1.446578
v 5.417260 1.595022 -1.431300
v 5.333159 1.654071 -1.415462
v 5.245158 1.694985 -1.399011
v 5.152405 1.723820 -1.381843
v 5.055402 1.745078 -1.364044
v 4.957208 1.759950 -1.346056
v 4.859694 1.768675 -1.328145
v 4.763067 1.771940 -1.310344
v 4.667533 1.770436 -1.292684
v 4.573323 1.764865 -1.275201
v 4.480679 1.755938 -1.257930
v 4.389845 1.744378 -1.240909
v 4.301065 1.730922 -1.224177
v 4.214454 1.716427 -1.207750
v 4.130014 1.701951 -1.191634
v 4.047883 1.688617 -1.175851
v 3.968161 1.677587 -1.160419
v 3.890878 1.670074 -1.145346
v 3.815986 1.667385 -1.130630
v 3.743386 1.670987 -1.116262
v 3.673023 1.682606 -1.102237
v 3.605460 1.703838 -1.088643
v 3.542636 1.734307 -1.075754
v 3.485224 1.772757 -1.063663
v 3.433116 1.817840 -1.052351
v 3.385833 1.868299 -1.041744
v 3.342682 1.923089 -1.031741
v 3.302915 1.981364 -1.022232
v 3.265806 2.042414 -1.013111
v 3.230708 2.105703 -1.004285
v 3.197257 2.171814 -0.995703
v 3.165706 2.241381 -0.987402
v 3.136582 2.314615 -0.979460
v 3.110419 2.391709 -0.971953
v 3.087743 2.472847 -0.964956
v 3.069064 2.558202 -0.958544
v 3.054889 2.647940 -0.952788
v 3.045682 2.742217 -0.947756
v 3.040549 2.840693 -0.943319
v 3.036304 2.943441 -0.939021
v 3.029563 3.052216 -0.934387
v 3.017110 3.168964 -0.928963
v 2.995770 3.295617 -0.922299
v 2.962327 3.434064 -0.913944
v 2.913482 3.586108 -0.903433
v 2.845880 3.753438 -0.890291
v 5.658526 1.008112 -1.428915
v 5.602089 1.214386 -1.417931
v 5.535979 1.370565 -1.405409
v 5.463981 1.483423 -1.391910
v 5.389268 1.561451 -1.377915
v 5.312703 1.614513 -1.363577
v 5.232374 1.651493 -1.348651
v 5.145928 1.678407 -1.332819
v 5.053087 1.699071 -1.316056
v 4.957963 1.713872 -1.298948
v 4.863235 1.722757 -1.281878
v 4.769095 1.726360 -1.264875
v 4.675732 1.725327 -1.247969
v 4.583373 1.720312 -1.231193
v 4.492260 1.711988 -1.214585
v 4.402642 1.701045 -1.198183
v 4.314772 1.688192 -1.182024
v 4.228693 1.674253 -1.166117
v 4.144306 1.660244 -1.150452
v 4.061701 1.647274 -1.135045
v 3.980922 1.636507 -1.119905
v 3.901897 1.629186 -1.105026
v 3.824450 1.626692 -1.090388
v 3.748315 1.630650 -1.075958
v 3.673300 1.643071 -1.061714
v 3.600194 1.665922 -1.047775
v 3.532059 1.698821 -1.034578
v 3.470125 1.740217 -1.022292
v 3.414435 1.788419 -1.010920
v 3.364488 1.841876 -1.000385
v 3.319453 1.899353 -0.990563
v 3.278422 1.959915 -0.981323
v 3.240523 2.022828 -0.972537
v 3.204972 2.087598 -0.964093
v 3.171157 2.155151 -0.955905
v 3.139226 2.226322 -0.947998
v 3.109738 2.301308 -0.940452
v 3.083259 2.380279 -0.933347
v 3.060336 2.463390 -0.926764
v 3.041516 2.550783 -0.920779
v 3.027314 2.642588 -0.915468
v 3.018203 2.738914 -0.910899
v 3.013318 2.838914 -0.906945
v 3.009425 2.942023 -0.903141
v 3.003095 3.050175 -0.899006
v 2.991138 3.165583 -0.894089
v 2.970429 3.290448 -0.887953
v 2.937785 3.426897 -0.880148
v 2.889907 3.576934 -0.870210
v 2.823398 3.742392 -0.857660
v 5.616346 0.999832 -1.371814
v 5.561403 1.201082 -1.361470
v 5.497828 1.351135 -1.349733
v 5.429950 1.456975 -1.337243
v 5.361279 1.527880 -1.324530
v 5.292246 1.574956 -1.311692
v 5.219589 1.608002 -1.298291
v 5.139451 1.632994 -1.283797
v 5.050774 1.653065 -1.268068
v 4.958718 1.667795 -1.251840
v 4.866776 1.676840 -1.235610
v 4.775122 1.680782 -1.219406
v 4.683931 1.680218 -1.203253
v 4.593422 1.675759 -1.187186
v 4.503839 1.668038 -1.171241
v 4.415442 1.657712 -1.155456
v 4.328475 1.645463 -1.139871
v 4.242930 1.632079 -1.124484
v 4.158594 1.618538 -1.109270
v 4.075518 1.605932 -1.094238
v 3.993680 1.595428 -1.079390
v 3.912915 1.588298 -1.064707
v 3.832912 1.585999 -1.050146
v 3.753243 1.590314 -1.035654
v 3.673578 1.603536 -1.021191
v 3.594926 1.628007 -1.006907
v 3.521482 1.663335 -0.993402
v 3.455023 1.707677 -0.980922
v 3.395755 1.758998 -0.969490
v 3.343143 1.815454 -0.959025
v 3.296227 1.875618 -0.949386
v 3.253933 1.938465 -0.940415
v 3.215240 2.003241 -0.931964
v 3.179238 2.069492 -0.923903
v 3.145057 2.138487 -0.916109
v 3.112746 2.211262 -0.908594
v 3.082894 2.287999 -0.901444
v 3.056094 2.368847 -0.894742
v 3.032931 2.453932 -0.888572
v 3.013965 2.543363 -0.883016
v 2.999736 2.637234 -0.878150
v 2.990724 2.735608 -0.874043
v 2.986089 2.837133 -0.870570
v 2.982547 2.940604 -0.867261
v 2.976624 3.048131 -0.863624
v 2.965163 3.162200 -0.859215
v 2.945088 3.285275 -0.853607
v 2.913245 3.419726 -0.846352
v 2.866332 3.567757 -0.836988
v 2.800912 3.731341 -0.825030
v 5.644932 1.000459 -1.171653
v 5.589741 1.201704 -1.163042
v 5.525920 1.351751 -1.153039
v 5.457789 1.457586 -1.142282
v 5.388872 1.528485 -1.131304
v 5.319593 1.575556 -1.120199
v 5.246689 1.608597 -1.108532
v 5.166301 1.633583 -1.095771
v 5.077377 1.653649 -1.081776
v 4.985074 1.668374 -1.067281
v 4.892883 1.677413 -1.052785
v 4.800982 1.681349 -1.038315
v 4.709545 1.680780 -1.023896
v 4.618788 1.676315 -1.009562
v 4.528957 1.668589 -0.995351
v 4.440313 1.658258 -0.981300
v 4.353099 1.646003 -0.967448
v 4.267306 1.632614 -0.953795
v 4.182722 1.619067 -0.940314
v 4.099400 1.606455 -0.927017
v 4.017312 1.595946 -0.913903
v 3.936301 1.588811 -0.900952
v 3.856050 1.586507 -0.888126
v 3.776132 1.590816 -0.875367
v 3.696220 1.604033 -0.862637
v 3.617320 1.628498 -0.850088
v 3.543630 1.663821 -0.838316
v 3.476925 1.708158 -0.827569
v 3.417407 1.759473 -0.817872
v 3.364546 1.815923 -0.809140
v 3.317383 1.876082 -0.801234
v 3.274841 1.938924 -0.793997
v 3.235902 2.003694 -0.787280
v 3.199651 2.069940 -0.780952
v 3.165223 2.138929 -0.774892
v 3.132665 2.211699 -0.769111
v 3.102565 2.288431 -0.763695
v 3.075519 2.369273 -0.758726
v 3.052108 2.454353 -0.754290
v 3.032893 2.543778 -0.750468
v 3.018418 2.637644 -0.747335
v 3.009158 2.736013 -0.744962
v 3.004273 2.837532 -0.743223
v 3.000485 2.940997 -0.741647
v 2.994315 3.048519 -0.739743
v 2.982604 3.162583 -0.737069
v 2.962285 3.285652 -0.733193
v 2.930194 3.420098 -0.727673
v 2.883031 3.568123 -0.720043
v 2.817363 3.731702 -0.709818
v 5.701400 1.009052 -1.128693
v 5.644590 1.215318 -1.120309
v 5.578109 1.371489 -1.110388
v 5.505740 1.484339 -1.099489
v 5.430655 1.562358 -1.088094
v 5.353719 1.615413 -1.076357
v 5.273020 1.652385 -1.064031
v 5.186202 1.679290 -1.050800
v 5.092991 1.699947 -1.036637
v 4.997495 1.714740 -1.022129
v 4.902395 1.723616 -1.007659
v 4.807881 1.727211 -0.993257
v 4.714149 1.726169 -0.978951
v 4.621419 1.721146 -0.964776
v 4.529934 1.712814 -0.950768
v 4.439946 1.701863 -0.936966
v 4.351704 1.689002 -0.923407
v 4.265255 1.675055 -0.910101
v 4.180494 1.661038 -0.897036
v 4.097519 1.648060 -0.884229
v 4.016368 1.637285 -0.871689
v 3.936972 1.629955 -0.859411
v 3.859153 1.627453 -0.847374
v 3.782647 1.631404 -0.835543
v 3.707260 1.643816 -0.823900
v 3.633782 1.666659 -0.812561
v 3.565277 1.699550 -0.801964
v 3.502970 1.740938 -0.792279
v 3.446912 1.789132 -0.783507
v 3.396592 1.842581 -0.775572
v 3.351188 1.900050 -0.768351
v 3.309785 1.960603 -0.761711
v 3.271512 2.023508 -0.755526
v 3.235593 2.088269 -0.749682
v 3.201404 2.155814 -0.744095
v 3.169101 2.226978 -0.738788
v 3.139243 2.301955 -0.733842
v 3.112390 2.380918 -0.729337
v 3.089099 2.464021 -0.725354
v 3.069905 2.551406 -0.721970
v 3.055331 2.643203 -0.719260
v 3.045852 2.739520 -0.717290
v 3.040595 2.839512 -0.715936
v 3.036330 2.942614 -0.714733
v 3.029628 3.050757 -0.713198
v 3.017301 3.166157 -0.710881
v 2.996221 3.291013 -0.707346
v 2.963206 3.427455 -0.702141
v 2.914956 3.577484 -0.694804
v 2.848075 3.742933 -0.684854
v 5.757869 1.017646 -1.085732
v 5.699442 1.228932 -1.077576
v 5.630303 1.391227 -1.067736
v 5.553691 1.511092 -1.056696
v 5.472440 1.596233 -1.044885
v 5.387847 1.655271 -1.032514
v 5.299350 1.696174 -1.019530
v 5.206102 1.724998 -1.005830
v 5.108603 1.746245 -0.991498
v 5.009913 1.761107 -0.976976
v 4.911905 1.769821 -0.962533
v 4.814781 1.773074 -0.948198
v 4.718755 1.771560 -0.934005
v 4.624049 1.765978 -0.919988
v 4.530909 1.757040 -0.906185
v 4.439579 1.745469 -0.892632
v 4.350306 1.732002 -0.879366
v 4.263200 1.717496 -0.866406
v 4.178265 1.703009 -0.853757
v 4.095639 1.689665 -0.841441
v 4.015421 1.678624 -0.829476
v 3.937644 1.671100 -0.817870
v 3.862256 1.668400 -0.806622
v 3.789163 1.671991 -0.795720
v 3.718304 1.683599 -0.785162
v 3.650245 1.704821 -0.775035
v 3.586925 1.735279 -0.765613
v 3.529018 1.773718 -0.756989
v 3.476417 1.818790 -0.749144
v 3.428638 1.869238 -0.742004
v 3.384993 1.924017 -0.735467
v 3.344728 1.982281 -0.729426
v 3.307125 2.043321 -0.723772
v 3.271533 2.106599 -0.718413
v 3.237586 2.172699 -0.713297
v 3.205539 2.242255 -0.708464
v 3.175921 2.315478 -0.703988
v 3.149264 2.392561 -0.699949
v 3.126090 2.473689 -0.696419
v 3.106917 2.559032 -0.693473
v 3.092248 2.648760 -0.691184
v 3.082545 2.743025 -0.689619
v 3.076917 2.841491 -0.688649
v 3.072177 2.944227 -0.687819
v 3.064940 3.052992 -0.686652
v 3.051993 3.169729 -0.684694
v 3.030160 3.296372 -0.681498
v 2.996217 3.434808 -0.676610
v 2.946879 3.586841 -0.669565
v 2.878783 3.754159 -0.659890
v 5.955209 1.051399 -1.114019
v 5.890553 1.282777 -1.105036
v 5.811024 1.469579 -1.093789
v 5.717688 1.617514 -1.080449
v 5.612018 1.731149 -1.065240
v 5.497033 1.814133 -1.048605
v 5.377597 1.870770 -1.031251
v 5.258867 1.907276 -1.013936
v 5.144465 1.930892 -0.997198
v 5.033248 1.946031 -0.980888
v 4.923843 1.954101 -0.964815
v 4.816527 1.955993 -0.949020
v 4.711566 1.952595 -0.933546
v 4.609208 1.944783 -0.918430
v 4.509692 1.933427 -0.903708
v 4.413245 1.919381 -0.889416
v 4.320098 1.903494 -0.875589
v 4.230610 1.886760 -0.862282
v 4.145221 1.870397 -0.849562
v 4.064236 1.855592 -0.837476
v 3.988006 1.843493 -0.826077
v 3.916942 1.835198 -0.815428
v 3.851535 1.831710 -0.805602
v 3.792335 1.833871 -0.796679
v 3.739837 1.842268 -0.788734
v 3.693711 1.857005 -0.781719
v 3.651383 1.877737 -0.775264
v 3.611328 1.904386 -0.769153
v 3.572803 1.936972 -0.763278
v 3.535437 1.975420 -0.757588
v 3.499076 2.019443 -0.752059
v 3.463616 2.068556 -0.746674
v 3.428930 2.122139 -0.741413
v 3.394905 2.179485 -0.736259
v 3.362171 2.239810 -0.731298
v 3.331393 2.302943 -0.726627
v 3.302987 2.369153 -0.722302
v 3.277354 2.438724 -0.718385
v 3.254903 2.511950 -0.714934
v 3.236060 2.589134 -0.712009
v 3.221255 2.670589 -0.709676
v 3.210914 2.756652 -0.707994
v 3.204043 2.849014 -0.706827
v 3.197644 2.950299 -0.705755
v 3.188529 3.061554 -0.704328
v 3.173356 3.183644 -0.702069
v 3.148746 3.317441 -0.698498
v 3.111348 3.463864 -0.693142
v 3.057900 3.623919 -0.685536
v 2.985198 3.798724 -0.675226
v 3.207292 0.377720 -0.947634
v 3.133847 0.413049 -0.934129
v 3.285944 0.353249 -0.961917
v 3.365609 0.340028 -0.976381
v 3.445278 0.335713 -0.990873
v 3.468416 0.336220 -0.828852
v 3.388497 0.340530 -0.816094
v 3.308586 0.353746 -0.803364
v 3.229686 0.378211 -0.790814
v 3.155993 0.413535 -0.779042
v 3.089290 0.457871 -0.768296
v 3.067389 0.457391 -0.921649
vt 0.309362 0.555382
vt 0.306079 0.552305
vt 0.346471 0.607257
vt 0.297082 0.543626
vt 0.325215 0.570290
vt 0.328246 0.573593
vt 0.356114 0.571047
vt 0.347838 0.559523
vt 0.341313 0.552057
vt 0.331838 0.542063
vt 0.325396 0.535294
vt 0.315967 0.526588
vt 0.366834 0.591703
vt 0.335819 0.583616
vt 0.312645 0.558458
vt 0.339789 0.591532
vt 0.360874 0.579769
vt 0.322184 0.566986
vt 0.344763 0.603171
vt 0.337804 0.587574
vt 0.311334 0.580440
vt 0.300479 0.588688
vt 0.291505 0.595651
vt 0.283851 0.601652
vt 0.277035 0.606983
vt 0.270728 0.611845
vt 0.264779 0.616354
vt 0.259162 0.620578
vt 0.253903 0.624578
vt 0.248842 0.628492
vt 0.243853 0.632399
vt 0.238895 0.636295
vt 0.233975 0.640170
vt 0.229100 0.644005
vt 0.224273 0.647777
vt 0.219555 0.651547
vt 0.214880 0.655267
vt 0.210291 0.658884
vt 0.205830 0.662359
vt 0.201593 0.665721
vt 0.197586 0.668889
vt 0.193917 0.671922
vt 0.190633 0.674755
vt 0.187789 0.677392
vt 0.185417 0.679832
vt 0.183468 0.682131
vt 0.181711 0.684479
vt 0.180009 0.687003
vt 0.178276 0.689772
vt 0.176452 0.692811
vt 0.174505 0.696101
vt 0.172346 0.699590
vt 0.170042 0.703262
vt 0.167571 0.707016
vt 0.165008 0.710810
vt 0.162385 0.714624
vt 0.159699 0.718465
vt 0.156980 0.722412
vt 0.154190 0.726446
vt 0.151319 0.730590
vt 0.148367 0.734875
vt 0.145345 0.739343
vt 0.142148 0.744072
vt 0.138616 0.749257
vt 0.134749 0.754895
vt 0.130474 0.761059
vt 0.125743 0.767805
vt 0.120498 0.775291
vt 0.114673 0.783715
vt 0.087288 0.792697
vt 0.314197 0.583727
vt 0.303343 0.591817
vt 0.294317 0.598667
vt 0.286564 0.604610
vt 0.279617 0.609947
vt 0.273181 0.614872
vt 0.267135 0.619469
vt 0.261471 0.623765
vt 0.256219 0.627773
vt 0.251163 0.631661
vt 0.246166 0.635522
vt 0.241183 0.639367
vt 0.236243 0.643199
vt 0.231351 0.646995
vt 0.226516 0.650743
vt 0.221764 0.654477
vt 0.217080 0.658172
vt 0.212496 0.661795
vt 0.208069 0.665306
vt 0.203874 0.668714
vt 0.199936 0.671980
vt 0.196365 0.675100
vt 0.193182 0.678007
vt 0.190450 0.680660
vt 0.188201 0.683015
vt 0.186365 0.685106
vt 0.184672 0.687194
vt 0.182970 0.689451
vt 0.181182 0.691971
vt 0.179266 0.694798
vt 0.177205 0.697933
vt 0.174968 0.701297
vt 0.172587 0.704886
vt 0.170054 0.708635
vt 0.167442 0.712424
vt 0.164792 0.716228
vt 0.162096 0.720064
vt 0.159369 0.723971
vt 0.156579 0.727978
vt 0.153709 0.732087
vt 0.150756 0.736325
vt 0.147723 0.740724
vt 0.144486 0.745407
vt 0.140906 0.750563
vt 0.136985 0.756203
vt 0.132673 0.762363
vt 0.127912 0.769116
vt 0.122653 0.776615
vt 0.116846 0.785091
vt 0.110464 0.794830
vt 0.321584 0.593550
vt 0.310576 0.601374
vt 0.301389 0.607938
vt 0.293489 0.613631
vt 0.286439 0.618791
vt 0.279961 0.623634
vt 0.273931 0.628237
vt 0.268313 0.632577
vt 0.263093 0.636604
vt 0.258017 0.640404
vt 0.252993 0.644210
vt 0.247967 0.647879
vt 0.243008 0.651564
vt 0.238120 0.655220
vt 0.233314 0.658829
vt 0.228585 0.662392
vt 0.223977 0.665943
vt 0.219531 0.669468
vt 0.215305 0.672936
vt 0.211347 0.676331
vt 0.207697 0.679632
vt 0.204401 0.682801
vt 0.201474 0.685771
vt 0.198926 0.688437
vt 0.196747 0.690713
vt 0.194860 0.692629
vt 0.193031 0.694468
vt 0.191128 0.696416
vt 0.189090 0.698576
vt 0.186896 0.701014
vt 0.184556 0.703755
vt 0.182089 0.706793
vt 0.179519 0.710088
vt 0.176873 0.713610
vt 0.174205 0.717249
vt 0.171532 0.720944
vt 0.168832 0.724702
vt 0.166090 0.728536
vt 0.163280 0.732466
vt 0.160380 0.736508
vt 0.157372 0.740671
vt 0.154234 0.744969
vt 0.150867 0.749545
vt 0.147170 0.754577
vt 0.143154 0.760141
vt 0.138781 0.766245
vt 0.133985 0.772949
vt 0.128729 0.780412
vt 0.123001 0.788903
vt 0.116890 0.798942
vt 0.323755 0.597314
vt 0.312660 0.605069
vt 0.303420 0.611537
vt 0.295523 0.617106
vt 0.288540 0.622133
vt 0.282181 0.626857
vt 0.276283 0.631374
vt 0.270766 0.635671
vt 0.265587 0.639695
vt 0.260482 0.643468
vt 0.255437 0.647230
vt 0.250411 0.650879
vt 0.245455 0.654499
vt 0.240577 0.658100
vt 0.235809 0.661643
vt 0.231106 0.665117
vt 0.226552 0.668588
vt 0.222186 0.672034
vt 0.218060 0.675430
vt 0.214217 0.678757
vt 0.210693 0.681996
vt 0.207513 0.685121
vt 0.204685 0.688074
vt 0.202186 0.690766
vt 0.199970 0.693110
vt 0.197944 0.695116
vt 0.195937 0.697013
vt 0.193854 0.698964
vt 0.191657 0.701078
vt 0.189334 0.703430
vt 0.186899 0.706061
vt 0.184375 0.708975
vt 0.181779 0.712153
vt 0.179138 0.715562
vt 0.176488 0.719111
vt 0.173830 0.722745
vt 0.171140 0.726461
vt 0.168399 0.730267
vt 0.165580 0.734176
vt 0.162662 0.738202
vt 0.159621 0.742355
vt 0.156424 0.746641
vt 0.152981 0.751208
vt 0.149250 0.756209
vt 0.145205 0.761723
vt 0.140827 0.767785
vt 0.136029 0.774455
vt 0.130784 0.781885
vt 0.125105 0.790341
vt 0.119202 0.800304
vt 0.325849 0.601120
vt 0.314653 0.608821
vt 0.305373 0.615198
vt 0.297509 0.620634
vt 0.290638 0.625505
vt 0.284444 0.630079
vt 0.278715 0.634480
vt 0.273313 0.638711
vt 0.268150 0.642714
vt 0.263024 0.646493
vt 0.257967 0.650207
vt 0.252928 0.653833
vt 0.247971 0.657396
vt 0.243108 0.660926
vt 0.238368 0.664436
vt 0.233698 0.667800
vt 0.229208 0.671179
vt 0.224926 0.674534
vt 0.220898 0.677841
vt 0.217164 0.681088
vt 0.213753 0.684241
vt 0.210667 0.687304
vt 0.207907 0.690244
vt 0.205412 0.692981
vt 0.203112 0.695431
vt 0.200918 0.697574
vt 0.198712 0.699566
vt 0.196439 0.701546
vt 0.194086 0.703630
vt 0.191651 0.705904
vt 0.189140 0.708436
vt 0.186584 0.711231
vt 0.183986 0.714283
vt 0.181367 0.717569
vt 0.178746 0.721019
vt 0.176109 0.724584
vt 0.173431 0.728255
vt 0.170691 0.732031
vt 0.167860 0.735921
vt 0.164918 0.739936
vt 0.161837 0.744086
vt 0.158578 0.748378
vt 0.155075 0.752903
vt 0.151310 0.757881
vt 0.147253 0.763325
vt 0.142875 0.769332
vt 0.138084 0.775949
vt 0.132867 0.783323
vt 0.127256 0.791716
vt 0.121523 0.801627
vt 0.331258 0.612185
vt 0.319759 0.619780
vt 0.310321 0.625970
vt 0.302606 0.631067
vt 0.296232 0.635454
vt 0.290733 0.639478
vt 0.285644 0.643395
vt 0.280612 0.647327
vt 0.275436 0.651249
vt 0.270228 0.655024
vt 0.265099 0.658658
vt 0.260059 0.662171
vt 0.255124 0.665590
vt 0.250317 0.668940
vt 0.245673 0.672241
vt 0.241138 0.675417
vt 0.236829 0.678523
vt 0.232768 0.681577
vt 0.228980 0.684585
vt 0.225480 0.687526
vt 0.222306 0.690434
vt 0.219381 0.693231
vt 0.216716 0.696089
vt 0.214074 0.699018
vt 0.211380 0.701921
vt 0.208550 0.704651
vt 0.205646 0.707078
vt 0.202764 0.709201
vt 0.200038 0.711208
vt 0.197428 0.713300
vt 0.194860 0.715544
vt 0.192357 0.718055
vt 0.189861 0.720758
vt 0.187395 0.723693
vt 0.184912 0.726835
vt 0.182361 0.730168
vt 0.179726 0.733677
vt 0.176992 0.737351
vt 0.174117 0.741166
vt 0.171090 0.745143
vt 0.167881 0.749285
vt 0.164434 0.753585
vt 0.160750 0.758079
vt 0.156970 0.762940
vt 0.152923 0.768182
vt 0.148583 0.773945
vt 0.143870 0.780313
vt 0.138766 0.787432
vt 0.133359 0.795546
vt 0.128047 0.805123
vt 0.333133 0.616116
vt 0.321547 0.623686
vt 0.312068 0.629840
vt 0.304398 0.634854
vt 0.298185 0.639099
vt 0.292910 0.642943
vt 0.288012 0.646694
vt 0.283073 0.650519
vt 0.277891 0.654404
vt 0.272646 0.658172
vt 0.267497 0.661777
vt 0.262452 0.665251
vt 0.257526 0.668622
vt 0.252742 0.671914
vt 0.248099 0.675150
vt 0.243608 0.678253
vt 0.239349 0.681273
vt 0.235349 0.684230
vt 0.231631 0.687137
vt 0.228195 0.689966
vt 0.225101 0.692764
vt 0.222249 0.695398
vt 0.219772 0.698034
vt 0.217025 0.701132
vt 0.214110 0.704318
vt 0.210949 0.707340
vt 0.207654 0.710020
vt 0.204451 0.712177
vt 0.201794 0.713980
vt 0.199266 0.715980
vt 0.196755 0.718107
vt 0.194329 0.720533
vt 0.191895 0.723133
vt 0.189499 0.725954
vt 0.187058 0.728997
vt 0.184532 0.732252
vt 0.181906 0.735702
vt 0.179166 0.739339
vt 0.176268 0.743126
vt 0.173210 0.747084
vt 0.169958 0.751218
vt 0.166453 0.755513
vt 0.162748 0.759988
vt 0.158951 0.764789
vt 0.154913 0.769961
vt 0.150592 0.775634
vt 0.145910 0.781904
vt 0.140854 0.788907
vt 0.135528 0.796875
vt 0.130313 0.806322
vt 0.284785 0.553975
vt 0.273889 0.563152
vt 0.265264 0.570590
vt 0.258539 0.576426
vt 0.253191 0.581004
vt 0.248604 0.584848
vt 0.244175 0.588481
vt 0.239498 0.592268
vt 0.234462 0.596359
vt 0.229391 0.600585
vt 0.224497 0.604771
vt 0.219756 0.608894
vt 0.215148 0.612945
vt 0.210662 0.616917
vt 0.206299 0.620796
vt 0.202073 0.624567
vt 0.198001 0.628192
vt 0.194091 0.631646
vt 0.190356 0.634909
vt 0.186843 0.637944
vt 0.183649 0.640699
vt 0.180952 0.643089
vt 0.179082 0.644903
vt 0.220016 0.703130
vt 0.216834 0.706678
vt 0.213294 0.710031
vt 0.209504 0.712961
vt 0.205632 0.715477
vt 0.153117 0.680617
vt 0.151651 0.682969
vt 0.150028 0.685746
vt 0.148323 0.688743
vt 0.146530 0.691865
vt 0.144634 0.695069
vt 0.142597 0.698410
vt 0.140400 0.701930
vt 0.138060 0.705637
vt 0.135597 0.709541
vt 0.133020 0.713649
vt 0.130335 0.717979
vt 0.127542 0.722552
vt 0.124637 0.727394
vt 0.121638 0.732454
vt 0.118529 0.737665
vt 0.115216 0.743139
vt 0.111507 0.748972
vt 0.107374 0.755389
vt 0.102722 0.762425
vt 0.097339 0.770026
vt 0.090422 0.777854
vt 0.293209 0.562772
vt 0.282185 0.571959
vt 0.273372 0.579446
vt 0.266374 0.585398
vt 0.260720 0.590100
vt 0.255841 0.594022
vt 0.251169 0.597677
vt 0.246316 0.601435
vt 0.241167 0.605462
vt 0.236051 0.609622
vt 0.231100 0.613749
vt 0.226285 0.617817
vt 0.221570 0.621821
vt 0.216947 0.625757
vt 0.212413 0.629616
vt 0.207989 0.633397
vt 0.203672 0.637053
vt 0.199441 0.640559
vt 0.195262 0.643905
vt 0.191099 0.647065
vt 0.186853 0.650002
vt 0.182288 0.652637
vt 0.176833 0.654725
vt 0.173326 0.658250
vt 0.169919 0.662014
vt 0.166772 0.666108
vt 0.164071 0.670376
vt 0.161794 0.674624
vt 0.161133 0.679816
vt 0.159847 0.684101
vt 0.158241 0.687964
vt 0.156443 0.691625
vt 0.154498 0.695186
vt 0.152422 0.698696
vt 0.150201 0.702252
vt 0.147834 0.705920
vt 0.145345 0.709718
vt 0.142757 0.713668
vt 0.140072 0.717785
vt 0.137289 0.722094
vt 0.134403 0.726631
vt 0.131405 0.731442
vt 0.128295 0.736502
vt 0.125013 0.741756
vt 0.121511 0.747332
vt 0.117571 0.753287
vt 0.113203 0.759848
vt 0.108234 0.767116
vt 0.102396 0.775117
vt 0.095380 0.783577
vt 0.296349 0.565731
vt 0.285364 0.574796
vt 0.276543 0.582229
vt 0.269464 0.588218
vt 0.263630 0.593045
vt 0.258498 0.597125
vt 0.253581 0.600907
vt 0.248568 0.604722
vt 0.243385 0.608707
vt 0.238266 0.612850
vt 0.233311 0.616963
vt 0.228465 0.621013
vt 0.223709 0.625004
vt 0.219034 0.628930
vt 0.214430 0.632778
vt 0.209931 0.636573
vt 0.205531 0.640236
vt 0.201193 0.643751
vt 0.196892 0.647100
vt 0.192605 0.650260
vt 0.188276 0.653179
vt 0.183830 0.655824
vt 0.179448 0.658291
vt 0.175884 0.661450
vt 0.172629 0.664902
vt 0.169694 0.668647
vt 0.167186 0.672576
vt 0.165185 0.676572
vt 0.164008 0.680984
vt 0.162635 0.685142
vt 0.161018 0.689053
vt 0.159202 0.692803
vt 0.157219 0.696457
vt 0.155084 0.700052
vt 0.152798 0.703679
vt 0.150374 0.707393
vt 0.147838 0.711220
vt 0.145214 0.715186
vt 0.142499 0.719299
vt 0.139688 0.723592
vt 0.136777 0.728103
vt 0.133764 0.732875
vt 0.130642 0.737898
vt 0.127301 0.743144
vt 0.123734 0.748759
vt 0.119736 0.754728
vt 0.115296 0.761314
vt 0.110255 0.768624
vt 0.104405 0.776691
vt 0.097591 0.785305
vt 0.299492 0.568720
vt 0.288539 0.577631
vt 0.279702 0.584994
vt 0.272517 0.591019
vt 0.266473 0.595982
vt 0.261074 0.600238
vt 0.255914 0.604161
vt 0.250755 0.608039
vt 0.245547 0.612029
vt 0.240431 0.616073
vt 0.235482 0.620184
vt 0.230608 0.624217
vt 0.225814 0.628193
vt 0.221092 0.632104
vt 0.216425 0.635938
vt 0.211870 0.639735
vt 0.207385 0.643407
vt 0.202958 0.646932
vt 0.198574 0.650286
vt 0.194231 0.653456
vt 0.189941 0.656389
vt 0.185745 0.659107
vt 0.181825 0.661761
vt 0.178384 0.664695
vt 0.175311 0.667857
vt 0.172596 0.671258
vt 0.170292 0.674834
vt 0.168410 0.678549
vt 0.166937 0.682485
vt 0.165449 0.686418
vt 0.163795 0.690271
vt 0.161948 0.694045
vt 0.159922 0.697760
vt 0.157723 0.701422
vt 0.155373 0.705109
vt 0.152897 0.708863
vt 0.150317 0.712710
vt 0.147663 0.716689
vt 0.144924 0.720796
vt 0.142090 0.725068
vt 0.139160 0.729544
vt 0.136137 0.734272
vt 0.133003 0.739254
vt 0.129607 0.744479
vt 0.125990 0.750113
vt 0.121925 0.756124
vt 0.117416 0.762734
vt 0.112323 0.770077
vt 0.106484 0.778205
vt 0.099798 0.787017
vt 0.308398 0.577225
vt 0.297512 0.585655
vt 0.288587 0.592722
vt 0.281052 0.598756
vt 0.274403 0.604042
vt 0.268273 0.608802
vt 0.262464 0.613195
vt 0.256917 0.617339
vt 0.251655 0.621336
vt 0.246581 0.625284
vt 0.241604 0.629234
vt 0.236666 0.633183
vt 0.231773 0.637097
vt 0.226924 0.640963
vt 0.222113 0.644737
vt 0.217432 0.648566
vt 0.212789 0.652282
vt 0.208219 0.655874
vt 0.203749 0.659299
vt 0.199468 0.662610
vt 0.195381 0.665710
vt 0.191598 0.668644
vt 0.188194 0.671419
vt 0.185214 0.674087
vt 0.182683 0.676669
vt 0.180576 0.679219
vt 0.178723 0.681857
vt 0.177004 0.684665
vt 0.175325 0.687702
vt 0.173588 0.690961
vt 0.171726 0.694408
vt 0.169681 0.697996
vt 0.167481 0.701702
vt 0.165059 0.705455
vt 0.162543 0.709244
vt 0.159949 0.713055
vt 0.157266 0.716911
vt 0.154579 0.720876
vt 0.151794 0.724932
vt 0.148926 0.729111
vt 0.145975 0.733446
vt 0.142964 0.737976
vt 0.139781 0.742791
vt 0.136304 0.747960
vt 0.132505 0.753597
vt 0.128275 0.759754
vt 0.123586 0.766471
vt 0.118366 0.773929
vt 0.112526 0.782287
vt 0.105973 0.791713
vt 0.263170 0.771641
vt 0.267117 0.768675
vt 0.270709 0.765196
vt 0.273886 0.761457
vt 0.117347 0.600968
vt 0.111874 0.608825
vt 0.108271 0.611868
vt 0.104963 0.615298
vt 0.102072 0.619204
vt 0.099816 0.623442
vt 0.098175 0.627856
vt 0.258918 0.773993
vt 0.323320 0.508754
vt 0.331938 0.508063
vt 0.341390 0.515902
vt 0.315463 0.518166
vt 0.342222 0.524615
vt 0.334266 0.534311
vt 0.265265 0.781976
vt 0.092605 0.635451
vt 0.153830 0.679271
vt 0.269089 0.778970
vt 0.273184 0.775765
vt 0.277132 0.772212
vt 0.280720 0.768533
vt 0.284114 0.764886
vt 0.276769 0.757577
vt 0.223010 0.699614
vt 0.089733 0.792756
vt 0.108208 0.793292
vt 0.094840 0.787973
vt 0.095009 0.785494
vt 0.087913 0.777782
vt 0.132560 0.807475
vt 0.137699 0.798190
vt 0.142955 0.790383
vt 0.147969 0.783499
vt 0.152626 0.777323
vt 0.156934 0.771730
vt 0.160966 0.766623
vt 0.164771 0.761876
vt 0.168486 0.757424
vt 0.172050 0.753134
vt 0.175348 0.749007
vt 0.178440 0.745072
vt 0.181381 0.741310
vt 0.184123 0.737704
vt 0.186739 0.734315
vt 0.189245 0.731136
vt 0.191645 0.728185
vt 0.193958 0.725454
vt 0.196340 0.722973
vt 0.198693 0.720682
vt 0.201130 0.718623
vt 0.203506 0.716725
vt 0.225070 0.697600
vt 0.227808 0.695130
vt 0.230842 0.692477
vt 0.234228 0.689756
vt 0.237876 0.686940
vt 0.241812 0.684084
vt 0.246025 0.681150
vt 0.250484 0.678114
vt 0.255112 0.674943
vt 0.259885 0.671707
vt 0.264802 0.668386
vt 0.269852 0.664953
vt 0.275020 0.661377
vt 0.280298 0.657627
vt 0.285481 0.653785
vt 0.290321 0.650074
vt 0.295039 0.646486
vt 0.300125 0.642800
vt 0.306221 0.638667
vt 0.313878 0.633710
vt 0.323407 0.627581
vt 0.335008 0.620045
vt 0.348179 0.611342
vt 0.085476 0.777737
vt 0.080169 0.782465
vt 0.079996 0.784951
vt 0.079992 0.787537
vt 0.084844 0.792668
vt 0.369973 0.600098
vn 0.141434 0.002381 0.989945
vn 0.141371 0.003101 0.989952
vn 0.141371 0.003101 0.989952
vn 0.141427 0.002464 0.989946
vn -0.141369 -0.003102 -0.989952
vn -0.141903 0.002987 -0.989876
vn -0.141842 0.002286 -0.989887
vn -0.141369 -0.003102 -0.989952
vn 0.986943 0.077541 -0.141179
vn 0.989906 0.009740 -0.141389
vn 0.989906 0.009740 -0.141389
vn 0.986970 0.077190 -0.141181
vn -0.987448 -0.070707 0.141235
vn -0.989906 -0.009743 0.141393
vn -0.989906 -0.009743 0.141393
vn -0.987417 -0.071147 0.141232
vn -0.379470 0.923781 0.051297
vn -0.379470 0.923781 0.051297
vn -0.379470 0.923781 0.051297
vn -0.379470 0.923781 0.051297
vn -0.379470 0.923781 0.051297
vn -0.379470 0.923781 0.051297
vn -0.379470 0.923781 0.051297
vn -0.379470 0.923781 0.051297
vn -0.379470 0.923781 0.051297
vn -0.379470 0.923781 0.051297
vn -0.379470 0.923781 0.051297
vn -0.379470 0.923781 0.051297
vn 0.010082 -0.999948 0.001693
vn 0.010082 -0.999948 0.001693
vn 0.010082 -0.999948 0.001693
vn 0.010082 -0.999948 0.001693
vn 0.010082 -0.999948 0.001693
vn 0.010082 -0.999948 0.001693
vn 0.010082 -0.999948 0.001693
vn 0.010082 -0.999948 0.001693
vn -0.600005 -0.004696 0.799983
vn -0.600005 -0.004696 0.799983
vn -0.600005 -0.004696 0.799983
vn -0.600005 -0.004696 0.799983
vn 0.799933 0.009081 0.600021
vn 0.799933 0.009081 0.600021
vn 0.799933 0.009081 0.600021
vn 0.799933 0.009081 0.600021
vn -0.799932 -0.009082 -0.600022
vn -0.799932 -0.009082 -0.600022
vn -0.799932 -0.009082 -0.600022
vn -0.799932 -0.009082 -0.600022
vn 0.600005 0.004695 -0.799982
vn 0.600005 0.004695 -0.799982
vn 0.600005 0.004695 -0.799982
vn 0.600005 0.004695 -0.799982
vn -0.033718 0.995979 0.082998
vn -0.000000 0.000000 0.000000
vn -0.000000 0.000000 0.000000
vn -0.000487 -0.998052 -0.062378
vn -0.000000 -0.000000 -0.000000
vn -0.000000 -0.000000 -0.000000
vn -0.000976 0.999133 -0.041631
vn -0.000000 0.000000 -0.000000
vn -0.000000 0.000000 -0.000000
vn -0.351123 0.000000 0.936329
vn -0.000000 0.000000 0.000000
vn -0.000000 0.000000 0.000000
vn 0.792233 0.118395 0.598623
vn 0.792319 0.117749 0.598637
vn 0.785409 0.149962 0.600537
vn 0.785072 0.151557 0.600576
vn 0.762774 0.230545 0.604173
vn 0.762143 0.232435 0.604245
vn 0.723907 0.323738 0.609222
vn 0.722573 0.326414 0.609379
vn 0.660588 0.426682 0.617710
vn 0.658223 0.429919 0.617990
vn 0.570945 0.526403 0.630018
vn 0.567639 0.529486 0.630420
vn 0.464367 0.606950 0.644962
vn 0.460888 0.609136 0.645396
vn 0.360482 0.659307 0.659823
vn 0.357785 0.660431 0.660167
vn 0.278713 0.686340 0.671756
vn 0.277206 0.686756 0.671954
vn 0.221384 0.698738 0.680260
vn 0.220579 0.698885 0.680371
vn 0.176125 0.705156 0.686830
vn 0.175528 0.705224 0.686913
vn 0.135348 0.708445 0.692667
vn 0.134847 0.708473 0.692736
vn 0.098521 0.709347 0.697941
vn 0.098114 0.709348 0.697996
vn 0.065939 0.708512 0.702611
vn 0.065620 0.708498 0.702656
vn 0.037783 0.706551 0.706653
vn 0.037545 0.706532 0.706685
vn 0.014157 0.704015 0.710044
vn 0.013989 0.703997 0.710065
vn -0.004853 0.701381 0.712770
vn -0.004960 0.701366 0.712784
vn -0.018624 0.699142 0.714740
vn -0.018674 0.699134 0.714747
vn -0.025574 0.697912 0.715727
vn -0.025576 0.697912 0.715726
vn -0.024141 0.698195 0.715500
vn -0.024127 0.698199 0.715497
vn -0.013081 0.700158 0.713868
vn -0.013111 0.700152 0.713874
vn 0.009403 0.703569 0.710564
vn 0.009224 0.703542 0.710594
vn 0.045964 0.707531 0.705186
vn 0.045435 0.707479 0.705272
vn 0.100252 0.709872 0.697159
vn 0.098965 0.709841 0.697375
vn 0.176644 0.706065 0.685761
vn 0.173797 0.706293 0.686254
vn 0.275943 0.688473 0.670716
vn 0.270474 0.689659 0.671724
vn 0.380497 0.652953 0.654885
vn 0.373399 0.655637 0.656288
vn 0.466307 0.607586 0.642959
vn 0.460335 0.610865 0.644155
vn 0.533520 0.559520 0.634266
vn 0.529586 0.562374 0.635039
vn 0.585931 0.512567 0.627662
vn 0.583700 0.514582 0.628092
vn 0.626274 0.469227 0.622581
vn 0.625148 0.470440 0.622797
vn 0.656824 0.431048 0.618692
vn 0.656320 0.431678 0.618788
vn 0.679479 0.398934 0.615760
vn 0.679285 0.399195 0.615805
vn 0.695983 0.372975 0.613593
vn 0.695927 0.373035 0.613621
vn 0.709463 0.349777 0.611815
vn 0.709472 0.349748 0.611821
vn 0.723032 0.324264 0.609982
vn 0.723054 0.324229 0.609975
vn 0.737119 0.294833 0.608053
vn 0.737128 0.294820 0.608050
vn 0.750992 0.261880 0.606160
vn 0.750988 0.261890 0.606161
vn 0.764013 0.225798 0.604399
vn 0.763996 0.225837 0.604407
vn 0.775601 0.187093 0.602859
vn 0.775580 0.187144 0.602871
vn 0.785280 0.146326 0.601602
vn 0.785260 0.146389 0.601612
vn 0.792656 0.104300 0.600681
vn 0.792638 0.104370 0.600692
vn 0.797062 0.067115 0.600157
vn 0.797048 0.067128 0.600174
vn 0.798556 0.047749 0.600024
vn 0.798539 0.047729 0.600048
vn 0.798317 0.051031 0.600071
vn 0.798296 0.051171 0.600088
vn 0.796530 0.072769 0.600204
vn 0.796483 0.073190 0.600215
vn 0.792149 0.108369 0.600630
vn 0.792041 0.109036 0.600652
vn 0.784033 0.152928 0.601586
vn 0.783856 0.153737 0.601611
vn 0.771689 0.201724 0.603162
vn 0.771449 0.202553 0.603190
vn 0.755455 0.250770 0.605312
vn 0.755174 0.251523 0.605350
vn 0.746472 0.274206 0.606292
vn 0.746413 0.274346 0.606302
vn 0.967032 0.213528 -0.138763
vn 0.966915 0.214065 -0.138748
vn 0.934629 0.329207 -0.134500
vn 0.934373 0.329949 -0.134466
vn 0.878064 0.461429 -0.126837
vn 0.877558 0.462408 -0.126768
vn 0.786747 0.606610 -0.114254
vn 0.785888 0.607745 -0.114134
vn 0.658653 0.746246 -0.096400
vn 0.657436 0.747341 -0.096230
vn 0.507378 0.858441 -0.075148
vn 0.505966 0.859291 -0.074949
vn 0.360143 0.931313 -0.054350
vn 0.358817 0.931835 -0.054162
vn 0.243722 0.969107 -0.037842
vn 0.242723 0.969363 -0.037700
vn 0.161428 0.986538 -0.026143
vn 0.160653 0.986668 -0.026033
vn 0.096712 0.995168 -0.016929
vn 0.095987 0.995240 -0.016826
vn 0.038697 0.999214 -0.008656
vn 0.038019 0.999240 -0.008559
vn -0.013710 0.999905 -0.001174
vn -0.014332 0.999897 -0.001085
vn -0.060107 0.998177 0.005458
vn -0.060666 0.998143 0.005538
vn -0.100259 0.994898 0.011202
vn -0.100750 0.994848 0.011273
vn -0.134041 0.990846 0.016038
vn -0.134459 0.990788 0.016098
vn -0.161345 0.986696 0.019951
vn -0.161685 0.986640 0.020000
vn -0.181349 0.983154 0.022819
vn -0.181582 0.983110 0.022852
vn -0.191912 0.981110 0.024332
vn -0.191988 0.981095 0.024343
vn -0.190876 0.981316 0.024183
vn -0.190749 0.981341 0.024165
vn -0.176535 0.984046 0.022126
vn -0.176140 0.984118 0.022070
vn -0.146474 0.989054 0.017818
vn -0.145701 0.989170 0.017707
vn -0.097092 0.995217 0.010747
vn -0.095752 0.995349 0.010555
vn -0.023405 0.999726 0.000210
vn -0.021179 0.999776 -0.000108
vn 0.080718 0.996629 -0.014649
vn 0.084342 0.996321 -0.015166
vn 0.217615 0.975438 -0.034132
vn 0.222914 0.974214 -0.034885
vn 0.366144 0.928920 -0.055197
vn 0.371286 0.926833 -0.055925
vn 0.489708 0.868854 -0.072654
vn 0.493824 0.866472 -0.073234
vn 0.587766 0.804398 -0.086453
vn 0.590850 0.802089 -0.086887
vn 0.665381 0.740131 -0.097337
vn 0.667589 0.738099 -0.097646
vn 0.725818 0.679705 -0.105781
vn 0.727359 0.678022 -0.105996
vn 0.771918 0.625744 -0.112197
vn 0.772973 0.624413 -0.112343
vn 0.806234 0.579923 -0.116946
vn 0.806947 0.578911 -0.117044
vn 0.831273 0.542668 -0.120400
vn 0.831756 0.541914 -0.120467
vn 0.851540 0.509609 -0.123198
vn 0.851967 0.508881 -0.123256
vn 0.871701 0.473570 -0.125967
vn 0.872142 0.472743 -0.126027
vn 0.892619 0.432014 -0.128822
vn 0.893055 0.431095 -0.128881
vn 0.913314 0.385398 -0.131628
vn 0.913726 0.384402 -0.131683
vn 0.932876 0.334240 -0.134261
vn 0.933244 0.333191 -0.134310
vn 0.950459 0.279225 -0.136604
vn 0.950770 0.278145 -0.136645
vn 0.965346 0.221162 -0.138548
vn 0.965589 0.220076 -0.138580
vn 0.976946 0.161160 -0.140014
vn 0.977117 0.160100 -0.140035
vn 0.984177 0.107467 -0.140876
vn 0.984258 0.106713 -0.140885
vn 0.986868 0.078507 -0.141170
vn 0.986882 0.078328 -0.141172
vn 0.986615 0.081653 -0.141152
vn 0.986596 0.081884 -0.141150
vn 0.983779 0.111091 -0.140844
vn 0.983726 0.111574 -0.140838
vn 0.977091 0.160261 -0.140036
vn 0.976993 0.160869 -0.140024
vn 0.965116 0.222182 -0.138517
vn 0.964972 0.222817 -0.138499
vn 0.947249 0.290130 -0.136179
vn 0.947069 0.290726 -0.136155
vn 0.924009 0.358469 -0.133072
vn 0.923811 0.358987 -0.133046
vn 0.911148 0.390590 -0.131335
vn 0.911148 0.390590 -0.131335
vn 0.591729 0.123516 -0.796618
vn 0.591631 0.124293 -0.796570
vn 0.583401 0.158397 -0.796589
vn 0.583718 0.156927 -0.796648
vn 0.558252 0.241140 -0.793856
vn 0.558830 0.239457 -0.793958
vn 0.516080 0.336330 -0.787746
vn 0.517317 0.333911 -0.787964
vn 0.448398 0.440094 -0.777983
vn 0.450604 0.437147 -0.778369
vn 0.354123 0.538629 -0.764510
vn 0.357215 0.535813 -0.765050
vn 0.243793 0.616159 -0.748942
vn 0.247059 0.614159 -0.749514
vn 0.137488 0.664890 -0.734178
vn 0.140046 0.663860 -0.734628
vn 0.054074 0.688899 -0.722838
vn 0.055554 0.688507 -0.723098
vn -0.004772 0.699143 -0.714965
vn -0.003978 0.699008 -0.715103
vn -0.051099 0.703807 -0.708551
vn -0.050534 0.703750 -0.708648
vn -0.092582 0.705458 -0.702679
vn -0.092105 0.705436 -0.702763
vn -0.130031 0.704811 -0.697376
vn -0.129641 0.704813 -0.697447
vn -0.163198 0.702541 -0.692678
vn -0.162888 0.702556 -0.692735
vn -0.191958 0.699269 -0.688603
vn -0.191719 0.699291 -0.688648
vn -0.216257 0.695548 -0.685161
vn -0.216081 0.695570 -0.685195
vn -0.236060 0.691854 -0.682359
vn -0.235936 0.691871 -0.682384
vn -0.250839 0.688697 -0.680277
vn -0.250762 0.688710 -0.680292
vn -0.259184 0.686741 -0.679125
vn -0.259145 0.686748 -0.679133
vn -0.259667 0.686571 -0.679112
vn -0.259646 0.686573 -0.679118
vn -0.251190 0.688459 -0.680388
vn -0.251140 0.688470 -0.680396
vn -0.232191 0.692356 -0.683177
vn -0.232046 0.692388 -0.683194
vn -0.200366 0.697693 -0.687807
vn -0.199989 0.697755 -0.687854
vn -0.152526 0.702910 -0.694733
vn -0.151652 0.702983 -0.694851
vn -0.084769 0.704627 -0.704497
vn -0.082886 0.704583 -0.704765
vn 0.004613 0.696801 -0.717250
vn 0.008165 0.696245 -0.717758
vn 0.104609 0.674063 -0.731229
vn 0.108970 0.672713 -0.731835
vn 0.195350 0.638969 -0.744014
vn 0.198836 0.637331 -0.744495
vn 0.272084 0.596801 -0.754851
vn 0.274247 0.595434 -0.755147
vn 0.334559 0.552232 -0.763617
vn 0.335678 0.551350 -0.763763
vn 0.383654 0.509145 -0.770442
vn 0.384132 0.508708 -0.770493
vn 0.421131 0.470208 -0.775598
vn 0.421273 0.470076 -0.775602
vn 0.449010 0.436956 -0.779397
vn 0.449000 0.436998 -0.779379
vn 0.469349 0.409841 -0.782140
vn 0.469282 0.409961 -0.782116
vn 0.485604 0.385949 -0.784368
vn 0.485543 0.386064 -0.784349
vn 0.501420 0.360354 -0.786589
vn 0.501379 0.360438 -0.786577
vn 0.517776 0.330994 -0.788892
vn 0.517755 0.331046 -0.788885
vn 0.534101 0.297962 -0.791173
vn 0.534100 0.297978 -0.791168
vn 0.549727 0.261573 -0.793334
vn 0.549743 0.261551 -0.793331
vn 0.564018 0.222267 -0.795287
vn 0.564050 0.222208 -0.795280
vn 0.576409 0.180613 -0.796952
vn 0.576448 0.180517 -0.796945
vn 0.586423 0.137379 -0.798270
vn 0.586457 0.137252 -0.798267
vn 0.593173 0.098231 -0.799060
vn 0.593188 0.098197 -0.799053
vn 0.596158 0.075923 -0.799269
vn 0.596160 0.076009 -0.799260
vn 0.596321 0.076136 -0.799128
vn 0.596334 0.076104 -0.799121
vn 0.594125 0.095202 -0.798719
vn 0.594174 0.094933 -0.798714
vn 0.588874 0.128325 -0.797973
vn 0.588971 0.127844 -0.797978
vn 0.579761 0.170442 -0.796760
vn 0.579908 0.169842 -0.796781
vn 0.566511 0.216785 -0.795028
vn 0.566712 0.216165 -0.795054
vn 0.549588 0.263405 -0.792825
vn 0.549822 0.262844 -0.792849
vn 0.540651 0.285151 -0.791445
vn 0.540758 0.284932 -0.791451
vn 0.591516 0.125203 -0.796513
vn 0.583102 0.159795 -0.796528
vn 0.557716 0.242696 -0.793758
vn 0.514912 0.338612 -0.787533
vn 0.446269 0.442930 -0.777597
vn 0.351087 0.541391 -0.763960
vn 0.240563 0.618139 -0.748354
vn 0.134983 0.665908 -0.733721
vn 0.052683 0.689276 -0.722581
vn -0.005456 0.699267 -0.714840
vn -0.051545 0.703857 -0.708469
vn -0.092944 0.705478 -0.702610
vn -0.130315 0.704815 -0.697319
vn -0.163411 0.702536 -0.692633
vn -0.192108 0.699260 -0.688571
vn -0.216357 0.695540 -0.685138
vn -0.236119 0.691849 -0.682343
vn -0.250870 0.688694 -0.680268
vn -0.259206 0.686738 -0.679119
vn -0.259711 0.686564 -0.679102
vn -0.251311 0.688433 -0.680370
vn -0.232483 0.692296 -0.683138
vn -0.200995 0.697596 -0.687722
vn -0.153796 0.702807 -0.694557
vn -0.087204 0.704678 -0.704148
vn 0.000478 0.697428 -0.716655
vn 0.099750 0.675541 -0.730544
vn 0.191352 0.640833 -0.743450
vn 0.269421 0.598482 -0.754475
vn 0.333014 0.553458 -0.763404
vn 0.382851 0.509903 -0.770340
vn 0.420755 0.470610 -0.775559
vn 0.448859 0.437124 -0.779389
vn 0.469304 0.409878 -0.782147
vn 0.485566 0.385987 -0.784372
vn 0.501359 0.360444 -0.786587
vn 0.517696 0.331135 -0.788886
vn 0.534006 0.298155 -0.791164
vn 0.549624 0.261816 -0.793326
vn 0.563912 0.222554 -0.795281
vn 0.576310 0.180937 -0.796950
vn 0.586346 0.137729 -0.798267
vn 0.593136 0.098425 -0.799063
vn 0.596151 0.075880 -0.799278
vn 0.596311 0.076129 -0.799136
vn 0.594086 0.095385 -0.798727
vn 0.588796 0.128699 -0.797970
vn 0.579641 0.170930 -0.796743
vn 0.566344 0.217298 -0.795007
vn 0.549392 0.263871 -0.792805
vn 0.540541 0.285374 -0.791440
vn -0.143771 0.012390 -0.989533
vn -0.143687 0.012301 -0.989547
vn -0.146567 0.015137 -0.989085
vn -0.146432 0.015014 -0.989107
vn -0.150493 0.017794 -0.988451
vn -0.150246 0.017670 -0.988491
vn -0.155981 0.019389 -0.987570
vn -0.155612 0.019345 -0.987629
vn -0.162392 0.018839 -0.986546
vn -0.161995 0.018951 -0.986610
vn -0.168311 0.015867 -0.985606
vn -0.168030 0.016083 -0.985651
vn -0.172598 0.011533 -0.984925
vn -0.172469 0.011711 -0.984945
vn -0.175222 0.007385 -0.984501
vn -0.175180 0.007465 -0.984508
vn -0.176835 0.004186 -0.984232
vn -0.176818 0.004221 -0.984234
vn -0.177976 0.001699 -0.984033
vn -0.177966 0.001724 -0.984035
vn -0.178863 -0.000536 -0.983874
vn -0.178857 -0.000517 -0.983875
vn -0.179591 -0.002643 -0.983738
vn -0.179587 -0.002630 -0.983739
vn -0.180233 -0.004589 -0.983613
vn -0.180231 -0.004582 -0.983614
vn -0.180855 -0.006360 -0.983489
vn -0.180855 -0.006357 -0.983489
vn -0.181527 -0.007948 -0.983354
vn -0.181528 -0.007949 -0.983354
vn -0.182312 -0.009346 -0.983196
vn -0.182315 -0.009351 -0.983196
vn -0.183287 -0.010537 -0.983003
vn -0.183294 -0.010544 -0.983002
vn -0.184546 -0.011455 -0.982757
vn -0.184561 -0.011463 -0.982754
vn -0.186189 -0.011990 -0.982441
vn -0.186217 -0.011994 -0.982436
vn -0.188313 -0.012010 -0.982036
vn -0.188361 -0.012004 -0.982026
vn -0.190975 -0.011335 -0.981529
vn -0.191052 -0.011307 -0.981515
vn -0.194187 -0.009683 -0.980917
vn -0.194303 -0.009607 -0.980895
vn -0.197815 -0.006623 -0.980217
vn -0.197972 -0.006458 -0.980187
vn -0.201401 -0.001604 -0.979508
vn -0.201572 -0.001284 -0.979473
vn -0.203965 0.005787 -0.978961
vn -0.204060 0.006307 -0.978938
vn -0.204195 0.015025 -0.978815
vn -0.204113 0.015604 -0.978823
vn -0.201567 0.024332 -0.979172
vn -0.201349 0.024804 -0.979205
vn -0.196808 0.032135 -0.979915
vn -0.196549 0.032450 -0.979957
vn -0.191049 0.037861 -0.980850
vn -0.190818 0.038039 -0.980888
vn -0.185241 0.041601 -0.981812
vn -0.185067 0.041688 -0.981841
vn -0.179997 0.043773 -0.982693
vn -0.179881 0.043810 -0.982712
vn -0.175597 0.044860 -0.983440
vn -0.175525 0.044872 -0.983452
vn -0.172082 0.045266 -0.984042
vn -0.172041 0.045268 -0.984049
vn -0.169236 0.045294 -0.984534
vn -0.169203 0.045293 -0.984540
vn -0.166602 0.045147 -0.984990
vn -0.166566 0.045145 -0.984996
vn -0.163852 0.044918 -0.985462
vn -0.163811 0.044914 -0.985469
vn -0.160928 0.044579 -0.985959
vn -0.160883 0.044572 -0.985967
vn -0.157877 0.044067 -0.986475
vn -0.157829 0.044058 -0.986483
vn -0.154755 0.043320 -0.987003
vn -0.154707 0.043306 -0.987011
vn -0.151635 0.042296 -0.987531
vn -0.151588 0.042279 -0.987539
vn -0.148598 0.040983 -0.988048
vn -0.148554 0.040961 -0.988056
vn -0.145857 0.039257 -0.988527
vn -0.145833 0.039238 -0.988531
vn -0.143958 0.036957 -0.988893
vn -0.143960 0.036961 -0.988893
vn -0.143346 0.034210 -0.989081
vn -0.143345 0.034242 -0.989080
vn -0.143836 0.031233 -0.989109
vn -0.143820 0.031288 -0.989109
vn -0.144951 0.028111 -0.989039
vn -0.144922 0.028182 -0.989042
vn -0.146269 0.024883 -0.988932
vn -0.146236 0.024964 -0.988935
vn -0.147479 0.021621 -0.988829
vn -0.147451 0.021703 -0.988831
vn -0.148395 0.018447 -0.988756
vn -0.148376 0.018522 -0.988758
vn -0.148743 0.017009 -0.988730
vn -0.148743 0.017009 -0.988730
vn -0.792894 -0.113320 -0.598731
vn -0.792802 -0.114020 -0.598719
vn -0.786426 -0.144554 -0.600532
vn -0.786772 -0.142857 -0.600485
vn -0.766085 -0.219700 -0.604025
vn -0.766730 -0.217658 -0.603945
vn -0.728066 -0.314707 -0.608999
vn -0.729602 -0.311510 -0.608804
vn -0.664142 -0.421425 -0.617507
vn -0.667249 -0.417073 -0.617114
vn -0.572629 -0.524711 -0.629900
vn -0.577434 -0.520154 -0.629293
vn -0.467381 -0.605023 -0.644595
vn -0.472427 -0.601791 -0.643941
vn -0.372072 -0.654285 -0.658387
vn -0.375394 -0.652840 -0.657936
vn -0.301930 -0.679489 -0.668680
vn -0.303196 -0.679101 -0.668501
vn -0.252502 -0.692412 -0.675876
vn -0.252876 -0.692322 -0.675829
vn -0.210230 -0.700598 -0.681884
vn -0.210405 -0.700561 -0.681868
vn -0.170757 -0.705865 -0.687457
vn -0.170840 -0.705848 -0.687453
vn -0.135005 -0.708675 -0.692498
vn -0.135010 -0.708665 -0.692507
vn -0.103339 -0.709632 -0.696953
vn -0.103281 -0.709622 -0.696972
vn -0.075992 -0.709310 -0.700789
vn -0.075887 -0.709296 -0.700814
vn -0.053123 -0.708231 -0.703979
vn -0.052987 -0.708211 -0.704009
vn -0.034878 -0.706856 -0.706498
vn -0.034728 -0.706831 -0.706530
vn -0.021897 -0.705631 -0.708241
vn -0.021749 -0.705603 -0.708274
vn -0.015720 -0.705059 -0.708975
vn -0.015613 -0.705038 -0.708998
vn -0.017832 -0.705504 -0.708481
vn -0.017832 -0.705503 -0.708482
vn -0.029347 -0.707004 -0.706601
vn -0.029538 -0.707030 -0.706566
vn -0.051713 -0.709188 -0.703120
vn -0.052219 -0.709246 -0.703025
vn -0.086870 -0.711041 -0.697764
vn -0.087867 -0.711109 -0.697570
vn -0.137176 -0.710496 -0.690201
vn -0.138904 -0.710489 -0.689863
vn -0.204948 -0.703852 -0.680139
vn -0.207673 -0.703569 -0.679605
vn -0.289831 -0.685683 -0.667711
vn -0.293599 -0.684807 -0.666962
vn -0.382590 -0.652242 -0.654374
vn -0.386721 -0.650648 -0.653531
vn -0.470824 -0.605119 -0.641994
vn -0.474474 -0.603077 -0.641228
vn -0.545827 -0.550508 -0.631676
vn -0.548671 -0.548386 -0.631058
vn -0.605078 -0.494874 -0.623684
vn -0.607104 -0.492958 -0.623231
vn -0.649550 -0.443145 -0.617825
vn -0.650898 -0.441590 -0.617519
vn -0.681746 -0.398239 -0.613700
vn -0.682600 -0.397076 -0.613504
vn -0.704466 -0.361327 -0.610876
vn -0.704989 -0.360516 -0.610752
vn -0.720241 -0.332273 -0.608972
vn -0.720555 -0.331740 -0.608891
vn -0.732329 -0.307656 -0.607489
vn -0.732539 -0.307268 -0.607432
vn -0.743696 -0.282278 -0.606000
vn -0.743886 -0.281891 -0.605947
vn -0.755195 -0.253575 -0.604468
vn -0.755383 -0.253145 -0.604413
vn -0.766412 -0.221381 -0.602996
vn -0.766593 -0.220917 -0.602936
vn -0.776765 -0.186102 -0.601666
vn -0.776928 -0.185615 -0.601606
vn -0.785720 -0.148258 -0.600552
vn -0.785852 -0.147764 -0.600502
vn -0.792833 -0.108474 -0.599708
vn -0.792940 -0.107994 -0.599654
vn -0.797756 -0.067559 -0.599184
vn -0.797832 -0.067101 -0.599134
vn -0.800084 -0.031151 -0.599078
vn -0.800115 -0.030814 -0.599054
vn -0.800380 -0.011724 -0.599379
vn -0.800386 -0.011570 -0.599374
vn -0.800015 -0.016127 -0.599763
vn -0.800021 -0.015979 -0.599759
vn -0.798928 -0.040955 -0.600031
vn -0.798953 -0.040615 -0.600020
vn -0.795617 -0.080403 -0.600441
vn -0.795688 -0.079821 -0.600425
vn -0.788582 -0.128760 -0.601299
vn -0.788718 -0.128009 -0.601280
vn -0.777147 -0.180926 -0.602751
vn -0.777349 -0.180134 -0.602728
vn -0.761598 -0.232840 -0.604776
vn -0.761854 -0.232112 -0.604733
vn -0.753158 -0.256814 -0.605640
vn -0.753191 -0.256775 -0.605615
vn -0.792691 -0.114868 -0.598704
vn -0.786099 -0.146153 -0.600572
vn -0.765492 -0.221563 -0.604097
vn -0.726619 -0.317689 -0.609178
vn -0.661123 -0.425610 -0.617878
vn -0.567844 -0.529188 -0.630487
vn -0.462391 -0.608177 -0.645225
vn -0.368935 -0.655639 -0.658805
vn -0.300862 -0.679818 -0.668827
vn -0.252313 -0.692461 -0.675896
vn -0.210238 -0.700605 -0.681874
vn -0.170843 -0.705864 -0.687437
vn -0.135153 -0.708677 -0.692467
vn -0.103532 -0.709643 -0.696913
vn -0.076212 -0.709328 -0.700746
vn -0.053353 -0.708257 -0.703936
vn -0.035103 -0.706887 -0.706455
vn -0.022092 -0.705663 -0.708203
vn -0.015836 -0.705080 -0.708951
vn -0.017801 -0.705501 -0.708486
vn -0.029082 -0.706969 -0.706647
vn -0.051090 -0.709121 -0.703233
vn -0.085718 -0.710970 -0.697978
vn -0.135274 -0.710514 -0.690559
vn -0.202066 -0.704160 -0.680682
vn -0.285967 -0.686588 -0.668446
vn -0.378431 -0.653854 -0.655182
vn -0.467142 -0.607191 -0.642727
vn -0.542924 -0.552691 -0.632270
vn -0.602968 -0.496888 -0.624125
vn -0.648111 -0.444824 -0.618129
vn -0.680809 -0.399533 -0.613899
vn -0.703875 -0.362262 -0.611004
vn -0.719874 -0.332912 -0.609057
vn -0.732069 -0.308151 -0.607550
vn -0.743456 -0.282784 -0.606058
vn -0.754959 -0.254133 -0.604527
vn -0.766187 -0.221983 -0.603059
vn -0.776566 -0.186732 -0.601728
vn -0.785559 -0.148899 -0.600604
vn -0.792706 -0.109102 -0.599762
vn -0.797668 -0.068162 -0.599233
vn -0.800051 -0.031596 -0.599100
vn -0.800375 -0.011896 -0.599381
vn -0.800011 -0.016210 -0.599767
vn -0.798909 -0.041171 -0.600042
vn -0.795563 -0.080829 -0.600455
vn -0.788475 -0.129347 -0.601313
vn -0.776984 -0.181565 -0.602769
vn -0.761385 -0.233435 -0.604815
vn -0.753124 -0.256853 -0.605666
vn -0.966440 -0.216234 0.138694
vn -0.966570 -0.215643 0.138711
vn -0.936289 -0.324362 0.134730
vn -0.936620 -0.323385 0.134774
vn -0.877331 -0.462846 0.126743
vn -0.878096 -0.461364 0.126848
vn -0.778198 -0.617757 0.113066
vn -0.779731 -0.615782 0.113279
vn -0.637354 -0.764888 0.093413
vn -0.639713 -0.762876 0.093743
vn -0.480492 -0.874092 0.071357
vn -0.483012 -0.872672 0.071713
vn -0.345903 -0.936810 0.052333
vn -0.347847 -0.936074 0.052608
vn -0.251012 -0.967203 0.038876
vn -0.252212 -0.966884 0.039046
vn -0.183855 -0.982516 0.029334
vn -0.184783 -0.982338 0.029466
vn -0.124365 -0.992017 0.020867
vn -0.125246 -0.991904 0.020993
vn -0.068170 -0.997591 0.012860
vn -0.068981 -0.997534 0.012975
vn -0.017368 -0.999833 0.005612
vn -0.018099 -0.999820 0.005716
vn 0.027587 -0.999619 -0.000808
vn 0.026945 -0.999637 -0.000716
vn 0.066433 -0.997771 -0.006361
vn 0.065881 -0.997808 -0.006282
vn 0.098997 -0.995027 -0.011020
vn 0.098540 -0.995073 -0.010955
vn 0.125120 -0.992032 -0.014761
vn 0.124760 -0.992078 -0.014709
vn 0.143918 -0.989436 -0.017454
vn 0.143683 -0.989470 -0.017420
vn 0.153221 -0.988013 -0.018786
vn 0.153159 -0.988023 -0.018777
vn 0.151012 -0.988359 -0.018470
vn 0.151149 -0.988338 -0.018490
vn 0.135805 -0.990602 -0.016292
vn 0.136176 -0.990550 -0.016345
vn 0.105560 -0.994341 -0.011960
vn 0.106213 -0.994270 -0.012054
vn 0.057473 -0.998334 -0.005080
vn 0.058470 -0.998276 -0.005223
vn 0.028549 -0.999592 -0.000946
vn 0.028549 -0.999592 -0.000946
vn -0.295827 -0.954170 0.045234
vn -0.295827 -0.954170 0.045234
vn -0.295827 -0.954170 0.045234
vn -0.295827 -0.954170 0.045234
vn -0.295827 -0.954170 0.045234
vn -0.295827 -0.954170 0.045234
vn -0.295827 -0.954170 0.045234
vn -0.295827 -0.954170 0.045234
vn -0.295827 -0.954170 0.045234
vn -0.295827 -0.954170 0.045234
vn -0.295827 -0.954170 0.045234
vn -0.295827 -0.954170 0.045234
vn -0.641283 -0.761529 0.093969
vn -0.641283 -0.761529 0.093969
vn -0.680372 -0.726089 0.099436
vn -0.678991 -0.727407 0.099243
vn -0.746956 -0.655925 0.108719
vn -0.745913 -0.657135 0.108573
vn -0.795835 -0.594396 0.115506
vn -0.795073 -0.595434 0.115400
vn -0.830775 -0.543444 0.120339
vn -0.830235 -0.544286 0.120264
vn -0.855341 -0.503076 0.123721
vn -0.854962 -0.503732 0.123669
vn -0.874407 -0.468457 0.126334
vn -0.874081 -0.469078 0.126289
vn -0.892453 -0.432364 0.128799
vn -0.892125 -0.433053 0.128754
vn -0.910788 -0.391445 0.131288
vn -0.910469 -0.392201 0.131245
vn -0.928821 -0.345559 0.133721
vn -0.928524 -0.346371 0.133681
vn -0.945709 -0.295202 0.135979
vn -0.945447 -0.296055 0.135944
vn -0.960650 -0.241088 0.137943
vn -0.960434 -0.241964 0.137915
vn -0.972964 -0.184051 0.139524
vn -0.972799 -0.184934 0.139503
vn -0.982108 -0.125225 0.140650
vn -0.981999 -0.126091 0.140637
vn -0.987303 -0.072722 0.141224
vn -0.987255 -0.073374 0.141220
vn -0.988974 -0.044119 0.141367
vn -0.988967 -0.044278 0.141366
vn -0.988746 -0.049013 0.141350
vn -0.988759 -0.048735 0.141351
vn -0.986544 -0.082537 0.141137
vn -0.986591 -0.081962 0.141143
vn -0.980653 -0.136344 0.140463
vn -0.980752 -0.135620 0.140474
vn -0.969389 -0.202348 0.139069
vn -0.969542 -0.201598 0.139088
vn -0.952107 -0.273446 0.136824
vn -0.952301 -0.272754 0.136850
vn -0.929356 -0.344093 0.133786
vn -0.929570 -0.343502 0.133815
vn -0.916996 -0.376381 0.132118
vn -0.916996 -0.376381 0.132118
vn -0.591812 -0.122918 0.796649
vn -0.591944 -0.121871 0.796712
vn -0.584424 -0.153319 0.796832
vn -0.584103 -0.154850 0.796772
vn -0.561460 -0.230892 0.794639
vn -0.560901 -0.232590 0.794539
vn -0.519603 -0.328890 0.788571
vn -0.518186 -0.331719 0.788318
vn -0.449876 -0.437999 0.778311
vn -0.446797 -0.442118 0.777755
vn -0.351203 -0.541525 0.763811
vn -0.346146 -0.546081 0.762875
vn -0.239714 -0.618947 0.747958
vn -0.234231 -0.622266 0.746942
vn -0.141189 -0.663486 0.734746
vn -0.137536 -0.664980 0.734088
vn -0.070561 -0.684413 0.725672
vn -0.069122 -0.684827 0.725420
vn -0.021287 -0.694406 0.719269
vn -0.020932 -0.694480 0.719207
vn 0.021356 -0.700472 0.713360
vn 0.021422 -0.700485 0.713346
vn 0.061361 -0.703864 0.707680
vn 0.061344 -0.703868 0.707677
vn 0.097490 -0.704934 0.702541
vn 0.097406 -0.704938 0.702549
vn 0.129443 -0.704314 0.697987
vn 0.129309 -0.704323 0.698003
vn 0.157049 -0.702595 0.694044
vn 0.156883 -0.702611 0.694065
vn 0.180208 -0.700299 0.690729
vn 0.180029 -0.700325 0.690750
vn 0.198821 -0.697887 0.688058
vn 0.198645 -0.697918 0.688077
vn 0.212268 -0.695836 0.686116
vn 0.212124 -0.695865 0.686131
vn 0.218997 -0.694730 0.685121
vn 0.218935 -0.694746 0.685124
vn 0.217572 -0.695021 0.685280
vn 0.217654 -0.695008 0.685267
vn 0.206944 -0.696822 0.686741
vn 0.207253 -0.696775 0.686695
vn 0.185614 -0.699894 0.689707
vn 0.186271 -0.699810 0.689615
vn 0.151505 -0.703390 0.694470
vn 0.152683 -0.703289 0.694314
vn 0.102001 -0.705439 0.701392
vn 0.103923 -0.705407 0.701142
vn 0.034365 -0.702502 0.710852
vn 0.037274 -0.702730 0.710480
vn -0.051382 -0.689093 0.722849
vn -0.047468 -0.689889 0.722357
vn -0.145550 -0.661088 0.736056
vn -0.141382 -0.662571 0.735535
vn -0.235458 -0.619558 0.748804
vn -0.231797 -0.621488 0.748347
vn -0.312676 -0.570012 0.759816
vn -0.309808 -0.572055 0.759455
vn -0.374510 -0.518558 0.768661
vn -0.372444 -0.520427 0.768402
vn -0.421645 -0.470044 0.775419
vn -0.420249 -0.471578 0.775245
vn -0.456349 -0.427460 0.780399
vn -0.455450 -0.428621 0.780288
vn -0.481258 -0.392144 0.783973
vn -0.480703 -0.392966 0.783902
vn -0.498855 -0.364100 0.786495
vn -0.498519 -0.364657 0.786450
vn -0.512666 -0.339870 0.788455
vn -0.512410 -0.340335 0.788421
vn -0.525982 -0.314306 0.790288
vn -0.525730 -0.314816 0.790253
vn -0.539613 -0.285208 0.792133
vn -0.539356 -0.285790 0.792098
vn -0.553042 -0.252592 0.793941
vn -0.552794 -0.253236 0.793908
vn -0.565661 -0.216807 0.795627
vn -0.565440 -0.217498 0.795596
vn -0.576901 -0.178335 0.797108
vn -0.576711 -0.179054 0.797085
vn -0.586270 -0.137769 0.798315
vn -0.586122 -0.138497 0.798298
vn -0.593375 -0.095889 0.799194
vn -0.593279 -0.096605 0.799179
vn -0.597572 -0.058503 0.799678
vn -0.597532 -0.059008 0.799671
vn -0.598958 -0.038179 0.799870
vn -0.598953 -0.038294 0.799868
vn -0.598692 -0.041403 0.799908
vn -0.598696 -0.041363 0.799907
vn -0.596934 -0.064485 0.799695
vn -0.596924 -0.064538 0.799698
vn -0.592537 -0.101695 0.799098
vn -0.592499 -0.101924 0.799097
vn -0.584353 -0.147477 0.797986
vn -0.584276 -0.147846 0.797974
vn -0.571935 -0.196905 0.796316
vn -0.571806 -0.197330 0.796303
vn -0.555677 -0.246098 0.794140
vn -0.555509 -0.246498 0.794134
vn -0.547058 -0.268818 0.792757
vn -0.546976 -0.268957 0.792767
vn -0.592054 -0.120991 0.796764
vn -0.584763 -0.151710 0.796892
vn -0.562070 -0.229040 0.794744
vn -0.521092 -0.325904 0.788828
vn -0.452972 -0.433830 0.778850
vn -0.356117 -0.537062 0.764686
vn -0.245026 -0.615711 0.748907
vn -0.144837 -0.661997 0.735379
vn -0.072101 -0.683979 0.725930
vn -0.021787 -0.694307 0.719349
vn 0.021133 -0.700443 0.713396
vn 0.061231 -0.703852 0.707703
vn 0.097438 -0.704930 0.702552
vn 0.129456 -0.704311 0.697988
vn 0.157109 -0.702587 0.694037
vn 0.180298 -0.700284 0.690720
vn 0.198926 -0.697866 0.688049
vn 0.212366 -0.695814 0.686107
vn 0.219045 -0.694717 0.685119
vn 0.217514 -0.695029 0.685290
vn 0.206702 -0.696858 0.686777
vn 0.185071 -0.699962 0.689784
vn 0.150494 -0.703477 0.694602
vn 0.100293 -0.705467 0.701611
vn 0.031697 -0.702288 0.711187
vn -0.055055 -0.688335 0.723301
vn -0.149510 -0.659667 0.736537
vn -0.238917 -0.617726 0.749222
vn -0.315341 -0.568109 0.760140
vn -0.376387 -0.516859 0.768888
vn -0.422878 -0.468692 0.775565
vn -0.457116 -0.426474 0.780490
vn -0.481713 -0.391473 0.784029
vn -0.499117 -0.363667 0.786530
vn -0.512857 -0.339524 0.788480
vn -0.526167 -0.313929 0.790315
vn -0.539804 -0.284774 0.792159
vn -0.553229 -0.252105 0.793965
vn -0.565829 -0.216282 0.795651
vn -0.577047 -0.177787 0.797125
vn -0.586384 -0.137213 0.798328
vn -0.593446 -0.095343 0.799207
vn -0.597601 -0.058127 0.799684
vn -0.598962 -0.038095 0.799871
vn -0.598691 -0.041389 0.799910
vn -0.596953 -0.064321 0.799694
vn -0.592595 -0.101329 0.799102
vn -0.584459 -0.146967 0.798003
vn -0.572100 -0.196349 0.796334
vn -0.555886 -0.245584 0.794153
vn -0.547139 -0.268681 0.792748
vn 0.141646 0.001278 0.989917
vn 0.141656 0.001268 0.989915
vn 0.141972 0.000957 0.989870
vn 0.141988 0.000942 0.989868
vn 0.142425 0.000642 0.989805
vn 0.142454 0.000628 0.989801
vn 0.143061 0.000445 0.989714
vn 0.143105 0.000440 0.989707
vn 0.143819 0.000491 0.989604
vn 0.143866 0.000504 0.989597
vn 0.144536 0.000830 0.989499
vn 0.144569 0.000856 0.989494
vn 0.145061 0.001349 0.989422
vn 0.145076 0.001370 0.989420
vn 0.145383 0.001851 0.989374
vn 0.145388 0.001861 0.989373
vn 0.145579 0.002235 0.989344
vn 0.145581 0.002239 0.989344
vn 0.145713 0.002531 0.989324
vn 0.145714 0.002534 0.989323
vn 0.145819 0.002797 0.989307
vn 0.145820 0.002799 0.989307
vn 0.145909 0.003045 0.989293
vn 0.145909 0.003047 0.989293
vn 0.145984 0.003277 0.989282
vn 0.145984 0.003278 0.989282
vn 0.146057 0.003487 0.989270
vn 0.146058 0.003488 0.989270
vn 0.146139 0.003674 0.989257
vn 0.146139 0.003674 0.989257
vn 0.146233 0.003839 0.989243
vn 0.146232 0.003838 0.989243
vn 0.146351 0.003981 0.989225
vn 0.146350 0.003980 0.989225
vn 0.146504 0.004091 0.989202
vn 0.146502 0.004090 0.989202
vn 0.146697 0.004155 0.989173
vn 0.146694 0.004154 0.989173
vn 0.146952 0.004157 0.989135
vn 0.146946 0.004157 0.989136
vn 0.147278 0.004075 0.989087
vn 0.147269 0.004078 0.989088
vn 0.147666 0.003873 0.989030
vn 0.147652 0.003882 0.989032
vn 0.148104 0.003498 0.988966
vn 0.148085 0.003518 0.988968
vn 0.148535 0.002886 0.988903
vn 0.148515 0.002924 0.988906
vn 0.148830 0.001987 0.988861
vn 0.148818 0.002048 0.988863
vn 0.148842 0.000883 0.988861
vn 0.148851 0.000952 0.988859
vn 0.148520 -0.000210 0.988909
vn 0.148545 -0.000154 0.988906
vn 0.147949 -0.001116 0.988994
vn 0.147980 -0.001078 0.988990
vn 0.147265 -0.001775 0.989096
vn 0.147292 -0.001754 0.989092
vn 0.146583 -0.002208 0.989196
vn 0.146603 -0.002198 0.989193
vn 0.145964 -0.002458 0.989287
vn 0.145978 -0.002454 0.989285
vn 0.145445 -0.002584 0.989363
vn 0.145454 -0.002583 0.989362
vn 0.145032 -0.002632 0.989423
vn 0.145037 -0.002632 0.989423
vn 0.144692 -0.002634 0.989473
vn 0.144696 -0.002634 0.989473
vn 0.144376 -0.002615 0.989519
vn 0.144380 -0.002615 0.989519
vn 0.144051 -0.002589 0.989567
vn 0.144055 -0.002590 0.989566
vn 0.143704 -0.002549 0.989617
vn 0.143709 -0.002550 0.989617
vn 0.143339 -0.002484 0.989671
vn 0.143345 -0.002485 0.989670
vn 0.142968 -0.002397 0.989724
vn 0.142974 -0.002398 0.989724
vn 0.142598 -0.002274 0.989778
vn 0.142604 -0.002276 0.989777
vn 0.142238 -0.002115 0.989830
vn 0.142244 -0.002118 0.989829
vn 0.141916 -0.001912 0.989877
vn 0.141918 -0.001914 0.989877
vn 0.141691 -0.001646 0.989910
vn 0.141691 -0.001645 0.989910
vn 0.141614 -0.001322 0.989921
vn 0.141614 -0.001318 0.989921
vn 0.141667 -0.000969 0.989914
vn 0.141669 -0.000963 0.989914
vn 0.141796 -0.000603 0.989896
vn 0.141800 -0.000594 0.989895
vn 0.141951 -0.000221 0.989874
vn 0.141955 -0.000212 0.989873
vn 0.142094 0.000165 0.989853
vn 0.142098 0.000174 0.989853
vn 0.142204 0.000541 0.989837
vn 0.142206 0.000550 0.989837
vn 0.142247 0.000721 0.989831
vn 0.142247 0.000721 0.989831
vn 0.792131 0.119162 0.598605
vn 0.784754 0.153064 0.600611
vn 0.761558 0.234178 0.604310
vn 0.721318 0.328914 0.609521
vn 0.655971 0.432981 0.618247
vn 0.564454 0.532437 0.630795
vn 0.457529 0.611236 0.645800
vn 0.355220 0.661499 0.660483
vn 0.275834 0.687138 0.672129
vn 0.219908 0.699009 0.680461
vn 0.175067 0.705277 0.686976
vn 0.134475 0.708494 0.692786
vn 0.097827 0.709350 0.698035
vn 0.065410 0.708489 0.702685
vn 0.037402 0.706521 0.706703
vn 0.013903 0.703990 0.710074
vn -0.005001 0.701362 0.712788
vn -0.018679 0.699133 0.714747
vn -0.025566 0.697915 0.715724
vn -0.024142 0.698197 0.715499
vn -0.013220 0.700132 0.713891
vn 0.008899 0.703494 0.710645
vn 0.044673 0.707407 0.705393
vn 0.097363 0.709807 0.697635
vn 0.170628 0.706549 0.686786
vn 0.264949 0.690850 0.672702
vn 0.366581 0.658197 0.657568
vn 0.454546 0.614034 0.645252
vn 0.525629 0.565251 0.635772
vn 0.581333 0.516737 0.628518
vn 0.623861 0.471844 0.623025
vn 0.655672 0.432502 0.618899
vn 0.678981 0.399624 0.615862
vn 0.695791 0.373227 0.613658
vn 0.709406 0.349856 0.611837
vn 0.722996 0.324351 0.609979
vn 0.737058 0.294978 0.608057
vn 0.750912 0.262085 0.606171
vn 0.763916 0.226068 0.604422
vn 0.775506 0.187393 0.602889
vn 0.785200 0.146651 0.601627
vn 0.792593 0.104633 0.600707
vn 0.797022 0.067277 0.600191
vn 0.798520 0.047738 0.600072
vn 0.798278 0.051261 0.600103
vn 0.796445 0.073512 0.600226
vn 0.791950 0.109579 0.600673
vn 0.783706 0.154414 0.601632
vn 0.771245 0.203256 0.603215
vn 0.754933 0.252164 0.605383
vn 0.746353 0.274487 0.606312
vn -0.178039 0.008550 -0.983986
vn -0.176655 0.008109 -0.984240
vn -0.176624 0.008099 -0.984245
vn -0.177794 0.008472 -0.984031
vn -0.176797 0.008154 -0.984214
vn -0.176748 0.008139 -0.984222
vn -0.177961 0.008525 -0.984001
vn -0.177809 0.008477 -0.984028
vn -0.178503 0.008698 -0.983901
vn -0.178503 0.008698 -0.983901
vn 0.944722 -0.299249 -0.133978
vn 0.944722 -0.299249 -0.133978
vn 0.944722 -0.299249 -0.133978
vn 0.944722 -0.299249 -0.133978
vn 0.157539 -0.002027 0.987511
vn 0.157305 -0.001953 0.987548
vn 0.157240 -0.001932 0.987559
vn 0.157539 -0.002027 0.987511
vn 0.156797 -0.001792 0.987629
vn 0.156776 -0.001785 0.987633
vn 0.156734 -0.001771 0.987639
vn 0.156720 -0.001767 0.987642
vn 0.157340 -0.001964 0.987543
vn 0.157233 -0.001930 0.987560
vn 0.157703 -0.002080 0.987484
vn 0.157703 -0.002080 0.987484
vn -0.944721 0.299250 0.133983
vn -0.944721 0.299250 0.133983
vn -0.944721 0.299250 0.133983
vn -0.944721 0.299250 0.133983
vn -0.178871 0.008815 -0.983833
vn -0.178871 0.008815 -0.983833
s 1
g Seat Sides pCube8
usemtl lambert7SG
f 1865/2553/3073 1862/2548/3074 1867/2547/3075 1869/2556/3076
s 2
f 1875/2551/3077 1872/2557/3078 1878/2554/3079 1880/2555/3080
s 3
f 1870/2544/3081 1866/2546/3082 1879/2545/3083 1877/2552/3084
s 4
f 1873/2542/3085 1874/2550/3086 1861/2549/3087 1864/2540/3088
s off
f 1930/2608/3089 1980/3241/3090 2030/3240/3091 2080/3239/3092 2130/3238/3093 2180/3237/3094 2230/3191/3095 2280/2958/3096 2330/3008/3097 2380/3190/3098 2430/3189/3099 2480/3187/3100
f 1874/2550/3101 1875/3174/3102 1880/3171/3103 1879/3172/3104 1866/3173/3105 1867/3175/3106 1862/3176/3107 1861/2549/3108
f 1861/2549/3109 1862/2548/3110 1865/2553/3111 1864/2540/3112
f 1867/2547/3113 1866/2546/3114 1870/2544/3115 1869/2556/3116
f 1873/3236/3117 1872/2557/3118 1875/2551/3119 1874/3242/3120
f 1878/2554/3121 1877/2552/3122 1879/2545/3123 1880/2555/3124
f 1863/2539/3125 1864/2540/3126 1865/2553/3127
f 1868/2543/3128 1869/2556/3129 1870/2544/3130
f 1871/2541/3131 1872/2557/3132 1873/3236/3133
f 1876/2558/3134 1877/2552/3135 1878/2554/3136
s 5
f 1868/2543/3137 1870/2544/3138 1931/2609/3139 1881/2559/3140
f 1881/2559/3140 1931/2609/3139 1932/2610/3141 1882/2560/3142
f 1882/2560/3142 1932/2610/3141 1933/2611/3143 1883/2561/3144
f 1883/2561/3144 1933/2611/3143 1934/2612/3145 1884/2562/3146
f 1884/2562/3146 1934/2612/3145 1935/2613/3147 1885/2563/3148
f 1885/2563/3148 1935/2613/3147 1936/2614/3149 1886/2564/3150
f 1886/2564/3150 1936/2614/3149 1937/2615/3151 1887/2565/3152
f 1887/2565/3152 1937/2615/3151 1938/2616/3153 1888/2566/3154
f 1888/2566/3154 1938/2616/3153 1939/2617/3155 1889/2567/3156
f 1889/2567/3156 1939/2617/3155 1940/2618/3157 1890/2568/3158
f 1890/2568/3158 1940/2618/3157 1941/2619/3159 1891/2569/3160
f 1891/2569/3160 1941/2619/3159 1942/2620/3161 1892/2570/3162
f 1892/2570/3162 1942/2620/3161 1943/2621/3163 1893/2571/3164
f 1893/2571/3164 1943/2621/3163 1944/2622/3165 1894/2572/3166
f 1894/2572/3166 1944/2622/3165 1945/2623/3167 1895/2573/3168
f 1895/2573/3168 1945/2623/3167 1946/2624/3169 1896/2574/3170
f 1896/2574/3170 1946/2624/3169 1947/2625/3171 1897/2575/3172
f 1897/2575/3172 1947/2625/3171 1948/2626/3173 1898/2576/3174
f 1898/2576/3174 1948/2626/3173 1949/2627/3175 1899/2577/3176
f 1899/2577/3176 1949/2627/3175 1950/2628/3177 1900/2578/3178
f 1900/2578/3178 1950/2628/3177 1951/2629/3179 1901/2579/3180
f 1901/2579/3180 1951/2629/3179 1952/2630/3181 1902/2580/3182
f 1902/2580/3182 1952/2630/3181 1953/2631/3183 1903/2581/3184
f 1903/2581/3184 1953/2631/3183 1954/2632/3185 1904/2582/3186
f 1904/2582/3186 1954/2632/3185 1955/2633/3187 1905/2583/3188
f 1905/2583/3188 1955/2633/3187 1956/2634/3189 1906/2584/3190
f 1906/2584/3190 1956/2634/3189 1957/2635/3191 1907/2585/3192
f 1907/2585/3192 1957/2635/3191 1958/2636/3193 1908/2586/3194
f 1908/2586/3194 1958/2636/3193 1959/2637/3195 1909/2587/3196
f 1909/2587/3196 1959/2637/3195 1960/2638/3197 1910/2588/3198
f 1910/2588/3198 1960/2638/3197 1961/2639/3199 1911/2589/3200
f 1911/2589/3200 1961/2639/3199 1962/2640/3201 1912/2590/3202
f 1912/2590/3202 1962/2640/3201 1963/2641/3203 1913/2591/3204
f 1913/2591/3204 1963/2641/3203 1964/2642/3205 1914/2592/3206
f 1914/2592/3206 1964/2642/3205 1965/2643/3207 1915/2593/3208
f 1915/2593/3208 1965/2643/3207 1966/2644/3209 1916/2594/3210
f 1916/2594/3210 1966/2644/3209 1967/2645/3211 1917/2595/3212
f 1917/2595/3212 1967/2645/3211 1968/2646/3213 1918/2596/3214
f 1918/2596/3214 1968/2646/3213 1969/2647/3215 1919/2597/3216
f 1919/2597/3216 1969/2647/3215 1970/2648/3217 1920/2598/3218
f 1920/2598/3218 1970/2648/3217 1971/2649/3219 1921/2599/3220
f 1921/2599/3220 1971/2649/3219 1972/2650/3221 1922/2600/3222
f 1922/2600/3222 1972/2650/3221 1973/2651/3223 1923/2601/3224
f 1923/2601/3224 1973/2651/3223 1974/2652/3225 1924/2602/3226
f 1924/2602/3226 1974/2652/3225 1975/2653/3227 1925/2603/3228
f 1925/2603/3228 1975/2653/3227 1976/2654/3229 1926/2604/3230
f 1926/2604/3230 1976/2654/3229 1977/2655/3231 1927/2605/3232
f 1927/2605/3232 1977/2655/3231 1978/2656/3233 1928/2606/3234
f 1928/2606/3234 1978/2656/3233 1979/2657/3235 1929/2607/3236
f 1929/2607/3236 1979/2657/3235 1980/2658/3237 1930/3188/3238
s 3
f 1870/2544/3081 1877/2552/3084 1981/2659/3239 1931/2609/3240
f 1931/2609/3240 1981/2659/3239 1982/2660/3241 1932/2610/3242
f 1932/2610/3242 1982/2660/3241 1983/2661/3243 1933/2611/3244
f 1933/2611/3244 1983/2661/3243 1984/2662/3245 1934/2612/3246
f 1934/2612/3246 1984/2662/3245 1985/2663/3247 1935/2613/3248
f 1935/2613/3248 1985/2663/3247 1986/2664/3249 1936/2614/3250
f 1936/2614/3250 1986/2664/3249 1987/2665/3251 1937/2615/3252
f 1937/2615/3252 1987/2665/3251 1988/2666/3253 1938/2616/3254
f 1938/2616/3254 1988/2666/3253 1989/2667/3255 1939/2617/3256
f 1939/2617/3256 1989/2667/3255 1990/2668/3257 1940/2618/3258
f 1940/2618/3258 1990/2668/3257 1991/2669/3259 1941/2619/3260
f 1941/2619/3260 1991/2669/3259 1992/2670/3261 1942/2620/3262
f 1942/2620/3262 1992/2670/3261 1993/2671/3263 1943/2621/3264
f 1943/2621/3264 1993/2671/3263 1994/2672/3265 1944/2622/3266
f 1944/2622/3266 1994/2672/3265 1995/2673/3267 1945/2623/3268
f 1945/2623/3268 1995/2673/3267 1996/2674/3269 1946/2624/3270
f 1946/2624/3270 1996/2674/3269 1997/2675/3271 1947/2625/3272
f 1947/2625/3272 1997/2675/3271 1998/2676/3273 1948/2626/3274
f 1948/2626/3274 1998/2676/3273 1999/2677/3275 1949/2627/3276
f 1949/2627/3276 1999/2677/3275 2000/2678/3277 1950/2628/3278
f 1950/2628/3278 2000/2678/3277 2001/2679/3279 1951/2629/3280
f 1951/2629/3280 2001/2679/3279 2002/2680/3281 1952/2630/3282
f 1952/2630/3282 2002/2680/3281 2003/2681/3283 1953/2631/3284
f 1953/2631/3284 2003/2681/3283 2004/2682/3285 1954/2632/3286
f 1954/2632/3286 2004/2682/3285 2005/2683/3287 1955/2633/3288
f 1955/2633/3288 2005/2683/3287 2006/2684/3289 1956/2634/3290
f 1956/2634/3290 2006/2684/3289 2007/2685/3291 1957/2635/3292
f 1957/2635/3292 2007/2685/3291 2008/2686/3293 1958/2636/3294
f 1958/2636/3294 2008/2686/3293 2009/2687/3295 1959/2637/3296
f 1959/2637/3296 2009/2687/3295 2010/2688/3297 1960/2638/3298
f 1960/2638/3298 2010/2688/3297 2011/2689/3299 1961/2639/3300
f 1961/2639/3300 2011/2689/3299 2012/2690/3301 1962/2640/3302
f 1962/2640/3302 2012/2690/3301 2013/2691/3303 1963/2641/3304
f 1963/2641/3304 2013/2691/3303 2014/2692/3305 1964/2642/3306
f 1964/2642/3306 2014/2692/3305 2015/2693/3307 1965/2643/3308
f 1965/2643/3308 2015/2693/3307 2016/2694/3309 1966/2644/3310
f 1966/2644/3310 2016/2694/3309 2017/2695/3311 1967/2645/3312
f 1967/2645/3312 2017/2695/3311 2018/2696/3313 1968/2646/3314
f 1968/2646/3314 2018/2696/3313 2019/2697/3315 1969/2647/3316
f 1969/2647/3316 2019/2697/3315 2020/2698/3317 1970/2648/3318
f 1970/2648/3318 2020/2698/3317 2021/2699/3319 1971/2649/3320
f 1971/2649/3320 2021/2699/3319 2022/2700/3321 1972/2650/3322
f 1972/2650/3322 2022/2700/3321 2023/2701/3323 1973/2651/3324
f 1973/2651/3324 2023/2701/3323 2024/2702/3325 1974/2652/3326
f 1974/2652/3326 2024/2702/3325 2025/2703/3327 1975/2653/3328
f 1975/2653/3328 2025/2703/3327 2026/2704/3329 1976/2654/3330
f 1976/2654/3330 2026/2704/3329 2027/2705/3331 1977/2655/3332
f 1977/2655/3332 2027/2705/3331 2028/2706/3333 1978/2656/3334
f 1978/2656/3334 2028/2706/3333 2029/2707/3335 1979/2657/3336
f 1979/2657/3336 2029/2707/3335 2030/2708/3337 1980/2658/3338
s 6
f 1877/2552/3339 1876/2558/3340 2031/2709/3341 1981/2659/3342
f 1981/2659/3342 2031/2709/3341 2032/2710/3343 1982/2660/3344
f 1982/2660/3344 2032/2710/3343 2033/2711/3345 1983/2661/3346
f 1983/2661/3346 2033/2711/3345 2034/2712/3347 1984/2662/3348
f 1984/2662/3348 2034/2712/3347 2035/2713/3349 1985/2663/3350
f 1985/2663/3350 2035/2713/3349 2036/2714/3351 1986/2664/3352
f 1986/2664/3352 2036/2714/3351 2037/2715/3353 1987/2665/3354
f 1987/2665/3354 2037/2715/3353 2038/2716/3355 1988/2666/3356
f 1988/2666/3356 2038/2716/3355 2039/2717/3357 1989/2667/3358
f 1989/2667/3358 2039/2717/3357 2040/2718/3359 1990/2668/3360
f 1990/2668/3360 2040/2718/3359 2041/2719/3361 1991/2669/3362
f 1991/2669/3362 2041/2719/3361 2042/2720/3363 1992/2670/3364
f 1992/2670/3364 2042/2720/3363 2043/2721/3365 1993/2671/3366
f 1993/2671/3366 2043/2721/3365 2044/2722/3367 1994/2672/3368
f 1994/2672/3368 2044/2722/3367 2045/2723/3369 1995/2673/3370
f 1995/2673/3370 2045/2723/3369 2046/2724/3371 1996/2674/3372
f 1996/2674/3372 2046/2724/3371 2047/2725/3373 1997/2675/3374
f 1997/2675/3374 2047/2725/3373 2048/2726/3375 1998/2676/3376
f 1998/2676/3376 2048/2726/3375 2049/2727/3377 1999/2677/3378
f 1999/2677/3378 2049/2727/3377 2050/2728/3379 2000/2678/3380
f 2000/2678/3380 2050/2728/3379 2051/2729/3381 2001/2679/3382
f 2001/2679/3382 2051/2729/3381 2052/2730/3383 2002/2680/3384
f 2002/2680/3384 2052/2730/3383 2053/2731/3385 2003/2681/3386
f 2003/2681/3386 2053/2731/3385 2054/2732/3387 2004/2682/3388
f 2004/2682/3388 2054/2732/3387 2055/2733/3389 2005/2683/3390
f 2005/2683/3390 2055/2733/3389 2056/2734/3391 2006/2684/3392
f 2006/2684/3392 2056/2734/3391 2057/2735/3393 2007/2685/3394
f 2007/2685/3394 2057/2735/3393 2058/2736/3395 2008/2686/3396
f 2008/2686/3396 2058/2736/3395 2059/2737/3397 2009/2687/3398
f 2009/2687/3398 2059/2737/3397 2060/2738/3399 2010/2688/3400
f 2010/2688/3400 2060/2738/3399 2061/2739/3401 2011/2689/3402
f 2011/2689/3402 2061/2739/3401 2062/2740/3403 2012/2690/3404
f 2012/2690/3404 2062/2740/3403 2063/2741/3405 2013/2691/3406
f 2013/2691/3406 2063/2741/3405 2064/2742/3407 2014/2692/3408
f 2014/2692/3408 2064/2742/3407 2065/2743/3409 2015/2693/3410
f 2015/2693/3410 2065/2743/3409 2066/2744/3411 2016/2694/3412
f 2016/2694/3412 2066/2744/3411 2067/2745/3413 2017/2695/3414
f 2017/2695/3414 2067/2745/3413 2068/2746/3415 2018/2696/3416
f 2018/2696/3416 2068/2746/3415 2069/2747/3417 2019/2697/3418
f 2019/2697/3418 2069/2747/3417 2070/2748/3419 2020/2698/3420
f 2020/2698/3420 2070/2748/3419 2071/2749/3421 2021/2699/3422
f 2021/2699/3422 2071/2749/3421 2072/2750/3423 2022/2700/3424
f 2022/2700/3424 2072/2750/3423 2073/2751/3425 2023/2701/3426
f 2023/2701/3426 2073/2751/3425 2074/2752/3427 2024/2702/3428
f 2024/2702/3428 2074/2752/3427 2075/2753/3429 2025/2703/3430
f 2025/2703/3430 2075/2753/3429 2076/2754/3431 2026/2704/3432
f 2026/2704/3432 2076/2754/3431 2077/2755/3433 2027/2705/3434
f 2027/2705/3434 2077/2755/3433 2078/2756/3435 2028/2706/3436
f 2028/2706/3436 2078/2756/3435 2079/2757/3437 2029/2707/3438
f 2029/2707/3438 2079/2757/3437 2080/2758/3439 2030/2708/3440
f 1876/2558/3340 1878/2554/3441 2081/2759/3442 2031/2709/3341
f 2031/2709/3341 2081/2759/3442 2082/2760/3443 2032/2710/3343
f 2032/2710/3343 2082/2760/3443 2083/2761/3444 2033/2711/3345
f 2033/2711/3345 2083/2761/3444 2084/2762/3445 2034/2712/3347
f 2034/2712/3347 2084/2762/3445 2085/2763/3446 2035/2713/3349
f 2035/2713/3349 2085/2763/3446 2086/2764/3447 2036/2714/3351
f 2036/2714/3351 2086/2764/3447 2087/2765/3448 2037/2715/3353
f 2037/2715/3353 2087/2765/3448 2088/2766/3449 2038/2716/3355
f 2038/2716/3355 2088/2766/3449 2089/2767/3450 2039/2717/3357
f 2039/2717/3357 2089/2767/3450 2090/2768/3451 2040/2718/3359
f 2040/2718/3359 2090/2768/3451 2091/2769/3452 2041/2719/3361
f 2041/2719/3361 2091/2769/3452 2092/2770/3453 2042/2720/3363
f 2042/2720/3363 2092/2770/3453 2093/2771/3454 2043/2721/3365
f 2043/2721/3365 2093/2771/3454 2094/2772/3455 2044/2722/3367
f 2044/2722/3367 2094/2772/3455 2095/2773/3456 2045/2723/3369
f 2045/2723/3369 2095/2773/3456 2096/2774/3457 2046/2724/3371
f 2046/2724/3371 2096/2774/3457 2097/2775/3458 2047/2725/3373
f 2047/2725/3373 2097/2775/3458 2098/2776/3459 2048/2726/3375
f 2048/2726/3375 2098/2776/3459 2099/2777/3460 2049/2727/3377
f 2049/2727/3377 2099/2777/3460 2100/2778/3461 2050/2728/3379
f 2050/2728/3379 2100/2778/3461 2101/2779/3462 2051/2729/3381
f 2051/2729/3381 2101/2779/3462 2102/2780/3463 2052/2730/3383
f 2052/2730/3383 2102/2780/3463 2103/2781/3464 2053/2731/3385
f 2053/2731/3385 2103/2781/3464 2104/2782/3465 2054/2732/3387
f 2054/2732/3387 2104/2782/3465 2105/2783/3466 2055/2733/3389
f 2055/2733/3389 2105/2783/3466 2106/2784/3467 2056/2734/3391
f 2056/2734/3391 2106/2784/3467 2107/2785/3468 2057/2735/3393
f 2057/2735/3393 2107/2785/3468 2108/2786/3469 2058/2736/3395
f 2058/2736/3395 2108/2786/3469 2109/2787/3470 2059/2737/3397
f 2059/2737/3397 2109/2787/3470 2110/2788/3471 2060/2738/3399
f 2060/2738/3399 2110/2788/3471 2111/2789/3472 2061/2739/3401
f 2061/2739/3401 2111/2789/3472 2112/2790/3473 2062/2740/3403
f 2062/2740/3403 2112/2790/3473 2113/2791/3474 2063/2741/3405
f 2063/2741/3405 2113/2791/3474 2114/2792/3475 2064/2742/3407
f 2064/2742/3407 2114/2792/3475 2115/2793/3476 2065/2743/3409
f 2065/2743/3409 2115/2793/3476 2116/2794/3477 2066/2744/3411
f 2066/2744/3411 2116/2794/3477 2117/2795/3478 2067/2745/3413
f 2067/2745/3413 2117/2795/3478 2118/2796/3479 2068/2746/3415
f 2068/2746/3415 2118/2796/3479 2119/2797/3480 2069/2747/3417
f 2069/2747/3417 2119/2797/3480 2120/2798/3481 2070/2748/3419
f 2070/2748/3419 2120/2798/3481 2121/2799/3482 2071/2749/3421
f 2071/2749/3421 2121/2799/3482 2122/2800/3483 2072/2750/3423
f 2072/2750/3423 2122/2800/3483 2123/2801/3484 2073/2751/3425
f 2073/2751/3425 2123/2801/3484 2124/2802/3485 2074/2752/3427
f 2074/2752/3427 2124/2802/3485 2125/2803/3486 2075/2753/3429
f 2075/2753/3429 2125/2803/3486 2126/2804/3487 2076/2754/3431
f 2076/2754/3431 2126/2804/3487 2127/2805/3488 2077/2755/3433
f 2077/2755/3433 2127/2805/3488 2128/2806/3489 2078/2756/3435
f 2078/2756/3435 2128/2806/3489 2129/2807/3490 2079/2757/3437
f 2079/2757/3437 2129/2807/3490 2130/2808/3491 2080/2758/3439
s 2
f 1878/2554/3079 1872/2557/3078 2131/2809/3492 2081/2759/3493
f 2081/2759/3493 2131/2809/3492 2132/2810/3494 2082/2760/3495
f 2082/2760/3495 2132/2810/3494 2133/2811/3496 2083/2761/3497
f 2083/2761/3497 2133/2811/3496 2134/2812/3498 2084/2762/3499
f 2084/2762/3499 2134/2812/3498 2135/2813/3500 2085/2763/3501
f 2085/2763/3501 2135/2813/3500 2136/2814/3502 2086/2764/3503
f 2086/2764/3503 2136/2814/3502 2137/2815/3504 2087/2765/3505
f 2087/2765/3505 2137/2815/3504 2138/2816/3506 2088/2766/3507
f 2088/2766/3507 2138/2816/3506 2139/2817/3508 2089/2767/3509
f 2089/2767/3509 2139/2817/3508 2140/2818/3510 2090/2768/3511
f 2090/2768/3511 2140/2818/3510 2141/2819/3512 2091/2769/3513
f 2091/2769/3513 2141/2819/3512 2142/2820/3514 2092/2770/3515
f 2092/2770/3515 2142/2820/3514 2143/2821/3516 2093/2771/3517
f 2093/2771/3517 2143/2821/3516 2144/2822/3518 2094/2772/3519
f 2094/2772/3519 2144/2822/3518 2145/2823/3520 2095/2773/3521
f 2095/2773/3521 2145/2823/3520 2146/2824/3522 2096/2774/3523
f 2096/2774/3523 2146/2824/3522 2147/2825/3524 2097/2775/3525
f 2097/2775/3525 2147/2825/3524 2148/2826/3526 2098/2776/3527
f 2098/2776/3527 2148/2826/3526 2149/2827/3528 2099/2777/3529
f 2099/2777/3529 2149/2827/3528 2150/2828/3530 2100/2778/3531
f 2100/2778/3531 2150/2828/3530 2151/2829/3532 2101/2779/3533
f 2101/2779/3533 2151/2829/3532 2152/2830/3534 2102/2780/3535
f 2102/2780/3535 2152/2830/3534 2153/2831/3536 2103/2781/3537
f 2103/2781/3537 2153/2831/3536 2154/2832/3538 2104/2782/3539
f 2104/2782/3539 2154/2832/3538 2155/2833/3540 2105/2783/3541
f 2105/2783/3541 2155/2833/3540 2156/2834/3542 2106/2784/3543
f 2106/2784/3543 2156/2834/3542 2157/2835/3544 2107/2785/3545
f 2107/2785/3545 2157/2835/3544 2158/2836/3546 2108/2786/3547
f 2108/2786/3547 2158/2836/3546 2159/2837/3548 2109/2787/3549
f 2109/2787/3549 2159/2837/3548 2160/2838/3550 2110/2788/3551
f 2110/2788/3551 2160/2838/3550 2161/2839/3552 2111/2789/3553
f 2111/2789/3553 2161/2839/3552 2162/2840/3554 2112/2790/3555
f 2112/2790/3555 2162/2840/3554 2163/2841/3556 2113/2791/3557
f 2113/2791/3557 2163/2841/3556 2164/2842/3558 2114/2792/3559
f 2114/2792/3559 2164/2842/3558 2165/2843/3560 2115/2793/3561
f 2115/2793/3561 2165/2843/3560 2166/2844/3562 2116/2794/3563
f 2116/2794/3563 2166/2844/3562 2167/2845/3564 2117/2795/3565
f 2117/2795/3565 2167/2845/3564 2168/2846/3566 2118/2796/3567
f 2118/2796/3567 2168/2846/3566 2169/2847/3568 2119/2797/3569
f 2119/2797/3569 2169/2847/3568 2170/2848/3570 2120/2798/3571
f 2120/2798/3571 2170/2848/3570 2171/2849/3572 2121/2799/3573
f 2121/2799/3573 2171/2849/3572 2172/2850/3574 2122/2800/3575
f 2122/2800/3575 2172/2850/3574 2173/2851/3576 2123/2801/3577
f 2123/2801/3577 2173/2851/3576 2174/2852/3578 2124/2802/3579
f 2124/2802/3579 2174/2852/3578 2175/2853/3580 2125/2803/3581
f 2125/2803/3581 2175/2853/3580 2176/2854/3582 2126/2804/3583
f 2126/2804/3583 2176/2854/3582 2177/2855/3584 2127/2805/3585
f 2127/2805/3585 2177/2855/3584 2178/2856/3586 2128/2806/3587
f 2128/2806/3587 2178/2856/3586 2179/2857/3588 2129/2807/3589
f 2129/2807/3589 2179/2857/3588 2180/2858/3590 2130/2808/3591
s 7
f 1872/2557/3592 1871/2541/3593 2181/2859/3594 2131/2809/3595
f 2131/2809/3595 2181/2859/3594 2182/2860/3596 2132/2810/3597
f 2132/2810/3597 2182/2860/3596 2183/2861/3598 2133/2811/3599
f 2133/2811/3599 2183/2861/3598 2184/2862/3600 2134/2812/3601
f 2134/2812/3601 2184/2862/3600 2185/2863/3602 2135/2813/3603
f 2135/2813/3603 2185/2863/3602 2186/2864/3604 2136/2814/3605
f 2136/2814/3605 2186/2864/3604 2187/2865/3606 2137/2815/3607
f 2137/2815/3607 2187/2865/3606 2188/2866/3608 2138/2816/3609
f 2138/2816/3609 2188/2866/3608 2189/2867/3610 2139/2817/3611
f 2139/2817/3611 2189/2867/3610 2190/2868/3612 2140/2818/3613
f 2140/2818/3613 2190/2868/3612 2191/2869/3614 2141/2819/3615
f 2141/2819/3615 2191/2869/3614 2192/2870/3616 2142/2820/3617
f 2142/2820/3617 2192/2870/3616 2193/2871/3618 2143/2821/3619
f 2143/2821/3619 2193/2871/3618 2194/2872/3620 2144/2822/3621
f 2144/2822/3621 2194/2872/3620 2195/2873/3622 2145/2823/3623
f 2145/2823/3623 2195/2873/3622 2196/2874/3624 2146/2824/3625
f 2146/2824/3625 2196/2874/3624 2197/2875/3626 2147/2825/3627
f 2147/2825/3627 2197/2875/3626 2198/2876/3628 2148/2826/3629
f 2148/2826/3629 2198/2876/3628 2199/2877/3630 2149/2827/3631
f 2149/2827/3631 2199/2877/3630 2200/2878/3632 2150/2828/3633
f 2150/2828/3633 2200/2878/3632 2201/2879/3634 2151/2829/3635
f 2151/2829/3635 2201/2879/3634 2202/2880/3636 2152/2830/3637
f 2152/2830/3637 2202/2880/3636 2203/2881/3638 2153/2831/3639
f 2153/2831/3639 2203/2881/3638 2204/2882/3640 2154/2832/3641
f 2154/2832/3641 2204/2882/3640 2205/2883/3642 2155/2833/3643
f 2155/2833/3643 2205/2883/3642 2206/2884/3644 2156/2834/3645
f 2156/2834/3645 2206/2884/3644 2207/2885/3646 2157/2835/3647
f 2157/2835/3647 2207/2885/3646 2208/2886/3648 2158/2836/3649
f 2158/2836/3649 2208/2886/3648 2209/2887/3650 2159/2837/3651
f 2159/2837/3651 2209/2887/3650 2210/2888/3652 2160/2838/3653
f 2160/2838/3653 2210/2888/3652 2211/2889/3654 2161/2839/3655
f 2161/2839/3655 2211/2889/3654 2212/2890/3656 2162/2840/3657
f 2162/2840/3657 2212/2890/3656 2213/2891/3658 2163/2841/3659
f 2163/2841/3659 2213/2891/3658 2214/2892/3660 2164/2842/3661
f 2164/2842/3661 2214/2892/3660 2215/2893/3662 2165/2843/3663
f 2165/2843/3663 2215/2893/3662 2216/2894/3664 2166/2844/3665
f 2166/2844/3665 2216/2894/3664 2217/2895/3666 2167/2845/3667
f 2167/2845/3667 2217/2895/3666 2218/2896/3668 2168/2846/3669
f 2168/2846/3669 2218/2896/3668 2219/2897/3670 2169/2847/3671
f 2169/2847/3671 2219/2897/3670 2220/2898/3672 2170/2848/3673
f 2170/2848/3673 2220/2898/3672 2221/2899/3674 2171/2849/3675
f 2171/2849/3675 2221/2899/3674 2222/2900/3676 2172/2850/3677
f 2172/2850/3677 2222/2900/3676 2223/2901/3678 2173/2851/3679
f 2173/2851/3679 2223/2901/3678 2224/2902/3680 2174/2852/3681
f 2174/2852/3681 2224/2902/3680 2225/2903/3682 2175/2853/3683
f 2175/2853/3683 2225/2903/3682 2226/2904/3684 2176/2854/3685
f 2176/2854/3685 2226/2904/3684 2227/2905/3686 2177/2855/3687
f 2177/2855/3687 2227/2905/3686 2228/2906/3688 2178/2856/3689
f 2178/2856/3689 2228/2906/3688 2229/2907/3690 2179/2857/3691
f 2179/2857/3691 2229/2907/3690 2230/2908/3692 2180/2858/3693
f 1871/2541/3593 1873/3236/3694 2231/3235/3695 2181/2859/3594
f 2181/2859/3594 2231/3235/3695 2232/3234/3696 2182/2860/3596
f 2182/2860/3596 2232/3234/3696 2233/3233/3697 2183/2861/3598
f 2183/2861/3598 2233/3233/3697 2234/3232/3698 2184/2862/3600
f 2184/2862/3600 2234/3232/3698 2235/3231/3699 2185/2863/3602
f 2185/2863/3602 2235/3231/3699 2236/3230/3700 2186/2864/3604
f 2186/2864/3604 2236/3230/3700 2237/3229/3701 2187/2865/3606
f 2187/2865/3606 2237/3229/3701 2238/3228/3702 2188/2866/3608
f 2188/2866/3608 2238/3228/3702 2239/3227/3703 2189/2867/3610
f 2189/2867/3610 2239/3227/3703 2240/3226/3704 2190/2868/3612
f 2190/2868/3612 2240/3226/3704 2241/3225/3705 2191/2869/3614
f 2191/2869/3614 2241/3225/3705 2242/3224/3706 2192/2870/3616
f 2192/2870/3616 2242/3224/3706 2243/3223/3707 2193/2871/3618
f 2193/2871/3618 2243/3223/3707 2244/3222/3708 2194/2872/3620
f 2194/2872/3620 2244/3222/3708 2245/3221/3709 2195/2873/3622
f 2195/2873/3622 2245/3221/3709 2246/3220/3710 2196/2874/3624
f 2196/2874/3624 2246/3220/3710 2247/3219/3711 2197/2875/3626
f 2197/2875/3626 2247/3219/3711 2248/3218/3712 2198/2876/3628
f 2198/2876/3628 2248/3218/3712 2249/3217/3713 2199/2877/3630
f 2199/2877/3630 2249/3217/3713 2250/3216/3714 2200/2878/3632
f 2200/2878/3632 2250/3216/3714 2251/3215/3715 2201/2879/3634
f 2201/2879/3634 2251/3215/3715 2252/3214/3716 2202/2880/3636
f 2202/2880/3636 2252/3214/3716 2253/3186/3717 2203/2881/3638
f 2203/2881/3638 2253/3186/3717 2254/2932/3718 2204/2882/3640
f 2204/2882/3640 2254/2932/3718 2255/2933/3719 2205/2883/3642
f 2205/2883/3642 2255/2933/3719 2256/2934/3720 2206/2884/3644
f 2206/2884/3644 2256/2934/3720 2257/2935/3721 2207/2885/3646
f 2207/2885/3646 2257/2935/3721 2258/2936/3722 2208/2886/3648
f 2208/2886/3648 2258/2936/3722 2259/3213/3723 2209/2887/3650
f 2209/2887/3650 2259/3213/3723 2260/3212/3724 2210/2888/3652
f 2210/2888/3652 2260/3212/3724 2261/3211/3725 2211/2889/3654
f 2211/2889/3654 2261/3211/3725 2262/3210/3726 2212/2890/3656
f 2212/2890/3656 2262/3210/3726 2263/3209/3727 2213/2891/3658
f 2213/2891/3658 2263/3209/3727 2264/3208/3728 2214/2892/3660
f 2214/2892/3660 2264/3208/3728 2265/3207/3729 2215/2893/3662
f 2215/2893/3662 2265/3207/3729 2266/3206/3730 2216/2894/3664
f 2216/2894/3664 2266/3206/3730 2267/3205/3731 2217/2895/3666
f 2217/2895/3666 2267/3205/3731 2268/3204/3732 2218/2896/3668
f 2218/2896/3668 2268/3204/3732 2269/3203/3733 2219/2897/3670
f 2219/2897/3670 2269/3203/3733 2270/3202/3734 2220/2898/3672
f 2220/2898/3672 2270/3202/3734 2271/3201/3735 2221/2899/3674
f 2221/2899/3674 2271/3201/3735 2272/3200/3736 2222/2900/3676
f 2222/2900/3676 2272/3200/3736 2273/3199/3737 2223/2901/3678
f 2223/2901/3678 2273/3199/3737 2274/3198/3738 2224/2902/3680
f 2224/2902/3680 2274/3198/3738 2275/3197/3739 2225/2903/3682
f 2225/2903/3682 2275/3197/3739 2276/3196/3740 2226/2904/3684
f 2226/2904/3684 2276/3196/3740 2277/3195/3741 2227/2905/3686
f 2227/2905/3686 2277/3195/3741 2278/3194/3742 2228/2906/3688
f 2228/2906/3688 2278/3194/3742 2279/3193/3743 2229/2907/3690
f 2229/2907/3690 2279/3193/3743 2280/3192/3744 2230/2908/3692
s 4
f 1873/2542/3085 1864/2540/3088 2281/2959/3745 2231/2909/3746
f 2231/2909/3746 2281/2959/3745 2282/2960/3747 2232/2910/3748
f 2232/2910/3748 2282/2960/3747 2283/2961/3749 2233/2911/3750
f 2233/2911/3750 2283/2961/3749 2284/2962/3751 2234/2912/3752
f 2234/2912/3752 2284/2962/3751 2285/2963/3753 2235/2913/3754
f 2235/2913/3754 2285/2963/3753 2286/2964/3755 2236/2914/3756
f 2236/2914/3756 2286/2964/3755 2287/2965/3757 2237/2915/3758
f 2237/2915/3758 2287/2965/3757 2288/2966/3759 2238/2916/3760
f 2238/2916/3760 2288/2966/3759 2289/2967/3761 2239/2917/3762
f 2239/2917/3762 2289/2967/3761 2290/2968/3763 2240/2918/3764
f 2240/2918/3764 2290/2968/3763 2291/2969/3765 2241/2919/3766
f 2241/2919/3766 2291/2969/3765 2292/2970/3767 2242/2920/3768
f 2242/2920/3768 2292/2970/3767 2293/2971/3769 2243/2921/3770
f 2243/2921/3770 2293/2971/3769 2294/2972/3771 2244/2922/3772
f 2244/2922/3772 2294/2972/3771 2295/2973/3773 2245/2923/3774
f 2245/2923/3774 2295/2973/3773 2296/2974/3775 2246/2924/3776
f 2246/2924/3776 2296/2974/3775 2297/2975/3777 2247/2925/3778
f 2247/2925/3778 2297/2975/3777 2298/2976/3779 2248/2926/3780
f 2248/2926/3780 2298/2976/3779 2299/2977/3781 2249/2927/3782
f 2249/2927/3782 2299/2977/3781 2300/2978/3783 2250/2928/3784
f 2250/2928/3784 2300/2978/3783 2301/2979/3785 2251/2929/3786
f 2251/2929/3786 2301/2979/3785 2302/2980/3787 2252/2930/3788
f 2252/2930/3788 2302/2980/3787 2303/2981/3789 2253/2931/3790
s off
f 2482/3159/3791 2481/3160/3792 2483/3161/3793 2484/3162/3794 2485/3185/3795 2486/3184/3796 2487/3183/3797 2488/3182/3798 2489/3181/3799 2490/3180/3800 2491/3177/3801 2492/3170/3802
s 8
f 2258/3179/3803 2308/2986/3804 2309/2987/3805 2259/2937/3806
f 2259/2937/3806 2309/2987/3805 2310/2988/3807 2260/2938/3808
f 2260/2938/3808 2310/2988/3807 2311/2989/3809 2261/2939/3810
f 2261/2939/3810 2311/2989/3809 2312/2990/3811 2262/2940/3812
f 2262/2940/3812 2312/2990/3811 2313/2991/3813 2263/2941/3814
f 2263/2941/3814 2313/2991/3813 2314/2992/3815 2264/2942/3816
f 2264/2942/3816 2314/2992/3815 2315/2993/3817 2265/2943/3818
f 2265/2943/3818 2315/2993/3817 2316/2994/3819 2266/2944/3820
f 2266/2944/3820 2316/2994/3819 2317/2995/3821 2267/2945/3822
f 2267/2945/3822 2317/2995/3821 2318/2996/3823 2268/2946/3824
f 2268/2946/3824 2318/2996/3823 2319/2997/3825 2269/2947/3826
f 2269/2947/3826 2319/2997/3825 2320/2998/3827 2270/2948/3828
f 2270/2948/3828 2320/2998/3827 2321/2999/3829 2271/2949/3830
f 2271/2949/3830 2321/2999/3829 2322/3000/3831 2272/2950/3832
f 2272/2950/3832 2322/3000/3831 2323/3001/3833 2273/2951/3834
f 2273/2951/3834 2323/3001/3833 2324/3002/3835 2274/2952/3836
f 2274/2952/3836 2324/3002/3835 2325/3003/3837 2275/2953/3838
f 2275/2953/3838 2325/3003/3837 2326/3004/3839 2276/2954/3840
f 2276/2954/3840 2326/3004/3839 2327/3005/3841 2277/2955/3842
f 2277/2955/3842 2327/3005/3841 2328/3006/3843 2278/2956/3844
f 2278/2956/3844 2328/3006/3843 2329/3007/3845 2279/2957/3846
f 2279/2957/3846 2329/3007/3845 2330/3008/3847 2280/2958/3848
s 9
f 1864/2540/3849 1863/2539/3850 2331/3009/3851 2281/2959/3852
f 2281/2959/3852 2331/3009/3851 2332/3010/3853 2282/2960/3854
f 2282/2960/3854 2332/3010/3853 2333/3011/3855 2283/2961/3856
f 2283/2961/3856 2333/3011/3855 2334/3012/3857 2284/2962/3858
f 2284/2962/3858 2334/3012/3857 2335/3013/3859 2285/2963/3860
f 2285/2963/3860 2335/3013/3859 2336/3014/3861 2286/2964/3862
f 2286/2964/3862 2336/3014/3861 2337/3015/3863 2287/2965/3864
f 2287/2965/3864 2337/3015/3863 2338/3016/3865 2288/2966/3866
f 2288/2966/3866 2338/3016/3865 2339/3017/3867 2289/2967/3868
f 2289/2967/3868 2339/3017/3867 2340/3018/3869 2290/2968/3870
f 2290/2968/3870 2340/3018/3869 2341/3019/3871 2291/2969/3872
f 2291/2969/3872 2341/3019/3871 2342/3020/3873 2292/2970/3874
f 2292/2970/3874 2342/3020/3873 2343/3021/3875 2293/2971/3876
f 2293/2971/3876 2343/3021/3875 2344/3022/3877 2294/2972/3878
f 2294/2972/3878 2344/3022/3877 2345/3023/3879 2295/2973/3880
f 2295/2973/3880 2345/3023/3879 2346/3024/3881 2296/2974/3882
f 2296/2974/3882 2346/3024/3881 2347/3025/3883 2297/2975/3884
f 2297/2975/3884 2347/3025/3883 2348/3026/3885 2298/2976/3886
f 2298/2976/3886 2348/3026/3885 2349/3027/3887 2299/2977/3888
f 2299/2977/3888 2349/3027/3887 2350/3028/3889 2300/2978/3890
f 2300/2978/3890 2350/3028/3889 2351/3029/3891 2301/2979/3892
f 2301/2979/3892 2351/3029/3891 2352/3030/3893 2302/2980/3894
f 2302/2980/3894 2352/3030/3893 2353/3031/3895 2303/2981/3896
f 2303/2981/3896 2353/3031/3895 2354/3032/3897 2304/2982/3898
f 2304/2982/3898 2354/3032/3897 2355/3033/3899 2305/2983/3900
f 2305/2983/3900 2355/3033/3899 2356/3034/3901 2306/2984/3902
f 2306/2984/3902 2356/3034/3901 2357/3035/3903 2307/2985/3904
f 2307/2985/3904 2357/3035/3903 2358/3036/3905 2308/2986/3906
f 2308/2986/3906 2358/3036/3905 2359/3037/3907 2309/2987/3908
f 2309/2987/3908 2359/3037/3907 2360/3038/3909 2310/2988/3910
f 2310/2988/3910 2360/3038/3909 2361/3039/3911 2311/2989/3912
f 2311/2989/3912 2361/3039/3911 2362/3040/3913 2312/2990/3914
f 2312/2990/3914 2362/3040/3913 2363/3041/3915 2313/2991/3916
f 2313/2991/3916 2363/3041/3915 2364/3042/3917 2314/2992/3918
f 2314/2992/3918 2364/3042/3917 2365/3043/3919 2315/2993/3920
f 2315/2993/3920 2365/3043/3919 2366/3044/3921 2316/2994/3922
f 2316/2994/3922 2366/3044/3921 2367/3045/3923 2317/2995/3924
f 2317/2995/3924 2367/3045/3923 2368/3046/3925 2318/2996/3926
f 2318/2996/3926 2368/3046/3925 2369/3047/3927 2319/2997/3928
f 2319/2997/3928 2369/3047/3927 2370/3048/3929 2320/2998/3930
f 2320/2998/3930 2370/3048/3929 2371/3049/3931 2321/2999/3932
f 2321/2999/3932 2371/3049/3931 2372/3050/3933 2322/3000/3934
f 2322/3000/3934 2372/3050/3933 2373/3051/3935 2323/3001/3936
f 2323/3001/3936 2373/3051/3935 2374/3052/3937 2324/3002/3938
f 2324/3002/3938 2374/3052/3937 2375/3053/3939 2325/3003/3940
f 2325/3003/3940 2375/3053/3939 2376/3054/3941 2326/3004/3942
f 2326/3004/3942 2376/3054/3941 2377/3055/3943 2327/3005/3944
f 2327/3005/3944 2377/3055/3943 2378/3056/3945 2328/3006/3946
f 2328/3006/3946 2378/3056/3945 2379/3057/3947 2329/3007/3948
f 2329/3007/3948 2379/3057/3947 2380/3058/3949 2330/3008/3950
f 1863/2539/3850 1865/2553/3951 2381/3059/3952 2331/3009/3851
f 2331/3009/3851 2381/3059/3952 2382/3060/3953 2332/3010/3853
f 2332/3010/3853 2382/3060/3953 2383/3061/3954 2333/3011/3855
f 2333/3011/3855 2383/3061/3954 2384/3062/3955 2334/3012/3857
f 2334/3012/3857 2384/3062/3955 2385/3063/3956 2335/3013/3859
f 2335/3013/3859 2385/3063/3956 2386/3064/3957 2336/3014/3861
f 2336/3014/3861 2386/3064/3957 2387/3065/3958 2337/3015/3863
f 2337/3015/3863 2387/3065/3958 2388/3066/3959 2338/3016/3865
f 2338/3016/3865 2388/3066/3959 2389/3067/3960 2339/3017/3867
f 2339/3017/3867 2389/3067/3960 2390/3068/3961 2340/3018/3869
f 2340/3018/3869 2390/3068/3961 2391/3069/3962 2341/3019/3871
f 2341/3019/3871 2391/3069/3962 2392/3070/3963 2342/3020/3873
f 2342/3020/3873 2392/3070/3963 2393/3071/3964 2343/3021/3875
f 2343/3021/3875 2393/3071/3964 2394/3072/3965 2344/3022/3877
f 2344/3022/3877 2394/3072/3965 2395/3073/3966 2345/3023/3879
f 2345/3023/3879 2395/3073/3966 2396/3074/3967 2346/3024/3881
f 2346/3024/3881 2396/3074/3967 2397/3075/3968 2347/3025/3883
f 2347/3025/3883 2397/3075/3968 2398/3076/3969 2348/3026/3885
f 2348/3026/3885 2398/3076/3969 2399/3077/3970 2349/3027/3887
f 2349/3027/3887 2399/3077/3970 2400/3078/3971 2350/3028/3889
f 2350/3028/3889 2400/3078/3971 2401/3079/3972 2351/3029/3891
f 2351/3029/3891 2401/3079/3972 2402/3080/3973 2352/3030/3893
f 2352/3030/3893 2402/3080/3973 2403/3081/3974 2353/3031/3895
f 2353/3031/3895 2403/3081/3974 2404/3082/3975 2354/3032/3897
f 2354/3032/3897 2404/3082/3975 2405/3083/3976 2355/3033/3899
f 2355/3033/3899 2405/3083/3976 2406/3084/3977 2356/3034/3901
f 2356/3034/3901 2406/3084/3977 2407/3085/3978 2357/3035/3903
f 2357/3035/3903 2407/3085/3978 2408/3086/3979 2358/3036/3905
f 2358/3036/3905 2408/3086/3979 2409/3087/3980 2359/3037/3907
f 2359/3037/3907 2409/3087/3980 2410/3088/3981 2360/3038/3909
f 2360/3038/3909 2410/3088/3981 2411/3089/3982 2361/3039/3911
f 2361/3039/3911 2411/3089/3982 2412/3090/3983 2362/3040/3913
f 2362/3040/3913 2412/3090/3983 2413/3091/3984 2363/3041/3915
f 2363/3041/3915 2413/3091/3984 2414/3092/3985 2364/3042/3917
f 2364/3042/3917 2414/3092/3985 2415/3093/3986 2365/3043/3919
f 2365/3043/3919 2415/3093/3986 2416/3094/3987 2366/3044/3921
f 2366/3044/3921 2416/3094/3987 2417/3095/3988 2367/3045/3923
f 2367/3045/3923 2417/3095/3988 2418/3096/3989 2368/3046/3925
f 2368/3046/3925 2418/3096/3989 2419/3097/3990 2369/3047/3927
f 2369/3047/3927 2419/3097/3990 2420/3098/3991 2370/3048/3929
f 2370/3048/3929 2420/3098/3991 2421/3099/3992 2371/3049/3931
f 2371/3049/3931 2421/3099/3992 2422/3100/3993 2372/3050/3933
f 2372/3050/3933 2422/3100/3993 2423/3101/3994 2373/3051/3935
f 2373/3051/3935 2423/3101/3994 2424/3102/3995 2374/3052/3937
f 2374/3052/3937 2424/3102/3995 2425/3103/3996 2375/3053/3939
f 2375/3053/3939 2425/3103/3996 2426/3104/3997 2376/3054/3941
f 2376/3054/3941 2426/3104/3997 2427/3105/3998 2377/3055/3943
f 2377/3055/3943 2427/3105/3998 2428/3106/3999 2378/3056/3945
f 2378/3056/3945 2428/3106/3999 2429/3107/4000 2379/3057/3947
f 2379/3057/3947 2429/3107/4000 2430/3108/4001 2380/3058/3949
s 1
f 1865/2553/3073 1869/2556/3076 2431/3109/4002 2381/3059/4003
f 2381/3059/4003 2431/3109/4002 2432/3110/4004 2382/3060/4005
f 2382/3060/4005 2432/3110/4004 2433/3111/4006 2383/3061/4007
f 2383/3061/4007 2433/3111/4006 2434/3112/4008 2384/3062/4009
f 2384/3062/4009 2434/3112/4008 2435/3113/4010 2385/3063/4011
f 2385/3063/4011 2435/3113/4010 2436/3114/4012 2386/3064/4013
f 2386/3064/4013 2436/3114/4012 2437/3115/4014 2387/3065/4015
f 2387/3065/4015 2437/3115/4014 2438/3116/4016 2388/3066/4017
f 2388/3066/4017 2438/3116/4016 2439/3117/4018 2389/3067/4019
f 2389/3067/4019 2439/3117/4018 2440/3118/4020 2390/3068/4021
f 2390/3068/4021 2440/3118/4020 2441/3119/4022 2391/3069/4023
f 2391/3069/4023 2441/3119/4022 2442/3120/4024 2392/3070/4025
f 2392/3070/4025 2442/3120/4024 2443/3121/4026 2393/3071/4027
f 2393/3071/4027 2443/3121/4026 2444/3122/4028 2394/3072/4029
f 2394/3072/4029 2444/3122/4028 2445/3123/4030 2395/3073/4031
f 2395/3073/4031 2445/3123/4030 2446/3124/4032 2396/3074/4033
f 2396/3074/4033 2446/3124/4032 2447/3125/4034 2397/3075/4035
f 2397/3075/4035 2447/3125/4034 2448/3126/4036 2398/3076/4037
f 2398/3076/4037 2448/3126/4036 2449/3127/4038 2399/3077/4039
f 2399/3077/4039 2449/3127/4038 2450/3128/4040 2400/3078/4041
f 2400/3078/4041 2450/3128/4040 2451/3129/4042 2401/3079/4043
f 2401/3079/4043 2451/3129/4042 2452/3130/4044 2402/3080/4045
f 2402/3080/4045 2452/3130/4044 2453/3131/4046 2403/3081/4047
f 2403/3081/4047 2453/3131/4046 2454/3132/4048 2404/3082/4049
f 2404/3082/4049 2454/3132/4048 2455/3133/4050 2405/3083/4051
f 2405/3083/4051 2455/3133/4050 2456/3134/4052 2406/3084/4053
f 2406/3084/4053 2456/3134/4052 2457/3135/4054 2407/3085/4055
f 2407/3085/4055 2457/3135/4054 2458/3136/4056 2408/3086/4057
f 2408/3086/4057 2458/3136/4056 2459/3137/4058 2409/3087/4059
f 2409/3087/4059 2459/3137/4058 2460/3138/4060 2410/3088/4061
f 2410/3088/4061 2460/3138/4060 2461/3139/4062 2411/3089/4063
f 2411/3089/4063 2461/3139/4062 2462/3140/4064 2412/3090/4065
f 2412/3090/4065 2462/3140/4064 2463/3141/4066 2413/3091/4067
f 2413/3091/4067 2463/3141/4066 2464/3142/4068 2414/3092/4069
f 2414/3092/4069 2464/3142/4068 2465/3143/4070 2415/3093/4071
f 2415/3093/4071 2465/3143/4070 2466/3144/4072 2416/3094/4073
f 2416/3094/4073 2466/3144/4072 2467/3145/4074 2417/3095/4075
f 2417/3095/4075 2467/3145/4074 2468/3146/4076 2418/3096/4077
f 2418/3096/4077 2468/3146/4076 2469/3147/4078 2419/3097/4079
f 2419/3097/4079 2469/3147/4078 2470/3148/4080 2420/3098/4081
f 2420/3098/4081 2470/3148/4080 2471/3149/4082 2421/3099/4083
f 2421/3099/4083 2471/3149/4082 2472/3150/4084 2422/3100/4085
f 2422/3100/4085 2472/3150/4084 2473/3151/4086 2423/3101/4087
f 2423/3101/4087 2473/3151/4086 2474/3152/4088 2424/3102/4089
f 2424/3102/4089 2474/3152/4088 2475/3153/4090 2425/3103/4091
f 2425/3103/4091 2475/3153/4090 2476/3154/4092 2426/3104/4093
f 2426/3104/4093 2476/3154/4092 2477/3155/4094 2427/3105/4095
f 2427/3105/4095 2477/3155/4094 2478/3156/4096 2428/3106/4097
f 2428/3106/4097 2478/3156/4096 2479/3157/4098 2429/3107/4099
f 2429/3107/4099 2479/3157/4098 2480/3158/4100 2430/3108/4101
s 5
f 1869/2556/4102 1868/2543/3137 1881/2559/3140 2431/3109/4103
f 2431/3109/4103 1881/2559/3140 1882/2560/3142 2432/3110/4104
f 2432/3110/4104 1882/2560/3142 1883/2561/3144 2433/3111/4105
f 2433/3111/4105 1883/2561/3144 1884/2562/3146 2434/3112/4106
f 2434/3112/4106 1884/2562/3146 1885/2563/3148 2435/3113/4107
f 2435/3113/4107 1885/2563/3148 1886/2564/3150 2436/3114/4108
f 2436/3114/4108 1886/2564/3150 1887/2565/3152 2437/3115/4109
f 2437/3115/4109 1887/2565/3152 1888/2566/3154 2438/3116/4110
f 2438/3116/4110 1888/2566/3154 1889/2567/3156 2439/3117/4111
f 2439/3117/4111 1889/2567/3156 1890/2568/3158 2440/3118/4112
f 2440/3118/4112 1890/2568/3158 1891/2569/3160 2441/3119/4113
f 2441/3119/4113 1891/2569/3160 1892/2570/3162 2442/3120/4114
f 2442/3120/4114 1892/2570/3162 1893/2571/3164 2443/3121/4115
f 2443/3121/4115 1893/2571/3164 1894/2572/3166 2444/3122/4116
f 2444/3122/4116 1894/2572/3166 1895/2573/3168 2445/3123/4117
f 2445/3123/4117 1895/2573/3168 1896/2574/3170 2446/3124/4118
f 2446/3124/4118 1896/2574/3170 1897/2575/3172 2447/3125/4119
f 2447/3125/4119 1897/2575/3172 1898/2576/3174 2448/3126/4120
f 2448/3126/4120 1898/2576/3174 1899/2577/3176 2449/3127/4121
f 2449/3127/4121 1899/2577/3176 1900/2578/3178 2450/3128/4122
f 2450/3128/4122 1900/2578/3178 1901/2579/3180 2451/3129/4123
f 2451/3129/4123 1901/2579/3180 1902/2580/3182 2452/3130/4124
f 2452/3130/4124 1902/2580/3182 1903/2581/3184 2453/3131/4125
f 2453/3131/4125 1903/2581/3184 1904/2582/3186 2454/3132/4126
f 2454/3132/4126 1904/2582/3186 1905/2583/3188 2455/3133/4127
f 2455/3133/4127 1905/2583/3188 1906/2584/3190 2456/3134/4128
f 2456/3134/4128 1906/2584/3190 1907/2585/3192 2457/3135/4129
f 2457/3135/4129 1907/2585/3192 1908/2586/3194 2458/3136/4130
f 2458/3136/4130 1908/2586/3194 1909/2587/3196 2459/3137/4131
f 2459/3137/4131 1909/2587/3196 1910/2588/3198 2460/3138/4132
f 2460/3138/4132 1910/2588/3198 1911/2589/3200 2461/3139/4133
f 2461/3139/4133 1911/2589/3200 1912/2590/3202 2462/3140/4134
f 2462/3140/4134 1912/2590/3202 1913/2591/3204 2463/3141/4135
f 2463/3141/4135 1913/2591/3204 1914/2592/3206 2464/3142/4136
f 2464/3142/4136 1914/2592/3206 1915/2593/3208 2465/3143/4137
f 2465/3143/4137 1915/2593/3208 1916/2594/3210 2466/3144/4138
f 2466/3144/4138 1916/2594/3210 1917/2595/3212 2467/3145/4139
f 2467/3145/4139 1917/2595/3212 1918/2596/3214 2468/3146/4140
f 2468/3146/4140 1918/2596/3214 1919/2597/3216 2469/3147/4141
f 2469/3147/4141 1919/2597/3216 1920/2598/3218 2470/3148/4142
f 2470/3148/4142 1920/2598/3218 1921/2599/3220 2471/3149/4143
f 2471/3149/4143 1921/2599/3220 1922/2600/3222 2472/3150/4144
f 2472/3150/4144 1922/2600/3222 1923/2601/3224 2473/3151/4145
f 2473/3151/4145 1923/2601/3224 1924/2602/3226 2474/3152/4146
f 2474/3152/4146 1924/2602/3226 1925/2603/3228 2475/3153/4147
f 2475/3153/4147 1925/2603/3228 1926/2604/3230 2476/3154/4148
f 2476/3154/4148 1926/2604/3230 1927/2605/3232 2477/3155/4149
f 2477/3155/4149 1927/2605/3232 1928/2606/3234 2478/3156/4150
f 2478/3156/4150 1928/2606/3234 1929/2607/3236 2479/3157/4151
f 2479/3157/4151 1929/2607/3236 1930/3188/3238 2480/3158/4152
s 10
f 2257/2935/4153 2256/2934/4154 2481/3160/4155 2482/3159/4156
f 2256/2934/4154 2255/2933/4157 2483/3161/4158 2481/3160/4155
f 2255/2933/4157 2254/2932/4159 2484/3162/4160 2483/3161/4158
f 2254/2932/4159 2253/3186/4161 2485/3185/4162 2484/3162/4160
s off
f 2253/2931/4163 2303/2981/4164 2486/3164/4165 2485/3163/4166
s 11
f 2303/2981/4167 2304/2982/4168 2487/3165/4169 2486/3164/4170
f 2304/2982/4168 2305/2983/4171 2488/3166/4172 2487/3165/4169
f 2305/2983/4171 2306/2984/4173 2489/3167/4174 2488/3166/4172
f 2306/2984/4173 2307/2985/4175 2490/3168/4176 2489/3167/4174
f 2307/2985/4175 2308/2986/4177 2491/3169/4178 2490/3168/4176
s off
f 2308/2986/4179 2258/3179/4180 2492/3178/4181 2491/3169/4182
s 10
f 2258/2936/4183 2257/2935/4153 2482/3159/4156 2492/3170/4184
g default
v 3.492626 1.231920 4.499541
v 3.446769 1.217854 4.413028
v 3.376553 1.212380 4.343566
v 3.288853 1.216034 4.297953
v 3.192253 1.228459 4.280654
v 3.096208 1.248439 4.293363
v 3.010121 1.274017 4.334837
v 2.942418 1.302689 4.401013
v 2.899728 1.331650 4.485417
v 2.886226 1.358064 4.579784
v 2.903237 1.379346 4.674879
v 2.949093 1.393413 4.761391
v 3.019309 1.398887 4.830853
v 3.107009 1.395232 4.876467
v 3.203609 1.382807 4.893765
v 3.299653 1.362828 4.881056
v 3.385740 1.337250 4.839582
v 3.453443 1.308577 4.773406
v 3.496135 1.279616 4.689002
v 3.509636 1.253202 4.594635
v 4.018147 1.027217 4.357461
v 3.888610 0.987483 4.113081
v 3.690266 0.972021 3.916865
v 3.442532 0.982343 3.788018
v 3.169658 1.017441 3.739154
v 2.898354 1.073878 3.775055
v 2.655177 1.146130 3.892207
v 2.463931 1.227124 4.079144
v 2.343337 1.308933 4.317564
v 2.305199 1.383547 4.584132
v 2.353251 1.443664 4.852753
v 2.482788 1.483398 5.097132
v 2.681132 1.498861 5.293348
v 2.928866 1.488538 5.422195
v 3.201739 1.453440 5.471059
v 3.473044 1.397003 5.435158
v 3.716221 1.324751 5.318006
v 3.907466 1.243757 5.131070
v 4.028060 1.161948 4.892649
v 4.066198 1.087334 4.626081
v 3.950083 1.371435 4.314024
v 3.839640 1.337557 4.105666
v 3.670533 1.324374 3.938373
v 3.459315 1.333175 3.828518
v 3.226663 1.363100 3.786856
v 2.995349 1.411218 3.817465
v 2.788017 1.472820 3.917349
v 2.624961 1.541875 4.076731
v 2.522143 1.611625 4.280008
v 2.489626 1.675241 4.507283
v 2.530595 1.726496 4.736309
v 2.641038 1.760374 4.944666
v 2.810146 1.773557 5.111959
v 3.021363 1.764756 5.221815
v 3.254015 1.734832 5.263476
v 3.485328 1.686714 5.232867
v 3.692661 1.625112 5.132983
v 3.855717 1.556056 4.973602
v 3.958535 1.486306 4.770325
v 3.991051 1.422690 4.543049
v 3.937374 1.456133 4.301938
v 3.831027 1.423512 4.101308
v 3.668191 1.410818 3.940219
v 3.464808 1.419293 3.834438
v 3.240784 1.448107 3.794322
v 3.018049 1.494441 3.823796
v 2.818407 1.553758 3.919975
v 2.661398 1.620253 4.073445
v 2.562393 1.687415 4.269183
v 2.531083 1.748672 4.488029
v 2.570532 1.798026 4.708560
v 2.676879 1.830647 4.909190
v 2.839714 1.843342 5.070280
v 3.043098 1.834867 5.176060
v 3.267122 1.806052 5.216176
v 3.489856 1.759719 5.186702
v 3.689499 1.700402 5.090523
v 3.846507 1.633907 4.937053
v 3.945512 1.566745 4.741315
v 3.976822 1.505488 4.522469
v 3.907157 1.541146 4.295851
v 3.807524 1.510585 4.107889
v 3.654971 1.498692 3.956971
v 3.464429 1.506632 3.857870
v 3.254550 1.533627 3.820286
v 3.045879 1.577035 3.847899
v 2.858842 1.632607 3.938006
v 2.711747 1.694903 4.081786
v 2.618994 1.757825 4.265165
v 2.589660 1.815213 4.470192
v 2.626618 1.861452 4.676799
v 2.726251 1.892013 4.864762
v 2.878804 1.903906 5.015679
v 3.069346 1.895966 5.114781
v 3.279225 1.868971 5.152364
v 3.487896 1.825563 5.124752
v 3.674933 1.769991 5.034645
v 3.822028 1.707695 4.890865
v 3.914782 1.644773 4.707486
v 3.944115 1.587384 4.502458
v 3.860178 1.624379 4.295914
v 3.769713 1.596630 4.125247
v 3.631198 1.585831 3.988217
v 3.458189 1.593041 3.898235
v 3.267623 1.617552 3.864110
v 3.078154 1.656965 3.889182
v 2.908327 1.707424 3.970997
v 2.774768 1.763987 4.101547
v 2.690549 1.821119 4.268051
v 2.663915 1.873227 4.454212
v 2.697473 1.915211 4.641808
v 2.787937 1.942960 4.812473
v 2.926453 1.953758 4.949504
v 3.099462 1.946549 5.039486
v 3.290027 1.922038 5.073611
v 3.479497 1.882624 5.048539
v 3.649323 1.832166 4.966724
v 3.782882 1.775603 4.836175
v 3.867100 1.718471 4.669670
v 3.893735 1.666362 4.483509
v 3.797592 1.703783 4.302124
v 3.718523 1.679530 4.152956
v 3.597456 1.670091 4.033187
v 3.446241 1.676392 3.954540
v 3.279680 1.697816 3.924714
v 3.114078 1.732265 3.946628
v 2.965644 1.776367 4.018137
v 2.848910 1.825805 4.132241
v 2.775300 1.875740 4.277771
v 2.752021 1.921284 4.440482
v 2.781351 1.957979 4.604446
v 2.860420 1.982233 4.753614
v 2.981487 1.991671 4.873383
v 3.132702 1.985370 4.952030
v 3.299263 1.963947 4.981856
v 3.464864 1.929498 4.959943
v 3.613298 1.885396 4.888434
v 3.730033 1.835957 4.774330
v 3.803643 1.786022 4.628799
v 3.826922 1.740478 4.466088
v 3.720941 1.777403 4.314329
v 3.655216 1.757242 4.190333
v 3.554577 1.749397 4.090774
v 3.428880 1.754634 4.025399
v 3.290425 1.772443 4.000605
v 3.152768 1.801079 4.018821
v 3.029382 1.837739 4.078264
v 2.932345 1.878834 4.173113
v 2.871157 1.920343 4.294086
v 2.851806 1.958202 4.429340
v 2.876187 1.988705 4.565636
v 2.941913 2.008866 4.689632
v 3.042551 2.016711 4.789190
v 3.168249 2.011473 4.854567
v 3.306703 1.993665 4.879360
v 3.444361 1.965029 4.861144
v 3.567746 1.928369 4.801702
v 3.664783 1.887274 4.706852
v 3.725971 1.845765 4.585879
v 3.745322 1.807906 4.450625
v 3.632113 1.843426 4.332229
v 3.581348 1.827855 4.236457
v 3.503618 1.821795 4.159561
v 3.406532 1.825840 4.109066
v 3.299593 1.839595 4.089916
v 3.193270 1.861713 4.103986
v 3.097970 1.890028 4.149898
v 3.023022 1.921769 4.223157
v 2.975761 1.953830 4.316593
v 2.960815 1.983071 4.421060
v 2.979646 2.006630 4.526331
v 3.030412 2.022202 4.622103
v 3.108142 2.028262 4.699000
v 3.205227 2.024216 4.749494
v 3.312166 2.010462 4.768644
v 3.418489 1.988344 4.754575
v 3.513789 1.960029 4.708663
v 3.588737 1.928288 4.635404
v 3.635998 1.896227 4.541967
v 3.650944 1.866986 4.437500
v 3.533294 1.900227 4.355382
v 3.498740 1.889628 4.290193
v 3.445832 1.885503 4.237852
v 3.379748 1.888257 4.203482
v 3.306958 1.897619 4.190447
v 3.234588 1.912674 4.200024
v 3.169720 1.931947 4.231275
v 3.118705 1.953552 4.281140
v 3.086536 1.975375 4.344739
v 3.076363 1.995278 4.415846
v 3.089180 2.011315 4.487502
v 3.123735 2.021914 4.552691
v 3.176643 2.026039 4.605031
v 3.242727 2.023285 4.639401
v 3.315516 2.013922 4.652436
v 3.387887 1.998868 4.642859
v 3.452755 1.979594 4.611609
v 3.503770 1.957989 4.561743
v 3.535939 1.936167 4.498144
v 3.546112 1.916263 4.427037
v 3.426918 1.946406 4.383218
v 3.409426 1.941041 4.350218
v 3.382641 1.938953 4.323721
v 3.349188 1.940346 4.306322
v 3.312340 1.945086 4.299723
v 3.275703 1.952707 4.304571
v 3.242865 1.962464 4.320391
v 3.217039 1.973401 4.345635
v 3.200755 1.984449 4.377831
v 3.195605 1.994524 4.413827
v 3.202093 2.002642 4.450101
v 3.219586 2.008008 4.483102
v 3.246370 2.010096 4.509599
v 3.279824 2.008702 4.526998
v 3.316672 2.003963 4.533597
v 3.353308 1.996341 4.528749
v 3.386146 1.986585 4.512929
v 3.411972 1.975647 4.487685
v 3.428257 1.964600 4.455489
v 3.433407 1.954524 4.419492
v 3.319893 2.005433 4.408779
v 3.064344 0.539135 4.782646
v 3.223250 0.483080 4.671415
v 3.252534 0.492063 4.726662
v 3.178411 0.479585 4.627058
v 3.122407 0.481918 4.597929
v 3.060719 0.489853 4.586883
v 2.999386 0.502611 4.594998
v 2.944411 0.518945 4.621483
v 2.901177 0.537256 4.663743
v 2.873915 0.555749 4.717642
v 2.865293 0.572618 4.777905
v 2.876156 0.586208 4.838631
v 2.905439 0.595191 4.893877
v 2.950278 0.598686 4.938235
v 3.006283 0.596352 4.967363
v 3.067971 0.588418 4.978410
v 3.129303 0.575659 4.970294
v 3.184278 0.559326 4.943810
v 3.227512 0.541016 4.901549
v 3.254775 0.522521 4.847650
v 3.263397 0.505653 4.787388
vt 0.402872 0.165668
vt 0.402872 0.158121
vt 0.402872 0.150575
vt 0.402872 0.143029
vt 0.402872 0.135482
vt 0.402872 0.127936
vt 0.402872 0.120389
vt 0.402872 0.112843
vt 0.402872 0.105296
vt 0.402872 0.097750
vt 0.402872 0.090204
vt 0.402872 0.082657
vt 0.402872 0.075111
vt 0.402872 0.067564
vt 0.402872 0.060018
vt 0.402872 0.052471
vt 0.402872 0.044925
vt 0.402872 0.037378
vt 0.402872 0.029832
vt 0.402872 0.022285
vt 0.402872 0.014739
vt 0.452237 0.166910
vt 0.452237 0.159363
vt 0.452237 0.151817
vt 0.452237 0.144271
vt 0.452237 0.136724
vt 0.452237 0.129178
vt 0.452237 0.121631
vt 0.452237 0.114085
vt 0.452237 0.106538
vt 0.452237 0.098992
vt 0.452237 0.091445
vt 0.452237 0.083899
vt 0.452237 0.076353
vt 0.452237 0.068806
vt 0.452237 0.061260
vt 0.452237 0.053713
vt 0.452237 0.046167
vt 0.452237 0.038620
vt 0.452237 0.031074
vt 0.452237 0.023527
vt 0.452237 0.015981
vt 0.471034 0.166910
vt 0.471034 0.159363
vt 0.471034 0.151817
vt 0.471034 0.144271
vt 0.471034 0.136724
vt 0.471034 0.129178
vt 0.471034 0.121631
vt 0.471034 0.114085
vt 0.471034 0.106538
vt 0.471034 0.098992
vt 0.471034 0.091445
vt 0.471034 0.083899
vt 0.471034 0.076353
vt 0.471034 0.068806
vt 0.471034 0.061260
vt 0.471034 0.053713
vt 0.471034 0.046167
vt 0.471034 0.038620
vt 0.471034 0.031074
vt 0.471034 0.023527
vt 0.471034 0.015981
vt 0.477557 0.166910
vt 0.477557 0.159363
vt 0.477557 0.151817
vt 0.477557 0.144271
vt 0.477557 0.136724
vt 0.477557 0.129178
vt 0.477557 0.121631
vt 0.477557 0.114085
vt 0.477557 0.106538
vt 0.477557 0.098992
vt 0.477557 0.091445
vt 0.477557 0.083899
vt 0.477557 0.076353
vt 0.477557 0.068806
vt 0.477557 0.061260
vt 0.477557 0.053713
vt 0.477557 0.046167
vt 0.477557 0.038620
vt 0.477557 0.031074
vt 0.477557 0.023527
vt 0.477557 0.015981
vt 0.484081 0.166910
vt 0.484081 0.159363
vt 0.484081 0.151817
vt 0.484081 0.144271
vt 0.484081 0.136724
vt 0.484081 0.129178
vt 0.484081 0.121631
vt 0.484081 0.114085
vt 0.484081 0.106538
vt 0.484081 0.098992
vt 0.484081 0.091445
vt 0.484081 0.083899
vt 0.484081 0.076353
vt 0.484081 0.068806
vt 0.484081 0.061260
vt 0.484081 0.053713
vt 0.484081 0.046167
vt 0.484081 0.038620
vt 0.484081 0.031074
vt 0.484081 0.023527
vt 0.484081 0.015981
vt 0.492309 0.166910
vt 0.492309 0.159363
vt 0.492309 0.151817
vt 0.492309 0.144271
vt 0.492309 0.136724
vt 0.492309 0.129178
vt 0.492309 0.121631
vt 0.492309 0.114085
vt 0.492309 0.106538
vt 0.492309 0.098992
vt 0.492309 0.091445
vt 0.492309 0.083899
vt 0.492309 0.076353
vt 0.492309 0.068806
vt 0.492309 0.061260
vt 0.492309 0.053713
vt 0.492309 0.046167
vt 0.492309 0.038620
vt 0.492309 0.031074
vt 0.492309 0.023527
vt 0.492309 0.015981
vt 0.501901 0.166910
vt 0.501901 0.159363
vt 0.501901 0.151817
vt 0.501901 0.144271
vt 0.501901 0.136724
vt 0.501901 0.129178
vt 0.501901 0.121631
vt 0.501901 0.114085
vt 0.501901 0.106538
vt 0.501901 0.098992
vt 0.501901 0.091445
vt 0.501901 0.083899
vt 0.501901 0.076353
vt 0.501901 0.068806
vt 0.501901 0.061260
vt 0.501901 0.053713
vt 0.501901 0.046167
vt 0.501901 0.038620
vt 0.501901 0.031074
vt 0.501901 0.023527
vt 0.501901 0.015981
vt 0.509448 0.166910
vt 0.509448 0.159363
vt 0.509448 0.151817
vt 0.509448 0.144271
vt 0.509448 0.136724
vt 0.509448 0.129178
vt 0.509448 0.121631
vt 0.509448 0.114085
vt 0.509448 0.106538
vt 0.509448 0.098992
vt 0.509448 0.091445
vt 0.509448 0.083899
vt 0.509448 0.076353
vt 0.509448 0.068806
vt 0.509448 0.061260
vt 0.509448 0.053713
vt 0.509448 0.046167
vt 0.509448 0.038620
vt 0.509448 0.031074
vt 0.509448 0.023527
vt 0.509448 0.015981
vt 0.520189 0.166910
vt 0.520189 0.159363
vt 0.520189 0.151817
vt 0.520189 0.144271
vt 0.520189 0.136724
vt 0.520189 0.129178
vt 0.520189 0.121631
vt 0.520189 0.114085
vt 0.520189 0.106538
vt 0.520189 0.098992
vt 0.520189 0.091445
vt 0.520189 0.083899
vt 0.520189 0.076353
vt 0.520189 0.068806
vt 0.520189 0.061260
vt 0.520189 0.053713
vt 0.520189 0.046167
vt 0.520189 0.038620
vt 0.520189 0.031074
vt 0.520189 0.023527
vt 0.520189 0.015981
vt 0.531120 0.166910
vt 0.531120 0.159363
vt 0.531120 0.151817
vt 0.531120 0.144271
vt 0.531120 0.136724
vt 0.531120 0.129178
vt 0.531120 0.121631
vt 0.531120 0.114085
vt 0.531120 0.106538
vt 0.531120 0.098992
vt 0.531120 0.091445
vt 0.531120 0.083899
vt 0.531120 0.076353
vt 0.531120 0.068806
vt 0.531120 0.061260
vt 0.531120 0.053713
vt 0.531120 0.046167
vt 0.531120 0.038620
vt 0.531120 0.031074
vt 0.531120 0.023527
vt 0.531120 0.015981
vt 0.536596 0.166910
vt 0.536596 0.159363
vt 0.536596 0.151817
vt 0.536596 0.144271
vt 0.536596 0.136724
vt 0.536596 0.129178
vt 0.536596 0.121631
vt 0.536596 0.114085
vt 0.536596 0.106538
vt 0.536596 0.098992
vt 0.536596 0.091445
vt 0.536596 0.083899
vt 0.536596 0.076353
vt 0.536596 0.068806
vt 0.536596 0.061260
vt 0.536596 0.053713
vt 0.536596 0.046167
vt 0.536596 0.038620
vt 0.536596 0.031074
vt 0.536596 0.023527
vt 0.536596 0.015981
vt 0.341369 0.161804
vt 0.341369 0.154258
vt 0.341369 0.146711
vt 0.341369 0.139165
vt 0.341369 0.131618
vt 0.341369 0.124072
vt 0.341369 0.116526
vt 0.341369 0.108979
vt 0.341369 0.101433
vt 0.341369 0.093886
vt 0.341369 0.086340
vt 0.341369 0.078793
vt 0.341369 0.071247
vt 0.341369 0.063701
vt 0.341369 0.056154
vt 0.341369 0.048608
vt 0.341369 0.041061
vt 0.341369 0.033515
vt 0.341369 0.025968
vt 0.341369 0.018422
vt 0.548860 0.163137
vt 0.548860 0.155590
vt 0.548860 0.148044
vt 0.548860 0.140497
vt 0.548860 0.132951
vt 0.548860 0.125404
vt 0.548860 0.117858
vt 0.548860 0.110312
vt 0.548860 0.102765
vt 0.548860 0.095219
vt 0.548860 0.087672
vt 0.548860 0.080126
vt 0.548860 0.072579
vt 0.548860 0.065033
vt 0.548860 0.057486
vt 0.548860 0.049940
vt 0.548860 0.042394
vt 0.548860 0.034847
vt 0.548860 0.027301
vt 0.548860 0.019754
vt 0.358546 0.158742
vt 0.358546 0.166289
vt 0.358546 0.151196
vt 0.358546 0.143650
vt 0.358546 0.136103
vt 0.358546 0.128557
vt 0.358546 0.121010
vt 0.358546 0.113464
vt 0.358546 0.105917
vt 0.358546 0.098371
vt 0.358546 0.090824
vt 0.358546 0.083278
vt 0.358546 0.075732
vt 0.358546 0.068185
vt 0.358546 0.060639
vt 0.358546 0.053092
vt 0.358546 0.045546
vt 0.358546 0.037999
vt 0.358546 0.030453
vt 0.358546 0.022906
vt 0.358546 0.015360
vn -0.166520 -0.955469 0.243620
vn -0.166518 -0.955469 0.243620
vn -0.166521 -0.955469 0.243618
vn -0.166519 -0.955469 0.243621
vn -0.166521 -0.955469 0.243619
vn -0.166520 -0.955469 0.243619
vn -0.166519 -0.955469 0.243618
vn -0.166520 -0.955468 0.243621
vn -0.166521 -0.955469 0.243620
vn -0.166520 -0.955469 0.243619
vn -0.166521 -0.955468 0.243620
vn -0.166521 -0.955468 0.243620
vn -0.166520 -0.955469 0.243619
vn -0.166520 -0.955469 0.243619
vn -0.166519 -0.955468 0.243621
vn -0.166520 -0.955468 0.243621
vn -0.166522 -0.955468 0.243619
vn -0.166518 -0.955470 0.243616
vn -0.166518 -0.955469 0.243618
vn -0.166521 -0.955468 0.243621
vn -0.166520 -0.955469 0.243620
vn -0.264598 -0.912748 0.311254
vn -0.264598 -0.912748 0.311254
vn -0.282919 -0.918367 0.276692
vn -0.282919 -0.918367 0.276692
vn -0.236547 -0.910561 0.339006
vn -0.236547 -0.910560 0.339006
vn -0.201511 -0.912021 0.357228
vn -0.201511 -0.912021 0.357228
vn -0.162918 -0.916984 0.364139
vn -0.162918 -0.916985 0.364139
vn -0.124548 -0.924966 0.359062
vn -0.124548 -0.924966 0.359062
vn -0.090155 -0.935185 0.342493
vn -0.090155 -0.935185 0.342493
vn -0.063107 -0.946640 0.316054
vn -0.063107 -0.946640 0.316055
vn -0.046052 -0.958210 0.282335
vn -0.046052 -0.958210 0.282335
vn -0.040658 -0.968763 0.244634
vn -0.040658 -0.968763 0.244634
vn -0.047454 -0.977265 0.206644
vn -0.047454 -0.977265 0.206644
vn -0.065774 -0.982884 0.172082
vn -0.065774 -0.982884 0.172082
vn -0.093826 -0.985071 0.144330
vn -0.093826 -0.985071 0.144330
vn -0.128863 -0.983611 0.126107
vn -0.128863 -0.983611 0.126107
vn -0.167455 -0.978648 0.119197
vn -0.167455 -0.978648 0.119197
vn -0.205826 -0.970666 0.124274
vn -0.205826 -0.970666 0.124274
vn -0.240218 -0.960447 0.140843
vn -0.240218 -0.960447 0.140843
vn -0.267266 -0.948992 0.167281
vn -0.267266 -0.948992 0.167281
vn -0.284321 -0.937422 0.201001
vn -0.284321 -0.937422 0.201001
vn -0.289715 -0.926869 0.238702
vn -0.289715 -0.926869 0.238702
vn 0.927054 0.139389 -0.348055
vn 0.792443 0.098098 -0.602006
vn 0.793573 0.089816 -0.601810
vn 0.928631 0.131244 -0.347015
vn 0.586332 0.082029 -0.805907
vn 0.586778 0.073694 -0.806387
vn 0.328896 0.092755 -0.939800
vn 0.328488 0.084456 -0.940725
vn 0.045334 0.129227 -0.990578
vn 0.043984 0.121049 -0.991672
vn -0.236596 0.187873 -0.953271
vn -0.238881 0.179890 -0.954241
vn -0.489297 0.262954 -0.831531
vn -0.492422 0.255220 -0.832096
vn -0.688034 0.347120 -0.637272
vn -0.691818 0.339666 -0.637193
vn -0.813352 0.432131 -0.389514
vn -0.817551 0.424959 -0.388612
vn -0.852984 0.509668 -0.112506
vn -0.857314 0.502753 -0.110685
vn -0.803049 0.572141 0.166636
vn -0.807215 0.565432 0.169383
vn -0.668437 0.613432 0.420586
vn -0.672157 0.606861 0.424177
vn -0.462326 0.629500 0.624488
vn -0.465361 0.622982 0.628755
vn -0.204890 0.618773 0.758380
vn -0.207071 0.612220 0.763091
vn 0.078672 0.582302 0.809157
vn 0.077433 0.575628 0.814037
vn 0.360602 0.523656 0.771849
vn 0.360298 0.516786 0.776606
vn 0.613303 0.448575 0.650108
vn 0.613838 0.441456 0.654461
vn 0.812039 0.364409 0.455850
vn 0.813234 0.357011 0.459558
vn 0.937356 0.279397 0.208092
vn 0.938967 0.271717 0.210978
vn 0.976987 0.201861 -0.068914
vn 0.978730 0.193923 -0.066948
vn 0.784738 0.146308 -0.602312
vn 0.916553 0.186740 -0.353636
vn 0.582909 0.130573 -0.801978
vn 0.330821 0.141077 -0.933089
vn 0.053151 0.176791 -0.982812
vn -0.222922 0.234220 -0.946280
vn -0.470375 0.307742 -0.827068
vn -0.664983 0.390160 -0.636846
vn -0.787696 0.473407 -0.394235
vn -0.826505 0.549332 -0.122982
vn -0.777609 0.610505 0.150360
vn -0.645795 0.650937 0.399036
vn -0.443965 0.666672 0.598702
vn -0.191876 0.656169 0.729813
vn 0.085796 0.620454 0.779536
vn 0.361869 0.563024 0.743004
vn 0.609320 0.489501 0.623793
vn 0.803927 0.407085 0.433571
vn 0.926641 0.323838 0.190959
vn 0.965450 0.247911 -0.080293
vn 0.736194 0.332423 -0.589502
vn 0.853949 0.368543 -0.367351
vn 0.555891 0.318366 -0.767872
vn 0.330691 0.327751 -0.884999
vn 0.082638 0.359656 -0.929418
vn -0.163989 0.410960 -0.896783
vn -0.385049 0.476640 -0.790286
vn -0.558899 0.550267 -0.620353
vn -0.668523 0.624634 -0.403619
vn -0.703193 0.692461 -0.161298
vn -0.659511 0.747111 0.082888
vn -0.541755 0.783232 0.305040
vn -0.361454 0.797287 0.483410
vn -0.136254 0.787902 0.600538
vn 0.111800 0.755997 0.644956
vn 0.358427 0.704693 0.612321
vn 0.579486 0.639012 0.505825
vn 0.753336 0.565385 0.335892
vn 0.862961 0.491019 0.119157
vn 0.897630 0.423192 -0.123163
vn 0.669170 0.489305 -0.559278
vn 0.770542 0.520400 -0.368034
vn 0.513953 0.477205 -0.712831
vn 0.320085 0.485284 -0.813662
vn 0.106542 0.512750 -0.851901
vn -0.105771 0.556916 -0.823806
vn -0.296073 0.613458 -0.732127
vn -0.445737 0.676841 -0.585836
vn -0.540109 0.740862 -0.399257
vn -0.569954 0.799252 -0.190651
vn -0.532351 0.846298 0.019563
vn -0.430979 0.877393 0.210806
vn -0.275763 0.889493 0.364359
vn -0.081894 0.881414 0.465191
vn 0.131648 0.853948 0.503429
vn 0.343961 0.809783 0.475334
vn 0.534264 0.753240 0.383655
vn 0.683927 0.689857 0.237365
vn 0.778299 0.625837 0.050785
vn 0.808145 0.567446 -0.157821
vn 0.592378 0.616958 -0.518123
vn 0.676554 0.642779 -0.359318
vn 0.463489 0.606909 -0.645631
vn 0.302504 0.613618 -0.729359
vn 0.125181 0.636426 -0.761112
vn -0.051119 0.673100 -0.737782
vn -0.209141 0.720052 -0.661654
vn -0.333419 0.772684 -0.540178
vn -0.411783 0.825845 -0.385245
vn -0.436567 0.874332 -0.212023
vn -0.405343 0.913397 -0.037465
vn -0.321165 0.939218 0.121340
vn -0.192275 0.949266 0.248846
vn -0.031291 0.942558 0.332574
vn 0.146030 0.919750 0.364328
vn 0.322330 0.883076 0.340998
vn 0.480354 0.836125 0.264870
vn 0.604631 0.783492 0.143394
vn 0.682997 0.730330 -0.011539
vn 0.707779 0.681844 -0.184761
vn 0.511558 0.718826 -0.470742
vn 0.578622 0.739397 -0.344222
vn 0.408873 0.710821 -0.572326
vn 0.280618 0.716165 -0.639032
vn 0.139346 0.734336 -0.664330
vn -0.001113 0.763554 -0.645743
vn -0.127009 0.800960 -0.585092
vn -0.226019 0.842892 -0.488312
vn -0.288452 0.885245 -0.364879
vn -0.308197 0.923874 -0.226872
vn -0.283321 0.954997 -0.087803
vn -0.216256 0.975569 0.038715
vn -0.113571 0.983574 0.140300
vn 0.014684 0.978230 0.207005
vn 0.155955 0.960059 0.232304
vn 0.296414 0.930840 0.213718
vn 0.422310 0.893434 0.153067
vn 0.521321 0.851502 0.056287
vn 0.583755 0.809149 -0.067148
vn 0.603498 0.770521 -0.205153
vn 0.429977 0.799150 -0.420094
vn 0.480449 0.814630 -0.324880
vn 0.352701 0.793125 -0.496543
vn 0.256181 0.797146 -0.546744
vn 0.149864 0.810821 -0.565783
vn 0.044159 0.832810 -0.551795
vn -0.050587 0.860960 -0.506151
vn -0.125099 0.892516 -0.433319
vn -0.172083 0.924390 -0.340426
vn -0.186942 0.953462 -0.236567
vn -0.168220 0.976884 -0.131908
vn -0.117751 0.992365 -0.036694
vn -0.040474 0.998389 0.039756
vn 0.056047 0.994367 0.089956
vn 0.162363 0.980693 0.108994
vn 0.268068 0.958704 0.095007
vn 0.362813 0.930554 0.049363
vn 0.437325 0.898997 -0.023471
vn 0.484311 0.867123 -0.116363
vn 0.499171 0.838052 -0.220221
vn 0.349741 0.861462 -0.368190
vn 0.384395 0.872092 -0.302814
vn 0.296682 0.857325 -0.420683
vn 0.230407 0.860087 -0.455153
vn 0.157406 0.869476 -0.468226
vn 0.084826 0.884574 -0.458621
vn 0.019770 0.903903 -0.427280
vn -0.031392 0.925571 -0.377271
vn -0.063653 0.947456 -0.313488
vn -0.073855 0.967418 -0.242175
vn -0.061000 0.983500 -0.170312
vn -0.026347 0.994130 -0.104937
vn 0.026714 0.998267 -0.052444
vn 0.092989 0.995505 -0.017973
vn 0.165989 0.986116 -0.004901
vn 0.238567 0.971018 -0.014506
vn 0.303623 0.951689 -0.045847
vn 0.354786 0.930021 -0.095857
vn 0.387048 0.908135 -0.159639
vn 0.397251 0.888174 -0.230952
vn 0.309953 0.887186 -0.341804
vn 0.336919 0.895458 -0.290929
vn 0.268662 0.883966 -0.382654
vn 0.217087 0.886116 -0.409478
vn 0.160280 0.893422 -0.419652
vn 0.103795 0.905172 -0.412178
vn 0.053168 0.920214 -0.387788
vn 0.013354 0.937077 -0.348868
vn -0.011753 0.954108 -0.299233
vn -0.019692 0.969641 -0.243738
vn -0.009688 0.982157 -0.187813
vn 0.017279 0.990429 -0.136939
vn 0.058571 0.993648 -0.096089
vn 0.110147 0.991499 -0.069263
vn 0.166957 0.984192 -0.059091
vn 0.223438 0.972443 -0.066565
vn 0.274064 0.957401 -0.090954
vn 0.313880 0.940538 -0.129873
vn 0.338984 0.923508 -0.179509
vn 0.346924 0.907974 -0.235005
vn 0.166520 0.955469 -0.243619
vn 0.755685 -0.409594 -0.511051
vn 0.899277 -0.365548 -0.240156
vn 0.899277 -0.365548 -0.240156
vn 0.755685 -0.409594 -0.511051
vn 0.535825 -0.426734 -0.728553
vn 0.535825 -0.426734 -0.728553
vn 0.261217 -0.415291 -0.871378
vn 0.261217 -0.415291 -0.871378
vn -0.041260 -0.376385 -0.925544
vn -0.041260 -0.376386 -0.925544
vn -0.342001 -0.313826 -0.885748
vn -0.342001 -0.313825 -0.885748
vn -0.611561 -0.233734 -0.755885
vn -0.611561 -0.233734 -0.755885
vn -0.823555 -0.143953 -0.548666
vn -0.823555 -0.143953 -0.548666
vn -0.957230 -0.053270 -0.284383
vn -0.957230 -0.053270 -0.284383
vn -0.999505 0.029438 0.011100
vn -0.999505 0.029438 0.011100
vn -0.946242 0.096077 0.308861
vn -0.946242 0.096077 0.308861
vn -0.802652 0.140122 0.579754
vn -0.802652 0.140122 0.579754
vn -0.582786 0.157262 0.797263
vn -0.582786 0.157263 0.797264
vn -0.308177 0.145820 0.940087
vn -0.308177 0.145820 0.940087
vn -0.005701 0.106914 0.994252
vn -0.005701 0.106914 0.994252
vn 0.295038 0.044355 0.954455
vn 0.295038 0.044355 0.954455
vn 0.564595 -0.035736 0.824594
vn 0.564595 -0.035736 0.824595
vn 0.776587 -0.125516 0.617380
vn 0.776587 -0.125516 0.617380
vn 0.910266 -0.216199 0.353093
vn 0.910266 -0.216199 0.353093
vn 0.952541 -0.298909 0.057605
vn 0.952542 -0.298909 0.057605
s 1
g Shroom Mushroom2 Shrooms
usemtl lambert12SG
f 2714/3474/4185 2715/3514/4186 2716/3515/4187
f 2714/3475/4185 2717/3516/4188 2715/3514/4186
f 2714/3476/4185 2718/3517/4189 2717/3516/4188
f 2714/3477/4185 2719/3518/4190 2718/3517/4189
f 2714/3478/4185 2720/3519/4191 2719/3518/4190
f 2714/3479/4185 2721/3520/4192 2720/3519/4191
f 2714/3480/4185 2722/3521/4193 2721/3520/4192
f 2714/3481/4185 2723/3522/4194 2722/3521/4193
f 2714/3482/4185 2724/3523/4195 2723/3522/4194
f 2714/3483/4185 2725/3524/4196 2724/3523/4195
f 2714/3484/4185 2726/3525/4197 2725/3524/4196
f 2714/3485/4185 2727/3526/4198 2726/3525/4197
f 2714/3486/4185 2728/3527/4199 2727/3526/4198
f 2714/3487/4185 2729/3528/4200 2728/3527/4199
f 2714/3488/4185 2730/3529/4201 2729/3528/4200
f 2714/3489/4185 2731/3530/4202 2730/3529/4201
f 2714/3490/4185 2732/3531/4203 2731/3530/4202
f 2714/3491/4185 2733/3532/4204 2732/3531/4203
f 2714/3492/4185 2734/3533/4205 2733/3532/4204
f 2714/3493/4185 2716/3534/4187 2734/3533/4205
s 2
f 2494/3244/4206 2514/3265/4207 2513/3264/4208 2493/3243/4209
f 2495/3245/4210 2515/3266/4211 2514/3265/4207 2494/3244/4206
f 2496/3246/4212 2516/3267/4213 2515/3266/4211 2495/3245/4210
f 2497/3247/4214 2517/3268/4215 2516/3267/4213 2496/3246/4212
f 2498/3248/4216 2518/3269/4217 2517/3268/4215 2497/3247/4214
f 2499/3249/4218 2519/3270/4219 2518/3269/4217 2498/3248/4216
f 2500/3250/4220 2520/3271/4221 2519/3270/4219 2499/3249/4218
f 2501/3251/4222 2521/3272/4223 2520/3271/4221 2500/3250/4220
f 2502/3252/4224 2522/3273/4225 2521/3272/4223 2501/3251/4222
f 2503/3253/4226 2523/3274/4227 2522/3273/4225 2502/3252/4224
f 2504/3254/4228 2524/3275/4229 2523/3274/4227 2503/3253/4226
f 2505/3255/4230 2525/3276/4231 2524/3275/4229 2504/3254/4228
f 2506/3256/4232 2526/3277/4233 2525/3276/4231 2505/3255/4230
f 2507/3257/4234 2527/3278/4235 2526/3277/4233 2506/3256/4232
f 2508/3258/4236 2528/3279/4237 2527/3278/4235 2507/3257/4234
f 2509/3259/4238 2529/3280/4239 2528/3279/4237 2508/3258/4236
f 2510/3260/4240 2530/3281/4241 2529/3280/4239 2509/3259/4238
f 2511/3261/4242 2531/3282/4243 2530/3281/4241 2510/3260/4240
f 2512/3262/4244 2532/3283/4245 2531/3282/4243 2511/3261/4242
f 2493/3263/4209 2513/3284/4208 2532/3283/4245 2512/3262/4244
s 3
usemtl lambert11SG
f 2513/3264/4246 2514/3265/4247 2534/3286/4248 2533/3285/4249
f 2514/3265/4247 2515/3266/4250 2535/3287/4251 2534/3286/4248
f 2515/3266/4250 2516/3267/4252 2536/3288/4253 2535/3287/4251
f 2516/3267/4252 2517/3268/4254 2537/3289/4255 2536/3288/4253
f 2517/3268/4254 2518/3269/4256 2538/3290/4257 2537/3289/4255
f 2518/3269/4256 2519/3270/4258 2539/3291/4259 2538/3290/4257
f 2519/3270/4258 2520/3271/4260 2540/3292/4261 2539/3291/4259
f 2520/3271/4260 2521/3272/4262 2541/3293/4263 2540/3292/4261
f 2521/3272/4262 2522/3273/4264 2542/3294/4265 2541/3293/4263
f 2522/3273/4264 2523/3274/4266 2543/3295/4267 2542/3294/4265
f 2523/3274/4266 2524/3275/4268 2544/3296/4269 2543/3295/4267
f 2524/3275/4268 2525/3276/4270 2545/3297/4271 2544/3296/4269
f 2525/3276/4270 2526/3277/4272 2546/3298/4273 2545/3297/4271
f 2526/3277/4272 2527/3278/4274 2547/3299/4275 2546/3298/4273
f 2527/3278/4274 2528/3279/4276 2548/3300/4277 2547/3299/4275
f 2528/3279/4276 2529/3280/4278 2549/3301/4279 2548/3300/4277
f 2529/3280/4278 2530/3281/4280 2550/3302/4281 2549/3301/4279
f 2530/3281/4280 2531/3282/4282 2551/3303/4283 2550/3302/4281
f 2531/3282/4282 2532/3283/4284 2552/3304/4285 2551/3303/4283
f 2532/3283/4284 2513/3284/4246 2533/3305/4249 2552/3304/4285
f 2533/3285/4249 2534/3286/4248 2554/3307/4286 2553/3306/4287
f 2534/3286/4248 2535/3287/4251 2555/3308/4288 2554/3307/4286
f 2535/3287/4251 2536/3288/4253 2556/3309/4289 2555/3308/4288
f 2536/3288/4253 2537/3289/4255 2557/3310/4290 2556/3309/4289
f 2537/3289/4255 2538/3290/4257 2558/3311/4291 2557/3310/4290
f 2538/3290/4257 2539/3291/4259 2559/3312/4292 2558/3311/4291
f 2539/3291/4259 2540/3292/4261 2560/3313/4293 2559/3312/4292
f 2540/3292/4261 2541/3293/4263 2561/3314/4294 2560/3313/4293
f 2541/3293/4263 2542/3294/4265 2562/3315/4295 2561/3314/4294
f 2542/3294/4265 2543/3295/4267 2563/3316/4296 2562/3315/4295
f 2543/3295/4267 2544/3296/4269 2564/3317/4297 2563/3316/4296
f 2544/3296/4269 2545/3297/4271 2565/3318/4298 2564/3317/4297
f 2545/3297/4271 2546/3298/4273 2566/3319/4299 2565/3318/4298
f 2546/3298/4273 2547/3299/4275 2567/3320/4300 2566/3319/4299
f 2547/3299/4275 2548/3300/4277 2568/3321/4301 2567/3320/4300
f 2548/3300/4277 2549/3301/4279 2569/3322/4302 2568/3321/4301
f 2549/3301/4279 2550/3302/4281 2570/3323/4303 2569/3322/4302
f 2550/3302/4281 2551/3303/4283 2571/3324/4304 2570/3323/4303
f 2551/3303/4283 2552/3304/4285 2572/3325/4305 2571/3324/4304
f 2552/3304/4285 2533/3305/4249 2553/3326/4287 2572/3325/4305
f 2553/3306/4287 2554/3307/4286 2574/3328/4306 2573/3327/4307
f 2554/3307/4286 2555/3308/4288 2575/3329/4308 2574/3328/4306
f 2555/3308/4288 2556/3309/4289 2576/3330/4309 2575/3329/4308
f 2556/3309/4289 2557/3310/4290 2577/3331/4310 2576/3330/4309
f 2557/3310/4290 2558/3311/4291 2578/3332/4311 2577/3331/4310
f 2558/3311/4291 2559/3312/4292 2579/3333/4312 2578/3332/4311
f 2559/3312/4292 2560/3313/4293 2580/3334/4313 2579/3333/4312
f 2560/3313/4293 2561/3314/4294 2581/3335/4314 2580/3334/4313
f 2561/3314/4294 2562/3315/4295 2582/3336/4315 2581/3335/4314
f 2562/3315/4295 2563/3316/4296 2583/3337/4316 2582/3336/4315
f 2563/3316/4296 2564/3317/4297 2584/3338/4317 2583/3337/4316
f 2564/3317/4297 2565/3318/4298 2585/3339/4318 2584/3338/4317
f 2565/3318/4298 2566/3319/4299 2586/3340/4319 2585/3339/4318
f 2566/3319/4299 2567/3320/4300 2587/3341/4320 2586/3340/4319
f 2567/3320/4300 2568/3321/4301 2588/3342/4321 2587/3341/4320
f 2568/3321/4301 2569/3322/4302 2589/3343/4322 2588/3342/4321
f 2569/3322/4302 2570/3323/4303 2590/3344/4323 2589/3343/4322
f 2570/3323/4303 2571/3324/4304 2591/3345/4324 2590/3344/4323
f 2571/3324/4304 2572/3325/4305 2592/3346/4325 2591/3345/4324
f 2572/3325/4305 2553/3326/4287 2573/3347/4307 2592/3346/4325
f 2573/3327/4307 2574/3328/4306 2594/3349/4326 2593/3348/4327
f 2574/3328/4306 2575/3329/4308 2595/3350/4328 2594/3349/4326
f 2575/3329/4308 2576/3330/4309 2596/3351/4329 2595/3350/4328
f 2576/3330/4309 2577/3331/4310 2597/3352/4330 2596/3351/4329
f 2577/3331/4310 2578/3332/4311 2598/3353/4331 2597/3352/4330
f 2578/3332/4311 2579/3333/4312 2599/3354/4332 2598/3353/4331
f 2579/3333/4312 2580/3334/4313 2600/3355/4333 2599/3354/4332
f 2580/3334/4313 2581/3335/4314 2601/3356/4334 2600/3355/4333
f 2581/3335/4314 2582/3336/4315 2602/3357/4335 2601/3356/4334
f 2582/3336/4315 2583/3337/4316 2603/3358/4336 2602/3357/4335
f 2583/3337/4316 2584/3338/4317 2604/3359/4337 2603/3358/4336
f 2584/3338/4317 2585/3339/4318 2605/3360/4338 2604/3359/4337
f 2585/3339/4318 2586/3340/4319 2606/3361/4339 2605/3360/4338
f 2586/3340/4319 2587/3341/4320 2607/3362/4340 2606/3361/4339
f 2587/3341/4320 2588/3342/4321 2608/3363/4341 2607/3362/4340
f 2588/3342/4321 2589/3343/4322 2609/3364/4342 2608/3363/4341
f 2589/3343/4322 2590/3344/4323 2610/3365/4343 2609/3364/4342
f 2590/3344/4323 2591/3345/4324 2611/3366/4344 2610/3365/4343
f 2591/3345/4324 2592/3346/4325 2612/3367/4345 2611/3366/4344
f 2592/3346/4325 2573/3347/4307 2593/3368/4327 2612/3367/4345
f 2593/3348/4327 2594/3349/4326 2614/3370/4346 2613/3369/4347
f 2594/3349/4326 2595/3350/4328 2615/3371/4348 2614/3370/4346
f 2595/3350/4328 2596/3351/4329 2616/3372/4349 2615/3371/4348
f 2596/3351/4329 2597/3352/4330 2617/3373/4350 2616/3372/4349
f 2597/3352/4330 2598/3353/4331 2618/3374/4351 2617/3373/4350
f 2598/3353/4331 2599/3354/4332 2619/3375/4352 2618/3374/4351
f 2599/3354/4332 2600/3355/4333 2620/3376/4353 2619/3375/4352
f 2600/3355/4333 2601/3356/4334 2621/3377/4354 2620/3376/4353
f 2601/3356/4334 2602/3357/4335 2622/3378/4355 2621/3377/4354
f 2602/3357/4335 2603/3358/4336 2623/3379/4356 2622/3378/4355
f 2603/3358/4336 2604/3359/4337 2624/3380/4357 2623/3379/4356
f 2604/3359/4337 2605/3360/4338 2625/3381/4358 2624/3380/4357
f 2605/3360/4338 2606/3361/4339 2626/3382/4359 2625/3381/4358
f 2606/3361/4339 2607/3362/4340 2627/3383/4360 2626/3382/4359
f 2607/3362/4340 2608/3363/4341 2628/3384/4361 2627/3383/4360
f 2608/3363/4341 2609/3364/4342 2629/3385/4362 2628/3384/4361
f 2609/3364/4342 2610/3365/4343 2630/3386/4363 2629/3385/4362
f 2610/3365/4343 2611/3366/4344 2631/3387/4364 2630/3386/4363
f 2611/3366/4344 2612/3367/4345 2632/3388/4365 2631/3387/4364
f 2612/3367/4345 2593/3368/4327 2613/3389/4347 2632/3388/4365
f 2613/3369/4347 2614/3370/4346 2634/3391/4366 2633/3390/4367
f 2614/3370/4346 2615/3371/4348 2635/3392/4368 2634/3391/4366
f 2615/3371/4348 2616/3372/4349 2636/3393/4369 2635/3392/4368
f 2616/3372/4349 2617/3373/4350 2637/3394/4370 2636/3393/4369
f 2617/3373/4350 2618/3374/4351 2638/3395/4371 2637/3394/4370
f 2618/3374/4351 2619/3375/4352 2639/3396/4372 2638/3395/4371
f 2619/3375/4352 2620/3376/4353 2640/3397/4373 2639/3396/4372
f 2620/3376/4353 2621/3377/4354 2641/3398/4374 2640/3397/4373
f 2621/3377/4354 2622/3378/4355 2642/3399/4375 2641/3398/4374
f 2622/3378/4355 2623/3379/4356 2643/3400/4376 2642/3399/4375
f 2623/3379/4356 2624/3380/4357 2644/3401/4377 2643/3400/4376
f 2624/3380/4357 2625/3381/4358 2645/3402/4378 2644/3401/4377
f 2625/3381/4358 2626/3382/4359 2646/3403/4379 2645/3402/4378
f 2626/3382/4359 2627/3383/4360 2647/3404/4380 2646/3403/4379
f 2627/3383/4360 2628/3384/4361 2648/3405/4381 2647/3404/4380
f 2628/3384/4361 2629/3385/4362 2649/3406/4382 2648/3405/4381
f 2629/3385/4362 2630/3386/4363 2650/3407/4383 2649/3406/4382
f 2630/3386/4363 2631/3387/4364 2651/3408/4384 2650/3407/4383
f 2631/3387/4364 2632/3388/4365 2652/3409/4385 2651/3408/4384
f 2632/3388/4365 2613/3389/4347 2633/3410/4367 2652/3409/4385
f 2633/3390/4367 2634/3391/4366 2654/3412/4386 2653/3411/4387
f 2634/3391/4366 2635/3392/4368 2655/3413/4388 2654/3412/4386
f 2635/3392/4368 2636/3393/4369 2656/3414/4389 2655/3413/4388
f 2636/3393/4369 2637/3394/4370 2657/3415/4390 2656/3414/4389
f 2637/3394/4370 2638/3395/4371 2658/3416/4391 2657/3415/4390
f 2638/3395/4371 2639/3396/4372 2659/3417/4392 2658/3416/4391
f 2639/3396/4372 2640/3397/4373 2660/3418/4393 2659/3417/4392
f 2640/3397/4373 2641/3398/4374 2661/3419/4394 2660/3418/4393
f 2641/3398/4374 2642/3399/4375 2662/3420/4395 2661/3419/4394
f 2642/3399/4375 2643/3400/4376 2663/3421/4396 2662/3420/4395
f 2643/3400/4376 2644/3401/4377 2664/3422/4397 2663/3421/4396
f 2644/3401/4377 2645/3402/4378 2665/3423/4398 2664/3422/4397
f 2645/3402/4378 2646/3403/4379 2666/3424/4399 2665/3423/4398
f 2646/3403/4379 2647/3404/4380 2667/3425/4400 2666/3424/4399
f 2647/3404/4380 2648/3405/4381 2668/3426/4401 2667/3425/4400
f 2648/3405/4381 2649/3406/4382 2669/3427/4402 2668/3426/4401
f 2649/3406/4382 2650/3407/4383 2670/3428/4403 2669/3427/4402
f 2650/3407/4383 2651/3408/4384 2671/3429/4404 2670/3428/4403
f 2651/3408/4384 2652/3409/4385 2672/3430/4405 2671/3429/4404
f 2652/3409/4385 2633/3410/4367 2653/3431/4387 2672/3430/4405
f 2653/3411/4387 2654/3412/4386 2674/3433/4406 2673/3432/4407
f 2654/3412/4386 2655/3413/4388 2675/3434/4408 2674/3433/4406
f 2655/3413/4388 2656/3414/4389 2676/3435/4409 2675/3434/4408
f 2656/3414/4389 2657/3415/4390 2677/3436/4410 2676/3435/4409
f 2657/3415/4390 2658/3416/4391 2678/3437/4411 2677/3436/4410
f 2658/3416/4391 2659/3417/4392 2679/3438/4412 2678/3437/4411
f 2659/3417/4392 2660/3418/4393 2680/3439/4413 2679/3438/4412
f 2660/3418/4393 2661/3419/4394 2681/3440/4414 2680/3439/4413
f 2661/3419/4394 2662/3420/4395 2682/3441/4415 2681/3440/4414
f 2662/3420/4395 2663/3421/4396 2683/3442/4416 2682/3441/4415
f 2663/3421/4396 2664/3422/4397 2684/3443/4417 2683/3442/4416
f 2664/3422/4397 2665/3423/4398 2685/3444/4418 2684/3443/4417
f 2665/3423/4398 2666/3424/4399 2686/3445/4419 2685/3444/4418
f 2666/3424/4399 2667/3425/4400 2687/3446/4420 2686/3445/4419
f 2667/3425/4400 2668/3426/4401 2688/3447/4421 2687/3446/4420
f 2668/3426/4401 2669/3427/4402 2689/3448/4422 2688/3447/4421
f 2669/3427/4402 2670/3428/4403 2690/3449/4423 2689/3448/4422
f 2670/3428/4403 2671/3429/4404 2691/3450/4424 2690/3449/4423
f 2671/3429/4404 2672/3430/4405 2692/3451/4425 2691/3450/4424
f 2672/3430/4405 2653/3431/4387 2673/3452/4407 2692/3451/4425
f 2673/3432/4407 2674/3433/4406 2694/3454/4426 2693/3453/4427
f 2674/3433/4406 2675/3434/4408 2695/3455/4428 2694/3454/4426
f 2675/3434/4408 2676/3435/4409 2696/3456/4429 2695/3455/4428
f 2676/3435/4409 2677/3436/4410 2697/3457/4430 2696/3456/4429
f 2677/3436/4410 2678/3437/4411 2698/3458/4431 2697/3457/4430
f 2678/3437/4411 2679/3438/4412 2699/3459/4432 2698/3458/4431
f 2679/3438/4412 2680/3439/4413 2700/3460/4433 2699/3459/4432
f 2680/3439/4413 2681/3440/4414 2701/3461/4434 2700/3460/4433
f 2681/3440/4414 2682/3441/4415 2702/3462/4435 2701/3461/4434
f 2682/3441/4415 2683/3442/4416 2703/3463/4436 2702/3462/4435
f 2683/3442/4416 2684/3443/4417 2704/3464/4437 2703/3463/4436
f 2684/3443/4417 2685/3444/4418 2705/3465/4438 2704/3464/4437
f 2685/3444/4418 2686/3445/4419 2706/3466/4439 2705/3465/4438
f 2686/3445/4419 2687/3446/4420 2707/3467/4440 2706/3466/4439
f 2687/3446/4420 2688/3447/4421 2708/3468/4441 2707/3467/4440
f 2688/3447/4421 2689/3448/4422 2709/3469/4442 2708/3468/4441
f 2689/3448/4422 2690/3449/4423 2710/3470/4443 2709/3469/4442
f 2690/3449/4423 2691/3450/4424 2711/3471/4444 2710/3470/4443
f 2691/3450/4424 2692/3451/4425 2712/3472/4445 2711/3471/4444
f 2692/3451/4425 2673/3452/4407 2693/3473/4427 2712/3472/4445
f 2693/3453/4427 2694/3454/4426 2713/3494/4446
f 2694/3454/4426 2695/3455/4428 2713/3495/4446
f 2695/3455/4428 2696/3456/4429 2713/3496/4446
f 2696/3456/4429 2697/3457/4430 2713/3497/4446
f 2697/3457/4430 2698/3458/4431 2713/3498/4446
f 2698/3458/4431 2699/3459/4432 2713/3499/4446
f 2699/3459/4432 2700/3460/4433 2713/3500/4446
f 2700/3460/4433 2701/3461/4434 2713/3501/4446
f 2701/3461/4434 2702/3462/4435 2713/3502/4446
f 2702/3462/4435 2703/3463/4436 2713/3503/4446
f 2703/3463/4436 2704/3464/4437 2713/3504/4446
f 2704/3464/4437 2705/3465/4438 2713/3505/4446
f 2705/3465/4438 2706/3466/4439 2713/3506/4446
f 2706/3466/4439 2707/3467/4440 2713/3507/4446
f 2707/3467/4440 2708/3468/4441 2713/3508/4446
f 2708/3468/4441 2709/3469/4442 2713/3509/4446
f 2709/3469/4442 2710/3470/4443 2713/3510/4446
f 2710/3470/4443 2711/3471/4444 2713/3511/4446
f 2711/3471/4444 2712/3472/4445 2713/3512/4446
f 2712/3472/4445 2693/3473/4427 2713/3513/4446
s 4
usemtl lambert12SG
f 2494/3244/4447 2493/3243/4448 2716/3515/4449 2715/3514/4450
f 2495/3245/4451 2494/3244/4447 2715/3514/4450 2717/3516/4452
f 2496/3246/4453 2495/3245/4451 2717/3516/4452 2718/3517/4454
f 2497/3247/4455 2496/3246/4453 2718/3517/4454 2719/3518/4456
f 2498/3248/4457 2497/3247/4455 2719/3518/4456 2720/3519/4458
f 2499/3249/4459 2498/3248/4457 2720/3519/4458 2721/3520/4460
f 2500/3250/4461 2499/3249/4459 2721/3520/4460 2722/3521/4462
f 2501/3251/4463 2500/3250/4461 2722/3521/4462 2723/3522/4464
f 2502/3252/4465 2501/3251/4463 2723/3522/4464 2724/3523/4466
f 2503/3253/4467 2502/3252/4465 2724/3523/4466 2725/3524/4468
f 2504/3254/4469 2503/3253/4467 2725/3524/4468 2726/3525/4470
f 2505/3255/4471 2504/3254/4469 2726/3525/4470 2727/3526/4472
f 2506/3256/4473 2505/3255/4471 2727/3526/4472 2728/3527/4474
f 2507/3257/4475 2506/3256/4473 2728/3527/4474 2729/3528/4476
f 2508/3258/4477 2507/3257/4475 2729/3528/4476 2730/3529/4478
f 2509/3259/4479 2508/3258/4477 2730/3529/4478 2731/3530/4480
f 2510/3260/4481 2509/3259/4479 2731/3530/4480 2732/3531/4482
f 2511/3261/4483 2510/3260/4481 2732/3531/4482 2733/3532/4484
f 2512/3262/4485 2511/3261/4483 2733/3532/4484 2734/3533/4486
f 2493/3263/4448 2512/3262/4485 2734/3533/4486 2716/3534/4449
g default
v 2.810411 1.602365 5.117315
v 2.800225 1.605515 5.117685
v 2.791310 1.609802 5.120754
v 2.784539 1.614810 5.126221
v 2.780576 1.620046 5.133552
v 2.779807 1.624998 5.142028
v 2.782308 1.629182 5.150819
v 2.787835 1.632189 5.159067
v 2.795846 1.633723 5.165962
v 2.805558 1.633634 5.170830
v 2.816019 1.631932 5.173194
v 2.826205 1.628783 5.172824
v 2.835120 1.624495 5.169755
v 2.841891 1.619488 5.164288
v 2.845854 1.614252 5.156958
v 2.846623 1.609299 5.148481
v 2.844121 1.605115 5.139690
v 2.838594 1.602109 5.131443
v 2.830583 1.600575 5.124547
v 2.820872 1.600663 5.119679
v 2.809504 1.592133 5.086092
v 2.789382 1.598354 5.086823
v 2.771771 1.606824 5.092885
v 2.758397 1.616715 5.103685
v 2.750567 1.627058 5.118166
v 2.749048 1.636841 5.134909
v 2.753990 1.645107 5.152277
v 2.764908 1.651045 5.168567
v 2.780733 1.654075 5.182188
v 2.799916 1.653901 5.191804
v 2.820581 1.650538 5.196476
v 2.840703 1.644318 5.195744
v 2.858313 1.635847 5.189682
v 2.871688 1.625956 5.178882
v 2.879517 1.615613 5.164402
v 2.881036 1.605830 5.147658
v 2.876094 1.597564 5.130291
v 2.865177 1.591626 5.114000
v 2.849351 1.588596 5.100379
v 2.830168 1.588771 5.090763
v 2.809901 1.585296 5.053689
v 2.780338 1.594435 5.054763
v 2.754466 1.606879 5.063670
v 2.734817 1.621411 5.079537
v 2.723314 1.636606 5.100810
v 2.721083 1.650979 5.125409
v 2.728343 1.663122 5.150924
v 2.744383 1.671846 5.174858
v 2.767632 1.676298 5.194869
v 2.795816 1.676042 5.208996
v 2.826174 1.671102 5.215859
v 2.855737 1.661963 5.214784
v 2.881609 1.649518 5.205878
v 2.901258 1.634987 5.190011
v 2.912761 1.619792 5.168737
v 2.914992 1.605419 5.144139
v 2.907732 1.593276 5.118624
v 2.891692 1.584552 5.094690
v 2.868443 1.580100 5.074679
v 2.840259 1.580356 5.060552
v 2.811592 1.582023 5.020904
v 2.773318 1.593856 5.022295
v 2.739821 1.609968 5.033827
v 2.714381 1.628781 5.054370
v 2.699488 1.648455 5.081913
v 2.696600 1.667064 5.113761
v 2.705999 1.682785 5.146795
v 2.726766 1.694081 5.177783
v 2.756867 1.699845 5.203691
v 2.793356 1.699512 5.221982
v 2.832662 1.693117 5.230867
v 2.870937 1.681284 5.229475
v 2.904433 1.665173 5.217944
v 2.929873 1.646359 5.197402
v 2.944767 1.626685 5.169858
v 2.947655 1.608076 5.138011
v 2.938256 1.592355 5.104976
v 2.917489 1.581059 5.073988
v 2.887388 1.575296 5.048081
v 2.850898 1.575628 5.029789
v 2.814537 1.582395 4.988545
v 2.768493 1.596629 4.990219
v 2.728196 1.616012 5.004092
v 2.697592 1.638645 5.028805
v 2.679676 1.662313 5.061939
v 2.676201 1.684699 5.100252
v 2.687508 1.703612 5.139992
v 2.712491 1.717200 5.177270
v 2.748703 1.724134 5.208437
v 2.792600 1.723735 5.230442
v 2.839885 1.716041 5.241131
v 2.885929 1.701806 5.239457
v 2.926225 1.682424 5.225585
v 2.956830 1.659791 5.200872
v 2.974746 1.636123 5.167737
v 2.978221 1.613737 5.129425
v 2.966913 1.594824 5.089684
v 2.941931 1.581235 5.052406
v 2.905719 1.574301 5.021239
v 2.861822 1.574701 4.999234
v 2.818663 1.586402 4.957408
v 2.765982 1.602688 4.959323
v 2.719878 1.624864 4.975195
v 2.684863 1.650759 5.003470
v 2.664364 1.677838 5.041380
v 2.660389 1.703450 5.085215
v 2.673326 1.725089 5.130682
v 2.701909 1.740636 5.173334
v 2.743340 1.748569 5.208992
v 2.793563 1.748112 5.234169
v 2.847663 1.739310 5.246397
v 2.900343 1.723023 5.244483
v 2.946447 1.700847 5.228611
v 2.981463 1.674953 5.200336
v 3.001961 1.647874 5.162426
v 3.005937 1.622261 5.118592
v 2.993000 1.600622 5.073123
v 2.964417 1.585076 5.030473
v 2.922986 1.577142 4.994814
v 2.872762 1.577600 4.969638
v 2.823867 1.593946 4.928261
v 2.765848 1.611883 4.930370
v 2.715071 1.636306 4.947850
v 2.676507 1.664825 4.978991
v 2.653931 1.694649 5.020742
v 2.649553 1.722857 5.069019
v 2.663801 1.746689 5.119095
v 2.695281 1.763811 5.166068
v 2.740911 1.772548 5.205341
v 2.796224 1.772045 5.233068
v 2.855806 1.762350 5.246537
v 2.913826 1.744413 5.244428
v 2.964602 1.719990 5.226948
v 3.003166 1.691471 5.195808
v 3.025742 1.661647 5.154056
v 3.030120 1.633439 5.105779
v 3.015872 1.609608 5.055703
v 2.984393 1.592485 5.008730
v 2.938763 1.583748 4.969457
v 2.883450 1.584251 4.941729
v 2.830022 1.604841 4.901820
v 2.768093 1.623987 4.904071
v 2.713894 1.650056 4.922729
v 2.672731 1.680497 4.955968
v 2.648634 1.712331 5.000534
v 2.643960 1.742440 5.052064
v 2.659169 1.767878 5.105515
v 2.692770 1.786154 5.155654
v 2.741475 1.795480 5.197574
v 2.800516 1.794943 5.227170
v 2.864114 1.784595 5.241547
v 2.926044 1.765449 5.239295
v 2.980242 1.739380 5.220637
v 3.021405 1.708938 5.187398
v 3.045503 1.677105 5.142832
v 3.050176 1.646996 5.091302
v 3.034968 1.621558 5.037851
v 3.001366 1.603282 4.987712
v 2.952662 1.593956 4.945793
v 2.893620 1.594493 4.916196
v 2.836977 1.618819 4.878736
v 2.772662 1.638702 4.881074
v 2.716376 1.665775 4.900451
v 2.673628 1.697389 4.934970
v 2.648602 1.730448 4.981253
v 2.643749 1.761717 5.034768
v 2.659543 1.788135 5.090278
v 2.694438 1.807115 5.142348
v 2.745019 1.816801 5.185882
v 2.806334 1.816243 5.216619
v 2.872382 1.805496 5.231548
v 2.936697 1.785613 5.229210
v 2.992983 1.758539 5.209833
v 3.035731 1.726926 5.175314
v 3.060757 1.693866 5.129032
v 3.065610 1.662597 5.075517
v 3.049816 1.636180 5.020007
v 3.014921 1.617199 4.967937
v 2.964340 1.607514 4.924403
v 2.903024 1.608072 4.893666
v 2.844559 1.635535 4.859579
v 2.779443 1.655666 4.861946
v 2.722455 1.683077 4.881564
v 2.679174 1.715085 4.916514
v 2.653836 1.748556 4.963373
v 2.648922 1.780215 5.017556
v 2.664913 1.806962 5.073757
v 2.700244 1.826179 5.126477
v 2.751455 1.835985 5.170553
v 2.813535 1.835420 5.201673
v 2.880406 1.824539 5.216789
v 2.945522 1.804408 5.214422
v 3.002510 1.776997 5.194803
v 3.045791 1.744990 5.159854
v 3.071129 1.711518 5.112995
v 3.076043 1.679859 5.058812
v 3.060052 1.653112 5.002611
v 3.024721 1.633896 4.949891
v 2.973510 1.624089 4.905815
v 2.911430 1.624654 4.874695
v 2.852583 1.654578 4.844820
v 2.788269 1.674461 4.847157
v 2.731982 1.701535 4.866535
v 2.689234 1.733149 4.901054
v 2.664208 1.766208 4.947336
v 2.659355 1.797477 5.000852
v 2.675149 1.823895 5.056361
v 2.710044 1.842875 5.108431
v 2.760625 1.852560 5.151966
v 2.821941 1.852002 5.182702
v 2.887988 1.841256 5.197632
v 2.952303 1.821373 5.195294
v 3.008590 1.794299 5.175917
v 3.051338 1.762685 5.141398
v 3.076363 1.729626 5.095115
v 3.081217 1.698357 5.041600
v 3.065423 1.671939 4.986090
v 3.030527 1.652959 4.934020
v 2.979946 1.643274 4.890486
v 2.918631 1.643832 4.859750
v 2.860851 1.675479 4.834821
v 2.798922 1.694625 4.837073
v 2.744723 1.720695 4.855731
v 2.703560 1.751136 4.888970
v 2.679462 1.782969 4.933536
v 2.674789 1.813078 4.985066
v 2.689998 1.838516 5.038517
v 2.723599 1.856793 5.088656
v 2.772304 1.866119 5.130576
v 2.831345 1.865581 5.160172
v 2.894943 1.855233 5.174549
v 2.956872 1.836088 5.172297
v 3.011071 1.810018 5.153639
v 3.052234 1.779577 5.120400
v 3.076331 1.747744 5.075834
v 3.081005 1.717635 5.024303
v 3.065796 1.692197 4.970853
v 3.032195 1.673920 4.920713
v 2.983490 1.664594 4.878794
v 2.924449 1.665132 4.849198
v 2.869159 1.697724 4.829831
v 2.811140 1.715661 4.831940
v 2.760363 1.740084 4.849420
v 2.721799 1.768604 4.880560
v 2.699223 1.798427 4.922312
v 2.694845 1.826635 4.970589
v 2.709093 1.850467 5.020665
v 2.740573 1.867589 5.067638
v 2.786202 1.876326 5.106911
v 2.841516 1.875823 5.134639
v 2.901098 1.866128 5.148107
v 2.959117 1.848191 5.145998
v 3.009894 1.823768 5.128518
v 3.048458 1.795249 5.097378
v 3.071034 1.765426 5.055625
v 3.075412 1.737218 5.007349
v 3.061164 1.713386 4.957273
v 3.029684 1.696264 4.910300
v 2.984055 1.687526 4.871027
v 2.928741 1.688030 4.843299
v 2.877302 1.720765 4.829970
v 2.824622 1.737051 4.831885
v 2.778518 1.759227 4.847757
v 2.743503 1.785122 4.876032
v 2.723004 1.812201 4.913942
v 2.719028 1.837813 4.957777
v 2.731966 1.859452 5.003244
v 2.760549 1.874999 5.045896
v 2.801980 1.882932 5.081554
v 2.852203 1.882475 5.106730
v 2.906303 1.873672 5.118959
v 2.958983 1.857386 5.117044
v 3.005087 1.835210 5.101172
v 3.040102 1.809315 5.072898
v 3.060601 1.782236 5.034988
v 3.064576 1.756624 4.991154
v 3.051639 1.734985 4.945685
v 3.023057 1.719438 4.903035
v 2.981625 1.711505 4.867376
v 2.931402 1.711962 4.842200
v 2.885081 1.744033 4.835237
v 2.839036 1.758268 4.836911
v 2.798740 1.777651 4.850783
v 2.768136 1.800283 4.875496
v 2.750219 1.823951 4.908631
v 2.746745 1.846338 4.946944
v 2.758052 1.865250 4.986684
v 2.783034 1.878839 5.023962
v 2.819246 1.885773 5.055129
v 2.863143 1.885373 5.077134
v 2.910428 1.877680 5.087823
v 2.956472 1.863445 5.086149
v 2.996769 1.844062 5.072277
v 3.027373 1.821429 5.047564
v 3.045290 1.797761 5.014429
v 3.048764 1.775375 4.976116
v 3.037457 1.756462 4.936376
v 3.012475 1.742874 4.899097
v 2.976263 1.735940 4.867931
v 2.932366 1.736340 4.845926
v 2.892303 1.766957 4.845500
v 2.854028 1.778790 4.846892
v 2.820532 1.794902 4.858423
v 2.795092 1.813715 4.878966
v 2.780199 1.833390 4.906509
v 2.777311 1.851998 4.938357
v 2.786710 1.867719 4.971392
v 2.807476 1.879015 5.002379
v 2.837578 1.884779 5.028287
v 2.874067 1.884447 5.046578
v 2.913373 1.878051 5.055464
v 2.951647 1.866219 5.054072
v 2.985144 1.850107 5.042541
v 3.010584 1.831293 5.021998
v 3.025477 1.811619 4.994455
v 3.028365 1.793010 4.962607
v 3.018966 1.777289 4.929573
v 2.998199 1.765994 4.898585
v 2.968098 1.760230 4.872678
v 2.931609 1.760562 4.854386
v 2.898791 1.788972 4.860509
v 2.869228 1.798112 4.861584
v 2.843356 1.810556 4.870491
v 2.823707 1.825087 4.886357
v 2.812204 1.840283 4.907630
v 2.809973 1.854656 4.932229
v 2.817233 1.866798 4.957744
v 2.833273 1.875523 4.981678
v 2.856522 1.879975 5.001688
v 2.884706 1.879718 5.015817
v 2.915065 1.874779 5.022679
v 2.944627 1.865639 5.021605
v 2.970499 1.853195 5.012698
v 2.990148 1.838664 4.996831
v 3.001651 1.823468 4.975557
v 3.003882 1.809095 4.950959
v 2.996622 1.796952 4.925444
v 2.980582 1.788228 4.901510
v 2.957333 1.783776 4.881500
v 2.929149 1.784033 4.867372
v 2.904385 1.809536 4.879892
v 2.884263 1.815757 4.880624
v 2.866652 1.824227 4.886686
v 2.853278 1.834118 4.897486
v 2.845448 1.844461 4.911966
v 2.843929 1.854245 4.928710
v 2.848871 1.862510 4.946077
v 2.859789 1.868448 4.962368
v 2.875614 1.871478 4.975989
v 2.894797 1.871304 4.985605
v 2.915462 1.867942 4.990276
v 2.935584 1.861721 4.989545
v 2.953194 1.853250 4.983482
v 2.966568 1.843359 4.972682
v 2.974398 1.833016 4.958202
v 2.975917 1.823233 4.941459
v 2.970975 1.814968 4.924091
v 2.960058 1.809029 4.907801
v 2.944232 1.805999 4.894180
v 2.925049 1.806174 4.884563
v 2.908947 1.828142 4.903173
v 2.898760 1.831291 4.903543
v 2.889845 1.835579 4.906612
v 2.883075 1.840587 4.912080
v 2.879111 1.845823 4.919410
v 2.878342 1.850775 4.927886
v 2.880844 1.854959 4.936678
v 2.886371 1.857965 4.944925
v 2.894382 1.859499 4.951820
v 2.904093 1.859411 4.956688
v 2.914554 1.857709 4.959053
v 2.924741 1.854560 4.958683
v 2.933656 1.850272 4.955614
v 2.940426 1.845265 4.950147
v 2.944390 1.840029 4.942816
v 2.945158 1.835076 4.934340
v 2.942657 1.830892 4.925549
v 2.937130 1.827886 4.917301
v 2.929119 1.826352 4.910406
v 2.919408 1.826440 4.905538
v 2.812601 1.615741 5.146589
v 2.912364 1.844333 4.929779
vt 0.682544 0.135357
vt 0.680421 0.135357
vt 0.678298 0.135357
vt 0.676175 0.135357
vt 0.674052 0.135357
vt 0.671929 0.135357
vt 0.669806 0.135357
vt 0.667683 0.135357
vt 0.665560 0.135357
vt 0.663437 0.135357
vt 0.661314 0.135357
vt 0.659191 0.135357
vt 0.657068 0.135357
vt 0.654945 0.135357
vt 0.652822 0.135357
vt 0.650699 0.135357
vt 0.648576 0.135357
vt 0.646453 0.135357
vt 0.644330 0.135357
vt 0.642207 0.135357
vt 0.640084 0.135357
vt 0.682544 0.133234
vt 0.680421 0.133234
vt 0.678298 0.133234
vt 0.676175 0.133234
vt 0.674052 0.133234
vt 0.671929 0.133234
vt 0.669806 0.133234
vt 0.667683 0.133234
vt 0.665560 0.133234
vt 0.663437 0.133234
vt 0.661314 0.133234
vt 0.659191 0.133234
vt 0.657068 0.133234
vt 0.654945 0.133234
vt 0.652822 0.133234
vt 0.650699 0.133234
vt 0.648576 0.133234
vt 0.646453 0.133234
vt 0.644330 0.133234
vt 0.642207 0.133234
vt 0.640084 0.133234
vt 0.682544 0.131111
vt 0.680421 0.131111
vt 0.678298 0.131111
vt 0.676175 0.131111
vt 0.674052 0.131111
vt 0.671929 0.131111
vt 0.669806 0.131111
vt 0.667683 0.131111
vt 0.665560 0.131111
vt 0.663437 0.131111
vt 0.661314 0.131111
vt 0.659191 0.131111
vt 0.657068 0.131111
vt 0.654945 0.131111
vt 0.652822 0.131111
vt 0.650699 0.131111
vt 0.648576 0.131111
vt 0.646453 0.131111
vt 0.644330 0.131111
vt 0.642207 0.131111
vt 0.640084 0.131111
vt 0.682544 0.128988
vt 0.680421 0.128988
vt 0.678298 0.128988
vt 0.676175 0.128988
vt 0.674052 0.128988
vt 0.671929 0.128988
vt 0.669806 0.128988
vt 0.667683 0.128988
vt 0.665560 0.128988
vt 0.663437 0.128988
vt 0.661314 0.128988
vt 0.659191 0.128988
vt 0.657068 0.128988
vt 0.654945 0.128988
vt 0.652822 0.128988
vt 0.650699 0.128988
vt 0.648576 0.128988
vt 0.646453 0.128988
vt 0.644330 0.128988
vt 0.642207 0.128988
vt 0.640084 0.128988
vt 0.682544 0.126865
vt 0.680421 0.126865
vt 0.678298 0.126865
vt 0.676175 0.126865
vt 0.674052 0.126865
vt 0.671929 0.126865
vt 0.669806 0.126865
vt 0.667683 0.126865
vt 0.665560 0.126865
vt 0.663437 0.126865
vt 0.661314 0.126865
vt 0.659191 0.126865
vt 0.657068 0.126865
vt 0.654945 0.126865
vt 0.652822 0.126865
vt 0.650699 0.126865
vt 0.648576 0.126865
vt 0.646453 0.126865
vt 0.644330 0.126865
vt 0.642207 0.126865
vt 0.640084 0.126865
vt 0.682544 0.124742
vt 0.680421 0.124742
vt 0.678298 0.124742
vt 0.676175 0.124742
vt 0.674052 0.124742
vt 0.671929 0.124742
vt 0.669806 0.124742
vt 0.667683 0.124742
vt 0.665560 0.124742
vt 0.663437 0.124742
vt 0.661314 0.124742
vt 0.659191 0.124742
vt 0.657068 0.124742
vt 0.654945 0.124742
vt 0.652822 0.124742
vt 0.650699 0.124742
vt 0.648576 0.124742
vt 0.646453 0.124742
vt 0.644330 0.124742
vt 0.642207 0.124742
vt 0.640084 0.124742
vt 0.682544 0.122619
vt 0.680421 0.122619
vt 0.678298 0.122619
vt 0.676175 0.122619
vt 0.674052 0.122619
vt 0.671929 0.122619
vt 0.669806 0.122619
vt 0.667683 0.122619
vt 0.665560 0.122619
vt 0.663437 0.122619
vt 0.661314 0.122619
vt 0.659191 0.122619
vt 0.657068 0.122619
vt 0.654945 0.122619
vt 0.652822 0.122619
vt 0.650699 0.122619
vt 0.648576 0.122619
vt 0.646453 0.122619
vt 0.644330 0.122619
vt 0.642207 0.122619
vt 0.640084 0.122619
vt 0.682544 0.120496
vt 0.680421 0.120496
vt 0.678298 0.120496
vt 0.676175 0.120496
vt 0.674052 0.120496
vt 0.671929 0.120496
vt 0.669806 0.120496
vt 0.667683 0.120496
vt 0.665560 0.120496
vt 0.663437 0.120496
vt 0.661314 0.120496
vt 0.659191 0.120496
vt 0.657068 0.120496
vt 0.654945 0.120496
vt 0.652822 0.120496
vt 0.650699 0.120496
vt 0.648576 0.120496
vt 0.646453 0.120496
vt 0.644330 0.120496
vt 0.642207 0.120496
vt 0.640084 0.120496
vt 0.682544 0.118373
vt 0.680421 0.118373
vt 0.678298 0.118373
vt 0.676175 0.118373
vt 0.674052 0.118373
vt 0.671929 0.118373
vt 0.669806 0.118373
vt 0.667683 0.118373
vt 0.665560 0.118373
vt 0.663437 0.118373
vt 0.661314 0.118373
vt 0.659191 0.118373
vt 0.657068 0.118373
vt 0.654945 0.118373
vt 0.652822 0.118373
vt 0.650699 0.118373
vt 0.648576 0.118373
vt 0.646453 0.118373
vt 0.644330 0.118373
vt 0.642207 0.118373
vt 0.640084 0.118373
vt 0.682544 0.116250
vt 0.680421 0.116250
vt 0.678298 0.116250
vt 0.676175 0.116250
vt 0.674052 0.116250
vt 0.671929 0.116250
vt 0.669806 0.116250
vt 0.667683 0.116250
vt 0.665560 0.116250
vt 0.663437 0.116250
vt 0.661314 0.116250
vt 0.659191 0.116250
vt 0.657068 0.116250
vt 0.654945 0.116250
vt 0.652822 0.116250
vt 0.650699 0.116250
vt 0.648576 0.116250
vt 0.646453 0.116250
vt 0.644330 0.116250
vt 0.642207 0.116250
vt 0.640084 0.116250
vt 0.682544 0.114127
vt 0.680421 0.114127
vt 0.678298 0.114127
vt 0.676175 0.114127
vt 0.674052 0.114127
vt 0.671929 0.114127
vt 0.669806 0.114127
vt 0.667683 0.114127
vt 0.665560 0.114127
vt 0.663437 0.114127
vt 0.661314 0.114127
vt 0.659191 0.114127
vt 0.657068 0.114127
vt 0.654945 0.114127
vt 0.652822 0.114127
vt 0.650699 0.114127
vt 0.648576 0.114127
vt 0.646453 0.114127
vt 0.644330 0.114127
vt 0.642207 0.114127
vt 0.640084 0.114127
vt 0.682544 0.112004
vt 0.680421 0.112004
vt 0.678298 0.112004
vt 0.676175 0.112004
vt 0.674052 0.112004
vt 0.671929 0.112004
vt 0.669806 0.112004
vt 0.667683 0.112004
vt 0.665560 0.112004
vt 0.663437 0.112004
vt 0.661314 0.112004
vt 0.659191 0.112004
vt 0.657068 0.112004
vt 0.654945 0.112004
vt 0.652822 0.112004
vt 0.650699 0.112004
vt 0.648576 0.112004
vt 0.646453 0.112004
vt 0.644330 0.112004
vt 0.642207 0.112004
vt 0.640084 0.112004
vt 0.682544 0.109881
vt 0.680421 0.109881
vt 0.678298 0.109881
vt 0.676175 0.109881
vt 0.674052 0.109881
vt 0.671929 0.109881
vt 0.669806 0.109881
vt 0.667683 0.109881
vt 0.665560 0.109881
vt 0.663437 0.109881
vt 0.661314 0.109881
vt 0.659191 0.109881
vt 0.657068 0.109881
vt 0.654945 0.109881
vt 0.652822 0.109881
vt 0.650699 0.109881
vt 0.648576 0.109881
vt 0.646453 0.109881
vt 0.644330 0.109881
vt 0.642207 0.109881
vt 0.640084 0.109881
vt 0.682544 0.107758
vt 0.680421 0.107758
vt 0.678298 0.107758
vt 0.676175 0.107758
vt 0.674052 0.107758
vt 0.671929 0.107758
vt 0.669806 0.107758
vt 0.667683 0.107758
vt 0.665560 0.107758
vt 0.663437 0.107758
vt 0.661314 0.107758
vt 0.659191 0.107758
vt 0.657068 0.107758
vt 0.654945 0.107758
vt 0.652822 0.107758
vt 0.650699 0.107758
vt 0.648576 0.107758
vt 0.646453 0.107758
vt 0.644330 0.107758
vt 0.642207 0.107758
vt 0.640084 0.107758
vt 0.682544 0.105635
vt 0.680421 0.105635
vt 0.678298 0.105635
vt 0.676175 0.105635
vt 0.674052 0.105635
vt 0.671929 0.105635
vt 0.669806 0.105635
vt 0.667683 0.105635
vt 0.665560 0.105635
vt 0.663437 0.105635
vt 0.661314 0.105635
vt 0.659191 0.105635
vt 0.657068 0.105635
vt 0.654945 0.105635
vt 0.652822 0.105635
vt 0.650699 0.105635
vt 0.648576 0.105635
vt 0.646453 0.105635
vt 0.644330 0.105635
vt 0.642207 0.105635
vt 0.640084 0.105635
vt 0.682544 0.103512
vt 0.680421 0.103512
vt 0.678298 0.103512
vt 0.676175 0.103512
vt 0.674052 0.103512
vt 0.671929 0.103512
vt 0.669806 0.103512
vt 0.667683 0.103512
vt 0.665560 0.103512
vt 0.663437 0.103512
vt 0.661314 0.103512
vt 0.659191 0.103512
vt 0.657068 0.103512
vt 0.654945 0.103512
vt 0.652822 0.103512
vt 0.650699 0.103512
vt 0.648576 0.103512
vt 0.646453 0.103512
vt 0.644330 0.103512
vt 0.642207 0.103512
vt 0.640084 0.103512
vt 0.682544 0.101389
vt 0.680421 0.101389
vt 0.678298 0.101389
vt 0.676175 0.101389
vt 0.674052 0.101389
vt 0.671929 0.101389
vt 0.669806 0.101389
vt 0.667683 0.101389
vt 0.665560 0.101389
vt 0.663437 0.101389
vt 0.661314 0.101389
vt 0.659191 0.101389
vt 0.657068 0.101389
vt 0.654945 0.101389
vt 0.652822 0.101389
vt 0.650699 0.101389
vt 0.648576 0.101389
vt 0.646453 0.101389
vt 0.644330 0.101389
vt 0.642207 0.101389
vt 0.640084 0.101389
vt 0.682544 0.099266
vt 0.680421 0.099266
vt 0.678298 0.099266
vt 0.676175 0.099266
vt 0.674052 0.099266
vt 0.671929 0.099266
vt 0.669806 0.099266
vt 0.667683 0.099266
vt 0.665560 0.099266
vt 0.663437 0.099266
vt 0.661314 0.099266
vt 0.659191 0.099266
vt 0.657068 0.099266
vt 0.654945 0.099266
vt 0.652822 0.099266
vt 0.650699 0.099266
vt 0.648576 0.099266
vt 0.646453 0.099266
vt 0.644330 0.099266
vt 0.642207 0.099266
vt 0.640084 0.099266
vt 0.682544 0.097143
vt 0.680421 0.097143
vt 0.678298 0.097143
vt 0.676175 0.097143
vt 0.674052 0.097143
vt 0.671929 0.097143
vt 0.669806 0.097143
vt 0.667683 0.097143
vt 0.665560 0.097143
vt 0.663437 0.097143
vt 0.661314 0.097143
vt 0.659191 0.097143
vt 0.657068 0.097143
vt 0.654945 0.097143
vt 0.652822 0.097143
vt 0.650699 0.097143
vt 0.648576 0.097143
vt 0.646453 0.097143
vt 0.644330 0.097143
vt 0.642207 0.097143
vt 0.640084 0.097143
vt 0.681483 0.137480
vt 0.679360 0.137480
vt 0.677237 0.137480
vt 0.675114 0.137480
vt 0.672991 0.137480
vt 0.670868 0.137480
vt 0.668745 0.137480
vt 0.666622 0.137480
vt 0.664499 0.137480
vt 0.662376 0.137480
vt 0.660253 0.137480
vt 0.658130 0.137480
vt 0.656007 0.137480
vt 0.653884 0.137480
vt 0.651761 0.137480
vt 0.649638 0.137480
vt 0.647515 0.137480
vt 0.645392 0.137480
vt 0.643269 0.137480
vt 0.641146 0.137480
vt 0.681483 0.095020
vt 0.679360 0.095020
vt 0.677237 0.095020
vt 0.675114 0.095020
vt 0.672991 0.095020
vt 0.670868 0.095020
vt 0.668745 0.095020
vt 0.666622 0.095020
vt 0.664499 0.095020
vt 0.662376 0.095020
vt 0.660253 0.095020
vt 0.658130 0.095020
vt 0.656007 0.095020
vt 0.653884 0.095020
vt 0.651761 0.095020
vt 0.649638 0.095020
vt 0.647515 0.095020
vt 0.645392 0.095020
vt 0.643269 0.095020
vt 0.641146 0.095020
vn -0.245595 -0.910617 0.332354
vn -0.287834 -0.896705 0.336262
vn -0.313828 -0.918415 0.240888
vn -0.243530 -0.940978 0.235062
vn -0.326800 -0.876776 0.352797
vn -0.379239 -0.885839 0.267332
vn -0.358575 -0.852172 0.381087
vn -0.433438 -0.844971 0.313298
vn -0.379378 -0.824987 0.418891
vn -0.469944 -0.798820 0.375552
vn -0.386358 -0.798037 0.462456
vn -0.483425 -0.751862 0.448336
vn -0.378435 -0.774422 0.507009
vn -0.471272 -0.709528 0.523901
vn -0.356581 -0.756864 0.547729
vn -0.434419 -0.677179 0.593893
vn -0.323341 -0.747299 0.580513
vn -0.377005 -0.659013 0.650822
vn -0.282255 -0.746690 0.602318
vn -0.305398 -0.657398 0.688883
vn -0.237360 -0.755064 0.611178
vn -0.227190 -0.672637 0.704233
vn -0.192920 -0.771617 0.606127
vn -0.150535 -0.702953 0.695123
vn -0.153364 -0.794685 0.587328
vn -0.083536 -0.744645 0.662213
vn -0.122948 -0.821724 0.556465
vn -0.033364 -0.792483 0.608981
vn -0.105016 -0.849606 0.516858
vn -0.005109 -0.840610 0.541616
vn -0.101226 -0.875205 0.473042
vn -0.000773 -0.883716 0.468023
vn -0.111347 -0.896017 0.429832
vn -0.019238 -0.917962 0.396201
vn -0.133594 -0.910450 0.391450
vn -0.057194 -0.941250 0.332831
vn -0.165347 -0.917756 0.361089
vn -0.110325 -0.952810 0.282811
vn -0.203691 -0.917763 0.340912
vn -0.174014 -0.952616 0.249484
vn -0.338364 -0.931322 0.134723
vn -0.238487 -0.962693 0.127849
vn -0.432428 -0.885442 0.170287
vn -0.511800 -0.826693 0.233749
vn -0.566702 -0.758673 0.321349
vn -0.588388 -0.687624 0.425410
vn -0.571934 -0.621977 0.534823
vn -0.518066 -0.570702 0.637108
vn -0.432935 -0.541242 0.720850
vn -0.326463 -0.537990 0.777167
vn -0.210531 -0.561658 0.800136
vn -0.097788 -0.609189 0.786973
vn -0.000625 -0.674092 0.738647
vn 0.070353 -0.747413 0.660625
vn 0.108257 -0.819583 0.562640
vn 0.111228 -0.882598 0.456780
vn 0.082023 -0.931377 0.354696
vn 0.026162 -0.963747 0.265532
vn -0.049999 -0.979422 0.195533
vn -0.140233 -0.978882 0.148741
vn -0.359548 -0.932853 0.022597
vn -0.230296 -0.972991 0.015852
vn -0.482802 -0.873269 0.065598
vn -0.588618 -0.795303 0.144987
vn -0.663304 -0.702828 0.257022
vn -0.693770 -0.604041 0.392196
vn -0.672201 -0.511160 0.535595
vn -0.599426 -0.437720 0.670142
vn -0.484450 -0.395005 0.780564
vn -0.341343 -0.389609 0.855389
vn -0.186320 -0.422659 0.886930
vn -0.036312 -0.489797 0.871080
vn 0.091879 -0.581467 0.808365
vn 0.183698 -0.684252 0.705730
vn 0.230107 -0.783881 0.576698
vn 0.229687 -0.868998 0.438278
vn 0.187631 -0.933266 0.306282
vn 0.112404 -0.974887 0.192249
vn 0.012698 -0.994572 0.103275
vn -0.103828 -0.993642 0.043534
vn -0.376722 -0.921398 -0.095423
vn -0.218662 -0.970582 -0.100789
vn -0.529157 -0.847229 -0.046858
vn -0.661897 -0.748150 0.046514
vn -0.756608 -0.628187 0.181454
vn -0.794909 -0.498047 0.346510
vn -0.765984 -0.374817 0.522284
vn -0.671888 -0.277412 0.686738
vn -0.525879 -0.220808 0.821398
vn -0.346528 -0.213141 0.913504
vn -0.153525 -0.255685 0.954492
vn 0.033011 -0.343238 0.938668
vn 0.192259 -0.463825 0.864814
vn 0.305062 -0.599446 0.740001
vn 0.359291 -0.730138 0.581213
vn 0.353859 -0.840122 0.411071
vn 0.297114 -0.921466 0.250246
vn 0.201258 -0.973031 0.112718
vn 0.077657 -0.996962 0.006023
vn -0.064737 -0.995716 -0.066023
vn -0.389041 -0.894614 -0.219804
vn -0.203073 -0.953528 -0.222589
vn -0.569980 -0.804394 -0.167550
vn -0.728921 -0.681761 -0.062265
vn -0.842078 -0.531174 0.093592
vn -0.885098 -0.367019 0.286180
vn -0.844955 -0.212685 0.490730
vn -0.727153 -0.092570 0.680206
vn -0.550813 -0.023867 0.834288
vn -0.338678 -0.014485 0.940791
vn -0.112086 -0.065260 0.991553
vn 0.107741 -0.171166 0.979334
vn 0.297034 -0.319698 0.899758
vn 0.431354 -0.489472 0.757859
vn 0.493800 -0.654234 0.572835
vn 0.482736 -0.792249 0.373239
vn 0.410134 -0.892974 0.185440
vn 0.292774 -0.955824 0.026168
vn 0.145127 -0.984663 -0.096838
vn -0.022601 -0.983317 -0.180489
vn -0.395146 -0.849119 -0.350508
vn -0.182792 -0.918839 -0.349746
vn -0.602753 -0.740920 -0.296188
vn -0.785251 -0.592151 -0.180938
vn -0.912601 -0.408800 -0.006502
vn -0.954682 -0.210864 0.210046
vn -0.898620 -0.029149 0.437759
vn -0.756313 0.107866 0.645256
vn -0.553597 0.183894 0.812228
vn -0.315885 0.193701 0.928814
vn -0.063698 0.137547 0.988445
vn 0.183174 0.019034 0.982896
vn 0.399796 -0.151623 0.903977
vn 0.556306 -0.352578 0.752472
vn 0.628950 -0.552083 0.547381
vn 0.613525 -0.720801 0.322543
vn 0.525337 -0.843662 0.110708
vn 0.386493 -0.919777 -0.068069
vn 0.215166 -0.954651 -0.205781
vn 0.022969 -0.953592 -0.300224
vn -0.393031 -0.780549 -0.486077
vn -0.156915 -0.862365 -0.481357
vn -0.623616 -0.652430 -0.430626
vn -0.824228 -0.475918 -0.306839
vn -0.958405 -0.260634 -0.116320
vn -0.992242 -0.034396 0.119465
vn -0.916951 0.165102 0.363240
vn -0.753048 0.309000 0.580894
vn -0.531882 0.385640 0.753912
vn -0.278981 0.394286 0.875619
vn -0.011898 0.336584 0.941578
vn 0.252915 0.213941 0.943538
vn 0.491510 0.031909 0.870287
vn 0.669949 -0.191232 0.717356
vn 0.756184 -0.421360 0.500642
vn 0.740328 -0.621179 0.257004
vn 0.639307 -0.768530 0.025444
vn 0.480735 -0.860237 -0.169961
vn 0.287187 -0.902667 -0.320492
vn 0.072132 -0.902465 -0.424681
vn -0.380035 -0.684160 -0.622494
vn -0.124519 -0.779107 -0.614400
vn -0.627376 -0.535229 -0.565622
vn -0.837519 -0.332245 -0.433791
vn -0.968950 -0.091257 -0.229802
vn -0.988288 0.151353 0.019454
vn -0.894744 0.354546 0.271534
vn -0.716861 0.494025 0.491986
vn -0.488080 0.565071 0.665186
vn -0.231581 0.571387 0.787329
vn 0.038909 0.515719 0.855874
vn 0.310825 0.397455 0.863376
vn 0.562999 0.217006 0.797459
vn 0.760273 -0.013967 0.649453
vn 0.863249 -0.264067 0.430198
vn 0.853397 -0.490642 0.176025
vn 0.745630 -0.662726 -0.069501
vn 0.571828 -0.771866 -0.277912
vn 0.359412 -0.823473 -0.438994
vn 0.124490 -0.824845 -0.551483
vn -0.353301 -0.556388 -0.752071
vn -0.085046 -0.664313 -0.742601
vn -0.608449 -0.388515 -0.691987
vn -0.817354 -0.165424 -0.551876
vn -0.937078 0.088584 -0.337694
vn -0.940024 0.331135 -0.081883
vn -0.834583 0.523770 0.170697
vn -0.653445 0.650136 0.387729
vn -0.428263 0.711892 0.556596
vn -0.178610 0.715550 0.675342
vn 0.085049 0.664312 0.742601
vn 0.353307 0.556384 0.752071
vn 0.608448 0.388517 0.691986
vn 0.817350 0.165424 0.551881
vn 0.937078 -0.088584 0.337695
vn 0.940023 -0.331136 0.081883
vn 0.834581 -0.523772 -0.170698
vn 0.653442 -0.650137 -0.387731
vn 0.428261 -0.711894 -0.556597
vn 0.178612 -0.715549 -0.675343
vn -0.310816 -0.397451 -0.863380
vn -0.038907 -0.515720 -0.855873
vn -0.562998 -0.216999 -0.797462
vn -0.760274 0.013968 -0.649453
vn -0.863247 0.264065 -0.430203
vn -0.853395 0.490645 -0.176024
vn -0.745633 0.662723 0.069501
vn -0.571832 0.771863 0.277912
vn -0.359409 0.823474 0.438995
vn -0.124486 0.824847 0.551480
vn 0.124521 0.779107 0.614399
vn 0.380039 0.684154 0.622498
vn 0.627375 0.535226 0.565626
vn 0.837517 0.332244 0.433796
vn 0.968949 0.091256 0.229805
vn 0.988289 -0.151350 -0.019453
vn 0.894744 -0.354544 -0.271536
vn 0.716861 -0.494025 -0.491985
vn 0.488078 -0.565073 -0.665186
vn 0.231578 -0.571391 -0.787327
vn -0.252911 -0.213940 -0.943539
vn 0.011895 -0.336587 -0.941577
vn -0.491506 -0.031909 -0.870289
vn -0.669950 0.191226 -0.717357
vn -0.756182 0.421358 -0.500646
vn -0.740327 0.621179 -0.257006
vn -0.639308 0.768529 -0.025443
vn -0.480738 0.860235 0.169962
vn -0.287185 0.902667 0.320494
vn -0.072129 0.902465 0.424681
vn 0.156917 0.862363 0.481360
vn 0.393033 0.780547 0.486078
vn 0.623615 0.652431 0.430625
vn 0.824230 0.475917 0.306837
vn 0.958404 0.260637 0.116318
vn 0.992242 0.034404 -0.119467
vn 0.916952 -0.165095 -0.363239
vn 0.753051 -0.308997 -0.580891
vn 0.531879 -0.385644 -0.753912
vn 0.278977 -0.394292 -0.875617
vn -0.183180 -0.019039 -0.982895
vn 0.063697 -0.137549 -0.988445
vn -0.399797 0.151617 -0.903977
vn -0.556307 0.352578 -0.752470
vn -0.628949 0.552086 -0.547379
vn -0.613521 0.720803 -0.322544
vn -0.525334 0.843663 -0.110709
vn -0.386492 0.919777 0.068070
vn -0.215167 0.954650 0.205784
vn -0.022967 0.953591 0.300228
vn 0.182796 0.918838 0.349746
vn 0.395150 0.849119 0.350504
vn 0.602752 0.740921 0.296186
vn 0.785251 0.592150 0.180939
vn 0.912602 0.408797 0.006500
vn 0.954683 0.210861 -0.210044
vn 0.898621 0.029150 -0.437757
vn 0.756311 -0.107866 -0.645259
vn 0.553592 -0.183894 -0.812231
vn 0.315884 -0.193701 -0.928815
vn -0.107733 0.171168 -0.979334
vn 0.112092 0.065264 -0.991552
vn -0.297034 0.319699 -0.899758
vn -0.431347 0.489472 -0.757863
vn -0.493797 0.654237 -0.572834
vn -0.482737 0.792249 -0.373238
vn -0.410135 0.892973 -0.185442
vn -0.292773 0.955824 -0.026171
vn -0.145126 0.984663 0.096835
vn 0.022600 0.983317 0.180488
vn 0.203075 0.953528 0.222588
vn 0.389039 0.894615 0.219803
vn 0.569974 0.804398 0.167551
vn 0.728920 0.681761 0.062263
vn 0.842080 0.531170 -0.093595
vn 0.885100 0.367015 -0.286178
vn 0.844958 0.212681 -0.490727
vn 0.727151 0.092573 -0.680207
vn 0.550806 0.023877 -0.834292
vn 0.338676 0.014493 -0.940791
vn -0.033010 0.343235 -0.938670
vn 0.153527 0.255680 -0.954493
vn -0.192256 0.463823 -0.864815
vn -0.305062 0.599444 -0.740003
vn -0.359291 0.730138 -0.581213
vn -0.353858 0.840123 -0.411069
vn -0.297112 0.921467 -0.250246
vn -0.201258 0.973031 -0.112720
vn -0.077657 0.996962 -0.006028
vn 0.064738 0.995716 0.066019
vn 0.218663 0.970581 0.100789
vn 0.376721 0.921398 0.095425
vn 0.529155 0.847231 0.046858
vn 0.661893 0.748154 -0.046516
vn 0.756606 0.628189 -0.181455
vn 0.794912 0.498041 -0.346511
vn 0.765988 0.374811 -0.522283
vn 0.671885 0.277408 -0.686743
vn 0.525874 0.220808 -0.821402
vn 0.346533 0.213139 -0.913503
vn 0.036309 0.489794 -0.871082
vn 0.186328 0.422657 -0.886929
vn -0.091883 0.581468 -0.808364
vn -0.183703 0.684248 -0.705732
vn -0.230108 0.783883 -0.576696
vn -0.229688 0.869000 -0.438272
vn -0.187634 0.933266 -0.306282
vn -0.112406 0.974887 -0.192248
vn -0.012699 0.994572 -0.103272
vn 0.103827 0.993642 -0.043531
vn 0.230295 0.972992 -0.015848
vn 0.359551 0.932852 -0.022594
vn 0.482805 0.873268 -0.065599
vn 0.588620 0.795303 -0.144983
vn 0.663306 0.702828 -0.257018
vn 0.693774 0.604037 -0.392194
vn 0.672205 0.511156 -0.535593
vn 0.599421 0.437717 -0.670149
vn 0.484446 0.395004 -0.780567
vn 0.341356 0.389610 -0.855383
vn 0.097796 0.609193 -0.786968
vn 0.210544 0.561659 -0.800132
vn 0.000627 0.674097 -0.738642
vn -0.070354 0.747410 -0.660628
vn -0.108262 0.819583 -0.562639
vn -0.111230 0.882602 -0.456773
vn -0.082027 0.931377 -0.354695
vn -0.026164 0.963747 -0.265533
vn 0.049998 0.979422 -0.195532
vn 0.140229 0.978884 -0.148736
vn 0.238485 0.962694 -0.127847
vn 0.338369 0.931319 -0.134724
vn 0.432430 0.885441 -0.170289
vn 0.511797 0.826696 -0.233747
vn 0.566696 0.758677 -0.321349
vn 0.588387 0.687625 -0.425409
vn 0.571937 0.621979 -0.534818
vn 0.518065 0.570701 -0.637110
vn 0.432932 0.541241 -0.720852
vn 0.326466 0.537992 -0.777165
vn 0.150537 0.702950 -0.695126
vn 0.227197 0.672630 -0.704238
vn 0.083531 0.744642 -0.662216
vn 0.033373 0.792479 -0.608986
vn 0.005116 0.840612 -0.541614
vn 0.000777 0.883718 -0.468019
vn 0.019237 0.917962 -0.396202
vn 0.057193 0.941249 -0.332835
vn 0.110322 0.952810 -0.282812
vn 0.174008 0.952618 -0.249481
vn 0.243528 0.940978 -0.235062
vn 0.313829 0.918414 -0.240889
vn 0.379244 0.885838 -0.267329
vn 0.433439 0.844971 -0.313295
vn 0.469944 0.798818 -0.375555
vn 0.483429 0.751859 -0.448335
vn 0.471275 0.709531 -0.523895
vn 0.434415 0.677182 -0.593892
vn 0.377000 0.659014 -0.650824
vn 0.305394 0.657395 -0.688888
vn 0.192912 0.771625 -0.606119
vn 0.237377 0.755057 -0.611180
vn 0.153360 0.794694 -0.587317
vn 0.122963 0.821723 -0.556463
vn 0.105020 0.849605 -0.516858
vn 0.101228 0.875204 -0.473044
vn 0.111350 0.896015 -0.429835
vn 0.133591 0.910447 -0.391458
vn 0.165329 0.917758 -0.361092
vn 0.203682 0.917766 -0.340909
vn 0.245599 0.910614 -0.332361
vn 0.287836 0.896700 -0.336272
vn 0.326800 0.876776 -0.352796
vn 0.358578 0.852170 -0.381087
vn 0.379384 0.824981 -0.418897
vn 0.386355 0.798039 -0.462454
vn 0.378431 0.774425 -0.507006
vn 0.356564 0.756874 -0.547726
vn 0.323328 0.747305 -0.580512
vn 0.282270 0.746684 -0.602318
vn -0.244709 -0.846440 0.472924
vn 0.244705 0.846442 -0.472923
s 1
g Mushroom2 Shrooms Dot1
usemtl lambert10SG
f 2735/3535/4487 2736/3536/4488 2756/3557/4489 2755/3556/4490
f 2736/3536/4488 2737/3537/4491 2757/3558/4492 2756/3557/4489
f 2737/3537/4491 2738/3538/4493 2758/3559/4494 2757/3558/4492
f 2738/3538/4493 2739/3539/4495 2759/3560/4496 2758/3559/4494
f 2739/3539/4495 2740/3540/4497 2760/3561/4498 2759/3560/4496
f 2740/3540/4497 2741/3541/4499 2761/3562/4500 2760/3561/4498
f 2741/3541/4499 2742/3542/4501 2762/3563/4502 2761/3562/4500
f 2742/3542/4501 2743/3543/4503 2763/3564/4504 2762/3563/4502
f 2743/3543/4503 2744/3544/4505 2764/3565/4506 2763/3564/4504
f 2744/3544/4505 2745/3545/4507 2765/3566/4508 2764/3565/4506
f 2745/3545/4507 2746/3546/4509 2766/3567/4510 2765/3566/4508
f 2746/3546/4509 2747/3547/4511 2767/3568/4512 2766/3567/4510
f 2747/3547/4511 2748/3548/4513 2768/3569/4514 2767/3568/4512
f 2748/3548/4513 2749/3549/4515 2769/3570/4516 2768/3569/4514
f 2749/3549/4515 2750/3550/4517 2770/3571/4518 2769/3570/4516
f 2750/3550/4517 2751/3551/4519 2771/3572/4520 2770/3571/4518
f 2751/3551/4519 2752/3552/4521 2772/3573/4522 2771/3572/4520
f 2752/3552/4521 2753/3553/4523 2773/3574/4524 2772/3573/4522
f 2753/3553/4523 2754/3554/4525 2774/3575/4526 2773/3574/4524
f 2754/3554/4525 2735/3555/4487 2755/3576/4490 2774/3575/4526
f 2755/3556/4490 2756/3557/4489 2776/3578/4527 2775/3577/4528
f 2756/3557/4489 2757/3558/4492 2777/3579/4529 2776/3578/4527
f 2757/3558/4492 2758/3559/4494 2778/3580/4530 2777/3579/4529
f 2758/3559/4494 2759/3560/4496 2779/3581/4531 2778/3580/4530
f 2759/3560/4496 2760/3561/4498 2780/3582/4532 2779/3581/4531
f 2760/3561/4498 2761/3562/4500 2781/3583/4533 2780/3582/4532
f 2761/3562/4500 2762/3563/4502 2782/3584/4534 2781/3583/4533
f 2762/3563/4502 2763/3564/4504 2783/3585/4535 2782/3584/4534
f 2763/3564/4504 2764/3565/4506 2784/3586/4536 2783/3585/4535
f 2764/3565/4506 2765/3566/4508 2785/3587/4537 2784/3586/4536
f 2765/3566/4508 2766/3567/4510 2786/3588/4538 2785/3587/4537
f 2766/3567/4510 2767/3568/4512 2787/3589/4539 2786/3588/4538
f 2767/3568/4512 2768/3569/4514 2788/3590/4540 2787/3589/4539
f 2768/3569/4514 2769/3570/4516 2789/3591/4541 2788/3590/4540
f 2769/3570/4516 2770/3571/4518 2790/3592/4542 2789/3591/4541
f 2770/3571/4518 2771/3572/4520 2791/3593/4543 2790/3592/4542
f 2771/3572/4520 2772/3573/4522 2792/3594/4544 2791/3593/4543
f 2772/3573/4522 2773/3574/4524 2793/3595/4545 2792/3594/4544
f 2773/3574/4524 2774/3575/4526 2794/3596/4546 2793/3595/4545
f 2774/3575/4526 2755/3576/4490 2775/3597/4528 2794/3596/4546
f 2775/3577/4528 2776/3578/4527 2796/3599/4547 2795/3598/4548
f 2776/3578/4527 2777/3579/4529 2797/3600/4549 2796/3599/4547
f 2777/3579/4529 2778/3580/4530 2798/3601/4550 2797/3600/4549
f 2778/3580/4530 2779/3581/4531 2799/3602/4551 2798/3601/4550
f 2779/3581/4531 2780/3582/4532 2800/3603/4552 2799/3602/4551
f 2780/3582/4532 2781/3583/4533 2801/3604/4553 2800/3603/4552
f 2781/3583/4533 2782/3584/4534 2802/3605/4554 2801/3604/4553
f 2782/3584/4534 2783/3585/4535 2803/3606/4555 2802/3605/4554
f 2783/3585/4535 2784/3586/4536 2804/3607/4556 2803/3606/4555
f 2784/3586/4536 2785/3587/4537 2805/3608/4557 2804/3607/4556
f 2785/3587/4537 2786/3588/4538 2806/3609/4558 2805/3608/4557
f 2786/3588/4538 2787/3589/4539 2807/3610/4559 2806/3609/4558
f 2787/3589/4539 2788/3590/4540 2808/3611/4560 2807/3610/4559
f 2788/3590/4540 2789/3591/4541 2809/3612/4561 2808/3611/4560
f 2789/3591/4541 2790/3592/4542 2810/3613/4562 2809/3612/4561
f 2790/3592/4542 2791/3593/4543 2811/3614/4563 2810/3613/4562
f 2791/3593/4543 2792/3594/4544 2812/3615/4564 2811/3614/4563
f 2792/3594/4544 2793/3595/4545 2813/3616/4565 2812/3615/4564
f 2793/3595/4545 2794/3596/4546 2814/3617/4566 2813/3616/4565
f 2794/3596/4546 2775/3597/4528 2795/3618/4548 2814/3617/4566
f 2795/3598/4548 2796/3599/4547 2816/3620/4567 2815/3619/4568
f 2796/3599/4547 2797/3600/4549 2817/3621/4569 2816/3620/4567
f 2797/3600/4549 2798/3601/4550 2818/3622/4570 2817/3621/4569
f 2798/3601/4550 2799/3602/4551 2819/3623/4571 2818/3622/4570
f 2799/3602/4551 2800/3603/4552 2820/3624/4572 2819/3623/4571
f 2800/3603/4552 2801/3604/4553 2821/3625/4573 2820/3624/4572
f 2801/3604/4553 2802/3605/4554 2822/3626/4574 2821/3625/4573
f 2802/3605/4554 2803/3606/4555 2823/3627/4575 2822/3626/4574
f 2803/3606/4555 2804/3607/4556 2824/3628/4576 2823/3627/4575
f 2804/3607/4556 2805/3608/4557 2825/3629/4577 2824/3628/4576
f 2805/3608/4557 2806/3609/4558 2826/3630/4578 2825/3629/4577
f 2806/3609/4558 2807/3610/4559 2827/3631/4579 2826/3630/4578
f 2807/3610/4559 2808/3611/4560 2828/3632/4580 2827/3631/4579
f 2808/3611/4560 2809/3612/4561 2829/3633/4581 2828/3632/4580
f 2809/3612/4561 2810/3613/4562 2830/3634/4582 2829/3633/4581
f 2810/3613/4562 2811/3614/4563 2831/3635/4583 2830/3634/4582
f 2811/3614/4563 2812/3615/4564 2832/3636/4584 2831/3635/4583
f 2812/3615/4564 2813/3616/4565 2833/3637/4585 2832/3636/4584
f 2813/3616/4565 2814/3617/4566 2834/3638/4586 2833/3637/4585
f 2814/3617/4566 2795/3618/4548 2815/3639/4568 2834/3638/4586
f 2815/3619/4568 2816/3620/4567 2836/3641/4587 2835/3640/4588
f 2816/3620/4567 2817/3621/4569 2837/3642/4589 2836/3641/4587
f 2817/3621/4569 2818/3622/4570 2838/3643/4590 2837/3642/4589
f 2818/3622/4570 2819/3623/4571 2839/3644/4591 2838/3643/4590
f 2819/3623/4571 2820/3624/4572 2840/3645/4592 2839/3644/4591
f 2820/3624/4572 2821/3625/4573 2841/3646/4593 2840/3645/4592
f 2821/3625/4573 2822/3626/4574 2842/3647/4594 2841/3646/4593
f 2822/3626/4574 2823/3627/4575 2843/3648/4595 2842/3647/4594
f 2823/3627/4575 2824/3628/4576 2844/3649/4596 2843/3648/4595
f 2824/3628/4576 2825/3629/4577 2845/3650/4597 2844/3649/4596
f 2825/3629/4577 2826/3630/4578 2846/3651/4598 2845/3650/4597
f 2826/3630/4578 2827/3631/4579 2847/3652/4599 2846/3651/4598
f 2827/3631/4579 2828/3632/4580 2848/3653/4600 2847/3652/4599
f 2828/3632/4580 2829/3633/4581 2849/3654/4601 2848/3653/4600
f 2829/3633/4581 2830/3634/4582 2850/3655/4602 2849/3654/4601
f 2830/3634/4582 2831/3635/4583 2851/3656/4603 2850/3655/4602
f 2831/3635/4583 2832/3636/4584 2852/3657/4604 2851/3656/4603
f 2832/3636/4584 2833/3637/4585 2853/3658/4605 2852/3657/4604
f 2833/3637/4585 2834/3638/4586 2854/3659/4606 2853/3658/4605
f 2834/3638/4586 2815/3639/4568 2835/3660/4588 2854/3659/4606
f 2835/3640/4588 2836/3641/4587 2856/3662/4607 2855/3661/4608
f 2836/3641/4587 2837/3642/4589 2857/3663/4609 2856/3662/4607
f 2837/3642/4589 2838/3643/4590 2858/3664/4610 2857/3663/4609
f 2838/3643/4590 2839/3644/4591 2859/3665/4611 2858/3664/4610
f 2839/3644/4591 2840/3645/4592 2860/3666/4612 2859/3665/4611
f 2840/3645/4592 2841/3646/4593 2861/3667/4613 2860/3666/4612
f 2841/3646/4593 2842/3647/4594 2862/3668/4614 2861/3667/4613
f 2842/3647/4594 2843/3648/4595 2863/3669/4615 2862/3668/4614
f 2843/3648/4595 2844/3649/4596 2864/3670/4616 2863/3669/4615
f 2844/3649/4596 2845/3650/4597 2865/3671/4617 2864/3670/4616
f 2845/3650/4597 2846/3651/4598 2866/3672/4618 2865/3671/4617
f 2846/3651/4598 2847/3652/4599 2867/3673/4619 2866/3672/4618
f 2847/3652/4599 2848/3653/4600 2868/3674/4620 2867/3673/4619
f 2848/3653/4600 2849/3654/4601 2869/3675/4621 2868/3674/4620
f 2849/3654/4601 2850/3655/4602 2870/3676/4622 2869/3675/4621
f 2850/3655/4602 2851/3656/4603 2871/3677/4623 2870/3676/4622
f 2851/3656/4603 2852/3657/4604 2872/3678/4624 2871/3677/4623
f 2852/3657/4604 2853/3658/4605 2873/3679/4625 2872/3678/4624
f 2853/3658/4605 2854/3659/4606 2874/3680/4626 2873/3679/4625
f 2854/3659/4606 2835/3660/4588 2855/3681/4608 2874/3680/4626
f 2855/3661/4608 2856/3662/4607 2876/3683/4627 2875/3682/4628
f 2856/3662/4607 2857/3663/4609 2877/3684/4629 2876/3683/4627
f 2857/3663/4609 2858/3664/4610 2878/3685/4630 2877/3684/4629
f 2858/3664/4610 2859/3665/4611 2879/3686/4631 2878/3685/4630
f 2859/3665/4611 2860/3666/4612 2880/3687/4632 2879/3686/4631
f 2860/3666/4612 2861/3667/4613 2881/3688/4633 2880/3687/4632
f 2861/3667/4613 2862/3668/4614 2882/3689/4634 2881/3688/4633
f 2862/3668/4614 2863/3669/4615 2883/3690/4635 2882/3689/4634
f 2863/3669/4615 2864/3670/4616 2884/3691/4636 2883/3690/4635
f 2864/3670/4616 2865/3671/4617 2885/3692/4637 2884/3691/4636
f 2865/3671/4617 2866/3672/4618 2886/3693/4638 2885/3692/4637
f 2866/3672/4618 2867/3673/4619 2887/3694/4639 2886/3693/4638
f 2867/3673/4619 2868/3674/4620 2888/3695/4640 2887/3694/4639
f 2868/3674/4620 2869/3675/4621 2889/3696/4641 2888/3695/4640
f 2869/3675/4621 2870/3676/4622 2890/3697/4642 2889/3696/4641
f 2870/3676/4622 2871/3677/4623 2891/3698/4643 2890/3697/4642
f 2871/3677/4623 2872/3678/4624 2892/3699/4644 2891/3698/4643
f 2872/3678/4624 2873/3679/4625 2893/3700/4645 2892/3699/4644
f 2873/3679/4625 2874/3680/4626 2894/3701/4646 2893/3700/4645
f 2874/3680/4626 2855/3681/4608 2875/3702/4628 2894/3701/4646
f 2875/3682/4628 2876/3683/4627 2896/3704/4647 2895/3703/4648
f 2876/3683/4627 2877/3684/4629 2897/3705/4649 2896/3704/4647
f 2877/3684/4629 2878/3685/4630 2898/3706/4650 2897/3705/4649
f 2878/3685/4630 2879/3686/4631 2899/3707/4651 2898/3706/4650
f 2879/3686/4631 2880/3687/4632 2900/3708/4652 2899/3707/4651
f 2880/3687/4632 2881/3688/4633 2901/3709/4653 2900/3708/4652
f 2881/3688/4633 2882/3689/4634 2902/3710/4654 2901/3709/4653
f 2882/3689/4634 2883/3690/4635 2903/3711/4655 2902/3710/4654
f 2883/3690/4635 2884/3691/4636 2904/3712/4656 2903/3711/4655
f 2884/3691/4636 2885/3692/4637 2905/3713/4657 2904/3712/4656
f 2885/3692/4637 2886/3693/4638 2906/3714/4658 2905/3713/4657
f 2886/3693/4638 2887/3694/4639 2907/3715/4659 2906/3714/4658
f 2887/3694/4639 2888/3695/4640 2908/3716/4660 2907/3715/4659
f 2888/3695/4640 2889/3696/4641 2909/3717/4661 2908/3716/4660
f 2889/3696/4641 2890/3697/4642 2910/3718/4662 2909/3717/4661
f 2890/3697/4642 2891/3698/4643 2911/3719/4663 2910/3718/4662
f 2891/3698/4643 2892/3699/4644 2912/3720/4664 2911/3719/4663
f 2892/3699/4644 2893/3700/4645 2913/3721/4665 2912/3720/4664
f 2893/3700/4645 2894/3701/4646 2914/3722/4666 2913/3721/4665
f 2894/3701/4646 2875/3702/4628 2895/3723/4648 2914/3722/4666
f 2895/3703/4648 2896/3704/4647 2916/3725/4667 2915/3724/4668
f 2896/3704/4647 2897/3705/4649 2917/3726/4669 2916/3725/4667
f 2897/3705/4649 2898/3706/4650 2918/3727/4670 2917/3726/4669
f 2898/3706/4650 2899/3707/4651 2919/3728/4671 2918/3727/4670
f 2899/3707/4651 2900/3708/4652 2920/3729/4672 2919/3728/4671
f 2900/3708/4652 2901/3709/4653 2921/3730/4673 2920/3729/4672
f 2901/3709/4653 2902/3710/4654 2922/3731/4674 2921/3730/4673
f 2902/3710/4654 2903/3711/4655 2923/3732/4675 2922/3731/4674
f 2903/3711/4655 2904/3712/4656 2924/3733/4676 2923/3732/4675
f 2904/3712/4656 2905/3713/4657 2925/3734/4677 2924/3733/4676
f 2905/3713/4657 2906/3714/4658 2926/3735/4678 2925/3734/4677
f 2906/3714/4658 2907/3715/4659 2927/3736/4679 2926/3735/4678
f 2907/3715/4659 2908/3716/4660 2928/3737/4680 2927/3736/4679
f 2908/3716/4660 2909/3717/4661 2929/3738/4681 2928/3737/4680
f 2909/3717/4661 2910/3718/4662 2930/3739/4682 2929/3738/4681
f 2910/3718/4662 2911/3719/4663 2931/3740/4683 2930/3739/4682
f 2911/3719/4663 2912/3720/4664 2932/3741/4684 2931/3740/4683
f 2912/3720/4664 2913/3721/4665 2933/3742/4685 2932/3741/4684
f 2913/3721/4665 2914/3722/4666 2934/3743/4686 2933/3742/4685
f 2914/3722/4666 2895/3723/4648 2915/3744/4668 2934/3743/4686
f 2915/3724/4668 2916/3725/4667 2936/3746/4687 2935/3745/4688
f 2916/3725/4667 2917/3726/4669 2937/3747/4689 2936/3746/4687
f 2917/3726/4669 2918/3727/4670 2938/3748/4690 2937/3747/4689
f 2918/3727/4670 2919/3728/4671 2939/3749/4691 2938/3748/4690
f 2919/3728/4671 2920/3729/4672 2940/3750/4692 2939/3749/4691
f 2920/3729/4672 2921/3730/4673 2941/3751/4693 2940/3750/4692
f 2921/3730/4673 2922/3731/4674 2942/3752/4694 2941/3751/4693
f 2922/3731/4674 2923/3732/4675 2943/3753/4695 2942/3752/4694
f 2923/3732/4675 2924/3733/4676 2944/3754/4696 2943/3753/4695
f 2924/3733/4676 2925/3734/4677 2945/3755/4697 2944/3754/4696
f 2925/3734/4677 2926/3735/4678 2946/3756/4698 2945/3755/4697
f 2926/3735/4678 2927/3736/4679 2947/3757/4699 2946/3756/4698
f 2927/3736/4679 2928/3737/4680 2948/3758/4700 2947/3757/4699
f 2928/3737/4680 2929/3738/4681 2949/3759/4701 2948/3758/4700
f 2929/3738/4681 2930/3739/4682 2950/3760/4702 2949/3759/4701
f 2930/3739/4682 2931/3740/4683 2951/3761/4703 2950/3760/4702
f 2931/3740/4683 2932/3741/4684 2952/3762/4704 2951/3761/4703
f 2932/3741/4684 2933/3742/4685 2953/3763/4705 2952/3762/4704
f 2933/3742/4685 2934/3743/4686 2954/3764/4706 2953/3763/4705
f 2934/3743/4686 2915/3744/4668 2935/3765/4688 2954/3764/4706
f 2935/3745/4688 2936/3746/4687 2956/3767/4707 2955/3766/4708
f 2936/3746/4687 2937/3747/4689 2957/3768/4709 2956/3767/4707
f 2937/3747/4689 2938/3748/4690 2958/3769/4710 2957/3768/4709
f 2938/3748/4690 2939/3749/4691 2959/3770/4711 2958/3769/4710
f 2939/3749/4691 2940/3750/4692 2960/3771/4712 2959/3770/4711
f 2940/3750/4692 2941/3751/4693 2961/3772/4713 2960/3771/4712
f 2941/3751/4693 2942/3752/4694 2962/3773/4714 2961/3772/4713
f 2942/3752/4694 2943/3753/4695 2963/3774/4715 2962/3773/4714
f 2943/3753/4695 2944/3754/4696 2964/3775/4716 2963/3774/4715
f 2944/3754/4696 2945/3755/4697 2965/3776/4717 2964/3775/4716
f 2945/3755/4697 2946/3756/4698 2966/3777/4718 2965/3776/4717
f 2946/3756/4698 2947/3757/4699 2967/3778/4719 2966/3777/4718
f 2947/3757/4699 2948/3758/4700 2968/3779/4720 2967/3778/4719
f 2948/3758/4700 2949/3759/4701 2969/3780/4721 2968/3779/4720
f 2949/3759/4701 2950/3760/4702 2970/3781/4722 2969/3780/4721
f 2950/3760/4702 2951/3761/4703 2971/3782/4723 2970/3781/4722
f 2951/3761/4703 2952/3762/4704 2972/3783/4724 2971/3782/4723
f 2952/3762/4704 2953/3763/4705 2973/3784/4725 2972/3783/4724
f 2953/3763/4705 2954/3764/4706 2974/3785/4726 2973/3784/4725
f 2954/3764/4706 2935/3765/4688 2955/3786/4708 2974/3785/4726
f 2955/3766/4708 2956/3767/4707 2976/3788/4727 2975/3787/4728
f 2956/3767/4707 2957/3768/4709 2977/3789/4729 2976/3788/4727
f 2957/3768/4709 2958/3769/4710 2978/3790/4730 2977/3789/4729
f 2958/3769/4710 2959/3770/4711 2979/3791/4731 2978/3790/4730
f 2959/3770/4711 2960/3771/4712 2980/3792/4732 2979/3791/4731
f 2960/3771/4712 2961/3772/4713 2981/3793/4733 2980/3792/4732
f 2961/3772/4713 2962/3773/4714 2982/3794/4734 2981/3793/4733
f 2962/3773/4714 2963/3774/4715 2983/3795/4735 2982/3794/4734
f 2963/3774/4715 2964/3775/4716 2984/3796/4736 2983/3795/4735
f 2964/3775/4716 2965/3776/4717 2985/3797/4737 2984/3796/4736
f 2965/3776/4717 2966/3777/4718 2986/3798/4738 2985/3797/4737
f 2966/3777/4718 2967/3778/4719 2987/3799/4739 2986/3798/4738
f 2967/3778/4719 2968/3779/4720 2988/3800/4740 2987/3799/4739
f 2968/3779/4720 2969/3780/4721 2989/3801/4741 2988/3800/4740
f 2969/3780/4721 2970/3781/4722 2990/3802/4742 2989/3801/4741
f 2970/3781/4722 2971/3782/4723 2991/3803/4743 2990/3802/4742
f 2971/3782/4723 2972/3783/4724 2992/3804/4744 2991/3803/4743
f 2972/3783/4724 2973/3784/4725 2993/3805/4745 2992/3804/4744
f 2973/3784/4725 2974/3785/4726 2994/3806/4746 2993/3805/4745
f 2974/3785/4726 2955/3786/4708 2975/3807/4728 2994/3806/4746
f 2975/3787/4728 2976/3788/4727 2996/3809/4747 2995/3808/4748
f 2976/3788/4727 2977/3789/4729 2997/3810/4749 2996/3809/4747
f 2977/3789/4729 2978/3790/4730 2998/3811/4750 2997/3810/4749
f 2978/3790/4730 2979/3791/4731 2999/3812/4751 2998/3811/4750
f 2979/3791/4731 2980/3792/4732 3000/3813/4752 2999/3812/4751
f 2980/3792/4732 2981/3793/4733 3001/3814/4753 3000/3813/4752
f 2981/3793/4733 2982/3794/4734 3002/3815/4754 3001/3814/4753
f 2982/3794/4734 2983/3795/4735 3003/3816/4755 3002/3815/4754
f 2983/3795/4735 2984/3796/4736 3004/3817/4756 3003/3816/4755
f 2984/3796/4736 2985/3797/4737 3005/3818/4757 3004/3817/4756
f 2985/3797/4737 2986/3798/4738 3006/3819/4758 3005/3818/4757
f 2986/3798/4738 2987/3799/4739 3007/3820/4759 3006/3819/4758
f 2987/3799/4739 2988/3800/4740 3008/3821/4760 3007/3820/4759
f 2988/3800/4740 2989/3801/4741 3009/3822/4761 3008/3821/4760
f 2989/3801/4741 2990/3802/4742 3010/3823/4762 3009/3822/4761
f 2990/3802/4742 2991/3803/4743 3011/3824/4763 3010/3823/4762
f 2991/3803/4743 2992/3804/4744 3012/3825/4764 3011/3824/4763
f 2992/3804/4744 2993/3805/4745 3013/3826/4765 3012/3825/4764
f 2993/3805/4745 2994/3806/4746 3014/3827/4766 3013/3826/4765
f 2994/3806/4746 2975/3807/4728 2995/3828/4748 3014/3827/4766
f 2995/3808/4748 2996/3809/4747 3016/3830/4767 3015/3829/4768
f 2996/3809/4747 2997/3810/4749 3017/3831/4769 3016/3830/4767
f 2997/3810/4749 2998/3811/4750 3018/3832/4770 3017/3831/4769
f 2998/3811/4750 2999/3812/4751 3019/3833/4771 3018/3832/4770
f 2999/3812/4751 3000/3813/4752 3020/3834/4772 3019/3833/4771
f 3000/3813/4752 3001/3814/4753 3021/3835/4773 3020/3834/4772
f 3001/3814/4753 3002/3815/4754 3022/3836/4774 3021/3835/4773
f 3002/3815/4754 3003/3816/4755 3023/3837/4775 3022/3836/4774
f 3003/3816/4755 3004/3817/4756 3024/3838/4776 3023/3837/4775
f 3004/3817/4756 3005/3818/4757 3025/3839/4777 3024/3838/4776
f 3005/3818/4757 3006/3819/4758 3026/3840/4778 3025/3839/4777
f 3006/3819/4758 3007/3820/4759 3027/3841/4779 3026/3840/4778
f 3007/3820/4759 3008/3821/4760 3028/3842/4780 3027/3841/4779
f 3008/3821/4760 3009/3822/4761 3029/3843/4781 3028/3842/4780
f 3009/3822/4761 3010/3823/4762 3030/3844/4782 3029/3843/4781
f 3010/3823/4762 3011/3824/4763 3031/3845/4783 3030/3844/4782
f 3011/3824/4763 3012/3825/4764 3032/3846/4784 3031/3845/4783
f 3012/3825/4764 3013/3826/4765 3033/3847/4785 3032/3846/4784
f 3013/3826/4765 3014/3827/4766 3034/3848/4786 3033/3847/4785
f 3014/3827/4766 2995/3828/4748 3015/3849/4768 3034/3848/4786
f 3015/3829/4768 3016/3830/4767 3036/3851/4787 3035/3850/4788
f 3016/3830/4767 3017/3831/4769 3037/3852/4789 3036/3851/4787
f 3017/3831/4769 3018/3832/4770 3038/3853/4790 3037/3852/4789
f 3018/3832/4770 3019/3833/4771 3039/3854/4791 3038/3853/4790
f 3019/3833/4771 3020/3834/4772 3040/3855/4792 3039/3854/4791
f 3020/3834/4772 3021/3835/4773 3041/3856/4793 3040/3855/4792
f 3021/3835/4773 3022/3836/4774 3042/3857/4794 3041/3856/4793
f 3022/3836/4774 3023/3837/4775 3043/3858/4795 3042/3857/4794
f 3023/3837/4775 3024/3838/4776 3044/3859/4796 3043/3858/4795
f 3024/3838/4776 3025/3839/4777 3045/3860/4797 3044/3859/4796
f 3025/3839/4777 3026/3840/4778 3046/3861/4798 3045/3860/4797
f 3026/3840/4778 3027/3841/4779 3047/3862/4799 3046/3861/4798
f 3027/3841/4779 3028/3842/4780 3048/3863/4800 3047/3862/4799
f 3028/3842/4780 3029/3843/4781 3049/3864/4801 3048/3863/4800
f 3029/3843/4781 3030/3844/4782 3050/3865/4802 3049/3864/4801
f 3030/3844/4782 3031/3845/4783 3051/3866/4803 3050/3865/4802
f 3031/3845/4783 3032/3846/4784 3052/3867/4804 3051/3866/4803
f 3032/3846/4784 3033/3847/4785 3053/3868/4805 3052/3867/4804
f 3033/3847/4785 3034/3848/4786 3054/3869/4806 3053/3868/4805
f 3034/3848/4786 3015/3849/4768 3035/3870/4788 3054/3869/4806
f 3035/3850/4788 3036/3851/4787 3056/3872/4807 3055/3871/4808
f 3036/3851/4787 3037/3852/4789 3057/3873/4809 3056/3872/4807
f 3037/3852/4789 3038/3853/4790 3058/3874/4810 3057/3873/4809
f 3038/3853/4790 3039/3854/4791 3059/3875/4811 3058/3874/4810
f 3039/3854/4791 3040/3855/4792 3060/3876/4812 3059/3875/4811
f 3040/3855/4792 3041/3856/4793 3061/3877/4813 3060/3876/4812
f 3041/3856/4793 3042/3857/4794 3062/3878/4814 3061/3877/4813
f 3042/3857/4794 3043/3858/4795 3063/3879/4815 3062/3878/4814
f 3043/3858/4795 3044/3859/4796 3064/3880/4816 3063/3879/4815
f 3044/3859/4796 3045/3860/4797 3065/3881/4817 3064/3880/4816
f 3045/3860/4797 3046/3861/4798 3066/3882/4818 3065/3881/4817
f 3046/3861/4798 3047/3862/4799 3067/3883/4819 3066/3882/4818
f 3047/3862/4799 3048/3863/4800 3068/3884/4820 3067/3883/4819
f 3048/3863/4800 3049/3864/4801 3069/3885/4821 3068/3884/4820
f 3049/3864/4801 3050/3865/4802 3070/3886/4822 3069/3885/4821
f 3050/3865/4802 3051/3866/4803 3071/3887/4823 3070/3886/4822
f 3051/3866/4803 3052/3867/4804 3072/3888/4824 3071/3887/4823
f 3052/3867/4804 3053/3868/4805 3073/3889/4825 3072/3888/4824
f 3053/3868/4805 3054/3869/4806 3074/3890/4826 3073/3889/4825
f 3054/3869/4806 3035/3870/4788 3055/3891/4808 3074/3890/4826
f 3055/3871/4808 3056/3872/4807 3076/3893/4827 3075/3892/4828
f 3056/3872/4807 3057/3873/4809 3077/3894/4829 3076/3893/4827
f 3057/3873/4809 3058/3874/4810 3078/3895/4830 3077/3894/4829
f 3058/3874/4810 3059/3875/4811 3079/3896/4831 3078/3895/4830
f 3059/3875/4811 3060/3876/4812 3080/3897/4832 3079/3896/4831
f 3060/3876/4812 3061/3877/4813 3081/3898/4833 3080/3897/4832
f 3061/3877/4813 3062/3878/4814 3082/3899/4834 3081/3898/4833
f 3062/3878/4814 3063/3879/4815 3083/3900/4835 3082/3899/4834
f 3063/3879/4815 3064/3880/4816 3084/3901/4836 3083/3900/4835
f 3064/3880/4816 3065/3881/4817 3085/3902/4837 3084/3901/4836
f 3065/3881/4817 3066/3882/4818 3086/3903/4838 3085/3902/4837
f 3066/3882/4818 3067/3883/4819 3087/3904/4839 3086/3903/4838
f 3067/3883/4819 3068/3884/4820 3088/3905/4840 3087/3904/4839
f 3068/3884/4820 3069/3885/4821 3089/3906/4841 3088/3905/4840
f 3069/3885/4821 3070/3886/4822 3090/3907/4842 3089/3906/4841
f 3070/3886/4822 3071/3887/4823 3091/3908/4843 3090/3907/4842
f 3071/3887/4823 3072/3888/4824 3092/3909/4844 3091/3908/4843
f 3072/3888/4824 3073/3889/4825 3093/3910/4845 3092/3909/4844
f 3073/3889/4825 3074/3890/4826 3094/3911/4846 3093/3910/4845
f 3074/3890/4826 3055/3891/4808 3075/3912/4828 3094/3911/4846
f 3075/3892/4828 3076/3893/4827 3096/3914/4847 3095/3913/4848
f 3076/3893/4827 3077/3894/4829 3097/3915/4849 3096/3914/4847
f 3077/3894/4829 3078/3895/4830 3098/3916/4850 3097/3915/4849
f 3078/3895/4830 3079/3896/4831 3099/3917/4851 3098/3916/4850
f 3079/3896/4831 3080/3897/4832 3100/3918/4852 3099/3917/4851
f 3080/3897/4832 3081/3898/4833 3101/3919/4853 3100/3918/4852
f 3081/3898/4833 3082/3899/4834 3102/3920/4854 3101/3919/4853
f 3082/3899/4834 3083/3900/4835 3103/3921/4855 3102/3920/4854
f 3083/3900/4835 3084/3901/4836 3104/3922/4856 3103/3921/4855
f 3084/3901/4836 3085/3902/4837 3105/3923/4857 3104/3922/4856
f 3085/3902/4837 3086/3903/4838 3106/3924/4858 3105/3923/4857
f 3086/3903/4838 3087/3904/4839 3107/3925/4859 3106/3924/4858
f 3087/3904/4839 3088/3905/4840 3108/3926/4860 3107/3925/4859
f 3088/3905/4840 3089/3906/4841 3109/3927/4861 3108/3926/4860
f 3089/3906/4841 3090/3907/4842 3110/3928/4862 3109/3927/4861
f 3090/3907/4842 3091/3908/4843 3111/3929/4863 3110/3928/4862
f 3091/3908/4843 3092/3909/4844 3112/3930/4864 3111/3929/4863
f 3092/3909/4844 3093/3910/4845 3113/3931/4865 3112/3930/4864
f 3093/3910/4845 3094/3911/4846 3114/3932/4866 3113/3931/4865
f 3094/3911/4846 3075/3912/4828 3095/3933/4848 3114/3932/4866
f 2736/3536/4488 2735/3535/4487 3115/3934/4867
f 2737/3537/4491 2736/3536/4488 3115/3935/4867
f 2738/3538/4493 2737/3537/4491 3115/3936/4867
f 2739/3539/4495 2738/3538/4493 3115/3937/4867
f 2740/3540/4497 2739/3539/4495 3115/3938/4867
f 2741/3541/4499 2740/3540/4497 3115/3939/4867
f 2742/3542/4501 2741/3541/4499 3115/3940/4867
f 2743/3543/4503 2742/3542/4501 3115/3941/4867
f 2744/3544/4505 2743/3543/4503 3115/3942/4867
f 2745/3545/4507 2744/3544/4505 3115/3943/4867
f 2746/3546/4509 2745/3545/4507 3115/3944/4867
f 2747/3547/4511 2746/3546/4509 3115/3945/4867
f 2748/3548/4513 2747/3547/4511 3115/3946/4867
f 2749/3549/4515 2748/3548/4513 3115/3947/4867
f 2750/3550/4517 2749/3549/4515 3115/3948/4867
f 2751/3551/4519 2750/3550/4517 3115/3949/4867
f 2752/3552/4521 2751/3551/4519 3115/3950/4867
f 2753/3553/4523 2752/3552/4521 3115/3951/4867
f 2754/3554/4525 2753/3553/4523 3115/3952/4867
f 2735/3555/4487 2754/3554/4525 3115/3953/4867
f 3095/3913/4848 3096/3914/4847 3116/3954/4868
f 3096/3914/4847 3097/3915/4849 3116/3955/4868
f 3097/3915/4849 3098/3916/4850 3116/3956/4868
f 3098/3916/4850 3099/3917/4851 3116/3957/4868
f 3099/3917/4851 3100/3918/4852 3116/3958/4868
f 3100/3918/4852 3101/3919/4853 3116/3959/4868
f 3101/3919/4853 3102/3920/4854 3116/3960/4868
f 3102/3920/4854 3103/3921/4855 3116/3961/4868
f 3103/3921/4855 3104/3922/4856 3116/3962/4868
f 3104/3922/4856 3105/3923/4857 3116/3963/4868
f 3105/3923/4857 3106/3924/4858 3116/3964/4868
f 3106/3924/4858 3107/3925/4859 3116/3965/4868
f 3107/3925/4859 3108/3926/4860 3116/3966/4868
f 3108/3926/4860 3109/3927/4861 3116/3967/4868
f 3109/3927/4861 3110/3928/4862 3116/3968/4868
f 3110/3928/4862 3111/3929/4863 3116/3969/4868
f 3111/3929/4863 3112/3930/4864 3116/3970/4868
f 3112/3930/4864 3113/3931/4865 3116/3971/4868
f 3113/3931/4865 3114/3932/4866 3116/3972/4868
f 3114/3932/4866 3095/3933/4848 3116/3973/4868
g default
v 2.587680 1.600311 4.514398
v 2.583748 1.599571 4.504705
v 2.577488 1.600286 4.496597
v 2.569514 1.602386 4.490867
v 2.560605 1.605666 4.488075
v 2.551635 1.609804 4.488496
v 2.543480 1.614396 4.492087
v 2.536939 1.618991 4.498497
v 2.532653 1.623141 4.507100
v 2.531041 1.626438 4.517052
v 2.532261 1.628561 4.527380
v 2.536193 1.629301 4.537072
v 2.542452 1.628586 4.545180
v 2.550427 1.626485 4.550910
v 2.559335 1.623205 4.553702
v 2.568306 1.619067 4.553282
v 2.576461 1.614476 4.549691
v 2.583001 1.609880 4.543280
v 2.587287 1.605731 4.534678
v 2.588900 1.602433 4.524725
v 2.618209 1.591069 4.506875
v 2.610441 1.589608 4.487729
v 2.598076 1.591021 4.471712
v 2.582324 1.595170 4.460392
v 2.564726 1.601649 4.454878
v 2.547006 1.609823 4.455709
v 2.530897 1.618893 4.462802
v 2.517977 1.627971 4.475466
v 2.509510 1.636168 4.492459
v 2.506326 1.642681 4.512118
v 2.508735 1.646874 4.532519
v 2.516502 1.648336 4.551665
v 2.528867 1.646923 4.567681
v 2.544620 1.642774 4.579001
v 2.562218 1.636295 4.584516
v 2.579938 1.628121 4.583685
v 2.596047 1.619051 4.576591
v 2.608967 1.609973 4.563928
v 2.617434 1.601776 4.546935
v 2.620618 1.595262 4.527276
v 2.649629 1.585415 4.498906
v 2.638217 1.583268 4.470777
v 2.620051 1.585344 4.447247
v 2.596909 1.591439 4.430616
v 2.571055 1.600957 4.422514
v 2.545021 1.612967 4.423735
v 2.521355 1.626292 4.434157
v 2.502373 1.639629 4.452761
v 2.489934 1.651671 4.477726
v 2.485256 1.661241 4.506608
v 2.488796 1.667400 4.536580
v 2.500207 1.669548 4.564708
v 2.518373 1.667472 4.588239
v 2.541516 1.661377 4.604869
v 2.567369 1.651858 4.612971
v 2.593403 1.639849 4.611751
v 2.617069 1.626523 4.601329
v 2.636051 1.613187 4.582725
v 2.648489 1.601145 4.557759
v 2.653168 1.591575 4.528877
v 2.681165 1.583487 4.490685
v 2.666391 1.580707 4.454268
v 2.642871 1.583394 4.423802
v 2.612908 1.591286 4.402272
v 2.579435 1.603609 4.391782
v 2.545729 1.619158 4.393362
v 2.515088 1.636411 4.406856
v 2.490513 1.653678 4.430943
v 2.474408 1.669269 4.463264
v 2.468351 1.681659 4.500659
v 2.472934 1.689634 4.539464
v 2.487708 1.692414 4.575881
v 2.511228 1.689726 4.606347
v 2.541191 1.681835 4.627878
v 2.574664 1.669511 4.638367
v 2.608370 1.653963 4.636788
v 2.639011 1.636710 4.623294
v 2.663586 1.619443 4.599207
v 2.679691 1.603852 4.566885
v 2.685748 1.591462 4.529491
v 2.712042 1.585332 4.482419
v 2.694269 1.581988 4.438608
v 2.665974 1.585221 4.401958
v 2.629929 1.594714 4.376056
v 2.589661 1.609540 4.363438
v 2.549112 1.628245 4.365338
v 2.512251 1.648999 4.381571
v 2.482687 1.669772 4.410547
v 2.463313 1.688528 4.449431
v 2.456026 1.703433 4.494416
v 2.461539 1.713027 4.541099
v 2.479313 1.716372 4.584909
v 2.507607 1.713139 4.621559
v 2.543653 1.703645 4.647461
v 2.583921 1.688820 4.660080
v 2.624470 1.670115 4.658179
v 2.661330 1.649360 4.641947
v 2.690895 1.628588 4.612970
v 2.710268 1.609831 4.574086
v 2.717556 1.594926 4.529101
v 2.741500 1.590906 4.474308
v 2.721165 1.587080 4.424182
v 2.688792 1.590778 4.382250
v 2.647552 1.601640 4.352615
v 2.601480 1.618602 4.338178
v 2.555088 1.640003 4.340353
v 2.512914 1.663749 4.358925
v 2.479089 1.687515 4.392077
v 2.456923 1.708975 4.436565
v 2.448586 1.726028 4.488034
v 2.454894 1.737005 4.541444
v 2.475229 1.740831 4.591569
v 2.507601 1.737132 4.633501
v 2.548841 1.726270 4.663136
v 2.594913 1.709308 4.677573
v 2.641306 1.687907 4.675399
v 2.683479 1.664161 4.656827
v 2.717304 1.640395 4.623674
v 2.739470 1.618936 4.579186
v 2.747808 1.601883 4.527718
v 2.768812 1.600070 4.466552
v 2.746416 1.595856 4.411347
v 2.710763 1.599930 4.365165
v 2.665343 1.611893 4.332527
v 2.614603 1.630573 4.316627
v 2.563508 1.654144 4.319021
v 2.517061 1.680296 4.339476
v 2.479807 1.706470 4.375988
v 2.455395 1.730105 4.424985
v 2.446213 1.748886 4.481669
v 2.453160 1.760975 4.540493
v 2.475556 1.765189 4.595697
v 2.511209 1.761116 4.641879
v 2.556629 1.749153 4.674517
v 2.607369 1.730472 4.690417
v 2.658464 1.706902 4.688023
v 2.704911 1.680750 4.667568
v 2.742165 1.654575 4.631056
v 2.766577 1.630941 4.582059
v 2.775759 1.612160 4.525375
v 2.793307 1.612600 4.459342
v 2.769401 1.608102 4.400417
v 2.731346 1.612450 4.351123
v 2.682865 1.625219 4.316285
v 2.628704 1.645159 4.299313
v 2.574166 1.670317 4.301869
v 2.524588 1.698232 4.323702
v 2.484825 1.726171 4.362676
v 2.458767 1.751398 4.414974
v 2.448966 1.771445 4.475479
v 2.456381 1.784349 4.538267
v 2.480287 1.788847 4.597192
v 2.518342 1.784499 4.646486
v 2.566823 1.771730 4.681324
v 2.620984 1.751791 4.698296
v 2.675522 1.726632 4.695740
v 2.725099 1.698717 4.673907
v 2.764863 1.670779 4.634934
v 2.790921 1.645551 4.582635
v 2.800722 1.625504 4.522130
v 2.814381 1.628186 4.452857
v 2.789554 1.623515 4.391663
v 2.750033 1.628031 4.340470
v 2.699685 1.641292 4.304290
v 2.643438 1.661999 4.286664
v 2.586799 1.688127 4.289319
v 2.535312 1.717117 4.311993
v 2.494017 1.746132 4.352467
v 2.466955 1.772331 4.406780
v 2.456777 1.793150 4.469615
v 2.464478 1.806551 4.534822
v 2.489304 1.811222 4.596016
v 2.528825 1.806707 4.647209
v 2.579174 1.793446 4.683389
v 2.635420 1.772738 4.701015
v 2.692059 1.746611 4.698360
v 2.743546 1.717620 4.675686
v 2.784842 1.688606 4.635212
v 2.811903 1.662407 4.580899
v 2.822082 1.641587 4.518064
v 2.831515 1.646446 4.447256
v 2.806379 1.641716 4.385298
v 2.766365 1.646288 4.333467
v 2.715389 1.659714 4.296837
v 2.658442 1.680680 4.278991
v 2.601097 1.707134 4.281679
v 2.548968 1.736485 4.304636
v 2.507158 1.765861 4.345614
v 2.479759 1.792387 4.400604
v 2.469453 1.813466 4.464223
v 2.477250 1.827034 4.530242
v 2.502386 1.831763 4.592199
v 2.542400 1.827191 4.644031
v 2.593376 1.813765 4.680661
v 2.650324 1.792799 4.698507
v 2.707669 1.766346 4.695819
v 2.759797 1.736995 4.672863
v 2.801608 1.707618 4.631884
v 2.829006 1.681093 4.576894
v 2.839312 1.660014 4.513275
v 2.844288 1.666929 4.442677
v 2.819461 1.662257 4.381482
v 2.779940 1.666773 4.330289
v 2.729592 1.680034 4.294109
v 2.673345 1.700741 4.276483
v 2.616706 1.726869 4.279138
v 2.565219 1.755859 4.301812
v 2.523923 1.784874 4.342286
v 2.496862 1.811073 4.396599
v 2.486684 1.831892 4.459435
v 2.494384 1.845293 4.524641
v 2.519211 1.849964 4.585835
v 2.558732 1.845449 4.637028
v 2.609081 1.832188 4.673208
v 2.665327 1.811480 4.690834
v 2.721966 1.785353 4.688179
v 2.773453 1.756363 4.665505
v 2.814748 1.727348 4.625031
v 2.841810 1.701149 4.570718
v 2.851988 1.680330 4.507883
v 2.852384 1.689130 4.439231
v 2.828479 1.684632 4.380306
v 2.790423 1.688980 4.331012
v 2.741942 1.701749 4.296174
v 2.687782 1.721689 4.279202
v 2.633243 1.746848 4.281758
v 2.583666 1.774763 4.303591
v 2.543902 1.802701 4.342565
v 2.517844 1.827929 4.394863
v 2.508043 1.847975 4.455368
v 2.515458 1.860880 4.518156
v 2.539364 1.865378 4.577081
v 2.577420 1.861029 4.626375
v 2.625901 1.848260 4.661213
v 2.680061 1.828321 4.678185
v 2.734599 1.803162 4.675629
v 2.784177 1.775247 4.653796
v 2.823941 1.747309 4.614823
v 2.849998 1.722081 4.562524
v 2.859799 1.702034 4.502019
v 2.855605 1.712504 4.437006
v 2.833209 1.708290 4.381801
v 2.797556 1.712364 4.335619
v 2.752136 1.724327 4.302981
v 2.701396 1.743007 4.287080
v 2.650301 1.766577 4.289475
v 2.603854 1.792730 4.309930
v 2.566601 1.818904 4.346442
v 2.542188 1.842539 4.395439
v 2.533006 1.861320 4.452123
v 2.539953 1.873409 4.510947
v 2.562349 1.877623 4.566151
v 2.598002 1.873550 4.612333
v 2.643422 1.861587 4.644971
v 2.694163 1.842906 4.660872
v 2.745257 1.819336 4.658477
v 2.791704 1.793184 4.638022
v 2.828958 1.767009 4.601510
v 2.853370 1.743375 4.552514
v 2.862552 1.724594 4.495829
v 2.853871 1.736475 4.436054
v 2.833536 1.732649 4.385929
v 2.801164 1.736348 4.343997
v 2.759924 1.747210 4.314362
v 2.713852 1.764171 4.299925
v 2.667459 1.785572 4.302099
v 2.625286 1.809318 4.320672
v 2.591461 1.833084 4.353824
v 2.569295 1.854544 4.398312
v 2.560957 1.871597 4.449780
v 2.567265 1.882574 4.503191
v 2.587600 1.886400 4.553315
v 2.619973 1.882701 4.595247
v 2.661213 1.871839 4.624883
v 2.707285 1.854878 4.639320
v 2.753678 1.833476 4.637146
v 2.795851 1.809731 4.618573
v 2.829676 1.785965 4.585421
v 2.851842 1.764505 4.540933
v 2.860179 1.747452 4.489464
v 2.847226 1.760452 4.436399
v 2.829452 1.757108 4.392589
v 2.801158 1.760341 4.355939
v 2.765112 1.769835 4.330037
v 2.724844 1.784660 4.317419
v 2.684295 1.803365 4.319319
v 2.647435 1.824120 4.335552
v 2.617870 1.844892 4.364528
v 2.598496 1.863648 4.403412
v 2.591209 1.878553 4.448397
v 2.596723 1.888147 4.495080
v 2.614496 1.891492 4.538890
v 2.642791 1.888259 4.575540
v 2.678836 1.878765 4.601442
v 2.719104 1.863940 4.614060
v 2.759653 1.845235 4.612160
v 2.796514 1.824480 4.595928
v 2.826078 1.803708 4.566951
v 2.845452 1.784951 4.528067
v 2.852739 1.770046 4.483082
v 2.835832 1.783846 4.438034
v 2.821057 1.781066 4.401617
v 2.797537 1.783753 4.371151
v 2.767574 1.791645 4.349620
v 2.734102 1.803968 4.339130
v 2.700395 1.819517 4.340711
v 2.669754 1.836769 4.354204
v 2.645179 1.854036 4.378291
v 2.629074 1.869628 4.410613
v 2.623017 1.882018 4.448007
v 2.627600 1.889993 4.486813
v 2.642375 1.892773 4.523230
v 2.665894 1.890085 4.553695
v 2.695857 1.882194 4.575227
v 2.729330 1.869870 4.585716
v 2.763036 1.854321 4.584136
v 2.793677 1.837069 4.570642
v 2.818252 1.819802 4.546556
v 2.834357 1.804211 4.514234
v 2.840414 1.791821 4.476840
v 2.819970 1.806079 4.440918
v 2.808558 1.803932 4.412790
v 2.790392 1.806008 4.389259
v 2.767250 1.812103 4.372629
v 2.741396 1.821621 4.364527
v 2.715362 1.833631 4.365747
v 2.691696 1.846956 4.376170
v 2.672714 1.860293 4.394773
v 2.660275 1.872335 4.419739
v 2.655597 1.881905 4.448621
v 2.659137 1.888064 4.478593
v 2.670548 1.890212 4.506721
v 2.688714 1.888136 4.530252
v 2.711857 1.882041 4.546882
v 2.737710 1.872522 4.554983
v 2.763744 1.860513 4.553763
v 2.787410 1.847188 4.543341
v 2.806392 1.833851 4.524737
v 2.818830 1.821809 4.499772
v 2.823509 1.812239 4.470890
v 2.800030 1.826605 4.444980
v 2.792263 1.825144 4.425833
v 2.779898 1.826557 4.409817
v 2.764145 1.830706 4.398497
v 2.746547 1.837184 4.392982
v 2.728827 1.845359 4.393813
v 2.712718 1.854429 4.400907
v 2.699798 1.863507 4.413570
v 2.691331 1.871704 4.430563
v 2.688147 1.878217 4.450222
v 2.690556 1.882410 4.470623
v 2.698324 1.883872 4.489769
v 2.710689 1.882459 4.505786
v 2.726441 1.878310 4.517106
v 2.744039 1.871831 4.522620
v 2.761759 1.863657 4.521790
v 2.777868 1.854587 4.514696
v 2.790788 1.845509 4.502033
v 2.799255 1.837312 4.485039
v 2.802439 1.830798 4.465380
v 2.776505 1.844919 4.450119
v 2.772572 1.844179 4.440426
v 2.766313 1.844894 4.432318
v 2.758338 1.846994 4.426588
v 2.749430 1.850274 4.423796
v 2.740459 1.854412 4.424216
v 2.732304 1.859004 4.427807
v 2.725764 1.863599 4.434218
v 2.721478 1.867749 4.442821
v 2.719865 1.871046 4.452773
v 2.721085 1.873169 4.463100
v 2.725017 1.873909 4.472793
v 2.731277 1.873194 4.480901
v 2.739251 1.871093 4.486631
v 2.748160 1.867814 4.489423
v 2.757130 1.863675 4.489002
v 2.765285 1.859084 4.485411
v 2.771826 1.854488 4.479001
v 2.776112 1.850339 4.470398
v 2.777724 1.847041 4.460446
v 2.558794 1.612911 4.521289
v 2.749972 1.860568 4.456209
vt 0.056441 0.162975
vt 0.054352 0.162975
vt 0.052262 0.162975
vt 0.050172 0.162975
vt 0.048083 0.162975
vt 0.045993 0.162975
vt 0.043903 0.162975
vt 0.041814 0.162975
vt 0.039724 0.162975
vt 0.037635 0.162975
vt 0.035545 0.162975
vt 0.033455 0.162975
vt 0.031366 0.162975
vt 0.029276 0.162975
vt 0.027186 0.162975
vt 0.025097 0.162975
vt 0.023007 0.162975
vt 0.020917 0.162975
vt 0.018828 0.162975
vt 0.016738 0.162975
vt 0.014648 0.162975
vt 0.056441 0.160885
vt 0.054352 0.160885
vt 0.052262 0.160885
vt 0.050172 0.160885
vt 0.048083 0.160885
vt 0.045993 0.160885
vt 0.043903 0.160885
vt 0.041814 0.160885
vt 0.039724 0.160885
vt 0.037635 0.160885
vt 0.035545 0.160885
vt 0.033455 0.160885
vt 0.031366 0.160885
vt 0.029276 0.160885
vt 0.027186 0.160885
vt 0.025097 0.160885
vt 0.023007 0.160885
vt 0.020917 0.160885
vt 0.018828 0.160885
vt 0.016738 0.160885
vt 0.014648 0.160885
vt 0.056441 0.158796
vt 0.054352 0.158796
vt 0.052262 0.158796
vt 0.050172 0.158796
vt 0.048083 0.158796
vt 0.045993 0.158796
vt 0.043903 0.158796
vt 0.041814 0.158796
vt 0.039724 0.158796
vt 0.037635 0.158796
vt 0.035545 0.158796
vt 0.033455 0.158796
vt 0.031366 0.158796
vt 0.029276 0.158796
vt 0.027186 0.158796
vt 0.025097 0.158796
vt 0.023007 0.158796
vt 0.020917 0.158796
vt 0.018828 0.158796
vt 0.016738 0.158796
vt 0.014648 0.158796
vt 0.056441 0.156706
vt 0.054352 0.156706
vt 0.052262 0.156706
vt 0.050172 0.156706
vt 0.048083 0.156706
vt 0.045993 0.156706
vt 0.043903 0.156706
vt 0.041814 0.156706
vt 0.039724 0.156706
vt 0.037635 0.156706
vt 0.035545 0.156706
vt 0.033455 0.156706
vt 0.031366 0.156706
vt 0.029276 0.156706
vt 0.027186 0.156706
vt 0.025097 0.156706
vt 0.023007 0.156706
vt 0.020917 0.156706
vt 0.018828 0.156706
vt 0.016738 0.156706
vt 0.014648 0.156706
vt 0.056441 0.154616
vt 0.054352 0.154616
vt 0.052262 0.154616
vt 0.050172 0.154616
vt 0.048083 0.154616
vt 0.045993 0.154616
vt 0.043903 0.154616
vt 0.041814 0.154616
vt 0.039724 0.154616
vt 0.037635 0.154616
vt 0.035545 0.154616
vt 0.033455 0.154616
vt 0.031366 0.154616
vt 0.029276 0.154616
vt 0.027186 0.154616
vt 0.025097 0.154616
vt 0.023007 0.154616
vt 0.020917 0.154616
vt 0.018828 0.154616
vt 0.016738 0.154616
vt 0.014648 0.154616
vt 0.056441 0.152527
vt 0.054352 0.152527
vt 0.052262 0.152527
vt 0.050172 0.152527
vt 0.048083 0.152527
vt 0.045993 0.152527
vt 0.043903 0.152527
vt 0.041814 0.152527
vt 0.039724 0.152527
vt 0.037635 0.152527
vt 0.035545 0.152527
vt 0.033455 0.152527
vt 0.031366 0.152527
vt 0.029276 0.152527
vt 0.027186 0.152527
vt 0.025097 0.152527
vt 0.023007 0.152527
vt 0.020917 0.152527
vt 0.018828 0.152527
vt 0.016738 0.152527
vt 0.014648 0.152527
vt 0.056441 0.150437
vt 0.054352 0.150437
vt 0.052262 0.150437
vt 0.050172 0.150437
vt 0.048083 0.150437
vt 0.045993 0.150437
vt 0.043903 0.150437
vt 0.041814 0.150437
vt 0.039724 0.150437
vt 0.037635 0.150437
vt 0.035545 0.150437
vt 0.033455 0.150437
vt 0.031366 0.150437
vt 0.029276 0.150437
vt 0.027186 0.150437
vt 0.025097 0.150437
vt 0.023007 0.150437
vt 0.020917 0.150437
vt 0.018828 0.150437
vt 0.016738 0.150437
vt 0.014648 0.150437
vt 0.056441 0.148347
vt 0.054352 0.148347
vt 0.052262 0.148347
vt 0.050172 0.148347
vt 0.048083 0.148347
vt 0.045993 0.148347
vt 0.043903 0.148347
vt 0.041814 0.148347
vt 0.039724 0.148347
vt 0.037635 0.148347
vt 0.035545 0.148347
vt 0.033455 0.148347
vt 0.031366 0.148347
vt 0.029276 0.148347
vt 0.027186 0.148347
vt 0.025097 0.148347
vt 0.023007 0.148347
vt 0.020917 0.148347
vt 0.018828 0.148347
vt 0.016738 0.148347
vt 0.014648 0.148347
vt 0.056441 0.146258
vt 0.054352 0.146258
vt 0.052262 0.146258
vt 0.050172 0.146258
vt 0.048083 0.146258
vt 0.045993 0.146258
vt 0.043903 0.146258
vt 0.041814 0.146258
vt 0.039724 0.146258
vt 0.037635 0.146258
vt 0.035545 0.146258
vt 0.033455 0.146258
vt 0.031366 0.146258
vt 0.029276 0.146258
vt 0.027186 0.146258
vt 0.025097 0.146258
vt 0.023007 0.146258
vt 0.020917 0.146258
vt 0.018828 0.146258
vt 0.016738 0.146258
vt 0.014648 0.146258
vt 0.056441 0.144168
vt 0.054352 0.144168
vt 0.052262 0.144168
vt 0.050172 0.144168
vt 0.048083 0.144168
vt 0.045993 0.144168
vt 0.043903 0.144168
vt 0.041814 0.144168
vt 0.039724 0.144168
vt 0.037635 0.144168
vt 0.035545 0.144168
vt 0.033455 0.144168
vt 0.031366 0.144168
vt 0.029276 0.144168
vt 0.027186 0.144168
vt 0.025097 0.144168
vt 0.023007 0.144168
vt 0.020917 0.144168
vt 0.018828 0.144168
vt 0.016738 0.144168
vt 0.014648 0.144168
vt 0.056441 0.142078
vt 0.054352 0.142078
vt 0.052262 0.142078
vt 0.050172 0.142078
vt 0.048083 0.142078
vt 0.045993 0.142078
vt 0.043903 0.142078
vt 0.041814 0.142078
vt 0.039724 0.142078
vt 0.037635 0.142078
vt 0.035545 0.142078
vt 0.033455 0.142078
vt 0.031366 0.142078
vt 0.029276 0.142078
vt 0.027186 0.142078
vt 0.025097 0.142078
vt 0.023007 0.142078
vt 0.020917 0.142078
vt 0.018828 0.142078
vt 0.016738 0.142078
vt 0.014648 0.142078
vt 0.056441 0.139989
vt 0.054352 0.139989
vt 0.052262 0.139989
vt 0.050172 0.139989
vt 0.048083 0.139989
vt 0.045993 0.139989
vt 0.043903 0.139989
vt 0.041814 0.139989
vt 0.039724 0.139989
vt 0.037635 0.139989
vt 0.035545 0.139989
vt 0.033455 0.139989
vt 0.031366 0.139989
vt 0.029276 0.139989
vt 0.027186 0.139989
vt 0.025097 0.139989
vt 0.023007 0.139989
vt 0.020917 0.139989
vt 0.018828 0.139989
vt 0.016738 0.139989
vt 0.014648 0.139989
vt 0.056441 0.137899
vt 0.054352 0.137899
vt 0.052262 0.137899
vt 0.050172 0.137899
vt 0.048083 0.137899
vt 0.045993 0.137899
vt 0.043903 0.137899
vt 0.041814 0.137899
vt 0.039724 0.137899
vt 0.037635 0.137899
vt 0.035545 0.137899
vt 0.033455 0.137899
vt 0.031366 0.137899
vt 0.029276 0.137899
vt 0.027186 0.137899
vt 0.025097 0.137899
vt 0.023007 0.137899
vt 0.020917 0.137899
vt 0.018828 0.137899
vt 0.016738 0.137899
vt 0.014648 0.137899
vt 0.056441 0.135809
vt 0.054352 0.135809
vt 0.052262 0.135809
vt 0.050172 0.135809
vt 0.048083 0.135809
vt 0.045993 0.135809
vt 0.043903 0.135809
vt 0.041814 0.135809
vt 0.039724 0.135809
vt 0.037635 0.135809
vt 0.035545 0.135809
vt 0.033455 0.135809
vt 0.031366 0.135809
vt 0.029276 0.135809
vt 0.027186 0.135809
vt 0.025097 0.135809
vt 0.023007 0.135809
vt 0.020917 0.135809
vt 0.018828 0.135809
vt 0.016738 0.135809
vt 0.014648 0.135809
vt 0.056441 0.133720
vt 0.054352 0.133720
vt 0.052262 0.133720
vt 0.050172 0.133720
vt 0.048083 0.133720
vt 0.045993 0.133720
vt 0.043903 0.133720
vt 0.041814 0.133720
vt 0.039724 0.133720
vt 0.037635 0.133720
vt 0.035545 0.133720
vt 0.033455 0.133720
vt 0.031366 0.133720
vt 0.029276 0.133720
vt 0.027186 0.133720
vt 0.025097 0.133720
vt 0.023007 0.133720
vt 0.020917 0.133720
vt 0.018828 0.133720
vt 0.016738 0.133720
vt 0.014648 0.133720
vt 0.056441 0.131630
vt 0.054352 0.131630
vt 0.052262 0.131630
vt 0.050172 0.131630
vt 0.048083 0.131630
vt 0.045993 0.131630
vt 0.043903 0.131630
vt 0.041814 0.131630
vt 0.039724 0.131630
vt 0.037635 0.131630
vt 0.035545 0.131630
vt 0.033455 0.131630
vt 0.031366 0.131630
vt 0.029276 0.131630
vt 0.027186 0.131630
vt 0.025097 0.131630
vt 0.023007 0.131630
vt 0.020917 0.131630
vt 0.018828 0.131630
vt 0.016738 0.131630
vt 0.014648 0.131630
vt 0.056441 0.129541
vt 0.054352 0.129541
vt 0.052262 0.129541
vt 0.050172 0.129541
vt 0.048083 0.129541
vt 0.045993 0.129541
vt 0.043903 0.129541
vt 0.041814 0.129541
vt 0.039724 0.129541
vt 0.037635 0.129541
vt 0.035545 0.129541
vt 0.033455 0.129541
vt 0.031366 0.129541
vt 0.029276 0.129541
vt 0.027186 0.129541
vt 0.025097 0.129541
vt 0.023007 0.129541
vt 0.020917 0.129541
vt 0.018828 0.129541
vt 0.016738 0.129541
vt 0.014648 0.129541
vt 0.056441 0.127451
vt 0.054352 0.127451
vt 0.052262 0.127451
vt 0.050172 0.127451
vt 0.048083 0.127451
vt 0.045993 0.127451
vt 0.043903 0.127451
vt 0.041814 0.127451
vt 0.039724 0.127451
vt 0.037635 0.127451
vt 0.035545 0.127451
vt 0.033455 0.127451
vt 0.031366 0.127451
vt 0.029276 0.127451
vt 0.027186 0.127451
vt 0.025097 0.127451
vt 0.023007 0.127451
vt 0.020917 0.127451
vt 0.018828 0.127451
vt 0.016738 0.127451
vt 0.014648 0.127451
vt 0.056441 0.125361
vt 0.054352 0.125361
vt 0.052262 0.125361
vt 0.050172 0.125361
vt 0.048083 0.125361
vt 0.045993 0.125361
vt 0.043903 0.125361
vt 0.041814 0.125361
vt 0.039724 0.125361
vt 0.037635 0.125361
vt 0.035545 0.125361
vt 0.033455 0.125361
vt 0.031366 0.125361
vt 0.029276 0.125361
vt 0.027186 0.125361
vt 0.025097 0.125361
vt 0.023007 0.125361
vt 0.020917 0.125361
vt 0.018828 0.125361
vt 0.016738 0.125361
vt 0.014648 0.125361
vt 0.055396 0.165064
vt 0.053307 0.165064
vt 0.051217 0.165064
vt 0.049128 0.165064
vt 0.047038 0.165064
vt 0.044948 0.165064
vt 0.042859 0.165064
vt 0.040769 0.165064
vt 0.038679 0.165064
vt 0.036590 0.165064
vt 0.034500 0.165064
vt 0.032410 0.165064
vt 0.030321 0.165064
vt 0.028231 0.165064
vt 0.026141 0.165064
vt 0.024052 0.165064
vt 0.021962 0.165064
vt 0.019873 0.165064
vt 0.017783 0.165064
vt 0.015693 0.165064
vt 0.055396 0.123272
vt 0.053307 0.123272
vt 0.051217 0.123272
vt 0.049128 0.123272
vt 0.047038 0.123272
vt 0.044948 0.123272
vt 0.042859 0.123272
vt 0.040769 0.123272
vt 0.038679 0.123272
vt 0.036590 0.123272
vt 0.034500 0.123272
vt 0.032410 0.123272
vt 0.030321 0.123272
vt 0.028231 0.123272
vt 0.026141 0.123272
vt 0.024052 0.123272
vt 0.021962 0.123272
vt 0.019873 0.123272
vt 0.017783 0.123272
vt 0.015693 0.123272
vn -0.262268 -0.943470 0.202684
vn -0.280314 -0.946086 0.162314
vn -0.197424 -0.973599 0.114581
vn -0.167944 -0.968870 0.181896
vn -0.309662 -0.942285 0.127314
vn -0.245550 -0.967785 0.055652
vn -0.348050 -0.931999 0.101191
vn -0.308966 -0.951012 0.010759
vn -0.392024 -0.915834 0.086982
vn -0.382368 -0.923891 -0.014863
vn -0.437131 -0.895212 0.086666
vn -0.458599 -0.888474 -0.017376
vn -0.478500 -0.872304 0.100615
vn -0.529439 -0.848336 0.004590
vn -0.511710 -0.849656 0.127431
vn -0.586995 -0.808085 0.049353
vn -0.533378 -0.829778 0.164247
vn -0.624935 -0.772545 0.112383
vn -0.541487 -0.814747 0.207313
vn -0.639226 -0.745924 0.187048
vn -0.535315 -0.806069 0.252369
vn -0.628381 -0.731212 0.265455
vn -0.515389 -0.804595 0.294958
vn -0.593486 -0.729858 0.339238
vn -0.483542 -0.810437 0.330724
vn -0.538200 -0.741649 0.400372
vn -0.442986 -0.822904 0.355798
vn -0.468600 -0.764767 0.442206
vn -0.398058 -0.840530 0.367505
vn -0.392481 -0.796119 0.460600
vn -0.353608 -0.861302 0.364857
vn -0.318141 -0.831952 0.454579
vn -0.314236 -0.882990 0.348691
vn -0.253000 -0.868543 0.426174
vn -0.283545 -0.903550 0.321247
vn -0.202632 -0.902722 0.379518
vn -0.263929 -0.921304 0.285552
vn -0.170609 -0.932030 0.319706
vn -0.256695 -0.934948 0.244907
vn -0.158838 -0.954586 0.252063
vn -0.104910 -0.992590 0.061307
vn -0.064055 -0.985458 0.157380
vn -0.172095 -0.984790 -0.023923
vn -0.261587 -0.960938 -0.090393
vn -0.366487 -0.921270 -0.130191
vn -0.476801 -0.868290 -0.136871
vn -0.580428 -0.807203 -0.107366
vn -0.665296 -0.745323 -0.043302
vn -0.721532 -0.690646 0.048984
vn -0.742788 -0.650252 0.159496
vn -0.726712 -0.629046 0.276027
vn -0.675001 -0.629105 0.385487
vn -0.593402 -0.649537 0.475369
vn -0.491397 -0.686747 0.535637
vn -0.380991 -0.735266 0.560562
vn -0.274519 -0.789020 0.549625
vn -0.182417 -0.842535 0.506813
vn -0.112024 -0.891578 0.438793
vn -0.067673 -0.933146 0.353071
vn -0.051468 -0.965054 0.256949
vn -0.006809 -0.999965 0.004819
vn 0.044564 -0.990512 0.129998
vn -0.092063 -0.989896 -0.107842
vn -0.207008 -0.958143 -0.197762
vn -0.343474 -0.904196 -0.253881
vn -0.488516 -0.830887 -0.266421
vn -0.625677 -0.745388 -0.230054
vn -0.738272 -0.658451 -0.146279
vn -0.812838 -0.582014 -0.023538
vn -0.841014 -0.526486 0.124534
vn -0.819768 -0.498853 0.281293
vn -0.751238 -0.501791 0.428774
vn -0.642949 -0.533494 0.549545
vn -0.507782 -0.588105 0.629515
vn -0.362361 -0.657108 0.660987
vn -0.223573 -0.731497 0.644149
vn -0.105055 -0.803732 0.585644
vn -0.015633 -0.868566 0.495327
vn 0.040130 -0.922729 0.383354
vn 0.060352 -0.964030 0.258850
vn 0.096935 -0.993775 -0.054904
vn 0.157865 -0.982431 0.099540
vn -0.005149 -0.980614 -0.195883
vn -0.144479 -0.939443 -0.310763
vn -0.311801 -0.868749 -0.384780
vn -0.490939 -0.771798 -0.404112
vn -0.660511 -0.658391 -0.360895
vn -0.799042 -0.543598 -0.256970
vn -0.890117 -0.443801 -0.103594
vn -0.924360 -0.372646 0.081813
vn -0.898578 -0.338915 0.278737
vn -0.814949 -0.345836 0.465032
vn -0.681796 -0.390855 0.618374
vn -0.514674 -0.465831 0.719800
vn -0.334890 -0.558700 0.758751
vn -0.164456 -0.656788 0.735924
vn -0.020582 -0.749972 0.661149
vn 0.086606 -0.831911 0.548109
vn 0.152724 -0.899251 0.409907
vn 0.176526 -0.950051 0.257375
vn 0.206807 -0.971224 -0.118133
vn 0.276312 -0.958830 0.065550
vn 0.089253 -0.953483 -0.287929
vn -0.073012 -0.900572 -0.428532
vn -0.269608 -0.809977 -0.520815
vn -0.480558 -0.685991 -0.546334
vn -0.678964 -0.542182 -0.495021
vn -0.838922 -0.398779 -0.370386
vn -0.942560 -0.276334 -0.187669
vn -0.981137 -0.190636 0.032064
vn -0.952063 -0.151327 0.265849
vn -0.857004 -0.162181 0.489123
vn -0.703503 -0.220737 0.675543
vn -0.508194 -0.317452 0.800602
vn -0.296526 -0.436757 0.849303
vn -0.096135 -0.561529 0.821854
vn 0.071611 -0.678217 0.731364
vn 0.195146 -0.778976 0.595914
vn 0.270559 -0.860370 0.431927
vn 0.297519 -0.920876 0.251932
vn 0.322767 -0.928259 -0.184817
vn 0.399885 -0.916152 0.027534
vn 0.191192 -0.903749 -0.382993
vn 0.007919 -0.836103 -0.548516
vn -0.215139 -0.722379 -0.657179
vn -0.453400 -0.569249 -0.685845
vn -0.674204 -0.395540 -0.623697
vn -0.848485 -0.226796 -0.478160
vn -0.959101 -0.086099 -0.269651
vn -0.999695 0.010861 -0.022173
vn -0.968963 0.055047 0.240998
vn -0.867598 0.042144 0.495477
vn -0.700764 -0.026940 0.712885
vn -0.483960 -0.143306 0.863277
vn -0.245277 -0.289098 0.925344
vn -0.017996 -0.442326 0.896674
vn 0.171551 -0.584793 0.792835
vn 0.309903 -0.706216 0.636569
vn 0.393586 -0.802720 0.448030
vn 0.423312 -0.873170 0.241621
vn 0.443334 -0.859598 -0.254058
vn 0.527192 -0.849617 -0.014812
vn 0.299261 -0.825616 -0.478331
vn 0.097513 -0.740244 -0.665230
vn -0.147620 -0.601583 -0.785052
vn -0.406261 -0.420783 -0.811106
vn -0.640719 -0.222920 -0.734702
vn -0.821009 -0.037346 -0.569693
vn -0.932877 0.113405 -0.341876
vn -0.973302 0.216362 -0.076623
vn -0.942445 0.264442 0.204618
vn -0.839941 0.252906 0.480143
vn -0.667830 0.179817 0.722267
vn -0.438464 0.050739 0.897315
vn -0.180147 -0.116912 0.976667
vn 0.069207 -0.297186 0.952308
vn 0.277775 -0.466136 0.839975
vn 0.429326 -0.609498 0.666476
vn 0.520366 -0.721996 0.456006
vn 0.552552 -0.802470 0.225227
vn 0.564451 -0.759447 -0.323472
vn 0.654338 -0.753718 -0.061242
vn 0.409463 -0.713501 -0.568556
vn 0.192549 -0.608953 -0.769481
vn -0.068588 -0.447330 -0.891735
vn -0.338777 -0.246128 -0.908103
vn -0.577430 -0.035743 -0.815658
vn -0.756367 0.154223 -0.635708
vn -0.865278 0.305068 -0.397779
vn -0.904124 0.408096 -0.126565
vn -0.874153 0.458666 0.159633
vn -0.774262 0.451889 0.443075
vn -0.603836 0.382830 0.699159
vn -0.371287 0.251980 0.893674
vn -0.102563 0.072765 0.992062
vn 0.162259 -0.127860 0.978429
vn 0.386205 -0.320459 0.864958
vn 0.549241 -0.485159 0.680408
vn 0.646935 -0.613613 0.452719
vn 0.681412 -0.703672 0.201305
vn 0.678468 -0.623428 -0.388612
vn 0.773789 -0.623740 -0.110451
vn 0.514389 -0.564681 -0.645399
vn 0.286665 -0.443266 -0.849316
vn 0.017223 -0.266422 -0.963703
vn -0.254912 -0.057870 -0.965231
vn -0.489419 0.150226 -0.859012
vn -0.661927 0.332038 -0.672015
vn -0.765691 0.474350 -0.434406
vn -0.802405 0.572479 -0.168564
vn -0.773785 0.623744 0.110451
vn -0.678466 0.623432 0.388609
vn -0.514387 0.564683 0.645399
vn -0.286665 0.443268 0.849316
vn -0.017229 0.266420 0.963703
vn 0.254906 0.057869 0.965233
vn 0.489418 -0.150227 0.859012
vn 0.661924 -0.332040 0.672016
vn 0.765690 -0.474351 0.434408
vn 0.802406 -0.572478 0.168565
vn 0.774267 -0.451877 -0.443077
vn 0.874157 -0.458658 -0.159634
vn 0.603840 -0.382824 -0.699159
vn 0.371292 -0.251979 -0.893672
vn 0.102563 -0.072765 -0.992062
vn -0.162261 0.127859 -0.978429
vn -0.386200 0.320459 -0.864960
vn -0.549238 0.485160 -0.680410
vn -0.646935 0.613612 -0.452720
vn -0.681414 0.703671 -0.201304
vn -0.654340 0.753716 0.061243
vn -0.564453 0.759444 0.323478
vn -0.409466 0.713498 0.568558
vn -0.192549 0.608956 0.769479
vn 0.068591 0.447333 0.891733
vn 0.338777 0.246128 0.908103
vn 0.577423 0.035742 0.815662
vn 0.756363 -0.154229 0.635712
vn 0.865278 -0.305068 0.397779
vn 0.904126 -0.408090 0.126565
vn 0.839942 -0.252902 -0.480143
vn 0.942444 -0.264443 -0.204618
vn 0.667831 -0.179813 -0.722267
vn 0.438465 -0.050740 -0.897315
vn 0.180152 0.116912 -0.976666
vn -0.069204 0.297187 -0.952308
vn -0.277773 0.466138 -0.839975
vn -0.429320 0.609501 -0.666477
vn -0.520364 0.721995 -0.456009
vn -0.552553 0.802470 -0.225225
vn -0.527190 0.849618 0.014813
vn -0.443332 0.859599 0.254059
vn -0.299265 0.825614 0.478332
vn -0.097519 0.740241 0.665232
vn 0.147619 0.601579 0.785055
vn 0.406257 0.420778 0.811111
vn 0.640713 0.222919 0.734707
vn 0.821008 0.037344 0.569694
vn 0.932877 -0.113410 0.341875
vn 0.973301 -0.216366 0.076623
vn 0.867600 -0.042146 -0.495474
vn 0.968964 -0.055044 -0.240997
vn 0.700766 0.026937 -0.712883
vn 0.483957 0.143307 -0.863278
vn 0.245273 0.289100 -0.925345
vn 0.017989 0.442329 -0.896673
vn -0.171553 0.584792 -0.792835
vn -0.309905 0.706213 -0.636571
vn -0.393587 0.802718 -0.448033
vn -0.423312 0.873171 -0.241620
vn -0.399884 0.916152 -0.027533
vn -0.322765 0.928260 0.184813
vn -0.191190 0.903751 0.382990
vn -0.007919 0.836102 0.548516
vn 0.215133 0.722375 0.657185
vn 0.453395 0.569246 0.685851
vn 0.674203 0.395542 0.623696
vn 0.848484 0.226801 0.478159
vn 0.959101 0.086098 0.269652
vn 0.999695 -0.010859 0.022173
vn 0.857006 0.162175 -0.489121
vn 0.952063 0.151326 -0.265850
vn 0.703504 0.220734 -0.675543
vn 0.508194 0.317452 -0.800602
vn 0.296528 0.436763 -0.849299
vn 0.096134 0.561536 -0.821849
vn -0.071609 0.678219 -0.731362
vn -0.195145 0.778976 -0.595915
vn -0.270558 0.860370 -0.431928
vn -0.297516 0.920877 -0.251932
vn -0.276312 0.958830 -0.065550
vn -0.206806 0.971224 0.118131
vn -0.089250 0.953485 0.287924
vn 0.073017 0.900573 0.428529
vn 0.269611 0.809977 0.520813
vn 0.480559 0.685992 0.546332
vn 0.678963 0.542183 0.495022
vn 0.838920 0.398780 0.370388
vn 0.942561 0.276334 0.187666
vn 0.981137 0.190638 -0.032064
vn 0.814953 0.345831 -0.465030
vn 0.898581 0.338907 -0.278738
vn 0.681794 0.390861 -0.618373
vn 0.514670 0.465837 -0.719799
vn 0.334889 0.558703 -0.758749
vn 0.164457 0.656789 -0.735923
vn 0.020584 0.749972 -0.661150
vn -0.086602 0.831911 -0.548110
vn -0.152723 0.899251 -0.409907
vn -0.176526 0.950051 -0.257375
vn -0.157865 0.982431 -0.099539
vn -0.096935 0.993775 0.054907
vn 0.005148 0.980613 0.195886
vn 0.144481 0.939442 0.310762
vn 0.311803 0.868749 0.384778
vn 0.490938 0.771800 0.404110
vn 0.660512 0.658391 0.360896
vn 0.799042 0.543599 0.256969
vn 0.890119 0.443797 0.103593
vn 0.924362 0.372642 -0.081813
vn 0.751241 0.501787 -0.428773
vn 0.819770 0.498851 -0.281292
vn 0.642944 0.533495 -0.549551
vn 0.507783 0.588102 -0.629518
vn 0.362361 0.657106 -0.660989
vn 0.223563 0.731499 -0.644150
vn 0.105053 0.803730 -0.585647
vn 0.015631 0.868563 -0.495332
vn -0.040131 0.922728 -0.383356
vn -0.060353 0.964030 -0.258850
vn -0.044565 0.990512 -0.129997
vn 0.006810 0.999965 -0.004817
vn 0.092062 0.989896 0.107842
vn 0.207011 0.958142 0.197762
vn 0.343476 0.904195 0.253882
vn 0.488511 0.830889 0.266422
vn 0.625678 0.745388 0.230053
vn 0.738276 0.658446 0.146278
vn 0.812840 0.582011 0.023540
vn 0.841011 0.526491 -0.124532
vn 0.675002 0.629106 -0.385486
vn 0.726710 0.629049 -0.276027
vn 0.593401 0.649537 -0.475371
vn 0.491405 0.686741 -0.535637
vn 0.380996 0.735265 -0.560561
vn 0.274516 0.789024 -0.549620
vn 0.182418 0.842535 -0.506812
vn 0.112023 0.891576 -0.438797
vn 0.067673 0.933146 -0.353072
vn 0.051470 0.965054 -0.256948
vn 0.064059 0.985458 -0.157382
vn 0.104913 0.992590 -0.061305
vn 0.172094 0.984790 0.023924
vn 0.261586 0.960938 0.090391
vn 0.366489 0.921269 0.130190
vn 0.476802 0.868289 0.136871
vn 0.580432 0.807200 0.107367
vn 0.665300 0.745319 0.043305
vn 0.721529 0.690649 -0.048983
vn 0.742780 0.650260 -0.159496
vn 0.593488 0.729856 -0.339238
vn 0.628382 0.731212 -0.265453
vn 0.538211 0.741641 -0.400372
vn 0.468605 0.764763 -0.442208
vn 0.392474 0.796123 -0.460600
vn 0.318142 0.831953 -0.454576
vn 0.253008 0.868540 -0.426176
vn 0.202632 0.902722 -0.379519
vn 0.170607 0.932032 -0.319704
vn 0.158837 0.954587 -0.252060
vn 0.167939 0.968871 -0.181896
vn 0.197422 0.973600 -0.114579
vn 0.245545 0.967786 -0.055653
vn 0.308959 0.951014 -0.010763
vn 0.382366 0.923891 0.014863
vn 0.458599 0.888474 0.017378
vn 0.529442 0.848334 -0.004584
vn 0.586996 0.808085 -0.049348
vn 0.624929 0.772549 -0.112390
vn 0.639224 0.745925 -0.187053
vn 0.515383 0.804598 -0.294961
vn 0.535320 0.806068 -0.252364
vn 0.483546 0.810434 -0.330727
vn 0.442987 0.822903 -0.355799
vn 0.398043 0.840537 -0.367505
vn 0.353604 0.861301 -0.364863
vn 0.314244 0.882984 -0.348697
vn 0.283547 0.903549 -0.321247
vn 0.263926 0.921306 -0.285549
vn 0.256691 0.934949 -0.244906
vn 0.262265 0.943472 -0.202676
vn 0.280310 0.946088 -0.162306
vn 0.309659 0.942285 -0.127323
vn 0.348046 0.932000 -0.101198
vn 0.392026 0.915833 -0.086982
vn 0.437136 0.895210 -0.086669
vn 0.478505 0.872301 -0.100616
vn 0.511706 0.849658 -0.127431
vn 0.533376 0.829777 -0.164256
vn 0.541493 0.814742 -0.207316
vn -0.399185 -0.887676 0.229527
vn 0.399185 0.887677 -0.229526
s 1
g Mushroom2 Shrooms Dot2
usemtl lambert10SG
f 3117/3974/4869 3118/3975/4870 3138/3996/4871 3137/3995/4872
f 3118/3975/4870 3119/3976/4873 3139/3997/4874 3138/3996/4871
f 3119/3976/4873 3120/3977/4875 3140/3998/4876 3139/3997/4874
f 3120/3977/4875 3121/3978/4877 3141/3999/4878 3140/3998/4876
f 3121/3978/4877 3122/3979/4879 3142/4000/4880 3141/3999/4878
f 3122/3979/4879 3123/3980/4881 3143/4001/4882 3142/4000/4880
f 3123/3980/4881 3124/3981/4883 3144/4002/4884 3143/4001/4882
f 3124/3981/4883 3125/3982/4885 3145/4003/4886 3144/4002/4884
f 3125/3982/4885 3126/3983/4887 3146/4004/4888 3145/4003/4886
f 3126/3983/4887 3127/3984/4889 3147/4005/4890 3146/4004/4888
f 3127/3984/4889 3128/3985/4891 3148/4006/4892 3147/4005/4890
f 3128/3985/4891 3129/3986/4893 3149/4007/4894 3148/4006/4892
f 3129/3986/4893 3130/3987/4895 3150/4008/4896 3149/4007/4894
f 3130/3987/4895 3131/3988/4897 3151/4009/4898 3150/4008/4896
f 3131/3988/4897 3132/3989/4899 3152/4010/4900 3151/4009/4898
f 3132/3989/4899 3133/3990/4901 3153/4011/4902 3152/4010/4900
f 3133/3990/4901 3134/3991/4903 3154/4012/4904 3153/4011/4902
f 3134/3991/4903 3135/3992/4905 3155/4013/4906 3154/4012/4904
f 3135/3992/4905 3136/3993/4907 3156/4014/4908 3155/4013/4906
f 3136/3993/4907 3117/3994/4869 3137/4015/4872 3156/4014/4908
f 3137/3995/4872 3138/3996/4871 3158/4017/4909 3157/4016/4910
f 3138/3996/4871 3139/3997/4874 3159/4018/4911 3158/4017/4909
f 3139/3997/4874 3140/3998/4876 3160/4019/4912 3159/4018/4911
f 3140/3998/4876 3141/3999/4878 3161/4020/4913 3160/4019/4912
f 3141/3999/4878 3142/4000/4880 3162/4021/4914 3161/4020/4913
f 3142/4000/4880 3143/4001/4882 3163/4022/4915 3162/4021/4914
f 3143/4001/4882 3144/4002/4884 3164/4023/4916 3163/4022/4915
f 3144/4002/4884 3145/4003/4886 3165/4024/4917 3164/4023/4916
f 3145/4003/4886 3146/4004/4888 3166/4025/4918 3165/4024/4917
f 3146/4004/4888 3147/4005/4890 3167/4026/4919 3166/4025/4918
f 3147/4005/4890 3148/4006/4892 3168/4027/4920 3167/4026/4919
f 3148/4006/4892 3149/4007/4894 3169/4028/4921 3168/4027/4920
f 3149/4007/4894 3150/4008/4896 3170/4029/4922 3169/4028/4921
f 3150/4008/4896 3151/4009/4898 3171/4030/4923 3170/4029/4922
f 3151/4009/4898 3152/4010/4900 3172/4031/4924 3171/4030/4923
f 3152/4010/4900 3153/4011/4902 3173/4032/4925 3172/4031/4924
f 3153/4011/4902 3154/4012/4904 3174/4033/4926 3173/4032/4925
f 3154/4012/4904 3155/4013/4906 3175/4034/4927 3174/4033/4926
f 3155/4013/4906 3156/4014/4908 3176/4035/4928 3175/4034/4927
f 3156/4014/4908 3137/4015/4872 3157/4036/4910 3176/4035/4928
f 3157/4016/4910 3158/4017/4909 3178/4038/4929 3177/4037/4930
f 3158/4017/4909 3159/4018/4911 3179/4039/4931 3178/4038/4929
f 3159/4018/4911 3160/4019/4912 3180/4040/4932 3179/4039/4931
f 3160/4019/4912 3161/4020/4913 3181/4041/4933 3180/4040/4932
f 3161/4020/4913 3162/4021/4914 3182/4042/4934 3181/4041/4933
f 3162/4021/4914 3163/4022/4915 3183/4043/4935 3182/4042/4934
f 3163/4022/4915 3164/4023/4916 3184/4044/4936 3183/4043/4935
f 3164/4023/4916 3165/4024/4917 3185/4045/4937 3184/4044/4936
f 3165/4024/4917 3166/4025/4918 3186/4046/4938 3185/4045/4937
f 3166/4025/4918 3167/4026/4919 3187/4047/4939 3186/4046/4938
f 3167/4026/4919 3168/4027/4920 3188/4048/4940 3187/4047/4939
f 3168/4027/4920 3169/4028/4921 3189/4049/4941 3188/4048/4940
f 3169/4028/4921 3170/4029/4922 3190/4050/4942 3189/4049/4941
f 3170/4029/4922 3171/4030/4923 3191/4051/4943 3190/4050/4942
f 3171/4030/4923 3172/4031/4924 3192/4052/4944 3191/4051/4943
f 3172/4031/4924 3173/4032/4925 3193/4053/4945 3192/4052/4944
f 3173/4032/4925 3174/4033/4926 3194/4054/4946 3193/4053/4945
f 3174/4033/4926 3175/4034/4927 3195/4055/4947 3194/4054/4946
f 3175/4034/4927 3176/4035/4928 3196/4056/4948 3195/4055/4947
f 3176/4035/4928 3157/4036/4910 3177/4057/4930 3196/4056/4948
f 3177/4037/4930 3178/4038/4929 3198/4059/4949 3197/4058/4950
f 3178/4038/4929 3179/4039/4931 3199/4060/4951 3198/4059/4949
f 3179/4039/4931 3180/4040/4932 3200/4061/4952 3199/4060/4951
f 3180/4040/4932 3181/4041/4933 3201/4062/4953 3200/4061/4952
f 3181/4041/4933 3182/4042/4934 3202/4063/4954 3201/4062/4953
f 3182/4042/4934 3183/4043/4935 3203/4064/4955 3202/4063/4954
f 3183/4043/4935 3184/4044/4936 3204/4065/4956 3203/4064/4955
f 3184/4044/4936 3185/4045/4937 3205/4066/4957 3204/4065/4956
f 3185/4045/4937 3186/4046/4938 3206/4067/4958 3205/4066/4957
f 3186/4046/4938 3187/4047/4939 3207/4068/4959 3206/4067/4958
f 3187/4047/4939 3188/4048/4940 3208/4069/4960 3207/4068/4959
f 3188/4048/4940 3189/4049/4941 3209/4070/4961 3208/4069/4960
f 3189/4049/4941 3190/4050/4942 3210/4071/4962 3209/4070/4961
f 3190/4050/4942 3191/4051/4943 3211/4072/4963 3210/4071/4962
f 3191/4051/4943 3192/4052/4944 3212/4073/4964 3211/4072/4963
f 3192/4052/4944 3193/4053/4945 3213/4074/4965 3212/4073/4964
f 3193/4053/4945 3194/4054/4946 3214/4075/4966 3213/4074/4965
f 3194/4054/4946 3195/4055/4947 3215/4076/4967 3214/4075/4966
f 3195/4055/4947 3196/4056/4948 3216/4077/4968 3215/4076/4967
f 3196/4056/4948 3177/4057/4930 3197/4078/4950 3216/4077/4968
f 3197/4058/4950 3198/4059/4949 3218/4080/4969 3217/4079/4970
f 3198/4059/4949 3199/4060/4951 3219/4081/4971 3218/4080/4969
f 3199/4060/4951 3200/4061/4952 3220/4082/4972 3219/4081/4971
f 3200/4061/4952 3201/4062/4953 3221/4083/4973 3220/4082/4972
f 3201/4062/4953 3202/4063/4954 3222/4084/4974 3221/4083/4973
f 3202/4063/4954 3203/4064/4955 3223/4085/4975 3222/4084/4974
f 3203/4064/4955 3204/4065/4956 3224/4086/4976 3223/4085/4975
f 3204/4065/4956 3205/4066/4957 3225/4087/4977 3224/4086/4976
f 3205/4066/4957 3206/4067/4958 3226/4088/4978 3225/4087/4977
f 3206/4067/4958 3207/4068/4959 3227/4089/4979 3226/4088/4978
f 3207/4068/4959 3208/4069/4960 3228/4090/4980 3227/4089/4979
f 3208/4069/4960 3209/4070/4961 3229/4091/4981 3228/4090/4980
f 3209/4070/4961 3210/4071/4962 3230/4092/4982 3229/4091/4981
f 3210/4071/4962 3211/4072/4963 3231/4093/4983 3230/4092/4982
f 3211/4072/4963 3212/4073/4964 3232/4094/4984 3231/4093/4983
f 3212/4073/4964 3213/4074/4965 3233/4095/4985 3232/4094/4984
f 3213/4074/4965 3214/4075/4966 3234/4096/4986 3233/4095/4985
f 3214/4075/4966 3215/4076/4967 3235/4097/4987 3234/4096/4986
f 3215/4076/4967 3216/4077/4968 3236/4098/4988 3235/4097/4987
f 3216/4077/4968 3197/4078/4950 3217/4099/4970 3236/4098/4988
f 3217/4079/4970 3218/4080/4969 3238/4101/4989 3237/4100/4990
f 3218/4080/4969 3219/4081/4971 3239/4102/4991 3238/4101/4989
f 3219/4081/4971 3220/4082/4972 3240/4103/4992 3239/4102/4991
f 3220/4082/4972 3221/4083/4973 3241/4104/4993 3240/4103/4992
f 3221/4083/4973 3222/4084/4974 3242/4105/4994 3241/4104/4993
f 3222/4084/4974 3223/4085/4975 3243/4106/4995 3242/4105/4994
f 3223/4085/4975 3224/4086/4976 3244/4107/4996 3243/4106/4995
f 3224/4086/4976 3225/4087/4977 3245/4108/4997 3244/4107/4996
f 3225/4087/4977 3226/4088/4978 3246/4109/4998 3245/4108/4997
f 3226/4088/4978 3227/4089/4979 3247/4110/4999 3246/4109/4998
f 3227/4089/4979 3228/4090/4980 3248/4111/5000 3247/4110/4999
f 3228/4090/4980 3229/4091/4981 3249/4112/5001 3248/4111/5000
f 3229/4091/4981 3230/4092/4982 3250/4113/5002 3249/4112/5001
f 3230/4092/4982 3231/4093/4983 3251/4114/5003 3250/4113/5002
f 3231/4093/4983 3232/4094/4984 3252/4115/5004 3251/4114/5003
f 3232/4094/4984 3233/4095/4985 3253/4116/5005 3252/4115/5004
f 3233/4095/4985 3234/4096/4986 3254/4117/5006 3253/4116/5005
f 3234/4096/4986 3235/4097/4987 3255/4118/5007 3254/4117/5006
f 3235/4097/4987 3236/4098/4988 3256/4119/5008 3255/4118/5007
f 3236/4098/4988 3217/4099/4970 3237/4120/4990 3256/4119/5008
f 3237/4100/4990 3238/4101/4989 3258/4122/5009 3257/4121/5010
f 3238/4101/4989 3239/4102/4991 3259/4123/5011 3258/4122/5009
f 3239/4102/4991 3240/4103/4992 3260/4124/5012 3259/4123/5011
f 3240/4103/4992 3241/4104/4993 3261/4125/5013 3260/4124/5012
f 3241/4104/4993 3242/4105/4994 3262/4126/5014 3261/4125/5013
f 3242/4105/4994 3243/4106/4995 3263/4127/5015 3262/4126/5014
f 3243/4106/4995 3244/4107/4996 3264/4128/5016 3263/4127/5015
f 3244/4107/4996 3245/4108/4997 3265/4129/5017 3264/4128/5016
f 3245/4108/4997 3246/4109/4998 3266/4130/5018 3265/4129/5017
f 3246/4109/4998 3247/4110/4999 3267/4131/5019 3266/4130/5018
f 3247/4110/4999 3248/4111/5000 3268/4132/5020 3267/4131/5019
f 3248/4111/5000 3249/4112/5001 3269/4133/5021 3268/4132/5020
f 3249/4112/5001 3250/4113/5002 3270/4134/5022 3269/4133/5021
f 3250/4113/5002 3251/4114/5003 3271/4135/5023 3270/4134/5022
f 3251/4114/5003 3252/4115/5004 3272/4136/5024 3271/4135/5023
f 3252/4115/5004 3253/4116/5005 3273/4137/5025 3272/4136/5024
f 3253/4116/5005 3254/4117/5006 3274/4138/5026 3273/4137/5025
f 3254/4117/5006 3255/4118/5007 3275/4139/5027 3274/4138/5026
f 3255/4118/5007 3256/4119/5008 3276/4140/5028 3275/4139/5027
f 3256/4119/5008 3237/4120/4990 3257/4141/5010 3276/4140/5028
f 3257/4121/5010 3258/4122/5009 3278/4143/5029 3277/4142/5030
f 3258/4122/5009 3259/4123/5011 3279/4144/5031 3278/4143/5029
f 3259/4123/5011 3260/4124/5012 3280/4145/5032 3279/4144/5031
f 3260/4124/5012 3261/4125/5013 3281/4146/5033 3280/4145/5032
f 3261/4125/5013 3262/4126/5014 3282/4147/5034 3281/4146/5033
f 3262/4126/5014 3263/4127/5015 3283/4148/5035 3282/4147/5034
f 3263/4127/5015 3264/4128/5016 3284/4149/5036 3283/4148/5035
f 3264/4128/5016 3265/4129/5017 3285/4150/5037 3284/4149/5036
f 3265/4129/5017 3266/4130/5018 3286/4151/5038 3285/4150/5037
f 3266/4130/5018 3267/4131/5019 3287/4152/5039 3286/4151/5038
f 3267/4131/5019 3268/4132/5020 3288/4153/5040 3287/4152/5039
f 3268/4132/5020 3269/4133/5021 3289/4154/5041 3288/4153/5040
f 3269/4133/5021 3270/4134/5022 3290/4155/5042 3289/4154/5041
f 3270/4134/5022 3271/4135/5023 3291/4156/5043 3290/4155/5042
f 3271/4135/5023 3272/4136/5024 3292/4157/5044 3291/4156/5043
f 3272/4136/5024 3273/4137/5025 3293/4158/5045 3292/4157/5044
f 3273/4137/5025 3274/4138/5026 3294/4159/5046 3293/4158/5045
f 3274/4138/5026 3275/4139/5027 3295/4160/5047 3294/4159/5046
f 3275/4139/5027 3276/4140/5028 3296/4161/5048 3295/4160/5047
f 3276/4140/5028 3257/4141/5010 3277/4162/5030 3296/4161/5048
f 3277/4142/5030 3278/4143/5029 3298/4164/5049 3297/4163/5050
f 3278/4143/5029 3279/4144/5031 3299/4165/5051 3298/4164/5049
f 3279/4144/5031 3280/4145/5032 3300/4166/5052 3299/4165/5051
f 3280/4145/5032 3281/4146/5033 3301/4167/5053 3300/4166/5052
f 3281/4146/5033 3282/4147/5034 3302/4168/5054 3301/4167/5053
f 3282/4147/5034 3283/4148/5035 3303/4169/5055 3302/4168/5054
f 3283/4148/5035 3284/4149/5036 3304/4170/5056 3303/4169/5055
f 3284/4149/5036 3285/4150/5037 3305/4171/5057 3304/4170/5056
f 3285/4150/5037 3286/4151/5038 3306/4172/5058 3305/4171/5057
f 3286/4151/5038 3287/4152/5039 3307/4173/5059 3306/4172/5058
f 3287/4152/5039 3288/4153/5040 3308/4174/5060 3307/4173/5059
f 3288/4153/5040 3289/4154/5041 3309/4175/5061 3308/4174/5060
f 3289/4154/5041 3290/4155/5042 3310/4176/5062 3309/4175/5061
f 3290/4155/5042 3291/4156/5043 3311/4177/5063 3310/4176/5062
f 3291/4156/5043 3292/4157/5044 3312/4178/5064 3311/4177/5063
f 3292/4157/5044 3293/4158/5045 3313/4179/5065 3312/4178/5064
f 3293/4158/5045 3294/4159/5046 3314/4180/5066 3313/4179/5065
f 3294/4159/5046 3295/4160/5047 3315/4181/5067 3314/4180/5066
f 3295/4160/5047 3296/4161/5048 3316/4182/5068 3315/4181/5067
f 3296/4161/5048 3277/4162/5030 3297/4183/5050 3316/4182/5068
f 3297/4163/5050 3298/4164/5049 3318/4185/5069 3317/4184/5070
f 3298/4164/5049 3299/4165/5051 3319/4186/5071 3318/4185/5069
f 3299/4165/5051 3300/4166/5052 3320/4187/5072 3319/4186/5071
f 3300/4166/5052 3301/4167/5053 3321/4188/5073 3320/4187/5072
f 3301/4167/5053 3302/4168/5054 3322/4189/5074 3321/4188/5073
f 3302/4168/5054 3303/4169/5055 3323/4190/5075 3322/4189/5074
f 3303/4169/5055 3304/4170/5056 3324/4191/5076 3323/4190/5075
f 3304/4170/5056 3305/4171/5057 3325/4192/5077 3324/4191/5076
f 3305/4171/5057 3306/4172/5058 3326/4193/5078 3325/4192/5077
f 3306/4172/5058 3307/4173/5059 3327/4194/5079 3326/4193/5078
f 3307/4173/5059 3308/4174/5060 3328/4195/5080 3327/4194/5079
f 3308/4174/5060 3309/4175/5061 3329/4196/5081 3328/4195/5080
f 3309/4175/5061 3310/4176/5062 3330/4197/5082 3329/4196/5081
f 3310/4176/5062 3311/4177/5063 3331/4198/5083 3330/4197/5082
f 3311/4177/5063 3312/4178/5064 3332/4199/5084 3331/4198/5083
f 3312/4178/5064 3313/4179/5065 3333/4200/5085 3332/4199/5084
f 3313/4179/5065 3314/4180/5066 3334/4201/5086 3333/4200/5085
f 3314/4180/5066 3315/4181/5067 3335/4202/5087 3334/4201/5086
f 3315/4181/5067 3316/4182/5068 3336/4203/5088 3335/4202/5087
f 3316/4182/5068 3297/4183/5050 3317/4204/5070 3336/4203/5088
f 3317/4184/5070 3318/4185/5069 3338/4206/5089 3337/4205/5090
f 3318/4185/5069 3319/4186/5071 3339/4207/5091 3338/4206/5089
f 3319/4186/5071 3320/4187/5072 3340/4208/5092 3339/4207/5091
f 3320/4187/5072 3321/4188/5073 3341/4209/5093 3340/4208/5092
f 3321/4188/5073 3322/4189/5074 3342/4210/5094 3341/4209/5093
f 3322/4189/5074 3323/4190/5075 3343/4211/5095 3342/4210/5094
f 3323/4190/5075 3324/4191/5076 3344/4212/5096 3343/4211/5095
f 3324/4191/5076 3325/4192/5077 3345/4213/5097 3344/4212/5096
f 3325/4192/5077 3326/4193/5078 3346/4214/5098 3345/4213/5097
f 3326/4193/5078 3327/4194/5079 3347/4215/5099 3346/4214/5098
f 3327/4194/5079 3328/4195/5080 3348/4216/5100 3347/4215/5099
f 3328/4195/5080 3329/4196/5081 3349/4217/5101 3348/4216/5100
f 3329/4196/5081 3330/4197/5082 3350/4218/5102 3349/4217/5101
f 3330/4197/5082 3331/4198/5083 3351/4219/5103 3350/4218/5102
f 3331/4198/5083 3332/4199/5084 3352/4220/5104 3351/4219/5103
f 3332/4199/5084 3333/4200/5085 3353/4221/5105 3352/4220/5104
f 3333/4200/5085 3334/4201/5086 3354/4222/5106 3353/4221/5105
f 3334/4201/5086 3335/4202/5087 3355/4223/5107 3354/4222/5106
f 3335/4202/5087 3336/4203/5088 3356/4224/5108 3355/4223/5107
f 3336/4203/5088 3317/4204/5070 3337/4225/5090 3356/4224/5108
f 3337/4205/5090 3338/4206/5089 3358/4227/5109 3357/4226/5110
f 3338/4206/5089 3339/4207/5091 3359/4228/5111 3358/4227/5109
f 3339/4207/5091 3340/4208/5092 3360/4229/5112 3359/4228/5111
f 3340/4208/5092 3341/4209/5093 3361/4230/5113 3360/4229/5112
f 3341/4209/5093 3342/4210/5094 3362/4231/5114 3361/4230/5113
f 3342/4210/5094 3343/4211/5095 3363/4232/5115 3362/4231/5114
f 3343/4211/5095 3344/4212/5096 3364/4233/5116 3363/4232/5115
f 3344/4212/5096 3345/4213/5097 3365/4234/5117 3364/4233/5116
f 3345/4213/5097 3346/4214/5098 3366/4235/5118 3365/4234/5117
f 3346/4214/5098 3347/4215/5099 3367/4236/5119 3366/4235/5118
f 3347/4215/5099 3348/4216/5100 3368/4237/5120 3367/4236/5119
f 3348/4216/5100 3349/4217/5101 3369/4238/5121 3368/4237/5120
f 3349/4217/5101 3350/4218/5102 3370/4239/5122 3369/4238/5121
f 3350/4218/5102 3351/4219/5103 3371/4240/5123 3370/4239/5122
f 3351/4219/5103 3352/4220/5104 3372/4241/5124 3371/4240/5123
f 3352/4220/5104 3353/4221/5105 3373/4242/5125 3372/4241/5124
f 3353/4221/5105 3354/4222/5106 3374/4243/5126 3373/4242/5125
f 3354/4222/5106 3355/4223/5107 3375/4244/5127 3374/4243/5126
f 3355/4223/5107 3356/4224/5108 3376/4245/5128 3375/4244/5127
f 3356/4224/5108 3337/4225/5090 3357/4246/5110 3376/4245/5128
f 3357/4226/5110 3358/4227/5109 3378/4248/5129 3377/4247/5130
f 3358/4227/5109 3359/4228/5111 3379/4249/5131 3378/4248/5129
f 3359/4228/5111 3360/4229/5112 3380/4250/5132 3379/4249/5131
f 3360/4229/5112 3361/4230/5113 3381/4251/5133 3380/4250/5132
f 3361/4230/5113 3362/4231/5114 3382/4252/5134 3381/4251/5133
f 3362/4231/5114 3363/4232/5115 3383/4253/5135 3382/4252/5134
f 3363/4232/5115 3364/4233/5116 3384/4254/5136 3383/4253/5135
f 3364/4233/5116 3365/4234/5117 3385/4255/5137 3384/4254/5136
f 3365/4234/5117 3366/4235/5118 3386/4256/5138 3385/4255/5137
f 3366/4235/5118 3367/4236/5119 3387/4257/5139 3386/4256/5138
f 3367/4236/5119 3368/4237/5120 3388/4258/5140 3387/4257/5139
f 3368/4237/5120 3369/4238/5121 3389/4259/5141 3388/4258/5140
f 3369/4238/5121 3370/4239/5122 3390/4260/5142 3389/4259/5141
f 3370/4239/5122 3371/4240/5123 3391/4261/5143 3390/4260/5142
f 3371/4240/5123 3372/4241/5124 3392/4262/5144 3391/4261/5143
f 3372/4241/5124 3373/4242/5125 3393/4263/5145 3392/4262/5144
f 3373/4242/5125 3374/4243/5126 3394/4264/5146 3393/4263/5145
f 3374/4243/5126 3375/4244/5127 3395/4265/5147 3394/4264/5146
f 3375/4244/5127 3376/4245/5128 3396/4266/5148 3395/4265/5147
f 3376/4245/5128 3357/4246/5110 3377/4267/5130 3396/4266/5148
f 3377/4247/5130 3378/4248/5129 3398/4269/5149 3397/4268/5150
f 3378/4248/5129 3379/4249/5131 3399/4270/5151 3398/4269/5149
f 3379/4249/5131 3380/4250/5132 3400/4271/5152 3399/4270/5151
f 3380/4250/5132 3381/4251/5133 3401/4272/5153 3400/4271/5152
f 3381/4251/5133 3382/4252/5134 3402/4273/5154 3401/4272/5153
f 3382/4252/5134 3383/4253/5135 3403/4274/5155 3402/4273/5154
f 3383/4253/5135 3384/4254/5136 3404/4275/5156 3403/4274/5155
f 3384/4254/5136 3385/4255/5137 3405/4276/5157 3404/4275/5156
f 3385/4255/5137 3386/4256/5138 3406/4277/5158 3405/4276/5157
f 3386/4256/5138 3387/4257/5139 3407/4278/5159 3406/4277/5158
f 3387/4257/5139 3388/4258/5140 3408/4279/5160 3407/4278/5159
f 3388/4258/5140 3389/4259/5141 3409/4280/5161 3408/4279/5160
f 3389/4259/5141 3390/4260/5142 3410/4281/5162 3409/4280/5161
f 3390/4260/5142 3391/4261/5143 3411/4282/5163 3410/4281/5162
f 3391/4261/5143 3392/4262/5144 3412/4283/5164 3411/4282/5163
f 3392/4262/5144 3393/4263/5145 3413/4284/5165 3412/4283/5164
f 3393/4263/5145 3394/4264/5146 3414/4285/5166 3413/4284/5165
f 3394/4264/5146 3395/4265/5147 3415/4286/5167 3414/4285/5166
f 3395/4265/5147 3396/4266/5148 3416/4287/5168 3415/4286/5167
f 3396/4266/5148 3377/4267/5130 3397/4288/5150 3416/4287/5168
f 3397/4268/5150 3398/4269/5149 3418/4290/5169 3417/4289/5170
f 3398/4269/5149 3399/4270/5151 3419/4291/5171 3418/4290/5169
f 3399/4270/5151 3400/4271/5152 3420/4292/5172 3419/4291/5171
f 3400/4271/5152 3401/4272/5153 3421/4293/5173 3420/4292/5172
f 3401/4272/5153 3402/4273/5154 3422/4294/5174 3421/4293/5173
f 3402/4273/5154 3403/4274/5155 3423/4295/5175 3422/4294/5174
f 3403/4274/5155 3404/4275/5156 3424/4296/5176 3423/4295/5175
f 3404/4275/5156 3405/4276/5157 3425/4297/5177 3424/4296/5176
f 3405/4276/5157 3406/4277/5158 3426/4298/5178 3425/4297/5177
f 3406/4277/5158 3407/4278/5159 3427/4299/5179 3426/4298/5178
f 3407/4278/5159 3408/4279/5160 3428/4300/5180 3427/4299/5179
f 3408/4279/5160 3409/4280/5161 3429/4301/5181 3428/4300/5180
f 3409/4280/5161 3410/4281/5162 3430/4302/5182 3429/4301/5181
f 3410/4281/5162 3411/4282/5163 3431/4303/5183 3430/4302/5182
f 3411/4282/5163 3412/4283/5164 3432/4304/5184 3431/4303/5183
f 3412/4283/5164 3413/4284/5165 3433/4305/5185 3432/4304/5184
f 3413/4284/5165 3414/4285/5166 3434/4306/5186 3433/4305/5185
f 3414/4285/5166 3415/4286/5167 3435/4307/5187 3434/4306/5186
f 3415/4286/5167 3416/4287/5168 3436/4308/5188 3435/4307/5187
f 3416/4287/5168 3397/4288/5150 3417/4309/5170 3436/4308/5188
f 3417/4289/5170 3418/4290/5169 3438/4311/5189 3437/4310/5190
f 3418/4290/5169 3419/4291/5171 3439/4312/5191 3438/4311/5189
f 3419/4291/5171 3420/4292/5172 3440/4313/5192 3439/4312/5191
f 3420/4292/5172 3421/4293/5173 3441/4314/5193 3440/4313/5192
f 3421/4293/5173 3422/4294/5174 3442/4315/5194 3441/4314/5193
f 3422/4294/5174 3423/4295/5175 3443/4316/5195 3442/4315/5194
f 3423/4295/5175 3424/4296/5176 3444/4317/5196 3443/4316/5195
f 3424/4296/5176 3425/4297/5177 3445/4318/5197 3444/4317/5196
f 3425/4297/5177 3426/4298/5178 3446/4319/5198 3445/4318/5197
f 3426/4298/5178 3427/4299/5179 3447/4320/5199 3446/4319/5198
f 3427/4299/5179 3428/4300/5180 3448/4321/5200 3447/4320/5199
f 3428/4300/5180 3429/4301/5181 3449/4322/5201 3448/4321/5200
f 3429/4301/5181 3430/4302/5182 3450/4323/5202 3449/4322/5201
f 3430/4302/5182 3431/4303/5183 3451/4324/5203 3450/4323/5202
f 3431/4303/5183 3432/4304/5184 3452/4325/5204 3451/4324/5203
f 3432/4304/5184 3433/4305/5185 3453/4326/5205 3452/4325/5204
f 3433/4305/5185 3434/4306/5186 3454/4327/5206 3453/4326/5205
f 3434/4306/5186 3435/4307/5187 3455/4328/5207 3454/4327/5206
f 3435/4307/5187 3436/4308/5188 3456/4329/5208 3455/4328/5207
f 3436/4308/5188 3417/4309/5170 3437/4330/5190 3456/4329/5208
f 3437/4310/5190 3438/4311/5189 3458/4332/5209 3457/4331/5210
f 3438/4311/5189 3439/4312/5191 3459/4333/5211 3458/4332/5209
f 3439/4312/5191 3440/4313/5192 3460/4334/5212 3459/4333/5211
f 3440/4313/5192 3441/4314/5193 3461/4335/5213 3460/4334/5212
f 3441/4314/5193 3442/4315/5194 3462/4336/5214 3461/4335/5213
f 3442/4315/5194 3443/4316/5195 3463/4337/5215 3462/4336/5214
f 3443/4316/5195 3444/4317/5196 3464/4338/5216 3463/4337/5215
f 3444/4317/5196 3445/4318/5197 3465/4339/5217 3464/4338/5216
f 3445/4318/5197 3446/4319/5198 3466/4340/5218 3465/4339/5217
f 3446/4319/5198 3447/4320/5199 3467/4341/5219 3466/4340/5218
f 3447/4320/5199 3448/4321/5200 3468/4342/5220 3467/4341/5219
f 3448/4321/5200 3449/4322/5201 3469/4343/5221 3468/4342/5220
f 3449/4322/5201 3450/4323/5202 3470/4344/5222 3469/4343/5221
f 3450/4323/5202 3451/4324/5203 3471/4345/5223 3470/4344/5222
f 3451/4324/5203 3452/4325/5204 3472/4346/5224 3471/4345/5223
f 3452/4325/5204 3453/4326/5205 3473/4347/5225 3472/4346/5224
f 3453/4326/5205 3454/4327/5206 3474/4348/5226 3473/4347/5225
f 3454/4327/5206 3455/4328/5207 3475/4349/5227 3474/4348/5226
f 3455/4328/5207 3456/4329/5208 3476/4350/5228 3475/4349/5227
f 3456/4329/5208 3437/4330/5190 3457/4351/5210 3476/4350/5228
f 3457/4331/5210 3458/4332/5209 3478/4353/5229 3477/4352/5230
f 3458/4332/5209 3459/4333/5211 3479/4354/5231 3478/4353/5229
f 3459/4333/5211 3460/4334/5212 3480/4355/5232 3479/4354/5231
f 3460/4334/5212 3461/4335/5213 3481/4356/5233 3480/4355/5232
f 3461/4335/5213 3462/4336/5214 3482/4357/5234 3481/4356/5233
f 3462/4336/5214 3463/4337/5215 3483/4358/5235 3482/4357/5234
f 3463/4337/5215 3464/4338/5216 3484/4359/5236 3483/4358/5235
f 3464/4338/5216 3465/4339/5217 3485/4360/5237 3484/4359/5236
f 3465/4339/5217 3466/4340/5218 3486/4361/5238 3485/4360/5237
f 3466/4340/5218 3467/4341/5219 3487/4362/5239 3486/4361/5238
f 3467/4341/5219 3468/4342/5220 3488/4363/5240 3487/4362/5239
f 3468/4342/5220 3469/4343/5221 3489/4364/5241 3488/4363/5240
f 3469/4343/5221 3470/4344/5222 3490/4365/5242 3489/4364/5241
f 3470/4344/5222 3471/4345/5223 3491/4366/5243 3490/4365/5242
f 3471/4345/5223 3472/4346/5224 3492/4367/5244 3491/4366/5243
f 3472/4346/5224 3473/4347/5225 3493/4368/5245 3492/4367/5244
f 3473/4347/5225 3474/4348/5226 3494/4369/5246 3493/4368/5245
f 3474/4348/5226 3475/4349/5227 3495/4370/5247 3494/4369/5246
f 3475/4349/5227 3476/4350/5228 3496/4371/5248 3495/4370/5247
f 3476/4350/5228 3457/4351/5210 3477/4372/5230 3496/4371/5248
f 3118/3975/4870 3117/3974/4869 3497/4373/5249
f 3119/3976/4873 3118/3975/4870 3497/4374/5249
f 3120/3977/4875 3119/3976/4873 3497/4375/5249
f 3121/3978/4877 3120/3977/4875 3497/4376/5249
f 3122/3979/4879 3121/3978/4877 3497/4377/5249
f 3123/3980/4881 3122/3979/4879 3497/4378/5249
f 3124/3981/4883 3123/3980/4881 3497/4379/5249
f 3125/3982/4885 3124/3981/4883 3497/4380/5249
f 3126/3983/4887 3125/3982/4885 3497/4381/5249
f 3127/3984/4889 3126/3983/4887 3497/4382/5249
f 3128/3985/4891 3127/3984/4889 3497/4383/5249
f 3129/3986/4893 3128/3985/4891 3497/4384/5249
f 3130/3987/4895 3129/3986/4893 3497/4385/5249
f 3131/3988/4897 3130/3987/4895 3497/4386/5249
f 3132/3989/4899 3131/3988/4897 3497/4387/5249
f 3133/3990/4901 3132/3989/4899 3497/4388/5249
f 3134/3991/4903 3133/3990/4901 3497/4389/5249
f 3135/3992/4905 3134/3991/4903 3497/4390/5249
f 3136/3993/4907 3135/3992/4905 3497/4391/5249
f 3117/3994/4869 3136/3993/4907 3497/4392/5249
f 3477/4352/5230 3478/4353/5229 3498/4393/5250
f 3478/4353/5229 3479/4354/5231 3498/4394/5250
f 3479/4354/5231 3480/4355/5232 3498/4395/5250
f 3480/4355/5232 3481/4356/5233 3498/4396/5250
f 3481/4356/5233 3482/4357/5234 3498/4397/5250
f 3482/4357/5234 3483/4358/5235 3498/4398/5250
f 3483/4358/5235 3484/4359/5236 3498/4399/5250
f 3484/4359/5236 3485/4360/5237 3498/4400/5250
f 3485/4360/5237 3486/4361/5238 3498/4401/5250
f 3486/4361/5238 3487/4362/5239 3498/4402/5250
f 3487/4362/5239 3488/4363/5240 3498/4403/5250
f 3488/4363/5240 3489/4364/5241 3498/4404/5250
f 3489/4364/5241 3490/4365/5242 3498/4405/5250
f 3490/4365/5242 3491/4366/5243 3498/4406/5250
f 3491/4366/5243 3492/4367/5244 3498/4407/5250
f 3492/4367/5244 3493/4368/5245 3498/4408/5250
f 3493/4368/5245 3494/4369/5246 3498/4409/5250
f 3494/4369/5246 3495/4370/5247 3498/4410/5250
f 3495/4370/5247 3496/4371/5248 3498/4411/5250
f 3496/4371/5248 3477/4372/5230 3498/4412/5250
g default
v 3.486087 1.723195 5.083149
v 3.480711 1.728440 5.090947
v 3.478394 1.734299 5.098971
v 3.479361 1.740198 5.106438
v 3.483519 1.745560 5.112614
v 3.490460 1.749860 5.116897
v 3.499505 1.752677 5.118865
v 3.509768 1.753736 5.118329
v 3.520246 1.752932 5.115338
v 3.529911 1.750345 5.110187
v 3.537819 1.746227 5.103378
v 3.543194 1.740982 5.095581
v 3.545512 1.735123 5.087556
v 3.544544 1.729224 5.080090
v 3.540387 1.723862 5.073914
v 3.533445 1.719562 5.069631
v 3.524401 1.716745 5.067662
v 3.514137 1.715686 5.068199
v 3.503660 1.716490 5.071189
v 3.493995 1.719078 5.076341
v 3.458798 1.715801 5.067869
v 3.448179 1.726162 5.083272
v 3.443601 1.737735 5.099125
v 3.445512 1.749388 5.113873
v 3.453725 1.759980 5.126074
v 3.467436 1.768475 5.134533
v 3.485304 1.774040 5.138422
v 3.505578 1.776130 5.137362
v 3.526274 1.774543 5.131454
v 3.545367 1.769432 5.121278
v 3.560988 1.761297 5.107830
v 3.571607 1.750937 5.092426
v 3.576185 1.739363 5.076574
v 3.574274 1.727710 5.061826
v 3.566060 1.717119 5.049625
v 3.552349 1.708624 5.041166
v 3.534482 1.703059 5.037276
v 3.514208 1.700969 5.038337
v 3.493511 1.702556 5.044245
v 3.474419 1.707667 5.054420
v 3.431450 1.711421 5.049619
v 3.415850 1.726642 5.072250
v 3.409124 1.743645 5.095539
v 3.411932 1.760765 5.117206
v 3.423998 1.776327 5.135131
v 3.444141 1.788806 5.147559
v 3.470391 1.796982 5.153273
v 3.500176 1.800053 5.151714
v 3.530582 1.797721 5.143035
v 3.558633 1.790212 5.128085
v 3.581582 1.778262 5.108328
v 3.597182 1.763040 5.085698
v 3.603908 1.746037 5.062409
v 3.601101 1.728917 5.040741
v 3.589034 1.713356 5.022817
v 3.568891 1.700877 5.010389
v 3.542641 1.692701 5.004675
v 3.512856 1.689630 5.006233
v 3.482450 1.691962 5.014912
v 3.454399 1.699471 5.029862
v 3.404718 1.710163 5.028850
v 3.384519 1.729870 5.058150
v 3.375811 1.751884 5.088302
v 3.379446 1.774049 5.116355
v 3.395069 1.794196 5.139562
v 3.421149 1.810353 5.155653
v 3.455134 1.820938 5.163051
v 3.493697 1.824915 5.161033
v 3.533064 1.821895 5.149796
v 3.569382 1.812174 5.130441
v 3.599093 1.796702 5.104861
v 3.619292 1.776994 5.075561
v 3.628000 1.754981 5.045408
v 3.624365 1.732815 5.017356
v 3.608743 1.712668 4.994148
v 3.582662 1.696511 4.978058
v 3.548677 1.685926 4.970660
v 3.510113 1.681949 4.972678
v 3.470747 1.684969 4.983915
v 3.434430 1.694691 5.003270
v 3.379258 1.712057 5.006072
v 3.354959 1.735765 5.041320
v 3.344483 1.762247 5.077593
v 3.348856 1.788912 5.111341
v 3.367650 1.813149 5.139259
v 3.399024 1.832586 5.158616
v 3.439909 1.845320 5.167516
v 3.486300 1.850105 5.165089
v 3.533659 1.846472 5.151570
v 3.577349 1.834776 5.128286
v 3.613092 1.816164 5.097513
v 3.637391 1.792455 5.062265
v 3.647867 1.765973 5.025992
v 3.643494 1.739308 4.992245
v 3.624700 1.715071 4.964326
v 3.593326 1.695634 4.944969
v 3.552441 1.682900 4.936069
v 3.506049 1.678116 4.938497
v 3.458690 1.681749 4.952015
v 3.415001 1.693444 4.975299
v 3.355697 1.717057 4.981846
v 3.327897 1.744182 5.022174
v 3.315911 1.774481 5.063675
v 3.320914 1.804989 5.102287
v 3.342417 1.832720 5.134229
v 3.378313 1.854958 5.156376
v 3.425090 1.869527 5.166559
v 3.478168 1.875001 5.163781
v 3.532352 1.870844 5.148314
v 3.582338 1.857463 5.121674
v 3.623233 1.836168 5.086466
v 3.651034 1.809043 5.046138
v 3.663019 1.778744 5.004637
v 3.658016 1.748236 4.966026
v 3.636514 1.720505 4.934083
v 3.600617 1.698267 4.911937
v 3.553841 1.683698 4.901754
v 3.500762 1.678224 4.904532
v 3.446578 1.682381 4.919998
v 3.396592 1.695762 4.946639
v 3.334617 1.725040 4.956769
v 3.303999 1.754914 5.001184
v 3.290799 1.788284 5.046891
v 3.296309 1.821884 5.089416
v 3.319990 1.852425 5.124596
v 3.359525 1.876917 5.148987
v 3.411042 1.892962 5.160202
v 3.469500 1.898991 5.157142
v 3.529175 1.894413 5.140109
v 3.584226 1.879676 5.110768
v 3.629266 1.856223 5.071992
v 3.659884 1.826349 5.027577
v 3.673084 1.792979 4.981870
v 3.667574 1.759379 4.939346
v 3.643893 1.728838 4.904166
v 3.604358 1.704346 4.879776
v 3.552841 1.688301 4.868561
v 3.494384 1.682272 4.871620
v 3.434708 1.686850 4.888653
v 3.379657 1.701587 4.917994
v 3.316536 1.735810 4.931459
v 3.283854 1.767697 4.978868
v 3.269764 1.803316 5.027655
v 3.275646 1.839180 5.073045
v 3.300923 1.871779 5.110596
v 3.343122 1.897922 5.136631
v 3.398111 1.915049 5.148601
v 3.460508 1.921484 5.145336
v 3.524205 1.916597 5.127154
v 3.582968 1.900867 5.095836
v 3.631043 1.875833 5.054447
v 3.663724 1.843946 5.007039
v 3.677814 1.808327 4.958251
v 3.671933 1.772463 4.912861
v 3.646655 1.739864 4.875310
v 3.604456 1.713722 4.849276
v 3.549467 1.696594 4.837306
v 3.487070 1.690159 4.840570
v 3.423373 1.695046 4.858752
v 3.364611 1.710776 4.890070
v 3.301899 1.749101 4.906538
v 3.267958 1.782216 4.955772
v 3.253326 1.819207 5.006439
v 3.259434 1.856453 5.053578
v 3.285685 1.890307 5.092575
v 3.329509 1.917457 5.119612
v 3.386616 1.935243 5.132044
v 3.451416 1.941927 5.128653
v 3.517567 1.936852 5.109771
v 3.578593 1.920515 5.077247
v 3.628520 1.894517 5.034264
v 3.662460 1.861402 4.985029
v 3.677093 1.824411 4.934362
v 3.670984 1.787165 4.887224
v 3.644733 1.753311 4.848227
v 3.600909 1.726161 4.821189
v 3.543802 1.708375 4.808758
v 3.479002 1.701692 4.812149
v 3.412851 1.706766 4.831031
v 3.351825 1.723103 4.863555
v 3.291066 1.764585 4.882620
v 3.256702 1.798114 4.932468
v 3.241888 1.835566 4.983767
v 3.248072 1.873276 5.031493
v 3.274650 1.907552 5.070976
v 3.319021 1.935040 5.098351
v 3.376840 1.953049 5.110937
v 3.442448 1.959815 5.107504
v 3.509423 1.954677 5.088387
v 3.571210 1.938137 5.055457
v 3.621759 1.911815 5.011938
v 3.656122 1.878287 4.962090
v 3.670937 1.840834 4.910792
v 3.664752 1.803125 4.863065
v 3.638175 1.768848 4.823583
v 3.593804 1.741360 4.796208
v 3.535985 1.723352 4.783621
v 3.470377 1.716585 4.787055
v 3.403401 1.721724 4.806172
v 3.341615 1.738263 4.839101
v 3.284305 1.781883 4.860295
v 3.250365 1.814998 4.909530
v 3.235732 1.851989 4.960196
v 3.241841 1.889235 5.007335
v 3.268091 1.923090 5.046331
v 3.311915 1.950239 5.073369
v 3.369023 1.968026 5.085801
v 3.433823 1.974709 5.082409
v 3.499974 1.969634 5.063528
v 3.560999 1.953298 5.031003
v 3.610926 1.927299 4.988020
v 3.644867 1.894184 4.938786
v 3.659499 1.857193 4.888120
v 3.653391 1.819947 4.840981
v 3.627140 1.786093 4.801984
v 3.583316 1.758944 4.774946
v 3.526208 1.741157 4.762515
v 3.461408 1.734474 4.765905
v 3.395257 1.739549 4.784787
v 3.334232 1.755885 4.817312
v 3.281782 1.800567 4.840111
v 3.249100 1.832454 4.887520
v 3.235011 1.868073 4.936307
v 3.240892 1.903937 4.981697
v 3.266170 1.936536 5.019248
v 3.308368 1.962679 5.045282
v 3.363358 1.979806 5.057253
v 3.425755 1.986241 5.053988
v 3.489452 1.981354 5.035806
v 3.548214 1.965624 5.004488
v 3.596289 1.940590 4.963099
v 3.628971 1.908703 4.915691
v 3.643061 1.873084 4.866903
v 3.637179 1.837220 4.821513
v 3.611902 1.804621 4.783963
v 3.569703 1.778478 4.757928
v 3.514714 1.761351 4.745957
v 3.452316 1.754916 4.749223
v 3.388619 1.759803 4.767404
v 3.329857 1.775533 4.798722
v 3.283559 1.820178 4.822566
v 3.252941 1.850051 4.866981
v 3.239741 1.883422 4.912688
v 3.245251 1.917022 4.955213
v 3.268932 1.947562 4.990392
v 3.308466 1.972054 5.014783
v 3.359984 1.988100 5.025998
v 3.418441 1.994128 5.022939
v 3.478117 1.989550 5.005905
v 3.533169 1.974813 4.976564
v 3.578207 1.951360 4.937789
v 3.608826 1.921486 4.893374
v 3.622026 1.888116 4.847667
v 3.616516 1.854516 4.805142
v 3.592834 1.823976 4.769963
v 3.553300 1.799484 4.745572
v 3.501783 1.783438 4.734357
v 3.443326 1.777409 4.737416
v 3.383650 1.781987 4.754450
v 3.328598 1.796725 4.783791
v 3.289592 1.840232 4.808092
v 3.261791 1.867357 4.848420
v 3.249806 1.897656 4.889921
v 3.254809 1.928164 4.928533
v 3.276311 1.955895 4.960475
v 3.312208 1.978133 4.982621
v 3.358984 1.992702 4.992804
v 3.412063 1.998176 4.990026
v 3.466247 1.994019 4.974560
v 3.516232 1.980638 4.947919
v 3.557127 1.959343 4.912712
v 3.584929 1.932218 4.872384
v 3.596914 1.901919 4.830883
v 3.591911 1.871411 4.792272
v 3.570408 1.843681 4.760329
v 3.534512 1.821443 4.738183
v 3.487735 1.806873 4.728000
v 3.434657 1.801399 4.730777
v 3.380473 1.805556 4.746243
v 3.330487 1.818937 4.772884
v 3.299733 1.860237 4.797045
v 3.275434 1.883945 4.832294
v 3.264958 1.910427 4.868567
v 3.269331 1.937092 4.902314
v 3.288125 1.961329 4.930233
v 3.319499 1.980766 4.949589
v 3.360384 1.993500 4.958489
v 3.406776 1.998285 4.956062
v 3.454134 1.994652 4.942544
v 3.497824 1.982956 4.919259
v 3.533567 1.964344 4.888486
v 3.557866 1.940635 4.853238
v 3.568342 1.914153 4.816965
v 3.563969 1.887488 4.783218
v 3.545175 1.863251 4.755299
v 3.513801 1.843814 4.735942
v 3.472916 1.831080 4.727042
v 3.426524 1.826296 4.729470
v 3.379166 1.829929 4.742988
v 3.335476 1.841624 4.766273
v 3.313731 1.879699 4.789698
v 3.293533 1.899406 4.818997
v 3.284825 1.921420 4.849150
v 3.288460 1.943585 4.877203
v 3.304082 1.963732 4.900410
v 3.330163 1.979889 4.916501
v 3.364148 1.990474 4.923899
v 3.402711 1.994452 4.921881
v 3.442078 1.991431 4.910644
v 3.478395 1.981709 4.891288
v 3.508107 1.966238 4.865709
v 3.528306 1.946530 4.836408
v 3.537014 1.924517 4.806256
v 3.533379 1.902351 4.778203
v 3.517756 1.882204 4.754996
v 3.491676 1.866047 4.738905
v 3.457691 1.855462 4.731507
v 3.419127 1.851485 4.733525
v 3.379760 1.854505 4.744762
v 3.343443 1.864227 4.764118
v 3.331243 1.898139 4.786230
v 3.315642 1.913360 4.808861
v 3.308917 1.930363 4.832150
v 3.311724 1.947483 4.853817
v 3.323791 1.963044 4.871741
v 3.343934 1.975523 4.884170
v 3.370184 1.983699 4.889884
v 3.399969 1.986771 4.888325
v 3.430375 1.984438 4.879646
v 3.458426 1.976929 4.864696
v 3.481374 1.964979 4.844939
v 3.496975 1.949758 4.822309
v 3.503701 1.932755 4.799020
v 3.500893 1.915635 4.777352
v 3.488827 1.900074 4.759428
v 3.468683 1.887595 4.747000
v 3.442434 1.879419 4.741285
v 3.412648 1.876347 4.742844
v 3.382242 1.878680 4.751523
v 3.354192 1.886189 4.766473
v 3.351837 1.915103 4.786728
v 3.341218 1.925464 4.802132
v 3.336640 1.937037 4.817984
v 3.338552 1.948690 4.832732
v 3.346765 1.959282 4.844934
v 3.360476 1.967776 4.853393
v 3.378343 1.973341 4.857282
v 3.398617 1.975432 4.856221
v 3.419313 1.973844 4.850314
v 3.438406 1.968733 4.840137
v 3.454027 1.960599 4.826689
v 3.464646 1.950238 4.811286
v 3.469224 1.938665 4.795434
v 3.467313 1.927012 4.780685
v 3.459100 1.916420 4.768485
v 3.445388 1.907926 4.760026
v 3.427521 1.902361 4.756136
v 3.407247 1.900270 4.757197
v 3.386551 1.901858 4.763104
v 3.367458 1.906969 4.773280
v 3.375006 1.930173 4.791180
v 3.369631 1.935418 4.798978
v 3.367313 1.941277 4.807003
v 3.368281 1.947176 4.814469
v 3.372438 1.952538 4.820645
v 3.379379 1.956838 4.824927
v 3.388424 1.959656 4.826896
v 3.398688 1.960714 4.826359
v 3.409165 1.959910 4.823369
v 3.418830 1.957323 4.818217
v 3.426738 1.953205 4.811409
v 3.432114 1.947960 4.803611
v 3.434431 1.942101 4.795587
v 3.433464 1.936202 4.788121
v 3.429306 1.930840 4.781944
v 3.422365 1.926540 4.777662
v 3.413320 1.923723 4.775693
v 3.403057 1.922664 4.776230
v 3.392579 1.923468 4.779221
v 3.382914 1.926056 4.784372
v 3.512645 1.733421 5.095083
v 3.400180 1.942979 4.799475
vt 0.873456 0.016920
vt 0.875637 0.016920
vt 0.877818 0.016920
vt 0.879998 0.016920
vt 0.882179 0.016920
vt 0.884360 0.016920
vt 0.886541 0.016920
vt 0.888721 0.016920
vt 0.890902 0.016920
vt 0.893083 0.016920
vt 0.895264 0.016920
vt 0.897445 0.016920
vt 0.899625 0.016920
vt 0.901806 0.016920
vt 0.903987 0.016920
vt 0.906168 0.016920
vt 0.908348 0.016920
vt 0.910529 0.016920
vt 0.912710 0.016920
vt 0.914891 0.016920
vt 0.917072 0.016920
vt 0.873456 0.019100
vt 0.875637 0.019100
vt 0.877818 0.019100
vt 0.879998 0.019100
vt 0.882179 0.019100
vt 0.884360 0.019100
vt 0.886541 0.019100
vt 0.888721 0.019100
vt 0.890902 0.019100
vt 0.893083 0.019100
vt 0.895264 0.019100
vt 0.897445 0.019100
vt 0.899625 0.019100
vt 0.901806 0.019100
vt 0.903987 0.019100
vt 0.906168 0.019100
vt 0.908348 0.019100
vt 0.910529 0.019100
vt 0.912710 0.019100
vt 0.914891 0.019100
vt 0.917072 0.019100
vt 0.873456 0.021281
vt 0.875637 0.021281
vt 0.877818 0.021281
vt 0.879998 0.021281
vt 0.882179 0.021281
vt 0.884360 0.021281
vt 0.886541 0.021281
vt 0.888721 0.021281
vt 0.890902 0.021281
vt 0.893083 0.021281
vt 0.895264 0.021281
vt 0.897445 0.021281
vt 0.899625 0.021281
vt 0.901806 0.021281
vt 0.903987 0.021281
vt 0.906168 0.021281
vt 0.908348 0.021281
vt 0.910529 0.021281
vt 0.912710 0.021281
vt 0.914891 0.021281
vt 0.917072 0.021281
vt 0.873456 0.023462
vt 0.875637 0.023462
vt 0.877818 0.023462
vt 0.879998 0.023462
vt 0.882179 0.023462
vt 0.884360 0.023462
vt 0.886541 0.023462
vt 0.888721 0.023462
vt 0.890902 0.023462
vt 0.893083 0.023462
vt 0.895264 0.023462
vt 0.897445 0.023462
vt 0.899625 0.023462
vt 0.901806 0.023462
vt 0.903987 0.023462
vt 0.906168 0.023462
vt 0.908348 0.023462
vt 0.910529 0.023462
vt 0.912710 0.023462
vt 0.914891 0.023462
vt 0.917072 0.023462
vt 0.873456 0.025643
vt 0.875637 0.025643
vt 0.877818 0.025643
vt 0.879998 0.025643
vt 0.882179 0.025643
vt 0.884360 0.025643
vt 0.886541 0.025643
vt 0.888721 0.025643
vt 0.890902 0.025643
vt 0.893083 0.025643
vt 0.895264 0.025643
vt 0.897445 0.025643
vt 0.899625 0.025643
vt 0.901806 0.025643
vt 0.903987 0.025643
vt 0.906168 0.025643
vt 0.908348 0.025643
vt 0.910529 0.025643
vt 0.912710 0.025643
vt 0.914891 0.025643
vt 0.917072 0.025643
vt 0.873456 0.027823
vt 0.875637 0.027823
vt 0.877818 0.027823
vt 0.879998 0.027823
vt 0.882179 0.027823
vt 0.884360 0.027823
vt 0.886541 0.027823
vt 0.888721 0.027823
vt 0.890902 0.027823
vt 0.893083 0.027823
vt 0.895264 0.027823
vt 0.897445 0.027823
vt 0.899625 0.027823
vt 0.901806 0.027823
vt 0.903987 0.027823
vt 0.906168 0.027823
vt 0.908348 0.027823
vt 0.910529 0.027823
vt 0.912710 0.027823
vt 0.914891 0.027823
vt 0.917072 0.027823
vt 0.873456 0.030004
vt 0.875637 0.030004
vt 0.877818 0.030004
vt 0.879998 0.030004
vt 0.882179 0.030004
vt 0.884360 0.030004
vt 0.886541 0.030004
vt 0.888721 0.030004
vt 0.890902 0.030004
vt 0.893083 0.030004
vt 0.895264 0.030004
vt 0.897445 0.030004
vt 0.899625 0.030004
vt 0.901806 0.030004
vt 0.903987 0.030004
vt 0.906168 0.030004
vt 0.908348 0.030004
vt 0.910529 0.030004
vt 0.912710 0.030004
vt 0.914891 0.030004
vt 0.917072 0.030004
vt 0.873456 0.032185
vt 0.875637 0.032185
vt 0.877818 0.032185
vt 0.879998 0.032185
vt 0.882179 0.032185
vt 0.884360 0.032185
vt 0.886541 0.032185
vt 0.888721 0.032185
vt 0.890902 0.032185
vt 0.893083 0.032185
vt 0.895264 0.032185
vt 0.897445 0.032185
vt 0.899625 0.032185
vt 0.901806 0.032185
vt 0.903987 0.032185
vt 0.906168 0.032185
vt 0.908348 0.032185
vt 0.910529 0.032185
vt 0.912710 0.032185
vt 0.914891 0.032185
vt 0.917072 0.032185
vt 0.873456 0.034366
vt 0.875637 0.034366
vt 0.877818 0.034366
vt 0.879998 0.034366
vt 0.882179 0.034366
vt 0.884360 0.034366
vt 0.886541 0.034366
vt 0.888721 0.034366
vt 0.890902 0.034366
vt 0.893083 0.034366
vt 0.895264 0.034366
vt 0.897445 0.034366
vt 0.899625 0.034366
vt 0.901806 0.034366
vt 0.903987 0.034366
vt 0.906168 0.034366
vt 0.908348 0.034366
vt 0.910529 0.034366
vt 0.912710 0.034366
vt 0.914891 0.034366
vt 0.917072 0.034366
vt 0.873456 0.036547
vt 0.875637 0.036547
vt 0.877818 0.036547
vt 0.879998 0.036547
vt 0.882179 0.036547
vt 0.884360 0.036547
vt 0.886541 0.036547
vt 0.888721 0.036547
vt 0.890902 0.036547
vt 0.893083 0.036547
vt 0.895264 0.036547
vt 0.897445 0.036547
vt 0.899625 0.036547
vt 0.901806 0.036547
vt 0.903987 0.036547
vt 0.906168 0.036547
vt 0.908348 0.036547
vt 0.910529 0.036547
vt 0.912710 0.036547
vt 0.914891 0.036547
vt 0.917072 0.036547
vt 0.873456 0.038727
vt 0.875637 0.038727
vt 0.877818 0.038727
vt 0.879998 0.038727
vt 0.882179 0.038727
vt 0.884360 0.038727
vt 0.886541 0.038727
vt 0.888721 0.038727
vt 0.890902 0.038727
vt 0.893083 0.038727
vt 0.895264 0.038727
vt 0.897445 0.038727
vt 0.899625 0.038727
vt 0.901806 0.038727
vt 0.903987 0.038727
vt 0.906168 0.038727
vt 0.908348 0.038727
vt 0.910529 0.038727
vt 0.912710 0.038727
vt 0.914891 0.038727
vt 0.917072 0.038727
vt 0.873456 0.040908
vt 0.875637 0.040908
vt 0.877818 0.040908
vt 0.879998 0.040908
vt 0.882179 0.040908
vt 0.884360 0.040908
vt 0.886541 0.040908
vt 0.888721 0.040908
vt 0.890902 0.040908
vt 0.893083 0.040908
vt 0.895264 0.040908
vt 0.897445 0.040908
vt 0.899625 0.040908
vt 0.901806 0.040908
vt 0.903987 0.040908
vt 0.906168 0.040908
vt 0.908348 0.040908
vt 0.910529 0.040908
vt 0.912710 0.040908
vt 0.914891 0.040908
vt 0.917072 0.040908
vt 0.873456 0.043089
vt 0.875637 0.043089
vt 0.877818 0.043089
vt 0.879998 0.043089
vt 0.882179 0.043089
vt 0.884360 0.043089
vt 0.886541 0.043089
vt 0.888721 0.043089
vt 0.890902 0.043089
vt 0.893083 0.043089
vt 0.895264 0.043089
vt 0.897445 0.043089
vt 0.899625 0.043089
vt 0.901806 0.043089
vt 0.903987 0.043089
vt 0.906168 0.043089
vt 0.908348 0.043089
vt 0.910529 0.043089
vt 0.912710 0.043089
vt 0.914891 0.043089
vt 0.917072 0.043089
vt 0.873456 0.045270
vt 0.875637 0.045270
vt 0.877818 0.045270
vt 0.879998 0.045270
vt 0.882179 0.045270
vt 0.884360 0.045270
vt 0.886541 0.045270
vt 0.888721 0.045270
vt 0.890902 0.045270
vt 0.893083 0.045270
vt 0.895264 0.045270
vt 0.897445 0.045270
vt 0.899625 0.045270
vt 0.901806 0.045270
vt 0.903987 0.045270
vt 0.906168 0.045270
vt 0.908348 0.045270
vt 0.910529 0.045270
vt 0.912710 0.045270
vt 0.914891 0.045270
vt 0.917072 0.045270
vt 0.873456 0.047450
vt 0.875637 0.047450
vt 0.877818 0.047450
vt 0.879998 0.047450
vt 0.882179 0.047450
vt 0.884360 0.047450
vt 0.886541 0.047450
vt 0.888721 0.047450
vt 0.890902 0.047450
vt 0.893083 0.047450
vt 0.895264 0.047450
vt 0.897445 0.047450
vt 0.899625 0.047450
vt 0.901806 0.047450
vt 0.903987 0.047450
vt 0.906168 0.047450
vt 0.908348 0.047450
vt 0.910529 0.047450
vt 0.912710 0.047450
vt 0.914891 0.047450
vt 0.917072 0.047450
vt 0.873456 0.049631
vt 0.875637 0.049631
vt 0.877818 0.049631
vt 0.879998 0.049631
vt 0.882179 0.049631
vt 0.884360 0.049631
vt 0.886541 0.049631
vt 0.888721 0.049631
vt 0.890902 0.049631
vt 0.893083 0.049631
vt 0.895264 0.049631
vt 0.897445 0.049631
vt 0.899625 0.049631
vt 0.901806 0.049631
vt 0.903987 0.049631
vt 0.906168 0.049631
vt 0.908348 0.049631
vt 0.910529 0.049631
vt 0.912710 0.049631
vt 0.914891 0.049631
vt 0.917072 0.049631
vt 0.873456 0.051812
vt 0.875637 0.051812
vt 0.877818 0.051812
vt 0.879998 0.051812
vt 0.882179 0.051812
vt 0.884360 0.051812
vt 0.886541 0.051812
vt 0.888721 0.051812
vt 0.890902 0.051812
vt 0.893083 0.051812
vt 0.895264 0.051812
vt 0.897445 0.051812
vt 0.899625 0.051812
vt 0.901806 0.051812
vt 0.903987 0.051812
vt 0.906168 0.051812
vt 0.908348 0.051812
vt 0.910529 0.051812
vt 0.912710 0.051812
vt 0.914891 0.051812
vt 0.917072 0.051812
vt 0.873456 0.053993
vt 0.875637 0.053993
vt 0.877818 0.053993
vt 0.879998 0.053993
vt 0.882179 0.053993
vt 0.884360 0.053993
vt 0.886541 0.053993
vt 0.888721 0.053993
vt 0.890902 0.053993
vt 0.893083 0.053993
vt 0.895264 0.053993
vt 0.897445 0.053993
vt 0.899625 0.053993
vt 0.901806 0.053993
vt 0.903987 0.053993
vt 0.906168 0.053993
vt 0.908348 0.053993
vt 0.910529 0.053993
vt 0.912710 0.053993
vt 0.914891 0.053993
vt 0.917072 0.053993
vt 0.873456 0.056174
vt 0.875637 0.056174
vt 0.877818 0.056174
vt 0.879998 0.056174
vt 0.882179 0.056174
vt 0.884360 0.056174
vt 0.886541 0.056174
vt 0.888721 0.056174
vt 0.890902 0.056174
vt 0.893083 0.056174
vt 0.895264 0.056174
vt 0.897445 0.056174
vt 0.899625 0.056174
vt 0.901806 0.056174
vt 0.903987 0.056174
vt 0.906168 0.056174
vt 0.908348 0.056174
vt 0.910529 0.056174
vt 0.912710 0.056174
vt 0.914891 0.056174
vt 0.917072 0.056174
vt 0.874546 0.014739
vt 0.876727 0.014739
vt 0.878908 0.014739
vt 0.881089 0.014739
vt 0.883269 0.014739
vt 0.885450 0.014739
vt 0.887631 0.014739
vt 0.889812 0.014739
vt 0.891993 0.014739
vt 0.894173 0.014739
vt 0.896354 0.014739
vt 0.898535 0.014739
vt 0.900716 0.014739
vt 0.902897 0.014739
vt 0.905077 0.014739
vt 0.907258 0.014739
vt 0.909439 0.014739
vt 0.911620 0.014739
vt 0.913800 0.014739
vt 0.915981 0.014739
vt 0.874546 0.058354
vt 0.876727 0.058354
vt 0.878908 0.058354
vt 0.881089 0.058354
vt 0.883269 0.058354
vt 0.885450 0.058354
vt 0.887631 0.058354
vt 0.889812 0.058354
vt 0.891993 0.058354
vt 0.894173 0.058354
vt 0.896354 0.058354
vt 0.898535 0.058354
vt 0.900716 0.058354
vt 0.902897 0.058354
vt 0.905077 0.058354
vt 0.907258 0.058354
vt 0.909439 0.058354
vt 0.911620 0.058354
vt 0.913800 0.058354
vt 0.915981 0.058354
vn -0.026908 -0.853207 0.520878
vn -0.045361 -0.828948 0.557483
vn -0.146631 -0.842377 0.518555
vn -0.115146 -0.880938 0.459009
vn -0.050045 -0.798572 0.599815
vn -0.156666 -0.793657 0.587847
vn -0.038884 -0.763751 0.644339
vn -0.141439 -0.736440 0.661552
vn -0.011153 -0.727526 0.685990
vn -0.098652 -0.674592 0.731569
vn 0.031117 -0.694190 0.719118
vn -0.030121 -0.614825 0.788088
vn 0.082930 -0.668211 0.739336
vn 0.056927 -0.565462 0.822807
vn 0.137887 -0.652930 0.744761
vn 0.151801 -0.534057 0.831709
vn 0.189882 -0.650024 0.735809
vn 0.243266 -0.525556 0.815238
vn 0.234086 -0.659608 0.714227
vn 0.321575 -0.541553 0.776730
vn 0.266806 -0.680739 0.682208
vn 0.379009 -0.580542 0.720641
vn 0.284822 -0.711604 0.642259
vn 0.409289 -0.638153 0.652107
vn 0.285539 -0.749037 0.597839
vn 0.408223 -0.706904 0.577616
vn 0.268111 -0.788464 0.553571
vn 0.375556 -0.777096 0.505053
vn 0.234413 -0.824754 0.514617
vn 0.316106 -0.839082 0.442740
vn 0.189195 -0.853511 0.485515
vn 0.239132 -0.885956 0.397364
vn 0.138630 -0.872349 0.468817
vn 0.155179 -0.915110 0.372146
vn 0.088243 -0.880923 0.464960
vn 0.072801 -0.927275 0.367233
vn 0.042099 -0.879960 0.473178
vn -0.002205 -0.924458 0.381277
vn 0.002981 -0.870445 0.492257
vn -0.065916 -0.908570 0.412500
vn -0.250307 -0.845672 0.471365
vn -0.204126 -0.898054 0.389656
vn -0.268495 -0.778322 0.567562
vn -0.252217 -0.696662 0.671601
vn -0.196118 -0.604674 0.771950
vn -0.100635 -0.511723 0.853236
vn 0.024734 -0.431545 0.901752
vn 0.163713 -0.377979 0.911224
vn 0.298754 -0.360660 0.883556
vn 0.414937 -0.383196 0.825220
vn 0.500427 -0.443542 0.743535
vn 0.545307 -0.534309 0.645875
vn 0.542698 -0.642396 0.541115
vn 0.492313 -0.750741 0.440473
vn 0.402953 -0.843190 0.355894
vn 0.290349 -0.909887 0.296316
vn 0.170747 -0.948978 0.265115
vn 0.055859 -0.963629 0.261342
vn -0.047475 -0.958104 0.282458
vn -0.135224 -0.935668 0.325944
vn -0.350362 -0.838058 0.418217
vn -0.288675 -0.903497 0.316797
vn -0.379133 -0.752108 0.539066
vn -0.365030 -0.644347 0.671990
vn -0.298075 -0.518249 0.801604
vn -0.176167 -0.386578 0.905275
vn -0.011971 -0.270642 0.962606
vn 0.170660 -0.192164 0.966410
vn 0.347444 -0.165079 0.923055
vn 0.499989 -0.193871 0.844053
vn 0.614239 -0.275864 0.739331
vn 0.676879 -0.401810 0.616753
vn 0.676265 -0.553813 0.485755
vn 0.609545 -0.706134 0.360319
vn 0.489233 -0.833514 0.256721
vn 0.339566 -0.921879 0.186641
vn 0.184244 -0.970886 0.153082
vn 0.038325 -0.987465 0.153117
vn -0.091108 -0.978987 0.182438
vn -0.200933 -0.950332 0.237685
vn -0.446355 -0.819549 0.359314
vn -0.368702 -0.897805 0.240842
vn -0.487605 -0.714369 0.501915
vn -0.478249 -0.578248 0.660989
vn -0.402126 -0.414023 0.816627
vn -0.253930 -0.239744 0.937039
vn -0.051652 -0.087312 0.994841
vn 0.170622 0.013381 0.985246
vn 0.382546 0.047388 0.922720
vn 0.565570 0.012516 0.824605
vn 0.706743 -0.087689 0.702015
vn 0.790679 -0.244919 0.561108
vn 0.798930 -0.440231 0.409765
vn 0.721537 -0.640104 0.263913
vn 0.572341 -0.807079 0.145085
vn 0.385804 -0.920032 0.068537
vn 0.195454 -0.980036 0.036435
vn 0.020251 -0.998871 0.042974
vn -0.133063 -0.987742 0.081608
vn -0.263060 -0.953339 0.148135
vn -0.538478 -0.789623 0.294170
vn -0.444761 -0.881005 0.161300
vn -0.593341 -0.663891 0.455186
vn -0.590127 -0.496679 0.636444
vn -0.505064 -0.291083 0.812515
vn -0.329955 -0.074002 0.941092
vn -0.091821 0.109044 0.989787
vn 0.162777 0.222897 0.961156
vn 0.399799 0.257600 0.879661
vn 0.604256 0.216827 0.766721
vn 0.767453 0.105086 0.632434
vn 0.874318 -0.073293 0.479788
vn 0.899481 -0.304006 0.313872
vn 0.821129 -0.550197 0.151759
vn 0.649030 -0.760471 0.021077
vn 0.427994 -0.901904 -0.058235
vn 0.204137 -0.975219 -0.085298
vn 0.001518 -0.997564 -0.069735
vn -0.173663 -0.984587 -0.020744
vn -0.322156 -0.944989 0.056659
vn -0.626651 -0.747034 0.221924
vn -0.517264 -0.852328 0.077300
vn -0.695151 -0.598916 0.397573
vn -0.697659 -0.397992 0.595714
vn -0.601836 -0.150169 0.784374
vn -0.398797 0.103852 0.911140
vn -0.129253 0.304594 0.943672
vn 0.147952 0.418799 0.895945
vn 0.398991 0.447451 0.800371
vn 0.614956 0.401445 0.678728
vn 0.792783 0.285846 0.538319
vn 0.920095 0.099672 0.378801
vn 0.967449 -0.151877 0.202424
vn 0.899491 -0.436117 0.026807
vn 0.714618 -0.690197 -0.113799
vn 0.464449 -0.864230 -0.193373
vn 0.209863 -0.954345 -0.212562
vn -0.018050 -0.982407 -0.185877
vn -0.213224 -0.968890 -0.125653
vn -0.378698 -0.924750 -0.037742
vn -0.710057 -0.689778 0.141512
vn -0.586145 -0.810114 -0.012187
vn -0.790636 -0.517305 0.327551
vn -0.795947 -0.281294 0.536043
vn -0.685476 0.005022 0.728078
vn -0.454461 0.283012 0.844612
vn -0.160875 0.484634 0.859796
vn 0.128210 0.587620 0.798915
vn 0.383343 0.606002 0.697000
vn 0.602077 0.556145 0.572893
vn 0.786320 0.442984 0.430658
vn 0.927537 0.261107 0.267393
vn 0.996529 0.005896 0.083035
vn 0.947819 -0.301063 -0.104880
vn 0.763011 -0.593701 -0.255603
vn 0.492626 -0.803112 -0.335159
vn 0.211912 -0.914304 -0.345169
vn -0.038623 -0.951219 -0.306090
vn -0.251885 -0.939011 -0.234120
vn -0.432845 -0.891127 -0.136150
vn -0.786670 -0.615182 0.051970
vn -0.650536 -0.751746 -0.108076
vn -0.875588 -0.417016 0.243810
vn -0.877968 -0.147515 0.455424
vn -0.748123 0.167177 0.642156
vn -0.492198 0.450955 0.744568
vn -0.184797 0.638146 0.747409
vn 0.105897 0.723320 0.682344
vn 0.357391 0.730668 0.581718
vn 0.572257 0.678783 0.460191
vn 0.755574 0.571969 0.319311
vn 0.902305 0.402401 0.154659
vn 0.986739 0.158376 -0.035536
vn 0.960059 -0.152226 -0.234762
vn 0.787593 -0.470988 -0.397325
vn 0.509109 -0.714756 -0.479511
vn 0.209272 -0.851048 -0.481583
vn -0.060276 -0.900667 -0.430308
vn -0.289451 -0.892169 -0.346773
vn -0.484215 -0.841549 -0.239440
vn -0.852723 -0.520237 -0.047081
vn -0.708305 -0.673715 -0.210740
vn -0.943661 -0.296987 0.145958
vn -0.935286 -0.000561 0.353893
vn -0.783165 0.326069 0.529463
vn -0.510038 0.596944 0.619288
vn -0.200663 0.760156 0.617978
vn 0.082875 0.826343 0.557036
vn 0.325161 0.824380 0.463323
vn 0.531539 0.772319 0.347835
vn 0.708309 0.673712 0.210738
vn 0.852727 0.520231 0.047081
vn 0.943662 0.296984 -0.145956
vn 0.935286 0.000563 -0.353892
vn 0.783164 -0.326069 -0.529465
vn 0.510044 -0.596940 -0.619288
vn 0.200668 -0.760154 -0.617979
vn -0.082876 -0.826343 -0.557036
vn -0.325164 -0.824379 -0.463322
vn -0.531541 -0.772318 -0.347836
vn -0.902305 -0.402402 -0.154658
vn -0.755575 -0.571968 -0.319312
vn -0.986739 -0.158375 0.035539
vn -0.960059 0.152225 0.234764
vn -0.787593 0.470989 0.397324
vn -0.509113 0.714754 0.479511
vn -0.209273 0.851047 0.481585
vn 0.060274 0.900667 0.430309
vn 0.289449 0.892170 0.346773
vn 0.484211 0.841551 0.239439
vn 0.650536 0.751747 0.108073
vn 0.786671 0.615182 -0.051972
vn 0.875587 0.417021 -0.243807
vn 0.877967 0.147517 -0.455425
vn 0.748122 -0.167179 -0.642157
vn 0.492198 -0.450952 -0.744569
vn 0.184796 -0.638144 -0.747410
vn -0.105895 -0.723320 -0.682345
vn -0.357392 -0.730667 -0.581719
vn -0.572257 -0.678782 -0.460193
vn -0.927540 -0.261098 -0.267391
vn -0.786323 -0.442979 -0.430656
vn -0.996529 -0.005890 -0.083034
vn -0.947820 0.301060 0.104880
vn -0.763015 0.593697 0.255601
vn -0.492628 0.803112 0.335156
vn -0.211911 0.914303 0.345171
vn 0.038625 0.951219 0.306090
vn 0.251888 0.939011 0.234119
vn 0.432849 0.891125 0.136152
vn 0.586148 0.810113 0.012190
vn 0.710055 0.689780 -0.141511
vn 0.790634 0.517308 -0.327552
vn 0.795946 0.281292 -0.536046
vn 0.685474 -0.005023 -0.728080
vn 0.454457 -0.283012 -0.844614
vn 0.160873 -0.484627 -0.859801
vn -0.128209 -0.587616 -0.798918
vn -0.383340 -0.605998 -0.697005
vn -0.602075 -0.556143 -0.572897
vn -0.920096 -0.099674 -0.378799
vn -0.792784 -0.285847 -0.538316
vn -0.967448 0.151884 -0.202426
vn -0.899491 0.436117 -0.026807
vn -0.714619 0.690195 0.113801
vn -0.464449 0.864231 0.193369
vn -0.209859 0.954347 0.212559
vn 0.018052 0.982408 0.185875
vn 0.213225 0.968889 0.125652
vn 0.378699 0.924750 0.037742
vn 0.517265 0.852327 -0.077299
vn 0.626651 0.747034 -0.221920
vn 0.695150 0.598917 -0.397573
vn 0.697656 0.397992 -0.595717
vn 0.601833 0.150168 -0.784377
vn 0.398795 -0.103855 -0.911141
vn 0.129254 -0.304591 -0.943672
vn -0.147953 -0.418797 -0.895946
vn -0.398990 -0.447451 -0.800372
vn -0.614952 -0.401446 -0.678731
vn -0.874317 0.073290 -0.479790
vn -0.767451 -0.105085 -0.632437
vn -0.899481 0.304003 -0.313874
vn -0.821127 0.550200 -0.151759
vn -0.649025 0.760475 -0.021078
vn -0.427993 0.901904 0.058233
vn -0.204138 0.975219 0.085294
vn -0.001519 0.997564 0.069734
vn 0.173663 0.984587 0.020743
vn 0.322157 0.944989 -0.056662
vn 0.444761 0.881005 -0.161301
vn 0.538479 0.789623 -0.294169
vn 0.593340 0.663891 -0.455189
vn 0.590122 0.496683 -0.636446
vn 0.505063 0.291083 -0.812516
vn 0.329961 0.073988 -0.941091
vn 0.091831 -0.109050 -0.989785
vn -0.162779 -0.222899 -0.961155
vn -0.399801 -0.257600 -0.879660
vn -0.604253 -0.216829 -0.766723
vn -0.790679 0.244919 -0.561107
vn -0.706742 0.087689 -0.702016
vn -0.798928 0.440233 -0.409766
vn -0.721540 0.640102 -0.263911
vn -0.572343 0.807078 -0.145083
vn -0.385809 0.920030 -0.068535
vn -0.195456 0.980035 -0.036433
vn -0.020252 0.998871 -0.042973
vn 0.133065 0.987742 -0.081608
vn 0.263064 0.953338 -0.148134
vn 0.368701 0.897806 -0.240841
vn 0.446353 0.819551 -0.359313
vn 0.487608 0.714365 -0.501917
vn 0.478252 0.578250 -0.660986
vn 0.402131 0.414026 -0.816623
vn 0.253933 0.239736 -0.937040
vn 0.051653 0.087308 -0.994841
vn -0.170624 -0.013380 -0.985245
vn -0.382544 -0.047385 -0.922721
vn -0.565563 -0.012515 -0.824610
vn -0.676888 0.401800 -0.616749
vn -0.614248 0.275853 -0.739327
vn -0.676268 0.553810 -0.485753
vn -0.609546 0.706134 -0.360316
vn -0.489235 0.833514 -0.256718
vn -0.339569 0.921879 -0.186635
vn -0.184246 0.970887 -0.153077
vn -0.038324 0.987465 -0.153114
vn 0.091111 0.978987 -0.182435
vn 0.200935 0.950333 -0.237683
vn 0.288675 0.903497 -0.316796
vn 0.350363 0.838057 -0.418218
vn 0.379139 0.752105 -0.539066
vn 0.365038 0.644348 -0.671984
vn 0.298075 0.518250 -0.801604
vn 0.176161 0.386576 -0.905277
vn 0.011962 0.270640 -0.962606
vn -0.170666 0.192159 -0.966410
vn -0.347441 0.165073 -0.923058
vn -0.499988 0.193861 -0.844056
vn -0.545310 0.534308 -0.645873
vn -0.500432 0.443540 -0.743533
vn -0.542697 0.642399 -0.541114
vn -0.492313 0.750740 -0.440475
vn -0.402950 0.843190 -0.355897
vn -0.290346 0.909888 -0.296316
vn -0.170746 0.948979 -0.265113
vn -0.055859 0.963629 -0.261341
vn 0.047476 0.958104 -0.282458
vn 0.135225 0.935669 -0.325941
vn 0.204129 0.898053 -0.389656
vn 0.250302 0.845673 -0.471367
vn 0.268486 0.778327 -0.567559
vn 0.252215 0.696668 -0.671596
vn 0.196120 0.604672 -0.771951
vn 0.100634 0.511723 -0.853236
vn -0.024745 0.431547 -0.901751
vn -0.163720 0.377975 -0.911225
vn -0.298756 0.360658 -0.883556
vn -0.414944 0.383194 -0.825218
vn -0.409280 0.638158 -0.652108
vn -0.379005 0.580554 -0.720634
vn -0.408221 0.706905 -0.577617
vn -0.375555 0.777096 -0.505054
vn -0.316104 0.839080 -0.442746
vn -0.239131 0.885955 -0.397367
vn -0.155179 0.915111 -0.372145
vn -0.072802 0.927275 -0.367234
vn 0.002206 0.924458 -0.381278
vn 0.065912 0.908570 -0.412501
vn 0.115145 0.880936 -0.459014
vn 0.146636 0.842375 -0.518558
vn 0.156670 0.793657 -0.587847
vn 0.141446 0.736439 -0.661552
vn 0.098650 0.674588 -0.731573
vn 0.030118 0.614829 -0.788085
vn -0.056935 0.565466 -0.822804
vn -0.151805 0.534057 -0.831708
vn -0.243264 0.525564 -0.815233
vn -0.321573 0.541565 -0.776723
vn -0.284820 0.711609 -0.642254
vn -0.266814 0.680739 -0.682206
vn -0.285532 0.749031 -0.597849
vn -0.268113 0.788464 -0.553571
vn -0.234418 0.824754 -0.514615
vn -0.189197 0.853511 -0.485514
vn -0.138631 0.872351 -0.468812
vn -0.088253 0.880923 -0.464959
vn -0.042099 0.879959 -0.473180
vn -0.002992 0.870446 -0.492255
vn 0.026901 0.853207 -0.520878
vn 0.045373 0.828942 -0.557491
vn 0.050056 0.798564 -0.599825
vn 0.038882 0.763749 -0.644341
vn 0.011142 0.727523 -0.685993
vn -0.031126 0.694190 -0.719119
vn -0.082923 0.668213 -0.739334
vn -0.137877 0.652937 -0.744757
vn -0.189891 0.650030 -0.735801
vn -0.234093 0.659599 -0.714234
vn 0.113412 -0.786175 0.607508
vn -0.113411 0.786174 -0.607511
s 1
g Mushroom2 Shrooms Dot3
usemtl lambert10SG
f 3499/4413/5251 3500/4414/5252 3520/4435/5253 3519/4434/5254
f 3500/4414/5252 3501/4415/5255 3521/4436/5256 3520/4435/5253
f 3501/4415/5255 3502/4416/5257 3522/4437/5258 3521/4436/5256
f 3502/4416/5257 3503/4417/5259 3523/4438/5260 3522/4437/5258
f 3503/4417/5259 3504/4418/5261 3524/4439/5262 3523/4438/5260
f 3504/4418/5261 3505/4419/5263 3525/4440/5264 3524/4439/5262
f 3505/4419/5263 3506/4420/5265 3526/4441/5266 3525/4440/5264
f 3506/4420/5265 3507/4421/5267 3527/4442/5268 3526/4441/5266
f 3507/4421/5267 3508/4422/5269 3528/4443/5270 3527/4442/5268
f 3508/4422/5269 3509/4423/5271 3529/4444/5272 3528/4443/5270
f 3509/4423/5271 3510/4424/5273 3530/4445/5274 3529/4444/5272
f 3510/4424/5273 3511/4425/5275 3531/4446/5276 3530/4445/5274
f 3511/4425/5275 3512/4426/5277 3532/4447/5278 3531/4446/5276
f 3512/4426/5277 3513/4427/5279 3533/4448/5280 3532/4447/5278
f 3513/4427/5279 3514/4428/5281 3534/4449/5282 3533/4448/5280
f 3514/4428/5281 3515/4429/5283 3535/4450/5284 3534/4449/5282
f 3515/4429/5283 3516/4430/5285 3536/4451/5286 3535/4450/5284
f 3516/4430/5285 3517/4431/5287 3537/4452/5288 3536/4451/5286
f 3517/4431/5287 3518/4432/5289 3538/4453/5290 3537/4452/5288
f 3518/4432/5289 3499/4433/5251 3519/4454/5254 3538/4453/5290
f 3519/4434/5254 3520/4435/5253 3540/4456/5291 3539/4455/5292
f 3520/4435/5253 3521/4436/5256 3541/4457/5293 3540/4456/5291
f 3521/4436/5256 3522/4437/5258 3542/4458/5294 3541/4457/5293
f 3522/4437/5258 3523/4438/5260 3543/4459/5295 3542/4458/5294
f 3523/4438/5260 3524/4439/5262 3544/4460/5296 3543/4459/5295
f 3524/4439/5262 3525/4440/5264 3545/4461/5297 3544/4460/5296
f 3525/4440/5264 3526/4441/5266 3546/4462/5298 3545/4461/5297
f 3526/4441/5266 3527/4442/5268 3547/4463/5299 3546/4462/5298
f 3527/4442/5268 3528/4443/5270 3548/4464/5300 3547/4463/5299
f 3528/4443/5270 3529/4444/5272 3549/4465/5301 3548/4464/5300
f 3529/4444/5272 3530/4445/5274 3550/4466/5302 3549/4465/5301
f 3530/4445/5274 3531/4446/5276 3551/4467/5303 3550/4466/5302
f 3531/4446/5276 3532/4447/5278 3552/4468/5304 3551/4467/5303
f 3532/4447/5278 3533/4448/5280 3553/4469/5305 3552/4468/5304
f 3533/4448/5280 3534/4449/5282 3554/4470/5306 3553/4469/5305
f 3534/4449/5282 3535/4450/5284 3555/4471/5307 3554/4470/5306
f 3535/4450/5284 3536/4451/5286 3556/4472/5308 3555/4471/5307
f 3536/4451/5286 3537/4452/5288 3557/4473/5309 3556/4472/5308
f 3537/4452/5288 3538/4453/5290 3558/4474/5310 3557/4473/5309
f 3538/4453/5290 3519/4454/5254 3539/4475/5292 3558/4474/5310
f 3539/4455/5292 3540/4456/5291 3560/4477/5311 3559/4476/5312
f 3540/4456/5291 3541/4457/5293 3561/4478/5313 3560/4477/5311
f 3541/4457/5293 3542/4458/5294 3562/4479/5314 3561/4478/5313
f 3542/4458/5294 3543/4459/5295 3563/4480/5315 3562/4479/5314
f 3543/4459/5295 3544/4460/5296 3564/4481/5316 3563/4480/5315
f 3544/4460/5296 3545/4461/5297 3565/4482/5317 3564/4481/5316
f 3545/4461/5297 3546/4462/5298 3566/4483/5318 3565/4482/5317
f 3546/4462/5298 3547/4463/5299 3567/4484/5319 3566/4483/5318
f 3547/4463/5299 3548/4464/5300 3568/4485/5320 3567/4484/5319
f 3548/4464/5300 3549/4465/5301 3569/4486/5321 3568/4485/5320
f 3549/4465/5301 3550/4466/5302 3570/4487/5322 3569/4486/5321
f 3550/4466/5302 3551/4467/5303 3571/4488/5323 3570/4487/5322
f 3551/4467/5303 3552/4468/5304 3572/4489/5324 3571/4488/5323
f 3552/4468/5304 3553/4469/5305 3573/4490/5325 3572/4489/5324
f 3553/4469/5305 3554/4470/5306 3574/4491/5326 3573/4490/5325
f 3554/4470/5306 3555/4471/5307 3575/4492/5327 3574/4491/5326
f 3555/4471/5307 3556/4472/5308 3576/4493/5328 3575/4492/5327
f 3556/4472/5308 3557/4473/5309 3577/4494/5329 3576/4493/5328
f 3557/4473/5309 3558/4474/5310 3578/4495/5330 3577/4494/5329
f 3558/4474/5310 3539/4475/5292 3559/4496/5312 3578/4495/5330
f 3559/4476/5312 3560/4477/5311 3580/4498/5331 3579/4497/5332
f 3560/4477/5311 3561/4478/5313 3581/4499/5333 3580/4498/5331
f 3561/4478/5313 3562/4479/5314 3582/4500/5334 3581/4499/5333
f 3562/4479/5314 3563/4480/5315 3583/4501/5335 3582/4500/5334
f 3563/4480/5315 3564/4481/5316 3584/4502/5336 3583/4501/5335
f 3564/4481/5316 3565/4482/5317 3585/4503/5337 3584/4502/5336
f 3565/4482/5317 3566/4483/5318 3586/4504/5338 3585/4503/5337
f 3566/4483/5318 3567/4484/5319 3587/4505/5339 3586/4504/5338
f 3567/4484/5319 3568/4485/5320 3588/4506/5340 3587/4505/5339
f 3568/4485/5320 3569/4486/5321 3589/4507/5341 3588/4506/5340
f 3569/4486/5321 3570/4487/5322 3590/4508/5342 3589/4507/5341
f 3570/4487/5322 3571/4488/5323 3591/4509/5343 3590/4508/5342
f 3571/4488/5323 3572/4489/5324 3592/4510/5344 3591/4509/5343
f 3572/4489/5324 3573/4490/5325 3593/4511/5345 3592/4510/5344
f 3573/4490/5325 3574/4491/5326 3594/4512/5346 3593/4511/5345
f 3574/4491/5326 3575/4492/5327 3595/4513/5347 3594/4512/5346
f 3575/4492/5327 3576/4493/5328 3596/4514/5348 3595/4513/5347
f 3576/4493/5328 3577/4494/5329 3597/4515/5349 3596/4514/5348
f 3577/4494/5329 3578/4495/5330 3598/4516/5350 3597/4515/5349
f 3578/4495/5330 3559/4496/5312 3579/4517/5332 3598/4516/5350
f 3579/4497/5332 3580/4498/5331 3600/4519/5351 3599/4518/5352
f 3580/4498/5331 3581/4499/5333 3601/4520/5353 3600/4519/5351
f 3581/4499/5333 3582/4500/5334 3602/4521/5354 3601/4520/5353
f 3582/4500/5334 3583/4501/5335 3603/4522/5355 3602/4521/5354
f 3583/4501/5335 3584/4502/5336 3604/4523/5356 3603/4522/5355
f 3584/4502/5336 3585/4503/5337 3605/4524/5357 3604/4523/5356
f 3585/4503/5337 3586/4504/5338 3606/4525/5358 3605/4524/5357
f 3586/4504/5338 3587/4505/5339 3607/4526/5359 3606/4525/5358
f 3587/4505/5339 3588/4506/5340 3608/4527/5360 3607/4526/5359
f 3588/4506/5340 3589/4507/5341 3609/4528/5361 3608/4527/5360
f 3589/4507/5341 3590/4508/5342 3610/4529/5362 3609/4528/5361
f 3590/4508/5342 3591/4509/5343 3611/4530/5363 3610/4529/5362
f 3591/4509/5343 3592/4510/5344 3612/4531/5364 3611/4530/5363
f 3592/4510/5344 3593/4511/5345 3613/4532/5365 3612/4531/5364
f 3593/4511/5345 3594/4512/5346 3614/4533/5366 3613/4532/5365
f 3594/4512/5346 3595/4513/5347 3615/4534/5367 3614/4533/5366
f 3595/4513/5347 3596/4514/5348 3616/4535/5368 3615/4534/5367
f 3596/4514/5348 3597/4515/5349 3617/4536/5369 3616/4535/5368
f 3597/4515/5349 3598/4516/5350 3618/4537/5370 3617/4536/5369
f 3598/4516/5350 3579/4517/5332 3599/4538/5352 3618/4537/5370
f 3599/4518/5352 3600/4519/5351 3620/4540/5371 3619/4539/5372
f 3600/4519/5351 3601/4520/5353 3621/4541/5373 3620/4540/5371
f 3601/4520/5353 3602/4521/5354 3622/4542/5374 3621/4541/5373
f 3602/4521/5354 3603/4522/5355 3623/4543/5375 3622/4542/5374
f 3603/4522/5355 3604/4523/5356 3624/4544/5376 3623/4543/5375
f 3604/4523/5356 3605/4524/5357 3625/4545/5377 3624/4544/5376
f 3605/4524/5357 3606/4525/5358 3626/4546/5378 3625/4545/5377
f 3606/4525/5358 3607/4526/5359 3627/4547/5379 3626/4546/5378
f 3607/4526/5359 3608/4527/5360 3628/4548/5380 3627/4547/5379
f 3608/4527/5360 3609/4528/5361 3629/4549/5381 3628/4548/5380
f 3609/4528/5361 3610/4529/5362 3630/4550/5382 3629/4549/5381
f 3610/4529/5362 3611/4530/5363 3631/4551/5383 3630/4550/5382
f 3611/4530/5363 3612/4531/5364 3632/4552/5384 3631/4551/5383
f 3612/4531/5364 3613/4532/5365 3633/4553/5385 3632/4552/5384
f 3613/4532/5365 3614/4533/5366 3634/4554/5386 3633/4553/5385
f 3614/4533/5366 3615/4534/5367 3635/4555/5387 3634/4554/5386
f 3615/4534/5367 3616/4535/5368 3636/4556/5388 3635/4555/5387
f 3616/4535/5368 3617/4536/5369 3637/4557/5389 3636/4556/5388
f 3617/4536/5369 3618/4537/5370 3638/4558/5390 3637/4557/5389
f 3618/4537/5370 3599/4538/5352 3619/4559/5372 3638/4558/5390
f 3619/4539/5372 3620/4540/5371 3640/4561/5391 3639/4560/5392
f 3620/4540/5371 3621/4541/5373 3641/4562/5393 3640/4561/5391
f 3621/4541/5373 3622/4542/5374 3642/4563/5394 3641/4562/5393
f 3622/4542/5374 3623/4543/5375 3643/4564/5395 3642/4563/5394
f 3623/4543/5375 3624/4544/5376 3644/4565/5396 3643/4564/5395
f 3624/4544/5376 3625/4545/5377 3645/4566/5397 3644/4565/5396
f 3625/4545/5377 3626/4546/5378 3646/4567/5398 3645/4566/5397
f 3626/4546/5378 3627/4547/5379 3647/4568/5399 3646/4567/5398
f 3627/4547/5379 3628/4548/5380 3648/4569/5400 3647/4568/5399
f 3628/4548/5380 3629/4549/5381 3649/4570/5401 3648/4569/5400
f 3629/4549/5381 3630/4550/5382 3650/4571/5402 3649/4570/5401
f 3630/4550/5382 3631/4551/5383 3651/4572/5403 3650/4571/5402
f 3631/4551/5383 3632/4552/5384 3652/4573/5404 3651/4572/5403
f 3632/4552/5384 3633/4553/5385 3653/4574/5405 3652/4573/5404
f 3633/4553/5385 3634/4554/5386 3654/4575/5406 3653/4574/5405
f 3634/4554/5386 3635/4555/5387 3655/4576/5407 3654/4575/5406
f 3635/4555/5387 3636/4556/5388 3656/4577/5408 3655/4576/5407
f 3636/4556/5388 3637/4557/5389 3657/4578/5409 3656/4577/5408
f 3637/4557/5389 3638/4558/5390 3658/4579/5410 3657/4578/5409
f 3638/4558/5390 3619/4559/5372 3639/4580/5392 3658/4579/5410
f 3639/4560/5392 3640/4561/5391 3660/4582/5411 3659/4581/5412
f 3640/4561/5391 3641/4562/5393 3661/4583/5413 3660/4582/5411
f 3641/4562/5393 3642/4563/5394 3662/4584/5414 3661/4583/5413
f 3642/4563/5394 3643/4564/5395 3663/4585/5415 3662/4584/5414
f 3643/4564/5395 3644/4565/5396 3664/4586/5416 3663/4585/5415
f 3644/4565/5396 3645/4566/5397 3665/4587/5417 3664/4586/5416
f 3645/4566/5397 3646/4567/5398 3666/4588/5418 3665/4587/5417
f 3646/4567/5398 3647/4568/5399 3667/4589/5419 3666/4588/5418
f 3647/4568/5399 3648/4569/5400 3668/4590/5420 3667/4589/5419
f 3648/4569/5400 3649/4570/5401 3669/4591/5421 3668/4590/5420
f 3649/4570/5401 3650/4571/5402 3670/4592/5422 3669/4591/5421
f 3650/4571/5402 3651/4572/5403 3671/4593/5423 3670/4592/5422
f 3651/4572/5403 3652/4573/5404 3672/4594/5424 3671/4593/5423
f 3652/4573/5404 3653/4574/5405 3673/4595/5425 3672/4594/5424
f 3653/4574/5405 3654/4575/5406 3674/4596/5426 3673/4595/5425
f 3654/4575/5406 3655/4576/5407 3675/4597/5427 3674/4596/5426
f 3655/4576/5407 3656/4577/5408 3676/4598/5428 3675/4597/5427
f 3656/4577/5408 3657/4578/5409 3677/4599/5429 3676/4598/5428
f 3657/4578/5409 3658/4579/5410 3678/4600/5430 3677/4599/5429
f 3658/4579/5410 3639/4580/5392 3659/4601/5412 3678/4600/5430
f 3659/4581/5412 3660/4582/5411 3680/4603/5431 3679/4602/5432
f 3660/4582/5411 3661/4583/5413 3681/4604/5433 3680/4603/5431
f 3661/4583/5413 3662/4584/5414 3682/4605/5434 3681/4604/5433
f 3662/4584/5414 3663/4585/5415 3683/4606/5435 3682/4605/5434
f 3663/4585/5415 3664/4586/5416 3684/4607/5436 3683/4606/5435
f 3664/4586/5416 3665/4587/5417 3685/4608/5437 3684/4607/5436
f 3665/4587/5417 3666/4588/5418 3686/4609/5438 3685/4608/5437
f 3666/4588/5418 3667/4589/5419 3687/4610/5439 3686/4609/5438
f 3667/4589/5419 3668/4590/5420 3688/4611/5440 3687/4610/5439
f 3668/4590/5420 3669/4591/5421 3689/4612/5441 3688/4611/5440
f 3669/4591/5421 3670/4592/5422 3690/4613/5442 3689/4612/5441
f 3670/4592/5422 3671/4593/5423 3691/4614/5443 3690/4613/5442
f 3671/4593/5423 3672/4594/5424 3692/4615/5444 3691/4614/5443
f 3672/4594/5424 3673/4595/5425 3693/4616/5445 3692/4615/5444
f 3673/4595/5425 3674/4596/5426 3694/4617/5446 3693/4616/5445
f 3674/4596/5426 3675/4597/5427 3695/4618/5447 3694/4617/5446
f 3675/4597/5427 3676/4598/5428 3696/4619/5448 3695/4618/5447
f 3676/4598/5428 3677/4599/5429 3697/4620/5449 3696/4619/5448
f 3677/4599/5429 3678/4600/5430 3698/4621/5450 3697/4620/5449
f 3678/4600/5430 3659/4601/5412 3679/4622/5432 3698/4621/5450
f 3679/4602/5432 3680/4603/5431 3700/4624/5451 3699/4623/5452
f 3680/4603/5431 3681/4604/5433 3701/4625/5453 3700/4624/5451
f 3681/4604/5433 3682/4605/5434 3702/4626/5454 3701/4625/5453
f 3682/4605/5434 3683/4606/5435 3703/4627/5455 3702/4626/5454
f 3683/4606/5435 3684/4607/5436 3704/4628/5456 3703/4627/5455
f 3684/4607/5436 3685/4608/5437 3705/4629/5457 3704/4628/5456
f 3685/4608/5437 3686/4609/5438 3706/4630/5458 3705/4629/5457
f 3686/4609/5438 3687/4610/5439 3707/4631/5459 3706/4630/5458
f 3687/4610/5439 3688/4611/5440 3708/4632/5460 3707/4631/5459
f 3688/4611/5440 3689/4612/5441 3709/4633/5461 3708/4632/5460
f 3689/4612/5441 3690/4613/5442 3710/4634/5462 3709/4633/5461
f 3690/4613/5442 3691/4614/5443 3711/4635/5463 3710/4634/5462
f 3691/4614/5443 3692/4615/5444 3712/4636/5464 3711/4635/5463
f 3692/4615/5444 3693/4616/5445 3713/4637/5465 3712/4636/5464
f 3693/4616/5445 3694/4617/5446 3714/4638/5466 3713/4637/5465
f 3694/4617/5446 3695/4618/5447 3715/4639/5467 3714/4638/5466
f 3695/4618/5447 3696/4619/5448 3716/4640/5468 3715/4639/5467
f 3696/4619/5448 3697/4620/5449 3717/4641/5469 3716/4640/5468
f 3697/4620/5449 3698/4621/5450 3718/4642/5470 3717/4641/5469
f 3698/4621/5450 3679/4622/5432 3699/4643/5452 3718/4642/5470
f 3699/4623/5452 3700/4624/5451 3720/4645/5471 3719/4644/5472
f 3700/4624/5451 3701/4625/5453 3721/4646/5473 3720/4645/5471
f 3701/4625/5453 3702/4626/5454 3722/4647/5474 3721/4646/5473
f 3702/4626/5454 3703/4627/5455 3723/4648/5475 3722/4647/5474
f 3703/4627/5455 3704/4628/5456 3724/4649/5476 3723/4648/5475
f 3704/4628/5456 3705/4629/5457 3725/4650/5477 3724/4649/5476
f 3705/4629/5457 3706/4630/5458 3726/4651/5478 3725/4650/5477
f 3706/4630/5458 3707/4631/5459 3727/4652/5479 3726/4651/5478
f 3707/4631/5459 3708/4632/5460 3728/4653/5480 3727/4652/5479
f 3708/4632/5460 3709/4633/5461 3729/4654/5481 3728/4653/5480
f 3709/4633/5461 3710/4634/5462 3730/4655/5482 3729/4654/5481
f 3710/4634/5462 3711/4635/5463 3731/4656/5483 3730/4655/5482
f 3711/4635/5463 3712/4636/5464 3732/4657/5484 3731/4656/5483
f 3712/4636/5464 3713/4637/5465 3733/4658/5485 3732/4657/5484
f 3713/4637/5465 3714/4638/5466 3734/4659/5486 3733/4658/5485
f 3714/4638/5466 3715/4639/5467 3735/4660/5487 3734/4659/5486
f 3715/4639/5467 3716/4640/5468 3736/4661/5488 3735/4660/5487
f 3716/4640/5468 3717/4641/5469 3737/4662/5489 3736/4661/5488
f 3717/4641/5469 3718/4642/5470 3738/4663/5490 3737/4662/5489
f 3718/4642/5470 3699/4643/5452 3719/4664/5472 3738/4663/5490
f 3719/4644/5472 3720/4645/5471 3740/4666/5491 3739/4665/5492
f 3720/4645/5471 3721/4646/5473 3741/4667/5493 3740/4666/5491
f 3721/4646/5473 3722/4647/5474 3742/4668/5494 3741/4667/5493
f 3722/4647/5474 3723/4648/5475 3743/4669/5495 3742/4668/5494
f 3723/4648/5475 3724/4649/5476 3744/4670/5496 3743/4669/5495
f 3724/4649/5476 3725/4650/5477 3745/4671/5497 3744/4670/5496
f 3725/4650/5477 3726/4651/5478 3746/4672/5498 3745/4671/5497
f 3726/4651/5478 3727/4652/5479 3747/4673/5499 3746/4672/5498
f 3727/4652/5479 3728/4653/5480 3748/4674/5500 3747/4673/5499
f 3728/4653/5480 3729/4654/5481 3749/4675/5501 3748/4674/5500
f 3729/4654/5481 3730/4655/5482 3750/4676/5502 3749/4675/5501
f 3730/4655/5482 3731/4656/5483 3751/4677/5503 3750/4676/5502
f 3731/4656/5483 3732/4657/5484 3752/4678/5504 3751/4677/5503
f 3732/4657/5484 3733/4658/5485 3753/4679/5505 3752/4678/5504
f 3733/4658/5485 3734/4659/5486 3754/4680/5506 3753/4679/5505
f 3734/4659/5486 3735/4660/5487 3755/4681/5507 3754/4680/5506
f 3735/4660/5487 3736/4661/5488 3756/4682/5508 3755/4681/5507
f 3736/4661/5488 3737/4662/5489 3757/4683/5509 3756/4682/5508
f 3737/4662/5489 3738/4663/5490 3758/4684/5510 3757/4683/5509
f 3738/4663/5490 3719/4664/5472 3739/4685/5492 3758/4684/5510
f 3739/4665/5492 3740/4666/5491 3760/4687/5511 3759/4686/5512
f 3740/4666/5491 3741/4667/5493 3761/4688/5513 3760/4687/5511
f 3741/4667/5493 3742/4668/5494 3762/4689/5514 3761/4688/5513
f 3742/4668/5494 3743/4669/5495 3763/4690/5515 3762/4689/5514
f 3743/4669/5495 3744/4670/5496 3764/4691/5516 3763/4690/5515
f 3744/4670/5496 3745/4671/5497 3765/4692/5517 3764/4691/5516
f 3745/4671/5497 3746/4672/5498 3766/4693/5518 3765/4692/5517
f 3746/4672/5498 3747/4673/5499 3767/4694/5519 3766/4693/5518
f 3747/4673/5499 3748/4674/5500 3768/4695/5520 3767/4694/5519
f 3748/4674/5500 3749/4675/5501 3769/4696/5521 3768/4695/5520
f 3749/4675/5501 3750/4676/5502 3770/4697/5522 3769/4696/5521
f 3750/4676/5502 3751/4677/5503 3771/4698/5523 3770/4697/5522
f 3751/4677/5503 3752/4678/5504 3772/4699/5524 3771/4698/5523
f 3752/4678/5504 3753/4679/5505 3773/4700/5525 3772/4699/5524
f 3753/4679/5505 3754/4680/5506 3774/4701/5526 3773/4700/5525
f 3754/4680/5506 3755/4681/5507 3775/4702/5527 3774/4701/5526
f 3755/4681/5507 3756/4682/5508 3776/4703/5528 3775/4702/5527
f 3756/4682/5508 3757/4683/5509 3777/4704/5529 3776/4703/5528
f 3757/4683/5509 3758/4684/5510 3778/4705/5530 3777/4704/5529
f 3758/4684/5510 3739/4685/5492 3759/4706/5512 3778/4705/5530
f 3759/4686/5512 3760/4687/5511 3780/4708/5531 3779/4707/5532
f 3760/4687/5511 3761/4688/5513 3781/4709/5533 3780/4708/5531
f 3761/4688/5513 3762/4689/5514 3782/4710/5534 3781/4709/5533
f 3762/4689/5514 3763/4690/5515 3783/4711/5535 3782/4710/5534
f 3763/4690/5515 3764/4691/5516 3784/4712/5536 3783/4711/5535
f 3764/4691/5516 3765/4692/5517 3785/4713/5537 3784/4712/5536
f 3765/4692/5517 3766/4693/5518 3786/4714/5538 3785/4713/5537
f 3766/4693/5518 3767/4694/5519 3787/4715/5539 3786/4714/5538
f 3767/4694/5519 3768/4695/5520 3788/4716/5540 3787/4715/5539
f 3768/4695/5520 3769/4696/5521 3789/4717/5541 3788/4716/5540
f 3769/4696/5521 3770/4697/5522 3790/4718/5542 3789/4717/5541
f 3770/4697/5522 3771/4698/5523 3791/4719/5543 3790/4718/5542
f 3771/4698/5523 3772/4699/5524 3792/4720/5544 3791/4719/5543
f 3772/4699/5524 3773/4700/5525 3793/4721/5545 3792/4720/5544
f 3773/4700/5525 3774/4701/5526 3794/4722/5546 3793/4721/5545
f 3774/4701/5526 3775/4702/5527 3795/4723/5547 3794/4722/5546
f 3775/4702/5527 3776/4703/5528 3796/4724/5548 3795/4723/5547
f 3776/4703/5528 3777/4704/5529 3797/4725/5549 3796/4724/5548
f 3777/4704/5529 3778/4705/5530 3798/4726/5550 3797/4725/5549
f 3778/4705/5530 3759/4706/5512 3779/4727/5532 3798/4726/5550
f 3779/4707/5532 3780/4708/5531 3800/4729/5551 3799/4728/5552
f 3780/4708/5531 3781/4709/5533 3801/4730/5553 3800/4729/5551
f 3781/4709/5533 3782/4710/5534 3802/4731/5554 3801/4730/5553
f 3782/4710/5534 3783/4711/5535 3803/4732/5555 3802/4731/5554
f 3783/4711/5535 3784/4712/5536 3804/4733/5556 3803/4732/5555
f 3784/4712/5536 3785/4713/5537 3805/4734/5557 3804/4733/5556
f 3785/4713/5537 3786/4714/5538 3806/4735/5558 3805/4734/5557
f 3786/4714/5538 3787/4715/5539 3807/4736/5559 3806/4735/5558
f 3787/4715/5539 3788/4716/5540 3808/4737/5560 3807/4736/5559
f 3788/4716/5540 3789/4717/5541 3809/4738/5561 3808/4737/5560
f 3789/4717/5541 3790/4718/5542 3810/4739/5562 3809/4738/5561
f 3790/4718/5542 3791/4719/5543 3811/4740/5563 3810/4739/5562
f 3791/4719/5543 3792/4720/5544 3812/4741/5564 3811/4740/5563
f 3792/4720/5544 3793/4721/5545 3813/4742/5565 3812/4741/5564
f 3793/4721/5545 3794/4722/5546 3814/4743/5566 3813/4742/5565
f 3794/4722/5546 3795/4723/5547 3815/4744/5567 3814/4743/5566
f 3795/4723/5547 3796/4724/5548 3816/4745/5568 3815/4744/5567
f 3796/4724/5548 3797/4725/5549 3817/4746/5569 3816/4745/5568
f 3797/4725/5549 3798/4726/5550 3818/4747/5570 3817/4746/5569
f 3798/4726/5550 3779/4727/5532 3799/4748/5552 3818/4747/5570
f 3799/4728/5552 3800/4729/5551 3820/4750/5571 3819/4749/5572
f 3800/4729/5551 3801/4730/5553 3821/4751/5573 3820/4750/5571
f 3801/4730/5553 3802/4731/5554 3822/4752/5574 3821/4751/5573
f 3802/4731/5554 3803/4732/5555 3823/4753/5575 3822/4752/5574
f 3803/4732/5555 3804/4733/5556 3824/4754/5576 3823/4753/5575
f 3804/4733/5556 3805/4734/5557 3825/4755/5577 3824/4754/5576
f 3805/4734/5557 3806/4735/5558 3826/4756/5578 3825/4755/5577
f 3806/4735/5558 3807/4736/5559 3827/4757/5579 3826/4756/5578
f 3807/4736/5559 3808/4737/5560 3828/4758/5580 3827/4757/5579
f 3808/4737/5560 3809/4738/5561 3829/4759/5581 3828/4758/5580
f 3809/4738/5561 3810/4739/5562 3830/4760/5582 3829/4759/5581
f 3810/4739/5562 3811/4740/5563 3831/4761/5583 3830/4760/5582
f 3811/4740/5563 3812/4741/5564 3832/4762/5584 3831/4761/5583
f 3812/4741/5564 3813/4742/5565 3833/4763/5585 3832/4762/5584
f 3813/4742/5565 3814/4743/5566 3834/4764/5586 3833/4763/5585
f 3814/4743/5566 3815/4744/5567 3835/4765/5587 3834/4764/5586
f 3815/4744/5567 3816/4745/5568 3836/4766/5588 3835/4765/5587
f 3816/4745/5568 3817/4746/5569 3837/4767/5589 3836/4766/5588
f 3817/4746/5569 3818/4747/5570 3838/4768/5590 3837/4767/5589
f 3818/4747/5570 3799/4748/5552 3819/4769/5572 3838/4768/5590
f 3819/4749/5572 3820/4750/5571 3840/4771/5591 3839/4770/5592
f 3820/4750/5571 3821/4751/5573 3841/4772/5593 3840/4771/5591
f 3821/4751/5573 3822/4752/5574 3842/4773/5594 3841/4772/5593
f 3822/4752/5574 3823/4753/5575 3843/4774/5595 3842/4773/5594
f 3823/4753/5575 3824/4754/5576 3844/4775/5596 3843/4774/5595
f 3824/4754/5576 3825/4755/5577 3845/4776/5597 3844/4775/5596
f 3825/4755/5577 3826/4756/5578 3846/4777/5598 3845/4776/5597
f 3826/4756/5578 3827/4757/5579 3847/4778/5599 3846/4777/5598
f 3827/4757/5579 3828/4758/5580 3848/4779/5600 3847/4778/5599
f 3828/4758/5580 3829/4759/5581 3849/4780/5601 3848/4779/5600
f 3829/4759/5581 3830/4760/5582 3850/4781/5602 3849/4780/5601
f 3830/4760/5582 3831/4761/5583 3851/4782/5603 3850/4781/5602
f 3831/4761/5583 3832/4762/5584 3852/4783/5604 3851/4782/5603
f 3832/4762/5584 3833/4763/5585 3853/4784/5605 3852/4783/5604
f 3833/4763/5585 3834/4764/5586 3854/4785/5606 3853/4784/5605
f 3834/4764/5586 3835/4765/5587 3855/4786/5607 3854/4785/5606
f 3835/4765/5587 3836/4766/5588 3856/4787/5608 3855/4786/5607
f 3836/4766/5588 3837/4767/5589 3857/4788/5609 3856/4787/5608
f 3837/4767/5589 3838/4768/5590 3858/4789/5610 3857/4788/5609
f 3838/4768/5590 3819/4769/5572 3839/4790/5592 3858/4789/5610
f 3839/4770/5592 3840/4771/5591 3860/4792/5611 3859/4791/5612
f 3840/4771/5591 3841/4772/5593 3861/4793/5613 3860/4792/5611
f 3841/4772/5593 3842/4773/5594 3862/4794/5614 3861/4793/5613
f 3842/4773/5594 3843/4774/5595 3863/4795/5615 3862/4794/5614
f 3843/4774/5595 3844/4775/5596 3864/4796/5616 3863/4795/5615
f 3844/4775/5596 3845/4776/5597 3865/4797/5617 3864/4796/5616
f 3845/4776/5597 3846/4777/5598 3866/4798/5618 3865/4797/5617
f 3846/4777/5598 3847/4778/5599 3867/4799/5619 3866/4798/5618
f 3847/4778/5599 3848/4779/5600 3868/4800/5620 3867/4799/5619
f 3848/4779/5600 3849/4780/5601 3869/4801/5621 3868/4800/5620
f 3849/4780/5601 3850/4781/5602 3870/4802/5622 3869/4801/5621
f 3850/4781/5602 3851/4782/5603 3871/4803/5623 3870/4802/5622
f 3851/4782/5603 3852/4783/5604 3872/4804/5624 3871/4803/5623
f 3852/4783/5604 3853/4784/5605 3873/4805/5625 3872/4804/5624
f 3853/4784/5605 3854/4785/5606 3874/4806/5626 3873/4805/5625
f 3854/4785/5606 3855/4786/5607 3875/4807/5627 3874/4806/5626
f 3855/4786/5607 3856/4787/5608 3876/4808/5628 3875/4807/5627
f 3856/4787/5608 3857/4788/5609 3877/4809/5629 3876/4808/5628
f 3857/4788/5609 3858/4789/5610 3878/4810/5630 3877/4809/5629
f 3858/4789/5610 3839/4790/5592 3859/4811/5612 3878/4810/5630
f 3500/4414/5252 3499/4413/5251 3879/4812/5631
f 3501/4415/5255 3500/4414/5252 3879/4813/5631
f 3502/4416/5257 3501/4415/5255 3879/4814/5631
f 3503/4417/5259 3502/4416/5257 3879/4815/5631
f 3504/4418/5261 3503/4417/5259 3879/4816/5631
f 3505/4419/5263 3504/4418/5261 3879/4817/5631
f 3506/4420/5265 3505/4419/5263 3879/4818/5631
f 3507/4421/5267 3506/4420/5265 3879/4819/5631
f 3508/4422/5269 3507/4421/5267 3879/4820/5631
f 3509/4423/5271 3508/4422/5269 3879/4821/5631
f 3510/4424/5273 3509/4423/5271 3879/4822/5631
f 3511/4425/5275 3510/4424/5273 3879/4823/5631
f 3512/4426/5277 3511/4425/5275 3879/4824/5631
f 3513/4427/5279 3512/4426/5277 3879/4825/5631
f 3514/4428/5281 3513/4427/5279 3879/4826/5631
f 3515/4429/5283 3514/4428/5281 3879/4827/5631
f 3516/4430/5285 3515/4429/5283 3879/4828/5631
f 3517/4431/5287 3516/4430/5285 3879/4829/5631
f 3518/4432/5289 3517/4431/5287 3879/4830/5631
f 3499/4433/5251 3518/4432/5289 3879/4831/5631
f 3859/4791/5612 3860/4792/5611 3880/4832/5632
f 3860/4792/5611 3861/4793/5613 3880/4833/5632
f 3861/4793/5613 3862/4794/5614 3880/4834/5632
f 3862/4794/5614 3863/4795/5615 3880/4835/5632
f 3863/4795/5615 3864/4796/5616 3880/4836/5632
f 3864/4796/5616 3865/4797/5617 3880/4837/5632
f 3865/4797/5617 3866/4798/5618 3880/4838/5632
f 3866/4798/5618 3867/4799/5619 3880/4839/5632
f 3867/4799/5619 3868/4800/5620 3880/4840/5632
f 3868/4800/5620 3869/4801/5621 3880/4841/5632
f 3869/4801/5621 3870/4802/5622 3880/4842/5632
f 3870/4802/5622 3871/4803/5623 3880/4843/5632
f 3871/4803/5623 3872/4804/5624 3880/4844/5632
f 3872/4804/5624 3873/4805/5625 3880/4845/5632
f 3873/4805/5625 3874/4806/5626 3880/4846/5632
f 3874/4806/5626 3875/4807/5627 3880/4847/5632
f 3875/4807/5627 3876/4808/5628 3880/4848/5632
f 3876/4808/5628 3877/4809/5629 3880/4849/5632
f 3877/4809/5629 3878/4810/5630 3880/4850/5632
f 3878/4810/5630 3859/4811/5612 3880/4851/5632
g default
v 3.747248 1.199025 4.142081
v 3.757487 1.199892 4.148434
v 3.768435 1.200075 4.151480
v 3.779023 1.199557 4.150922
v 3.788212 1.198389 4.146813
v 3.795105 1.196684 4.139557
v 3.799025 1.194610 4.129863
v 3.799590 1.192369 4.118681
v 3.796743 1.190181 4.107105
v 3.790765 1.188261 4.096267
v 3.782239 1.186796 4.087230
v 3.772001 1.185929 4.080877
v 3.761052 1.185745 4.077830
v 3.750465 1.186263 4.078389
v 3.741275 1.187432 4.082497
v 3.734383 1.189137 4.089753
v 3.730463 1.191211 4.099447
v 3.729898 1.193452 4.110629
v 3.732744 1.195639 4.122205
v 3.738723 1.197560 4.133043
v 3.729546 1.211573 4.167895
v 3.749771 1.213286 4.180444
v 3.771399 1.213648 4.186462
v 3.792313 1.212625 4.185359
v 3.810465 1.210317 4.177244
v 3.824080 1.206949 4.162910
v 3.831825 1.202852 4.143762
v 3.832940 1.198426 4.121672
v 3.827317 1.194104 4.098804
v 3.815507 1.190311 4.077396
v 3.798666 1.187416 4.059544
v 3.778441 1.185704 4.046995
v 3.756814 1.185341 4.040977
v 3.735900 1.186364 4.042079
v 3.717747 1.188673 4.050195
v 3.704132 1.192040 4.064528
v 3.696388 1.196138 4.083677
v 3.695272 1.200564 4.105767
v 3.700895 1.204885 4.128634
v 3.712705 1.208679 4.150043
v 3.712287 1.228034 4.191778
v 3.742000 1.230549 4.210215
v 3.773774 1.231082 4.219056
v 3.804500 1.229579 4.217436
v 3.831169 1.226187 4.205513
v 3.851171 1.221240 4.184455
v 3.862549 1.215220 4.156322
v 3.864188 1.208718 4.123870
v 3.855927 1.202369 4.090273
v 3.838577 1.196796 4.058822
v 3.813834 1.192543 4.032594
v 3.784122 1.190027 4.014157
v 3.752347 1.189495 4.005316
v 3.721622 1.190998 4.006936
v 3.694952 1.194389 4.018859
v 3.674950 1.199337 4.039917
v 3.663573 1.205357 4.068049
v 3.661934 1.211859 4.100502
v 3.670194 1.218208 4.134098
v 3.687545 1.223781 4.165550
v 3.695897 1.248001 4.213140
v 3.734366 1.251258 4.237010
v 3.775505 1.251947 4.248457
v 3.815285 1.250001 4.246359
v 3.849814 1.245610 4.230923
v 3.875712 1.239204 4.203659
v 3.890442 1.231411 4.167236
v 3.892564 1.222992 4.125219
v 3.881869 1.214772 4.081721
v 3.859406 1.207556 4.041001
v 3.827371 1.202050 4.007044
v 3.788901 1.198793 3.983173
v 3.747763 1.198104 3.971727
v 3.707982 1.200050 3.973824
v 3.673453 1.204441 3.989260
v 3.647556 1.210847 4.016524
v 3.632826 1.218640 4.052948
v 3.630704 1.227059 4.094965
v 3.641398 1.235279 4.138462
v 3.663862 1.242495 4.179183
v 3.680779 1.270982 4.231456
v 3.727057 1.274900 4.260172
v 3.776547 1.275730 4.273942
v 3.824403 1.273389 4.271420
v 3.865942 1.268106 4.252850
v 3.897096 1.260400 4.220051
v 3.914816 1.251024 4.176233
v 3.917369 1.240897 4.125687
v 3.904503 1.231009 4.073359
v 3.877479 1.222328 4.024373
v 3.838942 1.215704 3.983522
v 3.792663 1.211786 3.954806
v 3.743173 1.210957 3.941036
v 3.695317 1.213298 3.943559
v 3.653779 1.218580 3.962129
v 3.622625 1.226286 3.994927
v 3.604904 1.235662 4.038744
v 3.602351 1.245790 4.089291
v 3.615217 1.255678 4.141618
v 3.642241 1.264359 4.190605
v 3.667304 1.296413 4.246275
v 3.720253 1.300896 4.279130
v 3.776875 1.301845 4.294885
v 3.831628 1.299166 4.291998
v 3.879153 1.293123 4.270752
v 3.914798 1.284306 4.233226
v 3.935072 1.273579 4.183094
v 3.937993 1.261992 4.125263
v 3.923273 1.250678 4.065393
v 3.892354 1.240746 4.009346
v 3.848262 1.233168 3.962608
v 3.795314 1.228685 3.929753
v 3.738692 1.227737 3.913998
v 3.683938 1.230415 3.916885
v 3.636413 1.236459 3.938131
v 3.600769 1.245275 3.975657
v 3.580494 1.256002 4.025789
v 3.577574 1.267590 4.083621
v 3.592294 1.278903 4.143490
v 3.623213 1.288835 4.199536
v 3.655806 1.323667 4.257232
v 3.714121 1.328604 4.293416
v 3.776481 1.329649 4.310768
v 3.836783 1.326699 4.307589
v 3.889125 1.320043 4.284189
v 3.928381 1.310333 4.242860
v 3.950711 1.298518 4.187647
v 3.953928 1.285757 4.123955
v 3.937716 1.273297 4.058019
v 3.903663 1.262358 3.996292
v 3.855103 1.254012 3.944817
v 3.796789 1.249075 3.908632
v 3.734428 1.248030 3.891280
v 3.674126 1.250980 3.894460
v 3.621784 1.257636 3.917860
v 3.582528 1.267346 3.959188
v 3.560198 1.279160 4.014401
v 3.556982 1.291922 4.078093
v 3.573193 1.304382 4.144030
v 3.607246 1.315320 4.205757
v 3.646567 1.352072 4.264057
v 3.708812 1.357342 4.302680
v 3.775375 1.358457 4.321201
v 3.839741 1.355309 4.317807
v 3.895610 1.348204 4.292831
v 3.937513 1.337839 4.248716
v 3.961347 1.325229 4.189783
v 3.964780 1.311607 4.121798
v 3.947476 1.298308 4.051417
v 3.911129 1.286632 3.985530
v 3.859296 1.277723 3.930586
v 3.797051 1.272453 3.891963
v 3.730488 1.271338 3.873442
v 3.666121 1.274487 3.876836
v 3.610252 1.281591 3.901812
v 3.568350 1.291956 3.945926
v 3.544515 1.304566 4.004860
v 3.541082 1.318188 4.072845
v 3.558387 1.331488 4.143226
v 3.594734 1.343163 4.209113
v 3.639814 1.380930 4.266582
v 3.704457 1.386403 4.306693
v 3.773584 1.387561 4.325927
v 3.840430 1.384291 4.322403
v 3.898450 1.376913 4.296464
v 3.941967 1.366149 4.250651
v 3.966719 1.353053 4.189447
v 3.970284 1.338906 4.118844
v 3.952314 1.325094 4.045753
v 3.914567 1.312969 3.977328
v 3.860737 1.303717 3.920267
v 3.796095 1.298244 3.880156
v 3.726967 1.297086 3.860922
v 3.660122 1.300356 3.864446
v 3.602101 1.307734 3.890385
v 3.558585 1.318498 3.936198
v 3.533832 1.331594 3.997402
v 3.530267 1.345741 4.068005
v 3.548238 1.359552 4.141096
v 3.585985 1.371678 4.209521
v 3.635715 1.409529 4.264745
v 3.701163 1.415070 4.305356
v 3.771152 1.416243 4.324830
v 3.838830 1.412932 4.321261
v 3.897574 1.405462 4.295000
v 3.941633 1.394564 4.248615
v 3.966694 1.381305 4.186649
v 3.970304 1.366982 4.115165
v 3.952110 1.352998 4.041162
v 3.913892 1.340721 3.971885
v 3.859391 1.331354 3.914113
v 3.793943 1.325813 3.873503
v 3.723954 1.324640 3.854028
v 3.656275 1.327951 3.857597
v 3.597531 1.335421 3.883858
v 3.553473 1.346319 3.930243
v 3.528412 1.359579 3.992209
v 3.524802 1.373901 4.063693
v 3.542996 1.387885 4.137695
v 3.581214 1.400162 4.206973
v 3.634369 1.437166 4.258591
v 3.699011 1.442639 4.298702
v 3.768138 1.443797 4.317936
v 3.834984 1.440527 4.314412
v 3.893005 1.433149 4.288473
v 3.936521 1.422385 4.242660
v 3.961274 1.409289 4.181456
v 3.964839 1.395143 4.110853
v 3.946868 1.381331 4.037762
v 3.909121 1.369206 3.969337
v 3.855291 1.359954 3.912276
v 3.790649 1.354481 3.872165
v 3.721522 1.353323 3.852931
v 3.654676 1.356593 3.856455
v 3.596656 1.363971 3.882394
v 3.553139 1.374735 3.928207
v 3.528387 1.387831 3.989411
v 3.524821 1.401977 4.060014
v 3.542792 1.415789 4.133105
v 3.580539 1.427914 4.201530
v 3.635810 1.463160 4.248272
v 3.698055 1.468430 4.286895
v 3.764618 1.469545 4.305416
v 3.828985 1.466397 4.302022
v 3.884853 1.459292 4.277046
v 3.926756 1.448927 4.232932
v 3.950590 1.436317 4.173998
v 3.954023 1.422695 4.106013
v 3.936719 1.409396 4.035633
v 3.900372 1.397720 3.969746
v 3.848539 1.388811 3.914801
v 3.786294 1.383541 3.876178
v 3.719731 1.382426 3.857657
v 3.655364 1.385575 3.861051
v 3.599495 1.392679 3.886027
v 3.557593 1.403044 3.930141
v 3.533758 1.415654 3.989075
v 3.530325 1.429276 4.057060
v 3.547630 1.442576 4.127440
v 3.583977 1.454251 4.193327
v 3.640002 1.486871 4.234042
v 3.698317 1.491808 4.270226
v 3.760678 1.492853 4.287578
v 3.820980 1.489903 4.284398
v 3.873321 1.483247 4.260999
v 3.912578 1.473537 4.219670
v 3.934907 1.461723 4.164457
v 3.938124 1.448961 4.100765
v 3.921912 1.436502 4.034828
v 3.887860 1.425563 3.973101
v 3.839300 1.417217 3.921626
v 3.780985 1.412279 3.885442
v 3.718625 1.411235 3.868090
v 3.658322 1.414185 3.871270
v 3.605981 1.420841 3.894669
v 3.566724 1.430551 3.935998
v 3.544395 1.442365 3.991211
v 3.541178 1.455127 4.054903
v 3.557390 1.467587 4.120839
v 3.591442 1.478525 4.182566
v 3.646843 1.507715 4.216250
v 3.699792 1.512198 4.249105
v 3.756414 1.513147 4.264860
v 3.811168 1.510468 4.261973
v 3.858692 1.504425 4.240727
v 3.894337 1.495608 4.203201
v 3.914612 1.484881 4.153069
v 3.917532 1.473294 4.095238
v 3.902812 1.461980 4.035368
v 3.871893 1.452049 3.979321
v 3.827801 1.444470 3.932583
v 3.774853 1.439987 3.899728
v 3.718231 1.439039 3.883973
v 3.663477 1.441717 3.886860
v 3.615952 1.447761 3.908107
v 3.580308 1.456577 3.945632
v 3.560033 1.467304 3.995764
v 3.557113 1.478892 4.053596
v 3.571833 1.490205 4.113465
v 3.602752 1.500137 4.169512
v 3.656164 1.525179 4.195336
v 3.702443 1.529097 4.224052
v 3.751932 1.529927 4.237823
v 3.799788 1.527586 4.235300
v 3.841327 1.522303 4.216730
v 3.872481 1.514597 4.183931
v 3.890202 1.505221 4.140114
v 3.892755 1.495094 4.089568
v 3.879889 1.485206 4.037240
v 3.852865 1.476525 3.988253
v 3.814327 1.469901 3.947402
v 3.768048 1.465983 3.918686
v 3.718559 1.465154 3.904916
v 3.670703 1.467495 3.907439
v 3.629164 1.472777 3.926009
v 3.598010 1.480483 3.958807
v 3.580289 1.489859 4.002625
v 3.577737 1.499987 4.053171
v 3.590602 1.509875 4.105499
v 3.617626 1.518556 4.154485
v 3.667735 1.538833 4.171814
v 3.706204 1.542090 4.195684
v 3.747343 1.542779 4.207131
v 3.787123 1.540833 4.205034
v 3.821652 1.536442 4.189598
v 3.847550 1.530037 4.162333
v 3.862280 1.522243 4.125911
v 3.864402 1.513824 4.083894
v 3.853707 1.505605 4.040396
v 3.831244 1.498389 3.999676
v 3.799209 1.492883 3.965718
v 3.760739 1.489626 3.941848
v 3.719601 1.488937 3.930401
v 3.679820 1.490883 3.932498
v 3.645291 1.495273 3.947935
v 3.619394 1.501679 3.975199
v 3.604664 1.509473 4.011622
v 3.602542 1.517891 4.053639
v 3.613236 1.526111 4.097136
v 3.635700 1.533327 4.137857
v 3.681271 1.548340 4.146264
v 3.710984 1.550856 4.164701
v 3.742758 1.551388 4.173542
v 3.773484 1.549885 4.171922
v 3.800153 1.546494 4.159999
v 3.820156 1.541546 4.138941
v 3.831533 1.535527 4.110809
v 3.833172 1.529024 4.078356
v 3.824912 1.522676 4.044760
v 3.807561 1.517102 4.013309
v 3.782818 1.512850 3.987080
v 3.753106 1.510334 3.968644
v 3.721331 1.509802 3.959803
v 3.690606 1.511305 3.961423
v 3.663936 1.514696 3.973345
v 3.643934 1.519644 3.994403
v 3.632557 1.525663 4.022535
v 3.630918 1.532166 4.054988
v 3.639178 1.538514 4.088585
v 3.656529 1.544088 4.120036
v 3.696440 1.553468 4.119314
v 3.716664 1.555180 4.131864
v 3.738292 1.555542 4.137882
v 3.759206 1.554519 4.136779
v 3.777359 1.552211 4.128664
v 3.790974 1.548843 4.114330
v 3.798718 1.544746 4.095181
v 3.799834 1.540320 4.073092
v 3.794211 1.535998 4.050223
v 3.782401 1.532205 4.028815
v 3.765559 1.529310 4.010963
v 3.745335 1.527598 3.998414
v 3.723707 1.527235 3.992396
v 3.702793 1.528258 3.993498
v 3.684640 1.530567 4.001614
v 3.671025 1.533935 4.015947
v 3.663281 1.538032 4.035096
v 3.662166 1.542458 4.057186
v 3.667788 1.546779 4.080054
v 3.679598 1.550573 4.101461
v 3.712867 1.554088 4.091629
v 3.723105 1.554955 4.097981
v 3.734054 1.555138 4.101027
v 3.744641 1.554620 4.100470
v 3.753831 1.553452 4.096361
v 3.760723 1.551747 4.089105
v 3.764643 1.549672 4.079412
v 3.765208 1.547432 4.068229
v 3.762362 1.545244 4.056653
v 3.756383 1.543324 4.045815
v 3.747858 1.541858 4.036777
v 3.737619 1.540992 4.030425
v 3.726670 1.540808 4.027378
v 3.716083 1.541326 4.027936
v 3.706893 1.542495 4.032044
v 3.700001 1.544199 4.039301
v 3.696081 1.546274 4.048995
v 3.695516 1.548514 4.060177
v 3.698362 1.550702 4.071754
v 3.704341 1.552622 4.082591
v 3.764958 1.190697 4.114970
v 3.730148 1.550186 4.063889
vt 0.808112 0.017012
vt 0.810446 0.017012
vt 0.812780 0.017012
vt 0.815114 0.017012
vt 0.817448 0.017012
vt 0.819782 0.017012
vt 0.822116 0.017012
vt 0.824450 0.017012
vt 0.826784 0.017012
vt 0.829118 0.017012
vt 0.831452 0.017012
vt 0.833786 0.017012
vt 0.836120 0.017012
vt 0.838454 0.017012
vt 0.840788 0.017012
vt 0.843122 0.017012
vt 0.845456 0.017012
vt 0.847790 0.017012
vt 0.850124 0.017012
vt 0.852458 0.017012
vt 0.854792 0.017012
vt 0.808112 0.019346
vt 0.810446 0.019346
vt 0.812780 0.019346
vt 0.815114 0.019346
vt 0.817448 0.019346
vt 0.819782 0.019346
vt 0.822116 0.019346
vt 0.824450 0.019346
vt 0.826784 0.019346
vt 0.829118 0.019346
vt 0.831452 0.019346
vt 0.833786 0.019346
vt 0.836120 0.019346
vt 0.838454 0.019346
vt 0.840788 0.019346
vt 0.843122 0.019346
vt 0.845456 0.019346
vt 0.847790 0.019346
vt 0.850124 0.019346
vt 0.852458 0.019346
vt 0.854792 0.019346
vt 0.808112 0.021680
vt 0.810446 0.021680
vt 0.812780 0.021680
vt 0.815114 0.021680
vt 0.817448 0.021680
vt 0.819782 0.021680
vt 0.822116 0.021680
vt 0.824450 0.021680
vt 0.826784 0.021680
vt 0.829118 0.021680
vt 0.831452 0.021680
vt 0.833786 0.021680
vt 0.836120 0.021680
vt 0.838454 0.021680
vt 0.840788 0.021680
vt 0.843122 0.021680
vt 0.845456 0.021680
vt 0.847790 0.021680
vt 0.850124 0.021680
vt 0.852458 0.021680
vt 0.854792 0.021680
vt 0.808112 0.024014
vt 0.810446 0.024014
vt 0.812780 0.024014
vt 0.815114 0.024014
vt 0.817448 0.024014
vt 0.819782 0.024014
vt 0.822116 0.024014
vt 0.824450 0.024014
vt 0.826784 0.024014
vt 0.829118 0.024014
vt 0.831452 0.024014
vt 0.833786 0.024014
vt 0.836120 0.024014
vt 0.838454 0.024014
vt 0.840788 0.024014
vt 0.843122 0.024014
vt 0.845456 0.024014
vt 0.847790 0.024014
vt 0.850124 0.024014
vt 0.852458 0.024014
vt 0.854792 0.024014
vt 0.808112 0.026348
vt 0.810446 0.026348
vt 0.812780 0.026348
vt 0.815114 0.026348
vt 0.817448 0.026348
vt 0.819782 0.026348
vt 0.822116 0.026348
vt 0.824450 0.026348
vt 0.826784 0.026348
vt 0.829118 0.026348
vt 0.831452 0.026348
vt 0.833786 0.026348
vt 0.836120 0.026348
vt 0.838454 0.026348
vt 0.840788 0.026348
vt 0.843122 0.026348
vt 0.845456 0.026348
vt 0.847790 0.026348
vt 0.850124 0.026348
vt 0.852458 0.026348
vt 0.854792 0.026348
vt 0.808112 0.028682
vt 0.810446 0.028682
vt 0.812780 0.028682
vt 0.815114 0.028682
vt 0.817448 0.028682
vt 0.819782 0.028682
vt 0.822116 0.028682
vt 0.824450 0.028682
vt 0.826784 0.028682
vt 0.829118 0.028682
vt 0.831452 0.028682
vt 0.833786 0.028682
vt 0.836120 0.028682
vt 0.838454 0.028682
vt 0.840788 0.028682
vt 0.843122 0.028682
vt 0.845456 0.028682
vt 0.847790 0.028682
vt 0.850124 0.028682
vt 0.852458 0.028682
vt 0.854792 0.028682
vt 0.808112 0.031016
vt 0.810446 0.031016
vt 0.812780 0.031016
vt 0.815114 0.031016
vt 0.817448 0.031016
vt 0.819782 0.031016
vt 0.822116 0.031016
vt 0.824450 0.031016
vt 0.826784 0.031016
vt 0.829118 0.031016
vt 0.831452 0.031016
vt 0.833786 0.031016
vt 0.836120 0.031016
vt 0.838454 0.031016
vt 0.840788 0.031016
vt 0.843122 0.031016
vt 0.845456 0.031016
vt 0.847790 0.031016
vt 0.850124 0.031016
vt 0.852458 0.031016
vt 0.854792 0.031016
vt 0.808112 0.033350
vt 0.810446 0.033350
vt 0.812780 0.033350
vt 0.815114 0.033350
vt 0.817448 0.033350
vt 0.819782 0.033350
vt 0.822116 0.033350
vt 0.824450 0.033350
vt 0.826784 0.033350
vt 0.829118 0.033350
vt 0.831452 0.033350
vt 0.833786 0.033350
vt 0.836120 0.033350
vt 0.838454 0.033350
vt 0.840788 0.033350
vt 0.843122 0.033350
vt 0.845456 0.033350
vt 0.847790 0.033350
vt 0.850124 0.033350
vt 0.852458 0.033350
vt 0.854792 0.033350
vt 0.808112 0.035684
vt 0.810446 0.035684
vt 0.812780 0.035684
vt 0.815114 0.035684
vt 0.817448 0.035684
vt 0.819782 0.035684
vt 0.822116 0.035684
vt 0.824450 0.035684
vt 0.826784 0.035684
vt 0.829118 0.035684
vt 0.831452 0.035684
vt 0.833786 0.035684
vt 0.836120 0.035684
vt 0.838454 0.035684
vt 0.840788 0.035684
vt 0.843122 0.035684
vt 0.845456 0.035684
vt 0.847790 0.035684
vt 0.850124 0.035684
vt 0.852458 0.035684
vt 0.854792 0.035684
vt 0.808112 0.038019
vt 0.810446 0.038019
vt 0.812780 0.038019
vt 0.815114 0.038019
vt 0.817448 0.038019
vt 0.819782 0.038019
vt 0.822116 0.038019
vt 0.824450 0.038019
vt 0.826784 0.038019
vt 0.829118 0.038019
vt 0.831452 0.038019
vt 0.833786 0.038019
vt 0.836120 0.038019
vt 0.838454 0.038019
vt 0.840788 0.038019
vt 0.843122 0.038019
vt 0.845456 0.038019
vt 0.847790 0.038019
vt 0.850124 0.038019
vt 0.852458 0.038019
vt 0.854792 0.038019
vt 0.808112 0.040353
vt 0.810446 0.040353
vt 0.812780 0.040353
vt 0.815114 0.040353
vt 0.817448 0.040353
vt 0.819782 0.040353
vt 0.822116 0.040353
vt 0.824450 0.040353
vt 0.826784 0.040353
vt 0.829118 0.040353
vt 0.831452 0.040353
vt 0.833786 0.040353
vt 0.836120 0.040353
vt 0.838454 0.040353
vt 0.840788 0.040353
vt 0.843122 0.040353
vt 0.845456 0.040353
vt 0.847790 0.040353
vt 0.850124 0.040353
vt 0.852458 0.040353
vt 0.854792 0.040353
vt 0.808112 0.042687
vt 0.810446 0.042687
vt 0.812780 0.042687
vt 0.815114 0.042687
vt 0.817448 0.042687
vt 0.819782 0.042687
vt 0.822116 0.042687
vt 0.824450 0.042687
vt 0.826784 0.042687
vt 0.829118 0.042687
vt 0.831452 0.042687
vt 0.833786 0.042687
vt 0.836120 0.042687
vt 0.838454 0.042687
vt 0.840788 0.042687
vt 0.843122 0.042687
vt 0.845456 0.042687
vt 0.847790 0.042687
vt 0.850124 0.042687
vt 0.852458 0.042687
vt 0.854792 0.042687
vt 0.808112 0.045021
vt 0.810446 0.045021
vt 0.812780 0.045021
vt 0.815114 0.045021
vt 0.817448 0.045021
vt 0.819782 0.045021
vt 0.822116 0.045021
vt 0.824450 0.045021
vt 0.826784 0.045021
vt 0.829118 0.045021
vt 0.831452 0.045021
vt 0.833786 0.045021
vt 0.836120 0.045021
vt 0.838454 0.045021
vt 0.840788 0.045021
vt 0.843122 0.045021
vt 0.845456 0.045021
vt 0.847790 0.045021
vt 0.850124 0.045021
vt 0.852458 0.045021
vt 0.854792 0.045021
vt 0.808112 0.047355
vt 0.810446 0.047355
vt 0.812780 0.047355
vt 0.815114 0.047355
vt 0.817448 0.047355
vt 0.819782 0.047355
vt 0.822116 0.047355
vt 0.824450 0.047355
vt 0.826784 0.047355
vt 0.829118 0.047355
vt 0.831452 0.047355
vt 0.833786 0.047355
vt 0.836120 0.047355
vt 0.838454 0.047355
vt 0.840788 0.047355
vt 0.843122 0.047355
vt 0.845456 0.047355
vt 0.847790 0.047355
vt 0.850124 0.047355
vt 0.852458 0.047355
vt 0.854792 0.047355
vt 0.808112 0.049689
vt 0.810446 0.049689
vt 0.812780 0.049689
vt 0.815114 0.049689
vt 0.817448 0.049689
vt 0.819782 0.049689
vt 0.822116 0.049689
vt 0.824450 0.049689
vt 0.826784 0.049689
vt 0.829118 0.049689
vt 0.831452 0.049689
vt 0.833786 0.049689
vt 0.836120 0.049689
vt 0.838454 0.049689
vt 0.840788 0.049689
vt 0.843122 0.049689
vt 0.845456 0.049689
vt 0.847790 0.049689
vt 0.850124 0.049689
vt 0.852458 0.049689
vt 0.854792 0.049689
vt 0.808112 0.052023
vt 0.810446 0.052023
vt 0.812780 0.052023
vt 0.815114 0.052023
vt 0.817448 0.052023
vt 0.819782 0.052023
vt 0.822116 0.052023
vt 0.824450 0.052023
vt 0.826784 0.052023
vt 0.829118 0.052023
vt 0.831452 0.052023
vt 0.833786 0.052023
vt 0.836120 0.052023
vt 0.838454 0.052023
vt 0.840788 0.052023
vt 0.843122 0.052023
vt 0.845456 0.052023
vt 0.847790 0.052023
vt 0.850124 0.052023
vt 0.852458 0.052023
vt 0.854792 0.052023
vt 0.808112 0.054357
vt 0.810446 0.054357
vt 0.812780 0.054357
vt 0.815114 0.054357
vt 0.817448 0.054357
vt 0.819782 0.054357
vt 0.822116 0.054357
vt 0.824450 0.054357
vt 0.826784 0.054357
vt 0.829118 0.054357
vt 0.831452 0.054357
vt 0.833786 0.054357
vt 0.836120 0.054357
vt 0.838454 0.054357
vt 0.840788 0.054357
vt 0.843122 0.054357
vt 0.845456 0.054357
vt 0.847790 0.054357
vt 0.850124 0.054357
vt 0.852458 0.054357
vt 0.854792 0.054357
vt 0.808112 0.056691
vt 0.810446 0.056691
vt 0.812780 0.056691
vt 0.815114 0.056691
vt 0.817448 0.056691
vt 0.819782 0.056691
vt 0.822116 0.056691
vt 0.824450 0.056691
vt 0.826784 0.056691
vt 0.829118 0.056691
vt 0.831452 0.056691
vt 0.833786 0.056691
vt 0.836120 0.056691
vt 0.838454 0.056691
vt 0.840788 0.056691
vt 0.843122 0.056691
vt 0.845456 0.056691
vt 0.847790 0.056691
vt 0.850124 0.056691
vt 0.852458 0.056691
vt 0.854792 0.056691
vt 0.808112 0.059025
vt 0.810446 0.059025
vt 0.812780 0.059025
vt 0.815114 0.059025
vt 0.817448 0.059025
vt 0.819782 0.059025
vt 0.822116 0.059025
vt 0.824450 0.059025
vt 0.826784 0.059025
vt 0.829118 0.059025
vt 0.831452 0.059025
vt 0.833786 0.059025
vt 0.836120 0.059025
vt 0.838454 0.059025
vt 0.840788 0.059025
vt 0.843122 0.059025
vt 0.845456 0.059025
vt 0.847790 0.059025
vt 0.850124 0.059025
vt 0.852458 0.059025
vt 0.854792 0.059025
vt 0.809279 0.014678
vt 0.811613 0.014678
vt 0.813947 0.014678
vt 0.816281 0.014678
vt 0.818615 0.014678
vt 0.820949 0.014678
vt 0.823283 0.014678
vt 0.825617 0.014678
vt 0.827951 0.014678
vt 0.830285 0.014678
vt 0.832619 0.014678
vt 0.834953 0.014678
vt 0.837287 0.014678
vt 0.839621 0.014678
vt 0.841955 0.014678
vt 0.844289 0.014678
vt 0.846623 0.014678
vt 0.848957 0.014678
vt 0.851291 0.014678
vt 0.853625 0.014678
vt 0.809279 0.061359
vt 0.811613 0.061359
vt 0.813947 0.061359
vt 0.816281 0.061359
vt 0.818615 0.061359
vt 0.820949 0.061359
vt 0.823283 0.061359
vt 0.825617 0.061359
vt 0.827951 0.061359
vt 0.830285 0.061359
vt 0.832619 0.061359
vt 0.834953 0.061359
vt 0.837287 0.061359
vt 0.839621 0.061359
vt 0.841955 0.061359
vt 0.844289 0.061359
vt 0.846623 0.061359
vt 0.848957 0.061359
vt 0.851291 0.061359
vt 0.853625 0.061359
vn -0.145828 -0.936844 0.317894
vn -0.104964 -0.935894 0.336281
vn -0.147650 -0.891424 0.428443
vn -0.215728 -0.892213 0.396758
vn -0.056116 -0.938159 0.341627
vn -0.066273 -0.896202 0.438669
vn -0.003330 -0.943273 0.332002
vn 0.021983 -0.905396 0.423999
vn 0.047596 -0.950522 0.306990
vn 0.107815 -0.917328 0.383256
vn 0.090084 -0.958942 0.268914
vn 0.180248 -0.930210 0.319718
vn 0.118930 -0.967606 0.222698
vn 0.230104 -0.942778 0.241293
vn 0.131575 -0.975888 0.174154
vn 0.252438 -0.954651 0.157851
vn 0.127829 -0.983451 0.128393
vn 0.246316 -0.965999 0.078572
vn 0.108959 -0.990026 0.089312
vn 0.213565 -0.976869 0.010826
vn 0.076781 -0.995253 0.059799
vn 0.157518 -0.986716 -0.039749
vn 0.033568 -0.998538 0.042377
vn 0.082782 -0.994201 -0.068644
vn -0.017278 -0.999080 0.039254
vn -0.004115 -0.997358 -0.072525
vn -0.070826 -0.996152 0.051619
vn -0.094389 -0.994272 -0.050137
vn -0.120840 -0.989546 0.078722
vn -0.177586 -0.984099 -0.003496
vn -0.161125 -0.979941 0.117281
vn -0.243799 -0.967876 0.061461
vn -0.187475 -0.968785 0.162199
vn -0.286640 -0.948291 0.136318
vn -0.198347 -0.957735 0.208330
vn -0.303993 -0.928564 0.212970
vn -0.194141 -0.948168 0.251569
vn -0.296569 -0.911485 0.285031
vn -0.176136 -0.941023 0.288879
vn -0.266340 -0.899005 0.347638
vn -0.192305 -0.830075 0.523445
vn -0.288291 -0.830621 0.476400
vn -0.076626 -0.837637 0.540825
vn 0.050348 -0.851125 0.522543
vn 0.175282 -0.867485 0.465561
vn 0.281493 -0.883768 0.373785
vn 0.354564 -0.898471 0.258911
vn 0.386804 -0.912043 0.136236
vn 0.377158 -0.925936 0.019879
vn 0.328700 -0.941108 -0.079200
vn 0.246527 -0.957015 -0.152800
vn 0.137398 -0.971251 -0.194403
vn 0.010820 -0.979910 -0.199148
vn -0.120080 -0.978907 -0.165291
vn -0.239558 -0.966096 -0.096289
vn -0.333132 -0.942879 -0.001609
vn -0.392206 -0.913748 0.106017
vn -0.414817 -0.884131 0.215035
vn -0.402900 -0.858601 0.316980
vn -0.359642 -0.840231 0.405795
vn -0.235957 -0.752732 0.614588
vn -0.358530 -0.753624 0.550914
vn -0.086434 -0.762306 0.641420
vn 0.080431 -0.779170 0.621631
vn 0.246762 -0.798711 0.548789
vn 0.388412 -0.816579 0.427007
vn 0.484317 -0.831163 0.273139
vn 0.524490 -0.844330 0.109623
vn 0.509358 -0.859426 -0.044065
vn 0.444442 -0.878700 -0.174233
vn 0.336542 -0.901777 -0.271178
vn 0.193532 -0.925098 -0.326710
vn 0.026778 -0.942306 -0.333681
vn -0.146341 -0.946203 -0.288589
vn -0.303535 -0.932477 -0.195842
vn -0.424387 -0.902822 -0.069347
vn -0.498031 -0.864128 0.072446
vn -0.523751 -0.824583 0.213890
vn -0.505926 -0.790657 0.344819
vn -0.449567 -0.766357 0.458897
vn -0.277650 -0.658429 0.699558
vn -0.424982 -0.660980 0.618463
vn -0.095385 -0.668160 0.737878
vn 0.111863 -0.686323 0.718643
vn 0.321056 -0.706895 0.630256
vn 0.498293 -0.724178 0.476729
vn 0.614511 -0.736734 0.282135
vn 0.658852 -0.748213 0.078053
vn 0.635710 -0.763921 -0.110898
vn 0.554373 -0.787249 -0.270017
vn 0.422974 -0.818029 -0.389771
vn 0.248872 -0.851863 -0.460861
vn 0.043407 -0.880065 -0.472866
vn -0.172458 -0.891720 -0.418442
vn -0.368460 -0.879362 -0.301596
vn -0.516242 -0.844662 -0.141566
vn -0.602421 -0.797386 0.035561
vn -0.628866 -0.748856 0.209149
vn -0.603717 -0.707318 0.367732
vn -0.534338 -0.677355 0.505641
vn -0.316413 -0.545742 0.775918
vn -0.486376 -0.551939 0.677349
vn -0.103121 -0.552643 0.827014
vn 0.144038 -0.568727 0.809817
vn 0.396030 -0.587302 0.705859
vn 0.606696 -0.601981 0.519171
vn 0.738292 -0.611883 0.283767
vn 0.781756 -0.622167 0.042015
vn 0.748260 -0.639198 -0.177574
vn 0.651701 -0.666730 -0.361605
vn 0.500780 -0.704743 -0.502550
vn 0.300597 -0.748729 -0.590802
vn 0.060185 -0.788643 -0.611899
vn -0.197381 -0.810109 -0.552054
vn -0.432669 -0.801699 -0.412403
vn -0.606853 -0.764342 -0.217969
vn -0.703460 -0.710719 -0.004783
vn -0.728330 -0.655289 0.200329
vn -0.694645 -0.607695 0.384936
vn -0.612521 -0.572648 0.544878
vn -0.350846 -0.413458 0.840214
vn -0.540975 -0.425782 0.725297
vn -0.109109 -0.413587 0.903903
vn 0.175674 -0.423076 0.888901
vn 0.467507 -0.436164 0.768894
vn 0.706095 -0.447277 0.548975
vn 0.846042 -0.456215 0.275829
vn 0.883654 -0.468132 0.002736
vn 0.838777 -0.488565 -0.240328
vn 0.729650 -0.520511 -0.443484
vn 0.564603 -0.564025 -0.602577
vn 0.345243 -0.615363 -0.708615
vn 0.076278 -0.664806 -0.743112
vn -0.219349 -0.696060 -0.683657
vn -0.492943 -0.693806 -0.525015
vn -0.692629 -0.657205 -0.297231
vn -0.797797 -0.600975 -0.048472
vn -0.819331 -0.542028 0.186820
vn -0.776431 -0.490761 0.395359
vn -0.682179 -0.451569 0.575081
vn -0.378951 -0.261392 0.887733
vn -0.586340 -0.282384 0.759252
vn -0.112662 -0.250526 0.961532
vn 0.204513 -0.248722 0.946737
vn 0.528763 -0.253554 0.810013
vn 0.785987 -0.262267 0.559858
vn 0.926664 -0.274541 0.256753
vn 0.955463 -0.292685 -0.037767
vn 0.900512 -0.319198 -0.295281
vn 0.782896 -0.355506 -0.510578
vn 0.609826 -0.401705 -0.683188
vn 0.379234 -0.455409 -0.805472
vn 0.090592 -0.508877 -0.856060
vn -0.235808 -0.546576 -0.803523
vn -0.543890 -0.551138 -0.632795
vn -0.767389 -0.519240 -0.376171
vn -0.879937 -0.465542 -0.094768
vn -0.897545 -0.407672 0.167977
vn -0.845741 -0.355861 0.397599
vn -0.740569 -0.313842 0.594189
vn -0.398190 -0.091533 0.912725
vn -0.619296 -0.123017 0.775460
vn -0.113027 -0.066555 0.991360
vn 0.227405 -0.050470 0.972492
vn 0.571477 -0.046718 0.819287
vn 0.835384 -0.056632 0.546742
vn 0.970905 -0.077678 0.226516
vn 0.991336 -0.106392 -0.077032
vn 0.930042 -0.140925 -0.339356
vn 0.808886 -0.180958 -0.559426
vn 0.633754 -0.226622 -0.739593
vn 0.399811 -0.276888 -0.873776
vn 0.101971 -0.326779 -0.939584
vn -0.243821 -0.364260 -0.898813
vn -0.578211 -0.373550 -0.725350
vn -0.822265 -0.349496 -0.449148
vn -0.942069 -0.303904 -0.141947
vn -0.956984 -0.252282 0.143303
vn -0.898056 -0.203463 0.389999
vn -0.784032 -0.160286 0.599668
vn -0.405867 0.090828 0.909407
vn -0.636221 0.048755 0.769965
vn -0.109554 0.130149 0.985423
vn 0.241137 0.159635 0.957272
vn 0.588662 0.168855 0.790547
vn 0.847323 0.153233 0.508492
vn 0.975015 0.119749 0.187099
vn 0.990501 0.078710 -0.112751
vn 0.927952 0.036072 -0.370949
vn 0.808234 -0.006404 -0.588827
vn 0.636218 -0.048757 -0.769967
vn 0.405867 -0.090830 -0.909407
vn 0.109557 -0.130149 -0.985423
vn -0.241136 -0.159636 -0.957272
vn -0.588663 -0.168857 -0.790546
vn -0.847326 -0.153232 -0.508488
vn -0.975015 -0.119745 -0.187099
vn -0.990502 -0.078703 0.112751
vn -0.927952 -0.036074 0.370950
vn -0.808236 0.006398 0.588824
vn -0.399810 0.276882 0.873778
vn -0.633759 0.226616 0.739591
vn -0.101971 0.326773 0.939586
vn 0.243819 0.364255 0.898816
vn 0.578210 0.373549 0.725351
vn 0.822266 0.349495 0.449146
vn 0.942069 0.303903 0.141945
vn 0.956983 0.252286 -0.143301
vn 0.898055 0.203465 -0.389999
vn 0.784031 0.160288 -0.599669
vn 0.619295 0.123024 -0.775461
vn 0.398189 0.091540 -0.912724
vn 0.113028 0.066562 -0.991360
vn -0.227397 0.050475 -0.972493
vn -0.571474 0.046717 -0.819290
vn -0.835385 0.056632 -0.546741
vn -0.970904 0.077685 -0.226517
vn -0.991335 0.106398 0.077035
vn -0.930040 0.140928 0.339358
vn -0.808887 0.180957 0.559425
vn -0.379236 0.455411 0.805469
vn -0.609830 0.401702 0.683186
vn -0.090587 0.508879 0.856059
vn 0.235807 0.546576 0.803524
vn 0.543890 0.551139 0.632795
vn 0.767390 0.519238 0.376171
vn 0.879938 0.465540 0.094769
vn 0.897546 0.407671 -0.167975
vn 0.845740 0.355863 -0.397599
vn 0.740569 0.313846 -0.594187
vn 0.586341 0.282381 -0.759253
vn 0.378945 0.261386 -0.887738
vn 0.112662 0.250520 -0.961534
vn -0.204508 0.248723 -0.946738
vn -0.528761 0.253557 -0.810013
vn -0.785984 0.262270 -0.559860
vn -0.926663 0.274543 -0.256754
vn -0.955463 0.292685 0.037768
vn -0.900512 0.319199 0.295281
vn -0.782897 0.355505 0.510577
vn -0.345244 0.615367 0.708612
vn -0.564604 0.564027 0.602575
vn -0.076278 0.664809 0.743109
vn 0.219348 0.696059 0.683658
vn 0.492945 0.693804 0.525015
vn 0.692630 0.657204 0.297232
vn 0.797799 0.600972 0.048474
vn 0.819335 0.542023 -0.186820
vn 0.776431 0.490760 -0.395361
vn 0.682180 0.451569 -0.575079
vn 0.540977 0.425778 -0.725298
vn 0.350845 0.413451 -0.840218
vn 0.109103 0.413582 -0.903906
vn -0.175675 0.423078 -0.888900
vn -0.467504 0.436168 -0.768893
vn -0.706096 0.447274 -0.548976
vn -0.846044 0.456210 -0.275829
vn -0.883656 0.468129 -0.002735
vn -0.838779 0.488563 0.240326
vn -0.729650 0.520513 0.443483
vn -0.300595 0.748730 0.590802
vn -0.500781 0.704745 0.502547
vn -0.060184 0.788642 0.611901
vn 0.197380 0.810108 0.552056
vn 0.432672 0.801697 0.412404
vn 0.606857 0.764339 0.217971
vn 0.703461 0.710718 0.004785
vn 0.728328 0.655291 -0.200329
vn 0.694642 0.607698 -0.384935
vn 0.612519 0.572652 -0.544877
vn 0.486372 0.551941 -0.677350
vn 0.316412 0.545746 -0.775916
vn 0.103119 0.552649 -0.827010
vn -0.144040 0.568727 -0.809816
vn -0.396029 0.587301 -0.705860
vn -0.606698 0.601978 -0.519173
vn -0.738294 0.611881 -0.283767
vn -0.781761 0.622161 -0.042013
vn -0.748265 0.639191 0.177577
vn -0.651702 0.666727 0.361605
vn -0.248870 0.851865 0.460857
vn -0.422977 0.818027 0.389771
vn -0.043410 0.880064 0.472867
vn 0.172457 0.891719 0.418446
vn 0.368462 0.879360 0.301598
vn 0.516245 0.844659 0.141569
vn 0.602422 0.797386 -0.035561
vn 0.628865 0.748856 -0.209151
vn 0.603721 0.707314 -0.367734
vn 0.534340 0.677354 -0.505641
vn 0.424979 0.660979 -0.618466
vn 0.277649 0.658428 -0.699560
vn 0.095388 0.668160 -0.737878
vn -0.111865 0.686321 -0.718644
vn -0.321059 0.706892 -0.630257
vn -0.498292 0.724177 -0.476731
vn -0.614509 0.736734 -0.282137
vn -0.658856 0.748209 -0.078053
vn -0.635716 0.763915 0.110900
vn -0.554379 0.787245 0.270018
vn -0.193531 0.925097 0.326712
vn -0.336543 0.901776 0.271181
vn -0.026781 0.942306 0.333679
vn 0.146339 0.946203 0.288590
vn 0.303538 0.932475 0.195843
vn 0.424391 0.902820 0.069347
vn 0.498030 0.864128 -0.072448
vn 0.523752 0.824581 -0.213891
vn 0.505932 0.790654 -0.344818
vn 0.449565 0.766359 -0.458896
vn 0.358527 0.753627 -0.550913
vn 0.235959 0.752729 -0.614591
vn 0.086436 0.762304 -0.641422
vn -0.080435 0.779171 -0.621629
vn -0.246768 0.798710 -0.548788
vn -0.388413 0.816577 -0.427010
vn -0.484316 0.831163 -0.273141
vn -0.524494 0.844328 -0.109624
vn -0.509359 0.859425 0.044064
vn -0.444440 0.878701 0.174232
vn -0.137398 0.971251 0.194404
vn -0.246529 0.957015 0.152797
vn -0.010818 0.979909 0.199150
vn 0.120082 0.978908 0.165288
vn 0.239557 0.966096 0.096285
vn 0.333130 0.942880 0.001607
vn 0.392204 0.913749 -0.106019
vn 0.414817 0.884131 -0.215033
vn 0.402901 0.858601 -0.316980
vn 0.359643 0.840230 -0.405796
vn 0.288292 0.830622 -0.476397
vn 0.192309 0.830075 -0.523443
vn 0.076630 0.837637 -0.540825
vn -0.050353 0.851126 -0.522541
vn -0.175284 0.867483 -0.465562
vn -0.281492 0.883768 -0.373787
vn -0.354563 0.898471 -0.258911
vn -0.386805 0.912043 -0.136236
vn -0.377159 0.925935 -0.019879
vn -0.328701 0.941108 0.079197
vn -0.082780 0.994201 0.068645
vn -0.157514 0.986717 0.039746
vn 0.004120 0.997358 0.072526
vn 0.094392 0.994272 0.050138
vn 0.177586 0.984099 0.003495
vn 0.243799 0.967876 -0.061463
vn 0.286638 0.948292 -0.136314
vn 0.303995 0.928564 -0.212968
vn 0.296572 0.911483 -0.285035
vn 0.266341 0.899003 -0.347642
vn 0.215729 0.892214 -0.396755
vn 0.147657 0.891424 -0.428440
vn 0.066278 0.896200 -0.438672
vn -0.021985 0.905395 -0.424001
vn -0.107810 0.917328 -0.383257
vn -0.180248 0.930210 -0.319719
vn -0.230107 0.942777 -0.241293
vn -0.252435 0.954652 -0.157850
vn -0.246321 0.965998 -0.078571
vn -0.213566 0.976869 -0.010831
vn -0.033569 0.998538 -0.042379
vn -0.076776 0.995253 -0.059802
vn 0.017281 0.999080 -0.039259
vn 0.070823 0.996153 -0.051615
vn 0.120840 0.989546 -0.078719
vn 0.161131 0.979939 -0.117285
vn 0.187472 0.968787 -0.162193
vn 0.198348 0.957735 -0.208329
vn 0.194139 0.948167 -0.251574
vn 0.176125 0.941024 -0.288885
vn 0.145826 0.936845 -0.317893
vn 0.104967 0.935897 -0.336272
vn 0.056112 0.938158 -0.341631
vn 0.003336 0.943271 -0.332007
vn -0.047587 0.950523 -0.306989
vn -0.090091 0.958942 -0.268913
vn -0.118933 0.967604 -0.222704
vn -0.131573 0.975890 -0.174150
vn -0.127826 0.983452 -0.128388
vn -0.108953 0.990026 -0.089314
vn -0.037418 -0.980216 0.194364
vn 0.037417 0.980216 -0.194363
s 1
g Mushroom2 Shrooms Dot4
usemtl lambert10SG
f 3881/4852/5633 3882/4853/5634 3902/4874/5635 3901/4873/5636
f 3882/4853/5634 3883/4854/5637 3903/4875/5638 3902/4874/5635
f 3883/4854/5637 3884/4855/5639 3904/4876/5640 3903/4875/5638
f 3884/4855/5639 3885/4856/5641 3905/4877/5642 3904/4876/5640
f 3885/4856/5641 3886/4857/5643 3906/4878/5644 3905/4877/5642
f 3886/4857/5643 3887/4858/5645 3907/4879/5646 3906/4878/5644
f 3887/4858/5645 3888/4859/5647 3908/4880/5648 3907/4879/5646
f 3888/4859/5647 3889/4860/5649 3909/4881/5650 3908/4880/5648
f 3889/4860/5649 3890/4861/5651 3910/4882/5652 3909/4881/5650
f 3890/4861/5651 3891/4862/5653 3911/4883/5654 3910/4882/5652
f 3891/4862/5653 3892/4863/5655 3912/4884/5656 3911/4883/5654
f 3892/4863/5655 3893/4864/5657 3913/4885/5658 3912/4884/5656
f 3893/4864/5657 3894/4865/5659 3914/4886/5660 3913/4885/5658
f 3894/4865/5659 3895/4866/5661 3915/4887/5662 3914/4886/5660
f 3895/4866/5661 3896/4867/5663 3916/4888/5664 3915/4887/5662
f 3896/4867/5663 3897/4868/5665 3917/4889/5666 3916/4888/5664
f 3897/4868/5665 3898/4869/5667 3918/4890/5668 3917/4889/5666
f 3898/4869/5667 3899/4870/5669 3919/4891/5670 3918/4890/5668
f 3899/4870/5669 3900/4871/5671 3920/4892/5672 3919/4891/5670
f 3900/4871/5671 3881/4872/5633 3901/4893/5636 3920/4892/5672
f 3901/4873/5636 3902/4874/5635 3922/4895/5673 3921/4894/5674
f 3902/4874/5635 3903/4875/5638 3923/4896/5675 3922/4895/5673
f 3903/4875/5638 3904/4876/5640 3924/4897/5676 3923/4896/5675
f 3904/4876/5640 3905/4877/5642 3925/4898/5677 3924/4897/5676
f 3905/4877/5642 3906/4878/5644 3926/4899/5678 3925/4898/5677
f 3906/4878/5644 3907/4879/5646 3927/4900/5679 3926/4899/5678
f 3907/4879/5646 3908/4880/5648 3928/4901/5680 3927/4900/5679
f 3908/4880/5648 3909/4881/5650 3929/4902/5681 3928/4901/5680
f 3909/4881/5650 3910/4882/5652 3930/4903/5682 3929/4902/5681
f 3910/4882/5652 3911/4883/5654 3931/4904/5683 3930/4903/5682
f 3911/4883/5654 3912/4884/5656 3932/4905/5684 3931/4904/5683
f 3912/4884/5656 3913/4885/5658 3933/4906/5685 3932/4905/5684
f 3913/4885/5658 3914/4886/5660 3934/4907/5686 3933/4906/5685
f 3914/4886/5660 3915/4887/5662 3935/4908/5687 3934/4907/5686
f 3915/4887/5662 3916/4888/5664 3936/4909/5688 3935/4908/5687
f 3916/4888/5664 3917/4889/5666 3937/4910/5689 3936/4909/5688
f 3917/4889/5666 3918/4890/5668 3938/4911/5690 3937/4910/5689
f 3918/4890/5668 3919/4891/5670 3939/4912/5691 3938/4911/5690
f 3919/4891/5670 3920/4892/5672 3940/4913/5692 3939/4912/5691
f 3920/4892/5672 3901/4893/5636 3921/4914/5674 3940/4913/5692
f 3921/4894/5674 3922/4895/5673 3942/4916/5693 3941/4915/5694
f 3922/4895/5673 3923/4896/5675 3943/4917/5695 3942/4916/5693
f 3923/4896/5675 3924/4897/5676 3944/4918/5696 3943/4917/5695
f 3924/4897/5676 3925/4898/5677 3945/4919/5697 3944/4918/5696
f 3925/4898/5677 3926/4899/5678 3946/4920/5698 3945/4919/5697
f 3926/4899/5678 3927/4900/5679 3947/4921/5699 3946/4920/5698
f 3927/4900/5679 3928/4901/5680 3948/4922/5700 3947/4921/5699
f 3928/4901/5680 3929/4902/5681 3949/4923/5701 3948/4922/5700
f 3929/4902/5681 3930/4903/5682 3950/4924/5702 3949/4923/5701
f 3930/4903/5682 3931/4904/5683 3951/4925/5703 3950/4924/5702
f 3931/4904/5683 3932/4905/5684 3952/4926/5704 3951/4925/5703
f 3932/4905/5684 3933/4906/5685 3953/4927/5705 3952/4926/5704
f 3933/4906/5685 3934/4907/5686 3954/4928/5706 3953/4927/5705
f 3934/4907/5686 3935/4908/5687 3955/4929/5707 3954/4928/5706
f 3935/4908/5687 3936/4909/5688 3956/4930/5708 3955/4929/5707
f 3936/4909/5688 3937/4910/5689 3957/4931/5709 3956/4930/5708
f 3937/4910/5689 3938/4911/5690 3958/4932/5710 3957/4931/5709
f 3938/4911/5690 3939/4912/5691 3959/4933/5711 3958/4932/5710
f 3939/4912/5691 3940/4913/5692 3960/4934/5712 3959/4933/5711
f 3940/4913/5692 3921/4914/5674 3941/4935/5694 3960/4934/5712
f 3941/4915/5694 3942/4916/5693 3962/4937/5713 3961/4936/5714
f 3942/4916/5693 3943/4917/5695 3963/4938/5715 3962/4937/5713
f 3943/4917/5695 3944/4918/5696 3964/4939/5716 3963/4938/5715
f 3944/4918/5696 3945/4919/5697 3965/4940/5717 3964/4939/5716
f 3945/4919/5697 3946/4920/5698 3966/4941/5718 3965/4940/5717
f 3946/4920/5698 3947/4921/5699 3967/4942/5719 3966/4941/5718
f 3947/4921/5699 3948/4922/5700 3968/4943/5720 3967/4942/5719
f 3948/4922/5700 3949/4923/5701 3969/4944/5721 3968/4943/5720
f 3949/4923/5701 3950/4924/5702 3970/4945/5722 3969/4944/5721
f 3950/4924/5702 3951/4925/5703 3971/4946/5723 3970/4945/5722
f 3951/4925/5703 3952/4926/5704 3972/4947/5724 3971/4946/5723
f 3952/4926/5704 3953/4927/5705 3973/4948/5725 3972/4947/5724
f 3953/4927/5705 3954/4928/5706 3974/4949/5726 3973/4948/5725
f 3954/4928/5706 3955/4929/5707 3975/4950/5727 3974/4949/5726
f 3955/4929/5707 3956/4930/5708 3976/4951/5728 3975/4950/5727
f 3956/4930/5708 3957/4931/5709 3977/4952/5729 3976/4951/5728
f 3957/4931/5709 3958/4932/5710 3978/4953/5730 3977/4952/5729
f 3958/4932/5710 3959/4933/5711 3979/4954/5731 3978/4953/5730
f 3959/4933/5711 3960/4934/5712 3980/4955/5732 3979/4954/5731
f 3960/4934/5712 3941/4935/5694 3961/4956/5714 3980/4955/5732
f 3961/4936/5714 3962/4937/5713 3982/4958/5733 3981/4957/5734
f 3962/4937/5713 3963/4938/5715 3983/4959/5735 3982/4958/5733
f 3963/4938/5715 3964/4939/5716 3984/4960/5736 3983/4959/5735
f 3964/4939/5716 3965/4940/5717 3985/4961/5737 3984/4960/5736
f 3965/4940/5717 3966/4941/5718 3986/4962/5738 3985/4961/5737
f 3966/4941/5718 3967/4942/5719 3987/4963/5739 3986/4962/5738
f 3967/4942/5719 3968/4943/5720 3988/4964/5740 3987/4963/5739
f 3968/4943/5720 3969/4944/5721 3989/4965/5741 3988/4964/5740
f 3969/4944/5721 3970/4945/5722 3990/4966/5742 3989/4965/5741
f 3970/4945/5722 3971/4946/5723 3991/4967/5743 3990/4966/5742
f 3971/4946/5723 3972/4947/5724 3992/4968/5744 3991/4967/5743
f 3972/4947/5724 3973/4948/5725 3993/4969/5745 3992/4968/5744
f 3973/4948/5725 3974/4949/5726 3994/4970/5746 3993/4969/5745
f 3974/4949/5726 3975/4950/5727 3995/4971/5747 3994/4970/5746
f 3975/4950/5727 3976/4951/5728 3996/4972/5748 3995/4971/5747
f 3976/4951/5728 3977/4952/5729 3997/4973/5749 3996/4972/5748
f 3977/4952/5729 3978/4953/5730 3998/4974/5750 3997/4973/5749
f 3978/4953/5730 3979/4954/5731 3999/4975/5751 3998/4974/5750
f 3979/4954/5731 3980/4955/5732 4000/4976/5752 3999/4975/5751
f 3980/4955/5732 3961/4956/5714 3981/4977/5734 4000/4976/5752
f 3981/4957/5734 3982/4958/5733 4002/4979/5753 4001/4978/5754
f 3982/4958/5733 3983/4959/5735 4003/4980/5755 4002/4979/5753
f 3983/4959/5735 3984/4960/5736 4004/4981/5756 4003/4980/5755
f 3984/4960/5736 3985/4961/5737 4005/4982/5757 4004/4981/5756
f 3985/4961/5737 3986/4962/5738 4006/4983/5758 4005/4982/5757
f 3986/4962/5738 3987/4963/5739 4007/4984/5759 4006/4983/5758
f 3987/4963/5739 3988/4964/5740 4008/4985/5760 4007/4984/5759
f 3988/4964/5740 3989/4965/5741 4009/4986/5761 4008/4985/5760
f 3989/4965/5741 3990/4966/5742 4010/4987/5762 4009/4986/5761
f 3990/4966/5742 3991/4967/5743 4011/4988/5763 4010/4987/5762
f 3991/4967/5743 3992/4968/5744 4012/4989/5764 4011/4988/5763
f 3992/4968/5744 3993/4969/5745 4013/4990/5765 4012/4989/5764
f 3993/4969/5745 3994/4970/5746 4014/4991/5766 4013/4990/5765
f 3994/4970/5746 3995/4971/5747 4015/4992/5767 4014/4991/5766
f 3995/4971/5747 3996/4972/5748 4016/4993/5768 4015/4992/5767
f 3996/4972/5748 3997/4973/5749 4017/4994/5769 4016/4993/5768
f 3997/4973/5749 3998/4974/5750 4018/4995/5770 4017/4994/5769
f 3998/4974/5750 3999/4975/5751 4019/4996/5771 4018/4995/5770
f 3999/4975/5751 4000/4976/5752 4020/4997/5772 4019/4996/5771
f 4000/4976/5752 3981/4977/5734 4001/4998/5754 4020/4997/5772
f 4001/4978/5754 4002/4979/5753 4022/5000/5773 4021/4999/5774
f 4002/4979/5753 4003/4980/5755 4023/5001/5775 4022/5000/5773
f 4003/4980/5755 4004/4981/5756 4024/5002/5776 4023/5001/5775
f 4004/4981/5756 4005/4982/5757 4025/5003/5777 4024/5002/5776
f 4005/4982/5757 4006/4983/5758 4026/5004/5778 4025/5003/5777
f 4006/4983/5758 4007/4984/5759 4027/5005/5779 4026/5004/5778
f 4007/4984/5759 4008/4985/5760 4028/5006/5780 4027/5005/5779
f 4008/4985/5760 4009/4986/5761 4029/5007/5781 4028/5006/5780
f 4009/4986/5761 4010/4987/5762 4030/5008/5782 4029/5007/5781
f 4010/4987/5762 4011/4988/5763 4031/5009/5783 4030/5008/5782
f 4011/4988/5763 4012/4989/5764 4032/5010/5784 4031/5009/5783
f 4012/4989/5764 4013/4990/5765 4033/5011/5785 4032/5010/5784
f 4013/4990/5765 4014/4991/5766 4034/5012/5786 4033/5011/5785
f 4014/4991/5766 4015/4992/5767 4035/5013/5787 4034/5012/5786
f 4015/4992/5767 4016/4993/5768 4036/5014/5788 4035/5013/5787
f 4016/4993/5768 4017/4994/5769 4037/5015/5789 4036/5014/5788
f 4017/4994/5769 4018/4995/5770 4038/5016/5790 4037/5015/5789
f 4018/4995/5770 4019/4996/5771 4039/5017/5791 4038/5016/5790
f 4019/4996/5771 4020/4997/5772 4040/5018/5792 4039/5017/5791
f 4020/4997/5772 4001/4998/5754 4021/5019/5774 4040/5018/5792
f 4021/4999/5774 4022/5000/5773 4042/5021/5793 4041/5020/5794
f 4022/5000/5773 4023/5001/5775 4043/5022/5795 4042/5021/5793
f 4023/5001/5775 4024/5002/5776 4044/5023/5796 4043/5022/5795
f 4024/5002/5776 4025/5003/5777 4045/5024/5797 4044/5023/5796
f 4025/5003/5777 4026/5004/5778 4046/5025/5798 4045/5024/5797
f 4026/5004/5778 4027/5005/5779 4047/5026/5799 4046/5025/5798
f 4027/5005/5779 4028/5006/5780 4048/5027/5800 4047/5026/5799
f 4028/5006/5780 4029/5007/5781 4049/5028/5801 4048/5027/5800
f 4029/5007/5781 4030/5008/5782 4050/5029/5802 4049/5028/5801
f 4030/5008/5782 4031/5009/5783 4051/5030/5803 4050/5029/5802
f 4031/5009/5783 4032/5010/5784 4052/5031/5804 4051/5030/5803
f 4032/5010/5784 4033/5011/5785 4053/5032/5805 4052/5031/5804
f 4033/5011/5785 4034/5012/5786 4054/5033/5806 4053/5032/5805
f 4034/5012/5786 4035/5013/5787 4055/5034/5807 4054/5033/5806
f 4035/5013/5787 4036/5014/5788 4056/5035/5808 4055/5034/5807
f 4036/5014/5788 4037/5015/5789 4057/5036/5809 4056/5035/5808
f 4037/5015/5789 4038/5016/5790 4058/5037/5810 4057/5036/5809
f 4038/5016/5790 4039/5017/5791 4059/5038/5811 4058/5037/5810
f 4039/5017/5791 4040/5018/5792 4060/5039/5812 4059/5038/5811
f 4040/5018/5792 4021/5019/5774 4041/5040/5794 4060/5039/5812
f 4041/5020/5794 4042/5021/5793 4062/5042/5813 4061/5041/5814
f 4042/5021/5793 4043/5022/5795 4063/5043/5815 4062/5042/5813
f 4043/5022/5795 4044/5023/5796 4064/5044/5816 4063/5043/5815
f 4044/5023/5796 4045/5024/5797 4065/5045/5817 4064/5044/5816
f 4045/5024/5797 4046/5025/5798 4066/5046/5818 4065/5045/5817
f 4046/5025/5798 4047/5026/5799 4067/5047/5819 4066/5046/5818
f 4047/5026/5799 4048/5027/5800 4068/5048/5820 4067/5047/5819
f 4048/5027/5800 4049/5028/5801 4069/5049/5821 4068/5048/5820
f 4049/5028/5801 4050/5029/5802 4070/5050/5822 4069/5049/5821
f 4050/5029/5802 4051/5030/5803 4071/5051/5823 4070/5050/5822
f 4051/5030/5803 4052/5031/5804 4072/5052/5824 4071/5051/5823
f 4052/5031/5804 4053/5032/5805 4073/5053/5825 4072/5052/5824
f 4053/5032/5805 4054/5033/5806 4074/5054/5826 4073/5053/5825
f 4054/5033/5806 4055/5034/5807 4075/5055/5827 4074/5054/5826
f 4055/5034/5807 4056/5035/5808 4076/5056/5828 4075/5055/5827
f 4056/5035/5808 4057/5036/5809 4077/5057/5829 4076/5056/5828
f 4057/5036/5809 4058/5037/5810 4078/5058/5830 4077/5057/5829
f 4058/5037/5810 4059/5038/5811 4079/5059/5831 4078/5058/5830
f 4059/5038/5811 4060/5039/5812 4080/5060/5832 4079/5059/5831
f 4060/5039/5812 4041/5040/5794 4061/5061/5814 4080/5060/5832
f 4061/5041/5814 4062/5042/5813 4082/5063/5833 4081/5062/5834
f 4062/5042/5813 4063/5043/5815 4083/5064/5835 4082/5063/5833
f 4063/5043/5815 4064/5044/5816 4084/5065/5836 4083/5064/5835
f 4064/5044/5816 4065/5045/5817 4085/5066/5837 4084/5065/5836
f 4065/5045/5817 4066/5046/5818 4086/5067/5838 4085/5066/5837
f 4066/5046/5818 4067/5047/5819 4087/5068/5839 4086/5067/5838
f 4067/5047/5819 4068/5048/5820 4088/5069/5840 4087/5068/5839
f 4068/5048/5820 4069/5049/5821 4089/5070/5841 4088/5069/5840
f 4069/5049/5821 4070/5050/5822 4090/5071/5842 4089/5070/5841
f 4070/5050/5822 4071/5051/5823 4091/5072/5843 4090/5071/5842
f 4071/5051/5823 4072/5052/5824 4092/5073/5844 4091/5072/5843
f 4072/5052/5824 4073/5053/5825 4093/5074/5845 4092/5073/5844
f 4073/5053/5825 4074/5054/5826 4094/5075/5846 4093/5074/5845
f 4074/5054/5826 4075/5055/5827 4095/5076/5847 4094/5075/5846
f 4075/5055/5827 4076/5056/5828 4096/5077/5848 4095/5076/5847
f 4076/5056/5828 4077/5057/5829 4097/5078/5849 4096/5077/5848
f 4077/5057/5829 4078/5058/5830 4098/5079/5850 4097/5078/5849
f 4078/5058/5830 4079/5059/5831 4099/5080/5851 4098/5079/5850
f 4079/5059/5831 4080/5060/5832 4100/5081/5852 4099/5080/5851
f 4080/5060/5832 4061/5061/5814 4081/5082/5834 4100/5081/5852
f 4081/5062/5834 4082/5063/5833 4102/5084/5853 4101/5083/5854
f 4082/5063/5833 4083/5064/5835 4103/5085/5855 4102/5084/5853
f 4083/5064/5835 4084/5065/5836 4104/5086/5856 4103/5085/5855
f 4084/5065/5836 4085/5066/5837 4105/5087/5857 4104/5086/5856
f 4085/5066/5837 4086/5067/5838 4106/5088/5858 4105/5087/5857
f 4086/5067/5838 4087/5068/5839 4107/5089/5859 4106/5088/5858
f 4087/5068/5839 4088/5069/5840 4108/5090/5860 4107/5089/5859
f 4088/5069/5840 4089/5070/5841 4109/5091/5861 4108/5090/5860
f 4089/5070/5841 4090/5071/5842 4110/5092/5862 4109/5091/5861
f 4090/5071/5842 4091/5072/5843 4111/5093/5863 4110/5092/5862
f 4091/5072/5843 4092/5073/5844 4112/5094/5864 4111/5093/5863
f 4092/5073/5844 4093/5074/5845 4113/5095/5865 4112/5094/5864
f 4093/5074/5845 4094/5075/5846 4114/5096/5866 4113/5095/5865
f 4094/5075/5846 4095/5076/5847 4115/5097/5867 4114/5096/5866
f 4095/5076/5847 4096/5077/5848 4116/5098/5868 4115/5097/5867
f 4096/5077/5848 4097/5078/5849 4117/5099/5869 4116/5098/5868
f 4097/5078/5849 4098/5079/5850 4118/5100/5870 4117/5099/5869
f 4098/5079/5850 4099/5080/5851 4119/5101/5871 4118/5100/5870
f 4099/5080/5851 4100/5081/5852 4120/5102/5872 4119/5101/5871
f 4100/5081/5852 4081/5082/5834 4101/5103/5854 4120/5102/5872
f 4101/5083/5854 4102/5084/5853 4122/5105/5873 4121/5104/5874
f 4102/5084/5853 4103/5085/5855 4123/5106/5875 4122/5105/5873
f 4103/5085/5855 4104/5086/5856 4124/5107/5876 4123/5106/5875
f 4104/5086/5856 4105/5087/5857 4125/5108/5877 4124/5107/5876
f 4105/5087/5857 4106/5088/5858 4126/5109/5878 4125/5108/5877
f 4106/5088/5858 4107/5089/5859 4127/5110/5879 4126/5109/5878
f 4107/5089/5859 4108/5090/5860 4128/5111/5880 4127/5110/5879
f 4108/5090/5860 4109/5091/5861 4129/5112/5881 4128/5111/5880
f 4109/5091/5861 4110/5092/5862 4130/5113/5882 4129/5112/5881
f 4110/5092/5862 4111/5093/5863 4131/5114/5883 4130/5113/5882
f 4111/5093/5863 4112/5094/5864 4132/5115/5884 4131/5114/5883
f 4112/5094/5864 4113/5095/5865 4133/5116/5885 4132/5115/5884
f 4113/5095/5865 4114/5096/5866 4134/5117/5886 4133/5116/5885
f 4114/5096/5866 4115/5097/5867 4135/5118/5887 4134/5117/5886
f 4115/5097/5867 4116/5098/5868 4136/5119/5888 4135/5118/5887
f 4116/5098/5868 4117/5099/5869 4137/5120/5889 4136/5119/5888
f 4117/5099/5869 4118/5100/5870 4138/5121/5890 4137/5120/5889
f 4118/5100/5870 4119/5101/5871 4139/5122/5891 4138/5121/5890
f 4119/5101/5871 4120/5102/5872 4140/5123/5892 4139/5122/5891
f 4120/5102/5872 4101/5103/5854 4121/5124/5874 4140/5123/5892
f 4121/5104/5874 4122/5105/5873 4142/5126/5893 4141/5125/5894
f 4122/5105/5873 4123/5106/5875 4143/5127/5895 4142/5126/5893
f 4123/5106/5875 4124/5107/5876 4144/5128/5896 4143/5127/5895
f 4124/5107/5876 4125/5108/5877 4145/5129/5897 4144/5128/5896
f 4125/5108/5877 4126/5109/5878 4146/5130/5898 4145/5129/5897
f 4126/5109/5878 4127/5110/5879 4147/5131/5899 4146/5130/5898
f 4127/5110/5879 4128/5111/5880 4148/5132/5900 4147/5131/5899
f 4128/5111/5880 4129/5112/5881 4149/5133/5901 4148/5132/5900
f 4129/5112/5881 4130/5113/5882 4150/5134/5902 4149/5133/5901
f 4130/5113/5882 4131/5114/5883 4151/5135/5903 4150/5134/5902
f 4131/5114/5883 4132/5115/5884 4152/5136/5904 4151/5135/5903
f 4132/5115/5884 4133/5116/5885 4153/5137/5905 4152/5136/5904
f 4133/5116/5885 4134/5117/5886 4154/5138/5906 4153/5137/5905
f 4134/5117/5886 4135/5118/5887 4155/5139/5907 4154/5138/5906
f 4135/5118/5887 4136/5119/5888 4156/5140/5908 4155/5139/5907
f 4136/5119/5888 4137/5120/5889 4157/5141/5909 4156/5140/5908
f 4137/5120/5889 4138/5121/5890 4158/5142/5910 4157/5141/5909
f 4138/5121/5890 4139/5122/5891 4159/5143/5911 4158/5142/5910
f 4139/5122/5891 4140/5123/5892 4160/5144/5912 4159/5143/5911
f 4140/5123/5892 4121/5124/5874 4141/5145/5894 4160/5144/5912
f 4141/5125/5894 4142/5126/5893 4162/5147/5913 4161/5146/5914
f 4142/5126/5893 4143/5127/5895 4163/5148/5915 4162/5147/5913
f 4143/5127/5895 4144/5128/5896 4164/5149/5916 4163/5148/5915
f 4144/5128/5896 4145/5129/5897 4165/5150/5917 4164/5149/5916
f 4145/5129/5897 4146/5130/5898 4166/5151/5918 4165/5150/5917
f 4146/5130/5898 4147/5131/5899 4167/5152/5919 4166/5151/5918
f 4147/5131/5899 4148/5132/5900 4168/5153/5920 4167/5152/5919
f 4148/5132/5900 4149/5133/5901 4169/5154/5921 4168/5153/5920
f 4149/5133/5901 4150/5134/5902 4170/5155/5922 4169/5154/5921
f 4150/5134/5902 4151/5135/5903 4171/5156/5923 4170/5155/5922
f 4151/5135/5903 4152/5136/5904 4172/5157/5924 4171/5156/5923
f 4152/5136/5904 4153/5137/5905 4173/5158/5925 4172/5157/5924
f 4153/5137/5905 4154/5138/5906 4174/5159/5926 4173/5158/5925
f 4154/5138/5906 4155/5139/5907 4175/5160/5927 4174/5159/5926
f 4155/5139/5907 4156/5140/5908 4176/5161/5928 4175/5160/5927
f 4156/5140/5908 4157/5141/5909 4177/5162/5929 4176/5161/5928
f 4157/5141/5909 4158/5142/5910 4178/5163/5930 4177/5162/5929
f 4158/5142/5910 4159/5143/5911 4179/5164/5931 4178/5163/5930
f 4159/5143/5911 4160/5144/5912 4180/5165/5932 4179/5164/5931
f 4160/5144/5912 4141/5145/5894 4161/5166/5914 4180/5165/5932
f 4161/5146/5914 4162/5147/5913 4182/5168/5933 4181/5167/5934
f 4162/5147/5913 4163/5148/5915 4183/5169/5935 4182/5168/5933
f 4163/5148/5915 4164/5149/5916 4184/5170/5936 4183/5169/5935
f 4164/5149/5916 4165/5150/5917 4185/5171/5937 4184/5170/5936
f 4165/5150/5917 4166/5151/5918 4186/5172/5938 4185/5171/5937
f 4166/5151/5918 4167/5152/5919 4187/5173/5939 4186/5172/5938
f 4167/5152/5919 4168/5153/5920 4188/5174/5940 4187/5173/5939
f 4168/5153/5920 4169/5154/5921 4189/5175/5941 4188/5174/5940
f 4169/5154/5921 4170/5155/5922 4190/5176/5942 4189/5175/5941
f 4170/5155/5922 4171/5156/5923 4191/5177/5943 4190/5176/5942
f 4171/5156/5923 4172/5157/5924 4192/5178/5944 4191/5177/5943
f 4172/5157/5924 4173/5158/5925 4193/5179/5945 4192/5178/5944
f 4173/5158/5925 4174/5159/5926 4194/5180/5946 4193/5179/5945
f 4174/5159/5926 4175/5160/5927 4195/5181/5947 4194/5180/5946
f 4175/5160/5927 4176/5161/5928 4196/5182/5948 4195/5181/5947
f 4176/5161/5928 4177/5162/5929 4197/5183/5949 4196/5182/5948
f 4177/5162/5929 4178/5163/5930 4198/5184/5950 4197/5183/5949
f 4178/5163/5930 4179/5164/5931 4199/5185/5951 4198/5184/5950
f 4179/5164/5931 4180/5165/5932 4200/5186/5952 4199/5185/5951
f 4180/5165/5932 4161/5166/5914 4181/5187/5934 4200/5186/5952
f 4181/5167/5934 4182/5168/5933 4202/5189/5953 4201/5188/5954
f 4182/5168/5933 4183/5169/5935 4203/5190/5955 4202/5189/5953
f 4183/5169/5935 4184/5170/5936 4204/5191/5956 4203/5190/5955
f 4184/5170/5936 4185/5171/5937 4205/5192/5957 4204/5191/5956
f 4185/5171/5937 4186/5172/5938 4206/5193/5958 4205/5192/5957
f 4186/5172/5938 4187/5173/5939 4207/5194/5959 4206/5193/5958
f 4187/5173/5939 4188/5174/5940 4208/5195/5960 4207/5194/5959
f 4188/5174/5940 4189/5175/5941 4209/5196/5961 4208/5195/5960
f 4189/5175/5941 4190/5176/5942 4210/5197/5962 4209/5196/5961
f 4190/5176/5942 4191/5177/5943 4211/5198/5963 4210/5197/5962
f 4191/5177/5943 4192/5178/5944 4212/5199/5964 4211/5198/5963
f 4192/5178/5944 4193/5179/5945 4213/5200/5965 4212/5199/5964
f 4193/5179/5945 4194/5180/5946 4214/5201/5966 4213/5200/5965
f 4194/5180/5946 4195/5181/5947 4215/5202/5967 4214/5201/5966
f 4195/5181/5947 4196/5182/5948 4216/5203/5968 4215/5202/5967
f 4196/5182/5948 4197/5183/5949 4217/5204/5969 4216/5203/5968
f 4197/5183/5949 4198/5184/5950 4218/5205/5970 4217/5204/5969
f 4198/5184/5950 4199/5185/5951 4219/5206/5971 4218/5205/5970
f 4199/5185/5951 4200/5186/5952 4220/5207/5972 4219/5206/5971
f 4200/5186/5952 4181/5187/5934 4201/5208/5954 4220/5207/5972
f 4201/5188/5954 4202/5189/5953 4222/5210/5973 4221/5209/5974
f 4202/5189/5953 4203/5190/5955 4223/5211/5975 4222/5210/5973
f 4203/5190/5955 4204/5191/5956 4224/5212/5976 4223/5211/5975
f 4204/5191/5956 4205/5192/5957 4225/5213/5977 4224/5212/5976
f 4205/5192/5957 4206/5193/5958 4226/5214/5978 4225/5213/5977
f 4206/5193/5958 4207/5194/5959 4227/5215/5979 4226/5214/5978
f 4207/5194/5959 4208/5195/5960 4228/5216/5980 4227/5215/5979
f 4208/5195/5960 4209/5196/5961 4229/5217/5981 4228/5216/5980
f 4209/5196/5961 4210/5197/5962 4230/5218/5982 4229/5217/5981
f 4210/5197/5962 4211/5198/5963 4231/5219/5983 4230/5218/5982
f 4211/5198/5963 4212/5199/5964 4232/5220/5984 4231/5219/5983
f 4212/5199/5964 4213/5200/5965 4233/5221/5985 4232/5220/5984
f 4213/5200/5965 4214/5201/5966 4234/5222/5986 4233/5221/5985
f 4214/5201/5966 4215/5202/5967 4235/5223/5987 4234/5222/5986
f 4215/5202/5967 4216/5203/5968 4236/5224/5988 4235/5223/5987
f 4216/5203/5968 4217/5204/5969 4237/5225/5989 4236/5224/5988
f 4217/5204/5969 4218/5205/5970 4238/5226/5990 4237/5225/5989
f 4218/5205/5970 4219/5206/5971 4239/5227/5991 4238/5226/5990
f 4219/5206/5971 4220/5207/5972 4240/5228/5992 4239/5227/5991
f 4220/5207/5972 4201/5208/5954 4221/5229/5974 4240/5228/5992
f 4221/5209/5974 4222/5210/5973 4242/5231/5993 4241/5230/5994
f 4222/5210/5973 4223/5211/5975 4243/5232/5995 4242/5231/5993
f 4223/5211/5975 4224/5212/5976 4244/5233/5996 4243/5232/5995
f 4224/5212/5976 4225/5213/5977 4245/5234/5997 4244/5233/5996
f 4225/5213/5977 4226/5214/5978 4246/5235/5998 4245/5234/5997
f 4226/5214/5978 4227/5215/5979 4247/5236/5999 4246/5235/5998
f 4227/5215/5979 4228/5216/5980 4248/5237/6000 4247/5236/5999
f 4228/5216/5980 4229/5217/5981 4249/5238/6001 4248/5237/6000
f 4229/5217/5981 4230/5218/5982 4250/5239/6002 4249/5238/6001
f 4230/5218/5982 4231/5219/5983 4251/5240/6003 4250/5239/6002
f 4231/5219/5983 4232/5220/5984 4252/5241/6004 4251/5240/6003
f 4232/5220/5984 4233/5221/5985 4253/5242/6005 4252/5241/6004
f 4233/5221/5985 4234/5222/5986 4254/5243/6006 4253/5242/6005
f 4234/5222/5986 4235/5223/5987 4255/5244/6007 4254/5243/6006
f 4235/5223/5987 4236/5224/5988 4256/5245/6008 4255/5244/6007
f 4236/5224/5988 4237/5225/5989 4257/5246/6009 4256/5245/6008
f 4237/5225/5989 4238/5226/5990 4258/5247/6010 4257/5246/6009
f 4238/5226/5990 4239/5227/5991 4259/5248/6011 4258/5247/6010
f 4239/5227/5991 4240/5228/5992 4260/5249/6012 4259/5248/6011
f 4240/5228/5992 4221/5229/5974 4241/5250/5994 4260/5249/6012
f 3882/4853/5634 3881/4852/5633 4261/5251/6013
f 3883/4854/5637 3882/4853/5634 4261/5252/6013
f 3884/4855/5639 3883/4854/5637 4261/5253/6013
f 3885/4856/5641 3884/4855/5639 4261/5254/6013
f 3886/4857/5643 3885/4856/5641 4261/5255/6013
f 3887/4858/5645 3886/4857/5643 4261/5256/6013
f 3888/4859/5647 3887/4858/5645 4261/5257/6013
f 3889/4860/5649 3888/4859/5647 4261/5258/6013
f 3890/4861/5651 3889/4860/5649 4261/5259/6013
f 3891/4862/5653 3890/4861/5651 4261/5260/6013
f 3892/4863/5655 3891/4862/5653 4261/5261/6013
f 3893/4864/5657 3892/4863/5655 4261/5262/6013
f 3894/4865/5659 3893/4864/5657 4261/5263/6013
f 3895/4866/5661 3894/4865/5659 4261/5264/6013
f 3896/4867/5663 3895/4866/5661 4261/5265/6013
f 3897/4868/5665 3896/4867/5663 4261/5266/6013
f 3898/4869/5667 3897/4868/5665 4261/5267/6013
f 3899/4870/5669 3898/4869/5667 4261/5268/6013
f 3900/4871/5671 3899/4870/5669 4261/5269/6013
f 3881/4872/5633 3900/4871/5671 4261/5270/6013
f 4241/5230/5994 4242/5231/5993 4262/5271/6014
f 4242/5231/5993 4243/5232/5995 4262/5272/6014
f 4243/5232/5995 4244/5233/5996 4262/5273/6014
f 4244/5233/5996 4245/5234/5997 4262/5274/6014
f 4245/5234/5997 4246/5235/5998 4262/5275/6014
f 4246/5235/5998 4247/5236/5999 4262/5276/6014
f 4247/5236/5999 4248/5237/6000 4262/5277/6014
f 4248/5237/6000 4249/5238/6001 4262/5278/6014
f 4249/5238/6001 4250/5239/6002 4262/5279/6014
f 4250/5239/6002 4251/5240/6003 4262/5280/6014
f 4251/5240/6003 4252/5241/6004 4262/5281/6014
f 4252/5241/6004 4253/5242/6005 4262/5282/6014
f 4253/5242/6005 4254/5243/6006 4262/5283/6014
f 4254/5243/6006 4255/5244/6007 4262/5284/6014
f 4255/5244/6007 4256/5245/6008 4262/5285/6014
f 4256/5245/6008 4257/5246/6009 4262/5286/6014
f 4257/5246/6009 4258/5247/6010 4262/5287/6014
f 4258/5247/6010 4259/5248/6011 4262/5288/6014
f 4259/5248/6011 4260/5249/6012 4262/5289/6014
f 4260/5249/6012 4241/5250/5994 4262/5290/6014
g default
v 2.937161 1.182043 3.871684
v 2.943638 1.182251 3.864206
v 2.947309 1.182824 3.855225
v 2.947815 1.183706 3.845620
v 2.945106 1.184810 3.836331
v 2.939447 1.186030 3.828268
v 2.931393 1.187244 3.822219
v 2.921732 1.188335 3.818778
v 2.911410 1.189195 3.818280
v 2.901435 1.189741 3.820775
v 2.892787 1.189919 3.826018
v 2.886310 1.189711 3.833496
v 2.882639 1.189138 3.842477
v 2.882133 1.188256 3.852082
v 2.884842 1.187152 3.861371
v 2.890500 1.185933 3.869434
v 2.898554 1.184718 3.875482
v 2.908215 1.183627 3.878924
v 2.918538 1.182767 3.879421
v 2.928512 1.182221 3.876927
v 2.958774 1.183812 3.896217
v 2.971568 1.184223 3.881445
v 2.978819 1.185354 3.863704
v 2.979819 1.187096 3.844730
v 2.974468 1.189278 3.826382
v 2.963290 1.191687 3.810454
v 2.947381 1.194086 3.798506
v 2.928297 1.196240 3.791708
v 2.907905 1.197940 3.790724
v 2.888203 1.199018 3.795653
v 2.871118 1.199369 3.806009
v 2.858324 1.198959 3.820781
v 2.851072 1.197827 3.838522
v 2.850073 1.196085 3.857496
v 2.855424 1.193903 3.875845
v 2.866601 1.191495 3.891773
v 2.882511 1.189096 3.903720
v 2.901596 1.186941 3.910519
v 2.921987 1.185241 3.911502
v 2.941689 1.184163 3.906574
v 2.979290 1.189359 3.921086
v 2.998086 1.189962 3.899384
v 3.008740 1.191624 3.873320
v 3.010208 1.194184 3.845445
v 3.002347 1.197389 3.818488
v 2.985926 1.200927 3.795088
v 2.962552 1.204452 3.777534
v 2.934514 1.207618 3.767547
v 2.904556 1.210115 3.766102
v 2.875610 1.211699 3.773342
v 2.850511 1.212214 3.788558
v 2.831714 1.211612 3.810260
v 2.821061 1.209949 3.836324
v 2.819592 1.207390 3.864199
v 2.827454 1.204184 3.891156
v 2.843875 1.200646 3.914557
v 2.867249 1.197121 3.932110
v 2.895286 1.193956 3.942097
v 2.925244 1.191459 3.943542
v 2.954190 1.189875 3.936302
v 2.998203 1.198547 3.945679
v 3.022539 1.199327 3.917581
v 3.036333 1.201480 3.883835
v 3.038234 1.204793 3.847745
v 3.028055 1.208944 3.812844
v 3.006795 1.213525 3.782547
v 2.976533 1.218088 3.759821
v 2.940232 1.222186 3.746890
v 2.901445 1.225419 3.745020
v 2.863969 1.227470 3.754393
v 2.831473 1.228138 3.774093
v 2.807137 1.227357 3.802191
v 2.793343 1.225205 3.835937
v 2.791442 1.221891 3.872027
v 2.801620 1.217741 3.906928
v 2.822881 1.213160 3.937225
v 2.853142 1.208597 3.959951
v 2.889444 1.204498 3.972882
v 2.928231 1.201265 3.974752
v 2.965707 1.199214 3.965379
v 3.015049 1.211149 3.969389
v 3.044325 1.212088 3.935587
v 3.060919 1.214678 3.894991
v 3.063206 1.218664 3.851575
v 3.050961 1.223657 3.809588
v 3.025385 1.229168 3.773142
v 2.988980 1.234657 3.745802
v 2.945309 1.239588 3.730246
v 2.898649 1.243477 3.727996
v 2.853565 1.245944 3.739272
v 2.814472 1.246747 3.762971
v 2.785195 1.245808 3.796773
v 2.768602 1.243219 3.837369
v 2.766315 1.239233 3.880785
v 2.778559 1.234240 3.922772
v 2.804136 1.228729 3.959219
v 2.840541 1.223239 3.986558
v 2.884211 1.218309 4.002115
v 2.930872 1.214420 4.004365
v 2.975955 1.211953 3.993088
v 3.029412 1.226857 3.991633
v 3.062908 1.227931 3.952960
v 3.081893 1.230893 3.906513
v 3.084509 1.235454 3.856840
v 3.070500 1.241167 3.808802
v 3.041238 1.247472 3.767102
v 2.999586 1.253753 3.735822
v 2.949621 1.259394 3.718024
v 2.896236 1.263844 3.715450
v 2.844655 1.266666 3.728352
v 2.799927 1.267585 3.755466
v 2.766431 1.266511 3.794140
v 2.747446 1.263548 3.840587
v 2.744830 1.258988 3.890260
v 2.758839 1.253275 3.938298
v 2.788101 1.246970 3.979998
v 2.829753 1.240689 4.011277
v 2.879718 1.235048 4.029076
v 2.933103 1.230598 4.031650
v 2.984684 1.227776 4.018748
v 3.040938 1.245282 4.011864
v 3.077829 1.246465 3.969271
v 3.098738 1.249728 3.918117
v 3.101619 1.254751 3.863410
v 3.086191 1.261042 3.810503
v 3.053963 1.267986 3.764578
v 3.008090 1.274904 3.730128
v 2.953062 1.281116 3.710526
v 2.894266 1.286017 3.707691
v 2.837457 1.289126 3.721900
v 2.788197 1.290138 3.751763
v 2.751307 1.288955 3.794356
v 2.730397 1.285692 3.845510
v 2.727516 1.280669 3.900217
v 2.742944 1.274377 3.953123
v 2.775173 1.267433 3.999049
v 2.821046 1.260516 4.033499
v 2.876074 1.254303 4.053101
v 2.934869 1.249403 4.055936
v 2.991678 1.246294 4.041727
v 3.049345 1.265971 4.029583
v 3.088722 1.267234 3.984119
v 3.111040 1.270717 3.929518
v 3.114116 1.276078 3.871123
v 3.097647 1.282794 3.814652
v 3.063247 1.290206 3.765631
v 3.014282 1.297589 3.728859
v 2.955546 1.304221 3.707936
v 2.892787 1.309452 3.704910
v 2.832150 1.312770 3.720077
v 2.779569 1.313850 3.751952
v 2.740193 1.312587 3.797415
v 2.717874 1.309105 3.852017
v 2.714799 1.303743 3.910411
v 2.731267 1.297028 3.966883
v 2.765667 1.289615 4.015904
v 2.814632 1.282232 4.052676
v 2.873369 1.275600 4.073599
v 2.936127 1.270370 4.076625
v 2.996764 1.267051 4.061458
v 3.054424 1.288415 4.044354
v 3.095318 1.289726 3.997139
v 3.118496 1.293343 3.940434
v 3.121690 1.298911 3.879791
v 3.104587 1.305885 3.821144
v 3.068862 1.313583 3.770235
v 3.018011 1.321251 3.732047
v 2.957012 1.328138 3.710318
v 2.891836 1.333570 3.707175
v 2.828864 1.337016 3.722926
v 2.774258 1.338138 3.756029
v 2.733365 1.336827 3.803244
v 2.710186 1.333210 3.859948
v 2.706992 1.327642 3.920592
v 2.724095 1.320668 3.979239
v 2.759820 1.312970 4.030148
v 2.810671 1.305302 4.068336
v 2.871670 1.298415 4.090065
v 2.936846 1.292983 4.093207
v 2.999819 1.289537 4.077456
v 3.056051 1.312061 4.055812
v 3.097455 1.313389 4.008009
v 3.120922 1.317051 3.950598
v 3.124156 1.322688 3.889198
v 3.106840 1.329749 3.829820
v 3.070669 1.337543 3.778276
v 3.019184 1.345306 3.739613
v 2.957425 1.352279 3.717613
v 2.891437 1.357779 3.714431
v 2.827679 1.361268 3.730378
v 2.772393 1.362404 3.763894
v 2.730990 1.361076 3.811697
v 2.707522 1.357414 3.869108
v 2.704289 1.351777 3.930508
v 2.721605 1.344716 3.989886
v 2.757775 1.336922 4.041430
v 2.809260 1.329159 4.080094
v 2.871019 1.322186 4.102093
v 2.937007 1.316686 4.105275
v 3.000765 1.313197 4.089328
v 3.054186 1.336326 4.063677
v 3.095080 1.337638 4.016462
v 3.118258 1.341255 3.959758
v 3.121452 1.346823 3.899114
v 3.104349 1.353797 3.840468
v 3.068624 1.361495 3.789558
v 3.017773 1.369162 3.751370
v 2.956774 1.376050 3.729641
v 2.891598 1.381482 3.726499
v 2.828626 1.384928 3.742250
v 2.774020 1.386050 3.775352
v 2.733127 1.384738 3.822567
v 2.709948 1.381122 3.879272
v 2.706754 1.375554 3.939915
v 2.723857 1.368579 3.998562
v 2.759582 1.360882 4.049471
v 2.810433 1.353214 4.087659
v 2.871432 1.346327 4.109388
v 2.936608 1.340894 4.112531
v 2.999580 1.337449 4.096780
v 3.048875 1.360615 4.067754
v 3.088251 1.361877 4.022291
v 3.110570 1.365360 3.967689
v 3.113646 1.370722 3.909295
v 3.097177 1.377437 3.852823
v 3.062777 1.384849 3.803802
v 3.013812 1.392233 3.767031
v 2.955075 1.398864 3.746108
v 2.892317 1.404095 3.743081
v 2.831680 1.407413 3.758248
v 2.779099 1.408494 3.790123
v 2.739722 1.407231 3.835587
v 2.717404 1.403748 3.890188
v 2.714329 1.398387 3.948583
v 2.730797 1.391671 4.005054
v 2.765197 1.384259 4.054075
v 2.814162 1.376876 4.090847
v 2.872898 1.370244 4.111770
v 2.935657 1.365013 4.114797
v 2.996294 1.361695 4.099629
v 3.040247 1.384327 4.067944
v 3.077138 1.385510 4.025351
v 3.098047 1.388773 3.974196
v 3.100929 1.393796 3.919489
v 3.085500 1.400087 3.866583
v 3.053272 1.407032 3.820657
v 3.007398 1.413949 3.786207
v 2.952371 1.420161 3.766605
v 2.893575 1.425062 3.763770
v 2.836766 1.428171 3.777979
v 2.787506 1.429183 3.807842
v 2.750615 1.428000 3.850435
v 2.729706 1.424737 3.901589
v 2.726825 1.419714 3.956296
v 2.742253 1.413423 4.009202
v 2.774481 1.406478 4.055128
v 2.820355 1.399561 4.089578
v 2.875382 1.393348 4.109180
v 2.934178 1.388448 4.112015
v 2.990987 1.385339 4.097806
v 3.028517 1.406880 4.064240
v 3.062013 1.407954 4.025566
v 3.080998 1.410916 3.979120
v 3.083614 1.415477 3.929446
v 3.069606 1.421190 3.881408
v 3.040343 1.427495 3.839709
v 2.998691 1.433776 3.808429
v 2.948727 1.439417 3.790631
v 2.895341 1.443866 3.788056
v 2.843760 1.446689 3.800958
v 2.799032 1.447608 3.828073
v 2.765537 1.446534 3.866746
v 2.746552 1.443571 3.913193
v 2.743935 1.439011 3.962866
v 2.757944 1.433298 4.010904
v 2.787207 1.426993 4.052604
v 2.828859 1.420712 4.083884
v 2.878823 1.415071 4.101682
v 2.932208 1.410621 4.104256
v 2.983789 1.407799 4.091354
v 3.013973 1.427717 4.056735
v 3.043249 1.428656 4.022933
v 3.059843 1.431246 3.982337
v 3.062129 1.435232 3.938921
v 3.049885 1.440225 3.896934
v 3.024309 1.445736 3.860487
v 2.987903 1.451225 3.833148
v 2.944233 1.456156 3.817592
v 2.897572 1.460045 3.815342
v 2.852489 1.462512 3.826618
v 2.813396 1.463315 3.850317
v 2.784119 1.462376 3.884119
v 2.767525 1.459787 3.924715
v 2.765239 1.455801 3.968131
v 2.777483 1.450808 4.010118
v 2.803059 1.445297 4.046565
v 2.839465 1.439807 4.073904
v 2.883135 1.434877 4.089460
v 2.929796 1.430988 4.091711
v 2.974879 1.428521 4.080434
v 2.996972 1.446327 4.045613
v 3.021308 1.447108 4.017515
v 3.035101 1.449260 3.983770
v 3.037002 1.452574 3.947680
v 3.026824 1.456724 3.912778
v 3.005563 1.461305 3.882482
v 2.975302 1.465868 3.859755
v 2.939000 1.469967 3.846824
v 2.900213 1.473200 3.844954
v 2.862738 1.475250 3.854327
v 2.830241 1.475918 3.874027
v 2.805905 1.475137 3.902126
v 2.792111 1.472985 3.935871
v 2.790211 1.469671 3.971961
v 2.800389 1.465521 4.006862
v 2.821649 1.460940 4.037159
v 2.851911 1.456377 4.059885
v 2.888212 1.452278 4.072816
v 2.926999 1.449045 4.074687
v 2.964475 1.446995 4.065313
v 2.977933 1.462250 4.031148
v 2.996730 1.462853 4.009446
v 3.007384 1.464516 3.983382
v 3.008852 1.467075 3.955507
v 3.000990 1.470281 3.928550
v 2.984570 1.473819 3.905149
v 2.961196 1.477344 3.887597
v 2.933158 1.480509 3.877609
v 2.903200 1.483006 3.876164
v 2.874254 1.484590 3.883404
v 2.849155 1.485106 3.898620
v 2.830358 1.484503 3.920322
v 2.819704 1.482841 3.946386
v 2.818236 1.480281 3.974261
v 2.826097 1.477075 4.001218
v 2.842519 1.473537 4.024619
v 2.865892 1.470013 4.042171
v 2.893930 1.466847 4.052159
v 2.923888 1.464350 4.053604
v 2.952834 1.462766 4.046364
v 2.957326 1.475096 4.013697
v 2.970120 1.475506 3.998925
v 2.977372 1.476637 3.981184
v 2.978371 1.478379 3.962210
v 2.973020 1.480561 3.943861
v 2.961843 1.482970 3.927933
v 2.945933 1.485369 3.915986
v 2.926849 1.487524 3.909188
v 2.906457 1.489223 3.908204
v 2.886755 1.490301 3.913132
v 2.869671 1.490652 3.923489
v 2.856876 1.490242 3.938261
v 2.849625 1.489110 3.956002
v 2.848625 1.487368 3.974976
v 2.853976 1.485186 3.993324
v 2.865153 1.482778 4.009253
v 2.881063 1.480379 4.021200
v 2.900148 1.478224 4.027998
v 2.920539 1.476525 4.028982
v 2.940241 1.475447 4.024054
v 2.935658 1.484546 3.993688
v 2.942134 1.484754 3.986210
v 2.945805 1.485327 3.977229
v 2.946311 1.486208 3.967624
v 2.943602 1.487313 3.958335
v 2.937944 1.488532 3.950272
v 2.929890 1.489747 3.944224
v 2.920229 1.490837 3.940783
v 2.909906 1.491698 3.940284
v 2.899932 1.492244 3.942779
v 2.891284 1.492421 3.948022
v 2.884807 1.492214 3.955500
v 2.881135 1.491641 3.964481
v 2.880630 1.490759 3.974087
v 2.883338 1.489654 3.983375
v 2.888997 1.488435 3.991438
v 2.897051 1.487221 3.997487
v 2.906712 1.486130 4.000928
v 2.917035 1.485269 4.001426
v 2.927009 1.484724 3.998931
v 2.914983 1.184096 3.848090
v 2.913461 1.490369 3.971616
vt 0.690786 0.194272
vt 0.688718 0.194272
vt 0.686649 0.194272
vt 0.684581 0.194272
vt 0.682513 0.194272
vt 0.680444 0.194272
vt 0.678376 0.194272
vt 0.676307 0.194272
vt 0.674239 0.194272
vt 0.672171 0.194272
vt 0.670103 0.194272
vt 0.668034 0.194272
vt 0.665966 0.194272
vt 0.663898 0.194272
vt 0.661829 0.194272
vt 0.659761 0.194272
vt 0.657693 0.194272
vt 0.655624 0.194272
vt 0.653556 0.194272
vt 0.651488 0.194272
vt 0.649419 0.194272
vt 0.690786 0.192204
vt 0.688718 0.192204
vt 0.686649 0.192204
vt 0.684581 0.192204
vt 0.682513 0.192204
vt 0.680444 0.192204
vt 0.678376 0.192204
vt 0.676307 0.192204
vt 0.674239 0.192204
vt 0.672171 0.192204
vt 0.670103 0.192204
vt 0.668034 0.192204
vt 0.665966 0.192204
vt 0.663898 0.192204
vt 0.661829 0.192204
vt 0.659761 0.192204
vt 0.657693 0.192204
vt 0.655624 0.192204
vt 0.653556 0.192204
vt 0.651488 0.192204
vt 0.649419 0.192204
vt 0.690786 0.190136
vt 0.688718 0.190136
vt 0.686649 0.190136
vt 0.684581 0.190136
vt 0.682513 0.190136
vt 0.680444 0.190136
vt 0.678376 0.190136
vt 0.676307 0.190136
vt 0.674239 0.190136
vt 0.672171 0.190136
vt 0.670103 0.190136
vt 0.668034 0.190136
vt 0.665966 0.190136
vt 0.663898 0.190136
vt 0.661829 0.190136
vt 0.659761 0.190136
vt 0.657693 0.190136
vt 0.655624 0.190136
vt 0.653556 0.190136
vt 0.651488 0.190136
vt 0.649419 0.190136
vt 0.690786 0.188067
vt 0.688718 0.188067
vt 0.686649 0.188067
vt 0.684581 0.188067
vt 0.682513 0.188067
vt 0.680444 0.188067
vt 0.678376 0.188067
vt 0.676307 0.188067
vt 0.674239 0.188067
vt 0.672171 0.188067
vt 0.670103 0.188067
vt 0.668034 0.188067
vt 0.665966 0.188067
vt 0.663898 0.188067
vt 0.661829 0.188067
vt 0.659761 0.188067
vt 0.657693 0.188067
vt 0.655624 0.188067
vt 0.653556 0.188067
vt 0.651488 0.188067
vt 0.649419 0.188067
vt 0.690786 0.185999
vt 0.688718 0.185999
vt 0.686649 0.185999
vt 0.684581 0.185999
vt 0.682513 0.185999
vt 0.680444 0.185999
vt 0.678376 0.185999
vt 0.676307 0.185999
vt 0.674239 0.185999
vt 0.672171 0.185999
vt 0.670103 0.185999
vt 0.668034 0.185999
vt 0.665966 0.185999
vt 0.663898 0.185999
vt 0.661829 0.185999
vt 0.659761 0.185999
vt 0.657693 0.185999
vt 0.655624 0.185999
vt 0.653556 0.185999
vt 0.651488 0.185999
vt 0.649419 0.185999
vt 0.690786 0.183931
vt 0.688718 0.183931
vt 0.686649 0.183931
vt 0.684581 0.183931
vt 0.682513 0.183931
vt 0.680444 0.183931
vt 0.678376 0.183931
vt 0.676307 0.183931
vt 0.674239 0.183931
vt 0.672171 0.183931
vt 0.670103 0.183931
vt 0.668034 0.183931
vt 0.665966 0.183931
vt 0.663898 0.183931
vt 0.661829 0.183931
vt 0.659761 0.183931
vt 0.657693 0.183931
vt 0.655624 0.183931
vt 0.653556 0.183931
vt 0.651488 0.183931
vt 0.649419 0.183931
vt 0.690786 0.181862
vt 0.688718 0.181862
vt 0.686649 0.181862
vt 0.684581 0.181862
vt 0.682513 0.181862
vt 0.680444 0.181862
vt 0.678376 0.181862
vt 0.676307 0.181862
vt 0.674239 0.181862
vt 0.672171 0.181862
vt 0.670103 0.181862
vt 0.668034 0.181862
vt 0.665966 0.181862
vt 0.663898 0.181862
vt 0.661829 0.181862
vt 0.659761 0.181862
vt 0.657693 0.181862
vt 0.655624 0.181862
vt 0.653556 0.181862
vt 0.651488 0.181862
vt 0.649419 0.181862
vt 0.690786 0.179794
vt 0.688718 0.179794
vt 0.686649 0.179794
vt 0.684581 0.179794
vt 0.682513 0.179794
vt 0.680444 0.179794
vt 0.678376 0.179794
vt 0.676307 0.179794
vt 0.674239 0.179794
vt 0.672171 0.179794
vt 0.670103 0.179794
vt 0.668034 0.179794
vt 0.665966 0.179794
vt 0.663898 0.179794
vt 0.661829 0.179794
vt 0.659761 0.179794
vt 0.657693 0.179794
vt 0.655624 0.179794
vt 0.653556 0.179794
vt 0.651488 0.179794
vt 0.649419 0.179794
vt 0.690786 0.177726
vt 0.688718 0.177726
vt 0.686649 0.177726
vt 0.684581 0.177726
vt 0.682513 0.177726
vt 0.680444 0.177726
vt 0.678376 0.177726
vt 0.676307 0.177726
vt 0.674239 0.177726
vt 0.672171 0.177726
vt 0.670103 0.177726
vt 0.668034 0.177726
vt 0.665966 0.177726
vt 0.663898 0.177726
vt 0.661829 0.177726
vt 0.659761 0.177726
vt 0.657693 0.177726
vt 0.655624 0.177726
vt 0.653556 0.177726
vt 0.651488 0.177726
vt 0.649419 0.177726
vt 0.690786 0.175657
vt 0.688718 0.175657
vt 0.686649 0.175657
vt 0.684581 0.175657
vt 0.682513 0.175657
vt 0.680444 0.175657
vt 0.678376 0.175657
vt 0.676307 0.175657
vt 0.674239 0.175657
vt 0.672171 0.175657
vt 0.670103 0.175657
vt 0.668034 0.175657
vt 0.665966 0.175657
vt 0.663898 0.175657
vt 0.661829 0.175657
vt 0.659761 0.175657
vt 0.657693 0.175657
vt 0.655624 0.175657
vt 0.653556 0.175657
vt 0.651488 0.175657
vt 0.649419 0.175657
vt 0.690786 0.173589
vt 0.688718 0.173589
vt 0.686649 0.173589
vt 0.684581 0.173589
vt 0.682513 0.173589
vt 0.680444 0.173589
vt 0.678376 0.173589
vt 0.676307 0.173589
vt 0.674239 0.173589
vt 0.672171 0.173589
vt 0.670103 0.173589
vt 0.668034 0.173589
vt 0.665966 0.173589
vt 0.663898 0.173589
vt 0.661829 0.173589
vt 0.659761 0.173589
vt 0.657693 0.173589
vt 0.655624 0.173589
vt 0.653556 0.173589
vt 0.651488 0.173589
vt 0.649419 0.173589
vt 0.690786 0.171521
vt 0.688718 0.171521
vt 0.686649 0.171521
vt 0.684581 0.171521
vt 0.682513 0.171521
vt 0.680444 0.171521
vt 0.678376 0.171521
vt 0.676307 0.171521
vt 0.674239 0.171521
vt 0.672171 0.171521
vt 0.670103 0.171521
vt 0.668034 0.171521
vt 0.665966 0.171521
vt 0.663898 0.171521
vt 0.661829 0.171521
vt 0.659761 0.171521
vt 0.657693 0.171521
vt 0.655624 0.171521
vt 0.653556 0.171521
vt 0.651488 0.171521
vt 0.649419 0.171521
vt 0.690786 0.169452
vt 0.688718 0.169452
vt 0.686649 0.169452
vt 0.684581 0.169452
vt 0.682513 0.169452
vt 0.680444 0.169452
vt 0.678376 0.169452
vt 0.676307 0.169452
vt 0.674239 0.169452
vt 0.672171 0.169452
vt 0.670103 0.169452
vt 0.668034 0.169452
vt 0.665966 0.169452
vt 0.663898 0.169452
vt 0.661829 0.169452
vt 0.659761 0.169452
vt 0.657693 0.169452
vt 0.655624 0.169452
vt 0.653556 0.169452
vt 0.651488 0.169452
vt 0.649419 0.169452
vt 0.690786 0.167384
vt 0.688718 0.167384
vt 0.686649 0.167384
vt 0.684581 0.167384
vt 0.682513 0.167384
vt 0.680444 0.167384
vt 0.678376 0.167384
vt 0.676307 0.167384
vt 0.674239 0.167384
vt 0.672171 0.167384
vt 0.670103 0.167384
vt 0.668034 0.167384
vt 0.665966 0.167384
vt 0.663898 0.167384
vt 0.661829 0.167384
vt 0.659761 0.167384
vt 0.657693 0.167384
vt 0.655624 0.167384
vt 0.653556 0.167384
vt 0.651488 0.167384
vt 0.649419 0.167384
vt 0.690786 0.165316
vt 0.688718 0.165316
vt 0.686649 0.165316
vt 0.684581 0.165316
vt 0.682513 0.165316
vt 0.680444 0.165316
vt 0.678376 0.165316
vt 0.676307 0.165316
vt 0.674239 0.165316
vt 0.672171 0.165316
vt 0.670103 0.165316
vt 0.668034 0.165316
vt 0.665966 0.165316
vt 0.663898 0.165316
vt 0.661829 0.165316
vt 0.659761 0.165316
vt 0.657693 0.165316
vt 0.655624 0.165316
vt 0.653556 0.165316
vt 0.651488 0.165316
vt 0.649419 0.165316
vt 0.690786 0.163247
vt 0.688718 0.163247
vt 0.686649 0.163247
vt 0.684581 0.163247
vt 0.682513 0.163247
vt 0.680444 0.163247
vt 0.678376 0.163247
vt 0.676307 0.163247
vt 0.674239 0.163247
vt 0.672171 0.163247
vt 0.670103 0.163247
vt 0.668034 0.163247
vt 0.665966 0.163247
vt 0.663898 0.163247
vt 0.661829 0.163247
vt 0.659761 0.163247
vt 0.657693 0.163247
vt 0.655624 0.163247
vt 0.653556 0.163247
vt 0.651488 0.163247
vt 0.649419 0.163247
vt 0.690786 0.161179
vt 0.688718 0.161179
vt 0.686649 0.161179
vt 0.684581 0.161179
vt 0.682513 0.161179
vt 0.680444 0.161179
vt 0.678376 0.161179
vt 0.676307 0.161179
vt 0.674239 0.161179
vt 0.672171 0.161179
vt 0.670103 0.161179
vt 0.668034 0.161179
vt 0.665966 0.161179
vt 0.663898 0.161179
vt 0.661829 0.161179
vt 0.659761 0.161179
vt 0.657693 0.161179
vt 0.655624 0.161179
vt 0.653556 0.161179
vt 0.651488 0.161179
vt 0.649419 0.161179
vt 0.690786 0.159111
vt 0.688718 0.159111
vt 0.686649 0.159111
vt 0.684581 0.159111
vt 0.682513 0.159111
vt 0.680444 0.159111
vt 0.678376 0.159111
vt 0.676307 0.159111
vt 0.674239 0.159111
vt 0.672171 0.159111
vt 0.670103 0.159111
vt 0.668034 0.159111
vt 0.665966 0.159111
vt 0.663898 0.159111
vt 0.661829 0.159111
vt 0.659761 0.159111
vt 0.657693 0.159111
vt 0.655624 0.159111
vt 0.653556 0.159111
vt 0.651488 0.159111
vt 0.649419 0.159111
vt 0.690786 0.157042
vt 0.688718 0.157042
vt 0.686649 0.157042
vt 0.684581 0.157042
vt 0.682513 0.157042
vt 0.680444 0.157042
vt 0.678376 0.157042
vt 0.676307 0.157042
vt 0.674239 0.157042
vt 0.672171 0.157042
vt 0.670103 0.157042
vt 0.668034 0.157042
vt 0.665966 0.157042
vt 0.663898 0.157042
vt 0.661829 0.157042
vt 0.659761 0.157042
vt 0.657693 0.157042
vt 0.655624 0.157042
vt 0.653556 0.157042
vt 0.651488 0.157042
vt 0.649419 0.157042
vt 0.689752 0.196341
vt 0.687683 0.196341
vt 0.685615 0.196341
vt 0.683547 0.196341
vt 0.681478 0.196341
vt 0.679410 0.196341
vt 0.677342 0.196341
vt 0.675273 0.196341
vt 0.673205 0.196341
vt 0.671137 0.196341
vt 0.669068 0.196341
vt 0.667000 0.196341
vt 0.664932 0.196341
vt 0.662863 0.196341
vt 0.660795 0.196341
vt 0.658727 0.196341
vt 0.656658 0.196341
vt 0.654590 0.196341
vt 0.652522 0.196341
vt 0.650453 0.196341
vt 0.689752 0.154974
vt 0.687683 0.154974
vt 0.685615 0.154974
vt 0.683547 0.154974
vt 0.681478 0.154974
vt 0.679410 0.154974
vt 0.677342 0.154974
vt 0.675273 0.154974
vt 0.673205 0.154974
vt 0.671137 0.154974
vt 0.669068 0.154974
vt 0.667000 0.154974
vt 0.664932 0.154974
vt 0.662863 0.154974
vt 0.660795 0.154974
vt 0.658727 0.154974
vt 0.656658 0.154974
vt 0.654590 0.154974
vt 0.652522 0.154974
vt 0.650453 0.154974
vn 0.019609 -0.999582 0.021260
vn 0.050755 -0.998581 -0.016119
vn 0.139424 -0.989494 0.038248
vn 0.085812 -0.991363 0.099173
vn 0.070186 -0.995565 -0.062652
vn 0.174425 -0.983898 -0.038998
vn 0.075161 -0.990644 -0.113908
vn 0.185490 -0.974567 -0.125746
vn 0.064531 -0.984285 -0.164373
vn 0.169646 -0.962265 -0.212757
vn 0.039180 -0.977264 -0.208377
vn 0.127460 -0.948559 -0.289811
vn 0.001876 -0.970504 -0.241079
vn 0.063263 -0.935501 -0.347615
vn -0.043306 -0.964869 -0.259137
vn -0.015654 -0.925087 -0.379433
vn -0.091664 -0.961012 -0.260870
vn -0.100337 -0.918748 -0.381882
vn -0.138291 -0.959299 -0.246214
vn -0.181337 -0.917092 -0.355047
vn -0.178428 -0.959799 -0.216679
vn -0.249788 -0.919877 -0.302379
vn -0.207891 -0.962299 -0.175390
vn -0.298497 -0.926207 -0.230305
vn -0.223669 -0.966375 -0.126854
vn -0.322988 -0.934862 -0.147348
vn -0.224468 -0.971487 -0.076331
vn -0.322052 -0.944643 -0.062703
vn -0.210823 -0.977093 -0.029041
vn -0.297512 -0.954596 0.015241
vn -0.184788 -0.982721 0.010641
vn -0.253296 -0.964080 0.079942
vn -0.149313 -0.987998 0.039582
vn -0.194316 -0.972692 0.126932
vn -0.107687 -0.992617 0.055804
vn -0.125702 -0.980130 0.153443
vn -0.063310 -0.996294 0.058232
vn -0.052586 -0.986053 0.157907
vn -0.019668 -0.998722 0.046559
vn 0.019785 -0.989998 0.139689
vn 0.236168 -0.966734 0.098237
vn 0.156938 -0.970509 0.182984
vn 0.290255 -0.956880 -0.011543
vn 0.310298 -0.940659 -0.137389
vn 0.290382 -0.919243 -0.265839
vn 0.230108 -0.895503 -0.380951
vn 0.135505 -0.873417 -0.467740
vn 0.017857 -0.856857 -0.515244
vn -0.108569 -0.848411 -0.518085
vn -0.228732 -0.848790 -0.476695
vn -0.328785 -0.856895 -0.397028
vn -0.398037 -0.870412 -0.289739
vn -0.430630 -0.886683 -0.168378
vn -0.426086 -0.903471 -0.046797
vn -0.388365 -0.919332 0.063254
vn -0.323953 -0.933557 0.153381
vn -0.240020 -0.945889 0.218370
vn -0.143426 -0.956189 0.255210
vn -0.040623 -0.964175 0.262138
vn 0.061891 -0.969262 0.238120
vn 0.335760 -0.928124 0.160783
vn 0.229201 -0.935689 0.268240
vn 0.411286 -0.911317 0.018581
vn 0.442389 -0.884614 -0.147483
vn 0.419279 -0.849890 -0.319206
vn 0.340304 -0.812098 -0.474016
vn 0.213679 -0.778109 -0.590667
vn 0.055335 -0.754385 -0.654096
vn -0.114849 -0.744880 -0.657239
vn -0.276129 -0.750126 -0.600886
vn -0.409363 -0.767517 -0.493294
vn -0.499848 -0.792513 -0.349394
vn -0.540077 -0.820279 -0.188305
vn -0.530634 -0.847098 -0.029178
vn -0.478339 -0.870921 0.112646
vn -0.392864 -0.891084 0.227218
vn -0.283879 -0.907654 0.309155
vn -0.159804 -0.920814 0.355759
vn -0.027962 -0.930437 0.365384
vn 0.104466 -0.935840 0.336586
vn 0.436776 -0.870929 0.225187
vn 0.301948 -0.885081 0.354202
vn 0.534936 -0.843342 0.051172
vn 0.577663 -0.801441 -0.154914
vn 0.550807 -0.748490 -0.369289
vn 0.452092 -0.692599 -0.562067
vn 0.293111 -0.644409 -0.706274
vn 0.094880 -0.613197 -0.784211
vn -0.117887 -0.604056 -0.788174
vn -0.319908 -0.617052 -0.718962
vn -0.487130 -0.647762 -0.585755
vn -0.600089 -0.688879 -0.406619
vn -0.648615 -0.732648 -0.206220
vn -0.634045 -0.773235 -0.009766
vn -0.566533 -0.807713 0.163220
vn -0.459578 -0.835495 0.301225
vn -0.325672 -0.857127 0.399087
vn -0.174719 -0.873255 0.454862
vn -0.014583 -0.883981 0.467295
vn 0.147311 -0.888530 0.434527
vn 0.537451 -0.791642 0.290603
vn 0.374601 -0.815999 0.440249
vn 0.657423 -0.748617 0.085832
vn 0.709724 -0.686463 -0.158301
vn 0.676339 -0.611107 -0.411235
vn 0.556401 -0.534968 -0.635789
vn 0.366773 -0.472481 -0.801398
vn 0.133370 -0.434766 -0.890613
vn -0.116446 -0.427195 -0.896630
vn -0.355478 -0.449369 -0.819575
vn -0.556126 -0.495670 -0.667110
vn -0.693427 -0.556369 -0.457835
vn -0.752568 -0.620345 -0.220939
vn -0.734277 -0.678752 0.011589
vn -0.652024 -0.727103 0.214912
vn -0.523759 -0.764660 0.375462
vn -0.365272 -0.792500 0.488384
vn -0.188058 -0.811834 0.552774
vn -0.000358 -0.823051 0.567967
vn 0.190394 -0.825245 0.531716
vn 0.634518 -0.686395 0.355314
vn 0.445879 -0.724993 0.524954
vn 0.772384 -0.623417 0.121554
vn 0.828695 -0.537486 -0.156118
vn 0.783823 -0.438916 -0.439289
vn 0.641797 -0.344762 -0.685008
vn 0.426353 -0.271519 -0.862844
vn 0.166867 -0.229814 -0.958823
vn -0.109813 -0.224069 -0.968367
vn -0.377979 -0.253866 -0.890328
vn -0.608917 -0.314073 -0.728408
vn -0.772234 -0.394311 -0.498171
vn -0.846016 -0.480612 -0.230801
vn -0.827631 -0.560186 0.034900
vn -0.732839 -0.625708 0.267276
vn -0.584444 -0.675525 0.449545
vn -0.402193 -0.710999 0.576820
vn -0.199521 -0.733905 0.649288
vn 0.014845 -0.744932 0.666976
vn 0.233439 -0.742988 0.627275
vn 0.722493 -0.552055 0.416220
vn 0.513212 -0.608374 0.605389
vn 0.870493 -0.466650 0.156459
vn 0.922172 -0.357675 -0.147201
vn 0.860629 -0.240923 -0.448635
vn 0.698297 -0.136323 -0.702707
vn 0.465419 -0.059051 -0.883119
vn 0.192067 -0.016703 -0.981240
vn -0.098269 -0.011885 -0.995089
vn -0.384079 -0.044715 -0.922217
vn -0.638459 -0.112423 -0.761401
vn -0.827395 -0.206800 -0.522161
vn -0.920475 -0.313174 -0.233770
vn -0.907945 -0.414795 0.059842
vn -0.805181 -0.499891 0.319050
vn -0.639488 -0.564338 0.522091
vn -0.435246 -0.608990 0.663092
vn -0.208502 -0.635924 0.743053
vn 0.031093 -0.646051 0.762660
vn 0.275602 -0.638086 0.718951
vn 0.793547 -0.388174 0.468619
vn 0.572298 -0.463368 0.676583
vn 0.940753 -0.282366 0.187758
vn 0.978764 -0.157305 -0.131441
vn 0.898502 -0.033029 -0.437725
vn 0.721742 0.071465 -0.688463
vn 0.482187 0.145482 -0.863904
vn 0.207643 0.185527 -0.960450
vn -0.083069 0.190813 -0.978105
vn -0.373534 0.160514 -0.913624
vn -0.640852 0.094303 -0.761850
vn -0.850814 -0.004015 -0.525452
vn -0.965940 -0.122485 -0.227944
vn -0.966389 -0.242456 0.085482
vn -0.862804 -0.346954 0.367686
vn -0.684990 -0.427345 0.590056
vn -0.462192 -0.482420 0.744076
vn -0.213951 -0.513813 0.830795
vn 0.048264 -0.522423 0.851319
vn 0.315145 -0.506840 0.802370
vn 0.838739 -0.199278 0.506760
vn 0.617091 -0.290168 0.731438
vn 0.973827 -0.080997 0.212368
vn 0.992758 0.048022 -0.110118
vn 0.897052 0.167283 -0.409040
vn 0.714948 0.262370 -0.648083
vn 0.479449 0.327989 -0.813973
vn 0.214323 0.363987 -0.906410
vn -0.065905 0.370781 -0.926379
vn -0.349134 0.347068 -0.870430
vn -0.617090 0.290171 -0.731437
vn -0.838738 0.199284 -0.506760
vn -0.973827 0.080999 -0.212367
vn -0.992757 -0.048026 0.110121
vn -0.897053 -0.167281 0.409038
vn -0.714952 -0.262366 0.648080
vn -0.479449 -0.327981 0.813976
vn -0.214319 -0.363987 0.906411
vn 0.065907 -0.370786 0.926377
vn 0.349133 -0.347070 0.870430
vn 0.850812 0.004017 0.525454
vn 0.640848 -0.094301 0.761854
vn 0.965939 0.122486 0.227946
vn 0.966388 0.242459 -0.085482
vn 0.862803 0.346956 -0.367686
vn 0.684989 0.427344 -0.590056
vn 0.462189 0.482423 -0.744076
vn 0.213955 0.513817 -0.830792
vn -0.048261 0.522428 -0.851317
vn -0.315145 0.506841 -0.802369
vn -0.572301 0.463364 -0.676584
vn -0.793546 0.388178 -0.468617
vn -0.940753 0.282368 -0.187758
vn -0.978764 0.157306 0.131440
vn -0.898504 0.033029 0.437722
vn -0.721742 -0.071467 0.688463
vn -0.482186 -0.145480 0.863905
vn -0.207640 -0.185530 0.960450
vn 0.083069 -0.190818 0.978104
vn 0.373534 -0.160514 0.913623
vn 0.827394 0.206794 0.522165
vn 0.638456 0.112422 0.761403
vn 0.920475 0.313172 0.233770
vn 0.907943 0.414799 -0.059843
vn 0.805181 0.499890 -0.319052
vn 0.639489 0.564332 -0.522095
vn 0.435245 0.608989 -0.663094
vn 0.208502 0.635926 -0.743051
vn -0.031090 0.646053 -0.762660
vn -0.275605 0.638083 -0.718952
vn -0.513216 0.608370 -0.605388
vn -0.722497 0.552050 -0.416220
vn -0.870497 0.466644 -0.156459
vn -0.922172 0.357675 0.147199
vn -0.860630 0.240920 0.448635
vn -0.698297 0.136320 0.702708
vn -0.465420 0.059049 0.883118
vn -0.192067 0.016702 0.981240
vn 0.098269 0.011889 0.995089
vn 0.384082 0.044718 0.922216
vn 0.772233 0.394311 0.498171
vn 0.608912 0.314069 0.728413
vn 0.846017 0.480612 0.230798
vn 0.827632 0.560186 -0.034900
vn 0.732838 0.625708 -0.267278
vn 0.584447 0.675522 -0.449546
vn 0.402194 0.710996 -0.576823
vn 0.199522 0.733903 -0.649289
vn -0.014846 0.744931 -0.666976
vn -0.233440 0.742989 -0.627275
vn -0.445879 0.724993 -0.524954
vn -0.634522 0.686391 -0.355316
vn -0.772387 0.623412 -0.121557
vn -0.828699 0.537480 0.156118
vn -0.783824 0.438916 0.439287
vn -0.641796 0.344766 0.685007
vn -0.426354 0.271518 0.862844
vn -0.166866 0.229812 0.958824
vn 0.109816 0.224070 0.968366
vn 0.377981 0.253865 0.890328
vn 0.693424 0.556374 0.457833
vn 0.556122 0.495673 0.667110
vn 0.752565 0.620349 0.220938
vn 0.734276 0.678752 -0.011588
vn 0.652026 0.727101 -0.214911
vn 0.523761 0.764659 -0.375461
vn 0.365275 0.792498 -0.488386
vn 0.188057 0.811835 -0.552774
vn 0.000359 0.823054 -0.567964
vn -0.190392 0.825245 -0.531716
vn -0.374601 0.815998 -0.440252
vn -0.537451 0.791643 -0.290601
vn -0.657420 0.748621 -0.085830
vn -0.709722 0.686466 0.158302
vn -0.676336 0.611110 0.411235
vn -0.556401 0.534968 0.635788
vn -0.366773 0.472480 0.801399
vn -0.133369 0.434761 0.890615
vn 0.116449 0.427189 0.896632
vn 0.355480 0.449369 0.819574
vn 0.600087 0.688881 0.406619
vn 0.487130 0.647764 0.585753
vn 0.648614 0.732648 0.206219
vn 0.634045 0.773234 0.009766
vn 0.566536 0.807711 -0.163220
vn 0.459580 0.835493 -0.301227
vn 0.325672 0.857128 -0.399086
vn 0.174717 0.873256 -0.454861
vn 0.014584 0.883982 -0.467293
vn -0.147309 0.888531 -0.434527
vn -0.301949 0.885080 -0.354205
vn -0.436778 0.870927 -0.225189
vn -0.534934 0.843343 -0.051170
vn -0.577659 0.801443 0.154916
vn -0.550810 0.748487 0.369291
vn -0.452096 0.692594 0.562070
vn -0.293114 0.644407 0.706274
vn -0.094882 0.613197 0.784211
vn 0.117891 0.604055 0.788175
vn 0.319909 0.617048 0.718964
vn 0.499848 0.792512 0.349394
vn 0.409365 0.767516 0.493294
vn 0.540076 0.820280 0.188306
vn 0.530637 0.847097 0.029178
vn 0.478341 0.870919 -0.112646
vn 0.392865 0.891082 -0.227221
vn 0.283878 0.907654 -0.309156
vn 0.159801 0.920814 -0.355761
vn 0.027961 0.930436 -0.365386
vn -0.104467 0.935840 -0.336586
vn -0.229200 0.935690 -0.268239
vn -0.335762 0.928123 -0.160786
vn -0.411292 0.911314 -0.018580
vn -0.442392 0.884611 0.147485
vn -0.419278 0.849891 0.319205
vn -0.340307 0.812096 0.474016
vn -0.213684 0.778108 0.590666
vn -0.055335 0.754386 0.654094
vn 0.114851 0.744881 0.657238
vn 0.276127 0.750125 0.600888
vn 0.398038 0.870411 0.289741
vn 0.328783 0.856896 0.397029
vn 0.430629 0.886684 0.168377
vn 0.426085 0.903472 0.046797
vn 0.388365 0.919332 -0.063251
vn 0.323955 0.933556 -0.153382
vn 0.240016 0.945889 -0.218372
vn 0.143423 0.956189 -0.255211
vn 0.040624 0.964175 -0.262136
vn -0.061892 0.969262 -0.238120
vn -0.156937 0.970508 -0.182987
vn -0.236168 0.966733 -0.098241
vn -0.290256 0.956879 0.011546
vn -0.310298 0.940659 0.137389
vn -0.290382 0.919245 0.265833
vn -0.230112 0.895503 0.380949
vn -0.135508 0.873418 0.467738
vn -0.017857 0.856858 0.515244
vn 0.108567 0.848411 0.518085
vn 0.228727 0.848791 0.476695
vn 0.298495 0.926207 0.230307
vn 0.249785 0.919878 0.302379
vn 0.322986 0.934864 0.147345
vn 0.322049 0.944645 0.062701
vn 0.297512 0.954597 -0.015237
vn 0.253300 0.964079 -0.079938
vn 0.194311 0.972693 -0.126931
vn 0.125696 0.980131 -0.153441
vn 0.052586 0.986053 -0.157907
vn -0.019785 0.989998 -0.139690
vn -0.085812 0.991363 -0.099177
vn -0.139424 0.989494 -0.038249
vn -0.174424 0.983898 0.039001
vn -0.185490 0.974568 0.125743
vn -0.169642 0.962266 0.212756
vn -0.127462 0.948559 0.289811
vn -0.063268 0.935501 0.347614
vn 0.015653 0.925086 0.379434
vn 0.100337 0.918749 0.381880
vn 0.181337 0.917093 0.355046
vn 0.207889 0.962299 0.175392
vn 0.178427 0.959799 0.216679
vn 0.223668 0.966376 0.126848
vn 0.224464 0.971488 0.076328
vn 0.210825 0.977092 0.029048
vn 0.184793 0.982720 -0.010635
vn 0.149308 0.987998 -0.039586
vn 0.107679 0.992618 -0.055809
vn 0.063310 0.996293 -0.058236
vn 0.019669 0.998722 -0.046560
vn -0.019608 0.999582 -0.021259
vn -0.050753 0.998581 0.016125
vn -0.070187 0.995564 0.062656
vn -0.075159 0.990645 0.113904
vn -0.064524 0.984286 0.164368
vn -0.039177 0.977265 0.208370
vn -0.001881 0.970504 0.241079
vn 0.043304 0.964869 0.259140
vn 0.091660 0.961012 0.260874
vn 0.138291 0.959298 0.246219
vn -0.077971 -0.992342 -0.095800
vn 0.077971 0.992342 0.095800
s 1
g Mushroom2 Shrooms Dot5
usemtl lambert10SG
f 4263/5291/6015 4264/5292/6016 4284/5313/6017 4283/5312/6018
f 4264/5292/6016 4265/5293/6019 4285/5314/6020 4284/5313/6017
f 4265/5293/6019 4266/5294/6021 4286/5315/6022 4285/5314/6020
f 4266/5294/6021 4267/5295/6023 4287/5316/6024 4286/5315/6022
f 4267/5295/6023 4268/5296/6025 4288/5317/6026 4287/5316/6024
f 4268/5296/6025 4269/5297/6027 4289/5318/6028 4288/5317/6026
f 4269/5297/6027 4270/5298/6029 4290/5319/6030 4289/5318/6028
f 4270/5298/6029 4271/5299/6031 4291/5320/6032 4290/5319/6030
f 4271/5299/6031 4272/5300/6033 4292/5321/6034 4291/5320/6032
f 4272/5300/6033 4273/5301/6035 4293/5322/6036 4292/5321/6034
f 4273/5301/6035 4274/5302/6037 4294/5323/6038 4293/5322/6036
f 4274/5302/6037 4275/5303/6039 4295/5324/6040 4294/5323/6038
f 4275/5303/6039 4276/5304/6041 4296/5325/6042 4295/5324/6040
f 4276/5304/6041 4277/5305/6043 4297/5326/6044 4296/5325/6042
f 4277/5305/6043 4278/5306/6045 4298/5327/6046 4297/5326/6044
f 4278/5306/6045 4279/5307/6047 4299/5328/6048 4298/5327/6046
f 4279/5307/6047 4280/5308/6049 4300/5329/6050 4299/5328/6048
f 4280/5308/6049 4281/5309/6051 4301/5330/6052 4300/5329/6050
f 4281/5309/6051 4282/5310/6053 4302/5331/6054 4301/5330/6052
f 4282/5310/6053 4263/5311/6015 4283/5332/6018 4302/5331/6054
f 4283/5312/6018 4284/5313/6017 4304/5334/6055 4303/5333/6056
f 4284/5313/6017 4285/5314/6020 4305/5335/6057 4304/5334/6055
f 4285/5314/6020 4286/5315/6022 4306/5336/6058 4305/5335/6057
f 4286/5315/6022 4287/5316/6024 4307/5337/6059 4306/5336/6058
f 4287/5316/6024 4288/5317/6026 4308/5338/6060 4307/5337/6059
f 4288/5317/6026 4289/5318/6028 4309/5339/6061 4308/5338/6060
f 4289/5318/6028 4290/5319/6030 4310/5340/6062 4309/5339/6061
f 4290/5319/6030 4291/5320/6032 4311/5341/6063 4310/5340/6062
f 4291/5320/6032 4292/5321/6034 4312/5342/6064 4311/5341/6063
f 4292/5321/6034 4293/5322/6036 4313/5343/6065 4312/5342/6064
f 4293/5322/6036 4294/5323/6038 4314/5344/6066 4313/5343/6065
f 4294/5323/6038 4295/5324/6040 4315/5345/6067 4314/5344/6066
f 4295/5324/6040 4296/5325/6042 4316/5346/6068 4315/5345/6067
f 4296/5325/6042 4297/5326/6044 4317/5347/6069 4316/5346/6068
f 4297/5326/6044 4298/5327/6046 4318/5348/6070 4317/5347/6069
f 4298/5327/6046 4299/5328/6048 4319/5349/6071 4318/5348/6070
f 4299/5328/6048 4300/5329/6050 4320/5350/6072 4319/5349/6071
f 4300/5329/6050 4301/5330/6052 4321/5351/6073 4320/5350/6072
f 4301/5330/6052 4302/5331/6054 4322/5352/6074 4321/5351/6073
f 4302/5331/6054 4283/5332/6018 4303/5353/6056 4322/5352/6074
f 4303/5333/6056 4304/5334/6055 4324/5355/6075 4323/5354/6076
f 4304/5334/6055 4305/5335/6057 4325/5356/6077 4324/5355/6075
f 4305/5335/6057 4306/5336/6058 4326/5357/6078 4325/5356/6077
f 4306/5336/6058 4307/5337/6059 4327/5358/6079 4326/5357/6078
f 4307/5337/6059 4308/5338/6060 4328/5359/6080 4327/5358/6079
f 4308/5338/6060 4309/5339/6061 4329/5360/6081 4328/5359/6080
f 4309/5339/6061 4310/5340/6062 4330/5361/6082 4329/5360/6081
f 4310/5340/6062 4311/5341/6063 4331/5362/6083 4330/5361/6082
f 4311/5341/6063 4312/5342/6064 4332/5363/6084 4331/5362/6083
f 4312/5342/6064 4313/5343/6065 4333/5364/6085 4332/5363/6084
f 4313/5343/6065 4314/5344/6066 4334/5365/6086 4333/5364/6085
f 4314/5344/6066 4315/5345/6067 4335/5366/6087 4334/5365/6086
f 4315/5345/6067 4316/5346/6068 4336/5367/6088 4335/5366/6087
f 4316/5346/6068 4317/5347/6069 4337/5368/6089 4336/5367/6088
f 4317/5347/6069 4318/5348/6070 4338/5369/6090 4337/5368/6089
f 4318/5348/6070 4319/5349/6071 4339/5370/6091 4338/5369/6090
f 4319/5349/6071 4320/5350/6072 4340/5371/6092 4339/5370/6091
f 4320/5350/6072 4321/5351/6073 4341/5372/6093 4340/5371/6092
f 4321/5351/6073 4322/5352/6074 4342/5373/6094 4341/5372/6093
f 4322/5352/6074 4303/5353/6056 4323/5374/6076 4342/5373/6094
f 4323/5354/6076 4324/5355/6075 4344/5376/6095 4343/5375/6096
f 4324/5355/6075 4325/5356/6077 4345/5377/6097 4344/5376/6095
f 4325/5356/6077 4326/5357/6078 4346/5378/6098 4345/5377/6097
f 4326/5357/6078 4327/5358/6079 4347/5379/6099 4346/5378/6098
f 4327/5358/6079 4328/5359/6080 4348/5380/6100 4347/5379/6099
f 4328/5359/6080 4329/5360/6081 4349/5381/6101 4348/5380/6100
f 4329/5360/6081 4330/5361/6082 4350/5382/6102 4349/5381/6101
f 4330/5361/6082 4331/5362/6083 4351/5383/6103 4350/5382/6102
f 4331/5362/6083 4332/5363/6084 4352/5384/6104 4351/5383/6103
f 4332/5363/6084 4333/5364/6085 4353/5385/6105 4352/5384/6104
f 4333/5364/6085 4334/5365/6086 4354/5386/6106 4353/5385/6105
f 4334/5365/6086 4335/5366/6087 4355/5387/6107 4354/5386/6106
f 4335/5366/6087 4336/5367/6088 4356/5388/6108 4355/5387/6107
f 4336/5367/6088 4337/5368/6089 4357/5389/6109 4356/5388/6108
f 4337/5368/6089 4338/5369/6090 4358/5390/6110 4357/5389/6109
f 4338/5369/6090 4339/5370/6091 4359/5391/6111 4358/5390/6110
f 4339/5370/6091 4340/5371/6092 4360/5392/6112 4359/5391/6111
f 4340/5371/6092 4341/5372/6093 4361/5393/6113 4360/5392/6112
f 4341/5372/6093 4342/5373/6094 4362/5394/6114 4361/5393/6113
f 4342/5373/6094 4323/5374/6076 4343/5395/6096 4362/5394/6114
f 4343/5375/6096 4344/5376/6095 4364/5397/6115 4363/5396/6116
f 4344/5376/6095 4345/5377/6097 4365/5398/6117 4364/5397/6115
f 4345/5377/6097 4346/5378/6098 4366/5399/6118 4365/5398/6117
f 4346/5378/6098 4347/5379/6099 4367/5400/6119 4366/5399/6118
f 4347/5379/6099 4348/5380/6100 4368/5401/6120 4367/5400/6119
f 4348/5380/6100 4349/5381/6101 4369/5402/6121 4368/5401/6120
f 4349/5381/6101 4350/5382/6102 4370/5403/6122 4369/5402/6121
f 4350/5382/6102 4351/5383/6103 4371/5404/6123 4370/5403/6122
f 4351/5383/6103 4352/5384/6104 4372/5405/6124 4371/5404/6123
f 4352/5384/6104 4353/5385/6105 4373/5406/6125 4372/5405/6124
f 4353/5385/6105 4354/5386/6106 4374/5407/6126 4373/5406/6125
f 4354/5386/6106 4355/5387/6107 4375/5408/6127 4374/5407/6126
f 4355/5387/6107 4356/5388/6108 4376/5409/6128 4375/5408/6127
f 4356/5388/6108 4357/5389/6109 4377/5410/6129 4376/5409/6128
f 4357/5389/6109 4358/5390/6110 4378/5411/6130 4377/5410/6129
f 4358/5390/6110 4359/5391/6111 4379/5412/6131 4378/5411/6130
f 4359/5391/6111 4360/5392/6112 4380/5413/6132 4379/5412/6131
f 4360/5392/6112 4361/5393/6113 4381/5414/6133 4380/5413/6132
f 4361/5393/6113 4362/5394/6114 4382/5415/6134 4381/5414/6133
f 4362/5394/6114 4343/5395/6096 4363/5416/6116 4382/5415/6134
f 4363/5396/6116 4364/5397/6115 4384/5418/6135 4383/5417/6136
f 4364/5397/6115 4365/5398/6117 4385/5419/6137 4384/5418/6135
f 4365/5398/6117 4366/5399/6118 4386/5420/6138 4385/5419/6137
f 4366/5399/6118 4367/5400/6119 4387/5421/6139 4386/5420/6138
f 4367/5400/6119 4368/5401/6120 4388/5422/6140 4387/5421/6139
f 4368/5401/6120 4369/5402/6121 4389/5423/6141 4388/5422/6140
f 4369/5402/6121 4370/5403/6122 4390/5424/6142 4389/5423/6141
f 4370/5403/6122 4371/5404/6123 4391/5425/6143 4390/5424/6142
f 4371/5404/6123 4372/5405/6124 4392/5426/6144 4391/5425/6143
f 4372/5405/6124 4373/5406/6125 4393/5427/6145 4392/5426/6144
f 4373/5406/6125 4374/5407/6126 4394/5428/6146 4393/5427/6145
f 4374/5407/6126 4375/5408/6127 4395/5429/6147 4394/5428/6146
f 4375/5408/6127 4376/5409/6128 4396/5430/6148 4395/5429/6147
f 4376/5409/6128 4377/5410/6129 4397/5431/6149 4396/5430/6148
f 4377/5410/6129 4378/5411/6130 4398/5432/6150 4397/5431/6149
f 4378/5411/6130 4379/5412/6131 4399/5433/6151 4398/5432/6150
f 4379/5412/6131 4380/5413/6132 4400/5434/6152 4399/5433/6151
f 4380/5413/6132 4381/5414/6133 4401/5435/6153 4400/5434/6152
f 4381/5414/6133 4382/5415/6134 4402/5436/6154 4401/5435/6153
f 4382/5415/6134 4363/5416/6116 4383/5437/6136 4402/5436/6154
f 4383/5417/6136 4384/5418/6135 4404/5439/6155 4403/5438/6156
f 4384/5418/6135 4385/5419/6137 4405/5440/6157 4404/5439/6155
f 4385/5419/6137 4386/5420/6138 4406/5441/6158 4405/5440/6157
f 4386/5420/6138 4387/5421/6139 4407/5442/6159 4406/5441/6158
f 4387/5421/6139 4388/5422/6140 4408/5443/6160 4407/5442/6159
f 4388/5422/6140 4389/5423/6141 4409/5444/6161 4408/5443/6160
f 4389/5423/6141 4390/5424/6142 4410/5445/6162 4409/5444/6161
f 4390/5424/6142 4391/5425/6143 4411/5446/6163 4410/5445/6162
f 4391/5425/6143 4392/5426/6144 4412/5447/6164 4411/5446/6163
f 4392/5426/6144 4393/5427/6145 4413/5448/6165 4412/5447/6164
f 4393/5427/6145 4394/5428/6146 4414/5449/6166 4413/5448/6165
f 4394/5428/6146 4395/5429/6147 4415/5450/6167 4414/5449/6166
f 4395/5429/6147 4396/5430/6148 4416/5451/6168 4415/5450/6167
f 4396/5430/6148 4397/5431/6149 4417/5452/6169 4416/5451/6168
f 4397/5431/6149 4398/5432/6150 4418/5453/6170 4417/5452/6169
f 4398/5432/6150 4399/5433/6151 4419/5454/6171 4418/5453/6170
f 4399/5433/6151 4400/5434/6152 4420/5455/6172 4419/5454/6171
f 4400/5434/6152 4401/5435/6153 4421/5456/6173 4420/5455/6172
f 4401/5435/6153 4402/5436/6154 4422/5457/6174 4421/5456/6173
f 4402/5436/6154 4383/5437/6136 4403/5458/6156 4422/5457/6174
f 4403/5438/6156 4404/5439/6155 4424/5460/6175 4423/5459/6176
f 4404/5439/6155 4405/5440/6157 4425/5461/6177 4424/5460/6175
f 4405/5440/6157 4406/5441/6158 4426/5462/6178 4425/5461/6177
f 4406/5441/6158 4407/5442/6159 4427/5463/6179 4426/5462/6178
f 4407/5442/6159 4408/5443/6160 4428/5464/6180 4427/5463/6179
f 4408/5443/6160 4409/5444/6161 4429/5465/6181 4428/5464/6180
f 4409/5444/6161 4410/5445/6162 4430/5466/6182 4429/5465/6181
f 4410/5445/6162 4411/5446/6163 4431/5467/6183 4430/5466/6182
f 4411/5446/6163 4412/5447/6164 4432/5468/6184 4431/5467/6183
f 4412/5447/6164 4413/5448/6165 4433/5469/6185 4432/5468/6184
f 4413/5448/6165 4414/5449/6166 4434/5470/6186 4433/5469/6185
f 4414/5449/6166 4415/5450/6167 4435/5471/6187 4434/5470/6186
f 4415/5450/6167 4416/5451/6168 4436/5472/6188 4435/5471/6187
f 4416/5451/6168 4417/5452/6169 4437/5473/6189 4436/5472/6188
f 4417/5452/6169 4418/5453/6170 4438/5474/6190 4437/5473/6189
f 4418/5453/6170 4419/5454/6171 4439/5475/6191 4438/5474/6190
f 4419/5454/6171 4420/5455/6172 4440/5476/6192 4439/5475/6191
f 4420/5455/6172 4421/5456/6173 4441/5477/6193 4440/5476/6192
f 4421/5456/6173 4422/5457/6174 4442/5478/6194 4441/5477/6193
f 4422/5457/6174 4403/5458/6156 4423/5479/6176 4442/5478/6194
f 4423/5459/6176 4424/5460/6175 4444/5481/6195 4443/5480/6196
f 4424/5460/6175 4425/5461/6177 4445/5482/6197 4444/5481/6195
f 4425/5461/6177 4426/5462/6178 4446/5483/6198 4445/5482/6197
f 4426/5462/6178 4427/5463/6179 4447/5484/6199 4446/5483/6198
f 4427/5463/6179 4428/5464/6180 4448/5485/6200 4447/5484/6199
f 4428/5464/6180 4429/5465/6181 4449/5486/6201 4448/5485/6200
f 4429/5465/6181 4430/5466/6182 4450/5487/6202 4449/5486/6201
f 4430/5466/6182 4431/5467/6183 4451/5488/6203 4450/5487/6202
f 4431/5467/6183 4432/5468/6184 4452/5489/6204 4451/5488/6203
f 4432/5468/6184 4433/5469/6185 4453/5490/6205 4452/5489/6204
f 4433/5469/6185 4434/5470/6186 4454/5491/6206 4453/5490/6205
f 4434/5470/6186 4435/5471/6187 4455/5492/6207 4454/5491/6206
f 4435/5471/6187 4436/5472/6188 4456/5493/6208 4455/5492/6207
f 4436/5472/6188 4437/5473/6189 4457/5494/6209 4456/5493/6208
f 4437/5473/6189 4438/5474/6190 4458/5495/6210 4457/5494/6209
f 4438/5474/6190 4439/5475/6191 4459/5496/6211 4458/5495/6210
f 4439/5475/6191 4440/5476/6192 4460/5497/6212 4459/5496/6211
f 4440/5476/6192 4441/5477/6193 4461/5498/6213 4460/5497/6212
f 4441/5477/6193 4442/5478/6194 4462/5499/6214 4461/5498/6213
f 4442/5478/6194 4423/5479/6176 4443/5500/6196 4462/5499/6214
f 4443/5480/6196 4444/5481/6195 4464/5502/6215 4463/5501/6216
f 4444/5481/6195 4445/5482/6197 4465/5503/6217 4464/5502/6215
f 4445/5482/6197 4446/5483/6198 4466/5504/6218 4465/5503/6217
f 4446/5483/6198 4447/5484/6199 4467/5505/6219 4466/5504/6218
f 4447/5484/6199 4448/5485/6200 4468/5506/6220 4467/5505/6219
f 4448/5485/6200 4449/5486/6201 4469/5507/6221 4468/5506/6220
f 4449/5486/6201 4450/5487/6202 4470/5508/6222 4469/5507/6221
f 4450/5487/6202 4451/5488/6203 4471/5509/6223 4470/5508/6222
f 4451/5488/6203 4452/5489/6204 4472/5510/6224 4471/5509/6223
f 4452/5489/6204 4453/5490/6205 4473/5511/6225 4472/5510/6224
f 4453/5490/6205 4454/5491/6206 4474/5512/6226 4473/5511/6225
f 4454/5491/6206 4455/5492/6207 4475/5513/6227 4474/5512/6226
f 4455/5492/6207 4456/5493/6208 4476/5514/6228 4475/5513/6227
f 4456/5493/6208 4457/5494/6209 4477/5515/6229 4476/5514/6228
f 4457/5494/6209 4458/5495/6210 4478/5516/6230 4477/5515/6229
f 4458/5495/6210 4459/5496/6211 4479/5517/6231 4478/5516/6230
f 4459/5496/6211 4460/5497/6212 4480/5518/6232 4479/5517/6231
f 4460/5497/6212 4461/5498/6213 4481/5519/6233 4480/5518/6232
f 4461/5498/6213 4462/5499/6214 4482/5520/6234 4481/5519/6233
f 4462/5499/6214 4443/5500/6196 4463/5521/6216 4482/5520/6234
f 4463/5501/6216 4464/5502/6215 4484/5523/6235 4483/5522/6236
f 4464/5502/6215 4465/5503/6217 4485/5524/6237 4484/5523/6235
f 4465/5503/6217 4466/5504/6218 4486/5525/6238 4485/5524/6237
f 4466/5504/6218 4467/5505/6219 4487/5526/6239 4486/5525/6238
f 4467/5505/6219 4468/5506/6220 4488/5527/6240 4487/5526/6239
f 4468/5506/6220 4469/5507/6221 4489/5528/6241 4488/5527/6240
f 4469/5507/6221 4470/5508/6222 4490/5529/6242 4489/5528/6241
f 4470/5508/6222 4471/5509/6223 4491/5530/6243 4490/5529/6242
f 4471/5509/6223 4472/5510/6224 4492/5531/6244 4491/5530/6243
f 4472/5510/6224 4473/5511/6225 4493/5532/6245 4492/5531/6244
f 4473/5511/6225 4474/5512/6226 4494/5533/6246 4493/5532/6245
f 4474/5512/6226 4475/5513/6227 4495/5534/6247 4494/5533/6246
f 4475/5513/6227 4476/5514/6228 4496/5535/6248 4495/5534/6247
f 4476/5514/6228 4477/5515/6229 4497/5536/6249 4496/5535/6248
f 4477/5515/6229 4478/5516/6230 4498/5537/6250 4497/5536/6249
f 4478/5516/6230 4479/5517/6231 4499/5538/6251 4498/5537/6250
f 4479/5517/6231 4480/5518/6232 4500/5539/6252 4499/5538/6251
f 4480/5518/6232 4481/5519/6233 4501/5540/6253 4500/5539/6252
f 4481/5519/6233 4482/5520/6234 4502/5541/6254 4501/5540/6253
f 4482/5520/6234 4463/5521/6216 4483/5542/6236 4502/5541/6254
f 4483/5522/6236 4484/5523/6235 4504/5544/6255 4503/5543/6256
f 4484/5523/6235 4485/5524/6237 4505/5545/6257 4504/5544/6255
f 4485/5524/6237 4486/5525/6238 4506/5546/6258 4505/5545/6257
f 4486/5525/6238 4487/5526/6239 4507/5547/6259 4506/5546/6258
f 4487/5526/6239 4488/5527/6240 4508/5548/6260 4507/5547/6259
f 4488/5527/6240 4489/5528/6241 4509/5549/6261 4508/5548/6260
f 4489/5528/6241 4490/5529/6242 4510/5550/6262 4509/5549/6261
f 4490/5529/6242 4491/5530/6243 4511/5551/6263 4510/5550/6262
f 4491/5530/6243 4492/5531/6244 4512/5552/6264 4511/5551/6263
f 4492/5531/6244 4493/5532/6245 4513/5553/6265 4512/5552/6264
f 4493/5532/6245 4494/5533/6246 4514/5554/6266 4513/5553/6265
f 4494/5533/6246 4495/5534/6247 4515/5555/6267 4514/5554/6266
f 4495/5534/6247 4496/5535/6248 4516/5556/6268 4515/5555/6267
f 4496/5535/6248 4497/5536/6249 4517/5557/6269 4516/5556/6268
f 4497/5536/6249 4498/5537/6250 4518/5558/6270 4517/5557/6269
f 4498/5537/6250 4499/5538/6251 4519/5559/6271 4518/5558/6270
f 4499/5538/6251 4500/5539/6252 4520/5560/6272 4519/5559/6271
f 4500/5539/6252 4501/5540/6253 4521/5561/6273 4520/5560/6272
f 4501/5540/6253 4502/5541/6254 4522/5562/6274 4521/5561/6273
f 4502/5541/6254 4483/5542/6236 4503/5563/6256 4522/5562/6274
f 4503/5543/6256 4504/5544/6255 4524/5565/6275 4523/5564/6276
f 4504/5544/6255 4505/5545/6257 4525/5566/6277 4524/5565/6275
f 4505/5545/6257 4506/5546/6258 4526/5567/6278 4525/5566/6277
f 4506/5546/6258 4507/5547/6259 4527/5568/6279 4526/5567/6278
f 4507/5547/6259 4508/5548/6260 4528/5569/6280 4527/5568/6279
f 4508/5548/6260 4509/5549/6261 4529/5570/6281 4528/5569/6280
f 4509/5549/6261 4510/5550/6262 4530/5571/6282 4529/5570/6281
f 4510/5550/6262 4511/5551/6263 4531/5572/6283 4530/5571/6282
f 4511/5551/6263 4512/5552/6264 4532/5573/6284 4531/5572/6283
f 4512/5552/6264 4513/5553/6265 4533/5574/6285 4532/5573/6284
f 4513/5553/6265 4514/5554/6266 4534/5575/6286 4533/5574/6285
f 4514/5554/6266 4515/5555/6267 4535/5576/6287 4534/5575/6286
f 4515/5555/6267 4516/5556/6268 4536/5577/6288 4535/5576/6287
f 4516/5556/6268 4517/5557/6269 4537/5578/6289 4536/5577/6288
f 4517/5557/6269 4518/5558/6270 4538/5579/6290 4537/5578/6289
f 4518/5558/6270 4519/5559/6271 4539/5580/6291 4538/5579/6290
f 4519/5559/6271 4520/5560/6272 4540/5581/6292 4539/5580/6291
f 4520/5560/6272 4521/5561/6273 4541/5582/6293 4540/5581/6292
f 4521/5561/6273 4522/5562/6274 4542/5583/6294 4541/5582/6293
f 4522/5562/6274 4503/5563/6256 4523/5584/6276 4542/5583/6294
f 4523/5564/6276 4524/5565/6275 4544/5586/6295 4543/5585/6296
f 4524/5565/6275 4525/5566/6277 4545/5587/6297 4544/5586/6295
f 4525/5566/6277 4526/5567/6278 4546/5588/6298 4545/5587/6297
f 4526/5567/6278 4527/5568/6279 4547/5589/6299 4546/5588/6298
f 4527/5568/6279 4528/5569/6280 4548/5590/6300 4547/5589/6299
f 4528/5569/6280 4529/5570/6281 4549/5591/6301 4548/5590/6300
f 4529/5570/6281 4530/5571/6282 4550/5592/6302 4549/5591/6301
f 4530/5571/6282 4531/5572/6283 4551/5593/6303 4550/5592/6302
f 4531/5572/6283 4532/5573/6284 4552/5594/6304 4551/5593/6303
f 4532/5573/6284 4533/5574/6285 4553/5595/6305 4552/5594/6304
f 4533/5574/6285 4534/5575/6286 4554/5596/6306 4553/5595/6305
f 4534/5575/6286 4535/5576/6287 4555/5597/6307 4554/5596/6306
f 4535/5576/6287 4536/5577/6288 4556/5598/6308 4555/5597/6307
f 4536/5577/6288 4537/5578/6289 4557/5599/6309 4556/5598/6308
f 4537/5578/6289 4538/5579/6290 4558/5600/6310 4557/5599/6309
f 4538/5579/6290 4539/5580/6291 4559/5601/6311 4558/5600/6310
f 4539/5580/6291 4540/5581/6292 4560/5602/6312 4559/5601/6311
f 4540/5581/6292 4541/5582/6293 4561/5603/6313 4560/5602/6312
f 4541/5582/6293 4542/5583/6294 4562/5604/6314 4561/5603/6313
f 4542/5583/6294 4523/5584/6276 4543/5605/6296 4562/5604/6314
f 4543/5585/6296 4544/5586/6295 4564/5607/6315 4563/5606/6316
f 4544/5586/6295 4545/5587/6297 4565/5608/6317 4564/5607/6315
f 4545/5587/6297 4546/5588/6298 4566/5609/6318 4565/5608/6317
f 4546/5588/6298 4547/5589/6299 4567/5610/6319 4566/5609/6318
f 4547/5589/6299 4548/5590/6300 4568/5611/6320 4567/5610/6319
f 4548/5590/6300 4549/5591/6301 4569/5612/6321 4568/5611/6320
f 4549/5591/6301 4550/5592/6302 4570/5613/6322 4569/5612/6321
f 4550/5592/6302 4551/5593/6303 4571/5614/6323 4570/5613/6322
f 4551/5593/6303 4552/5594/6304 4572/5615/6324 4571/5614/6323
f 4552/5594/6304 4553/5595/6305 4573/5616/6325 4572/5615/6324
f 4553/5595/6305 4554/5596/6306 4574/5617/6326 4573/5616/6325
f 4554/5596/6306 4555/5597/6307 4575/5618/6327 4574/5617/6326
f 4555/5597/6307 4556/5598/6308 4576/5619/6328 4575/5618/6327
f 4556/5598/6308 4557/5599/6309 4577/5620/6329 4576/5619/6328
f 4557/5599/6309 4558/5600/6310 4578/5621/6330 4577/5620/6329
f 4558/5600/6310 4559/5601/6311 4579/5622/6331 4578/5621/6330
f 4559/5601/6311 4560/5602/6312 4580/5623/6332 4579/5622/6331
f 4560/5602/6312 4561/5603/6313 4581/5624/6333 4580/5623/6332
f 4561/5603/6313 4562/5604/6314 4582/5625/6334 4581/5624/6333
f 4562/5604/6314 4543/5605/6296 4563/5626/6316 4582/5625/6334
f 4563/5606/6316 4564/5607/6315 4584/5628/6335 4583/5627/6336
f 4564/5607/6315 4565/5608/6317 4585/5629/6337 4584/5628/6335
f 4565/5608/6317 4566/5609/6318 4586/5630/6338 4585/5629/6337
f 4566/5609/6318 4567/5610/6319 4587/5631/6339 4586/5630/6338
f 4567/5610/6319 4568/5611/6320 4588/5632/6340 4587/5631/6339
f 4568/5611/6320 4569/5612/6321 4589/5633/6341 4588/5632/6340
f 4569/5612/6321 4570/5613/6322 4590/5634/6342 4589/5633/6341
f 4570/5613/6322 4571/5614/6323 4591/5635/6343 4590/5634/6342
f 4571/5614/6323 4572/5615/6324 4592/5636/6344 4591/5635/6343
f 4572/5615/6324 4573/5616/6325 4593/5637/6345 4592/5636/6344
f 4573/5616/6325 4574/5617/6326 4594/5638/6346 4593/5637/6345
f 4574/5617/6326 4575/5618/6327 4595/5639/6347 4594/5638/6346
f 4575/5618/6327 4576/5619/6328 4596/5640/6348 4595/5639/6347
f 4576/5619/6328 4577/5620/6329 4597/5641/6349 4596/5640/6348
f 4577/5620/6329 4578/5621/6330 4598/5642/6350 4597/5641/6349
f 4578/5621/6330 4579/5622/6331 4599/5643/6351 4598/5642/6350
f 4579/5622/6331 4580/5623/6332 4600/5644/6352 4599/5643/6351
f 4580/5623/6332 4581/5624/6333 4601/5645/6353 4600/5644/6352
f 4581/5624/6333 4582/5625/6334 4602/5646/6354 4601/5645/6353
f 4582/5625/6334 4563/5626/6316 4583/5647/6336 4602/5646/6354
f 4583/5627/6336 4584/5628/6335 4604/5649/6355 4603/5648/6356
f 4584/5628/6335 4585/5629/6337 4605/5650/6357 4604/5649/6355
f 4585/5629/6337 4586/5630/6338 4606/5651/6358 4605/5650/6357
f 4586/5630/6338 4587/5631/6339 4607/5652/6359 4606/5651/6358
f 4587/5631/6339 4588/5632/6340 4608/5653/6360 4607/5652/6359
f 4588/5632/6340 4589/5633/6341 4609/5654/6361 4608/5653/6360
f 4589/5633/6341 4590/5634/6342 4610/5655/6362 4609/5654/6361
f 4590/5634/6342 4591/5635/6343 4611/5656/6363 4610/5655/6362
f 4591/5635/6343 4592/5636/6344 4612/5657/6364 4611/5656/6363
f 4592/5636/6344 4593/5637/6345 4613/5658/6365 4612/5657/6364
f 4593/5637/6345 4594/5638/6346 4614/5659/6366 4613/5658/6365
f 4594/5638/6346 4595/5639/6347 4615/5660/6367 4614/5659/6366
f 4595/5639/6347 4596/5640/6348 4616/5661/6368 4615/5660/6367
f 4596/5640/6348 4597/5641/6349 4617/5662/6369 4616/5661/6368
f 4597/5641/6349 4598/5642/6350 4618/5663/6370 4617/5662/6369
f 4598/5642/6350 4599/5643/6351 4619/5664/6371 4618/5663/6370
f 4599/5643/6351 4600/5644/6352 4620/5665/6372 4619/5664/6371
f 4600/5644/6352 4601/5645/6353 4621/5666/6373 4620/5665/6372
f 4601/5645/6353 4602/5646/6354 4622/5667/6374 4621/5666/6373
f 4602/5646/6354 4583/5647/6336 4603/5668/6356 4622/5667/6374
f 4603/5648/6356 4604/5649/6355 4624/5670/6375 4623/5669/6376
f 4604/5649/6355 4605/5650/6357 4625/5671/6377 4624/5670/6375
f 4605/5650/6357 4606/5651/6358 4626/5672/6378 4625/5671/6377
f 4606/5651/6358 4607/5652/6359 4627/5673/6379 4626/5672/6378
f 4607/5652/6359 4608/5653/6360 4628/5674/6380 4627/5673/6379
f 4608/5653/6360 4609/5654/6361 4629/5675/6381 4628/5674/6380
f 4609/5654/6361 4610/5655/6362 4630/5676/6382 4629/5675/6381
f 4610/5655/6362 4611/5656/6363 4631/5677/6383 4630/5676/6382
f 4611/5656/6363 4612/5657/6364 4632/5678/6384 4631/5677/6383
f 4612/5657/6364 4613/5658/6365 4633/5679/6385 4632/5678/6384
f 4613/5658/6365 4614/5659/6366 4634/5680/6386 4633/5679/6385
f 4614/5659/6366 4615/5660/6367 4635/5681/6387 4634/5680/6386
f 4615/5660/6367 4616/5661/6368 4636/5682/6388 4635/5681/6387
f 4616/5661/6368 4617/5662/6369 4637/5683/6389 4636/5682/6388
f 4617/5662/6369 4618/5663/6370 4638/5684/6390 4637/5683/6389
f 4618/5663/6370 4619/5664/6371 4639/5685/6391 4638/5684/6390
f 4619/5664/6371 4620/5665/6372 4640/5686/6392 4639/5685/6391
f 4620/5665/6372 4621/5666/6373 4641/5687/6393 4640/5686/6392
f 4621/5666/6373 4622/5667/6374 4642/5688/6394 4641/5687/6393
f 4622/5667/6374 4603/5668/6356 4623/5689/6376 4642/5688/6394
f 4264/5292/6016 4263/5291/6015 4643/5690/6395
f 4265/5293/6019 4264/5292/6016 4643/5691/6395
f 4266/5294/6021 4265/5293/6019 4643/5692/6395
f 4267/5295/6023 4266/5294/6021 4643/5693/6395
f 4268/5296/6025 4267/5295/6023 4643/5694/6395
f 4269/5297/6027 4268/5296/6025 4643/5695/6395
f 4270/5298/6029 4269/5297/6027 4643/5696/6395
f 4271/5299/6031 4270/5298/6029 4643/5697/6395
f 4272/5300/6033 4271/5299/6031 4643/5698/6395
f 4273/5301/6035 4272/5300/6033 4643/5699/6395
f 4274/5302/6037 4273/5301/6035 4643/5700/6395
f 4275/5303/6039 4274/5302/6037 4643/5701/6395
f 4276/5304/6041 4275/5303/6039 4643/5702/6395
f 4277/5305/6043 4276/5304/6041 4643/5703/6395
f 4278/5306/6045 4277/5305/6043 4643/5704/6395
f 4279/5307/6047 4278/5306/6045 4643/5705/6395
f 4280/5308/6049 4279/5307/6047 4643/5706/6395
f 4281/5309/6051 4280/5308/6049 4643/5707/6395
f 4282/5310/6053 4281/5309/6051 4643/5708/6395
f 4263/5311/6015 4282/5310/6053 4643/5709/6395
f 4623/5669/6376 4624/5670/6375 4644/5710/6396
f 4624/5670/6375 4625/5671/6377 4644/5711/6396
f 4625/5671/6377 4626/5672/6378 4644/5712/6396
f 4626/5672/6378 4627/5673/6379 4644/5713/6396
f 4627/5673/6379 4628/5674/6380 4644/5714/6396
f 4628/5674/6380 4629/5675/6381 4644/5715/6396
f 4629/5675/6381 4630/5676/6382 4644/5716/6396
f 4630/5676/6382 4631/5677/6383 4644/5717/6396
f 4631/5677/6383 4632/5678/6384 4644/5718/6396
f 4632/5678/6384 4633/5679/6385 4644/5719/6396
f 4633/5679/6385 4634/5680/6386 4644/5720/6396
f 4634/5680/6386 4635/5681/6387 4644/5721/6396
f 4635/5681/6387 4636/5682/6388 4644/5722/6396
f 4636/5682/6388 4637/5683/6389 4644/5723/6396
f 4637/5683/6389 4638/5684/6390 4644/5724/6396
f 4638/5684/6390 4639/5685/6391 4644/5725/6396
f 4639/5685/6391 4640/5686/6392 4644/5726/6396
f 4640/5686/6392 4641/5687/6393 4644/5727/6396
f 4641/5687/6393 4642/5688/6394 4644/5728/6396
f 4642/5688/6394 4623/5689/6376 4644/5729/6396
g default
v 3.180024 1.789299 4.082275
v 3.188988 1.790249 4.077929
v 3.196201 1.793277 4.073499
v 3.200955 1.798084 4.069417
v 3.202785 1.804203 4.066082
v 3.201513 1.811031 4.063823
v 3.197263 1.817903 4.062858
v 3.190450 1.824145 4.063283
v 3.181743 1.829145 4.065057
v 3.171992 1.832416 4.068006
v 3.162153 1.833635 4.071840
v 3.153188 1.832685 4.076185
v 3.145976 1.829658 4.080616
v 3.141222 1.824850 4.084698
v 3.139391 1.818732 4.088032
v 3.140663 1.811903 4.090292
v 3.144914 1.805031 4.091257
v 3.151726 1.798790 4.090831
v 3.160434 1.793789 4.089057
v 3.170185 1.790519 4.086109
v 3.191669 1.769777 4.094509
v 3.209377 1.771654 4.085926
v 3.223624 1.777634 4.077174
v 3.233015 1.787132 4.069110
v 3.236631 1.799217 4.062523
v 3.234118 1.812706 4.058059
v 3.225722 1.826280 4.056154
v 3.212265 1.838610 4.056993
v 3.195064 1.848488 4.060498
v 3.175803 1.854948 4.066321
v 3.156367 1.857357 4.073896
v 3.138659 1.855480 4.082479
v 3.124412 1.849500 4.091231
v 3.115020 1.840002 4.099295
v 3.111404 1.827917 4.105882
v 3.113917 1.814427 4.110346
v 3.122313 1.800853 4.112251
v 3.135771 1.788524 4.111411
v 3.152972 1.778646 4.107907
v 3.172233 1.772186 4.102083
v 3.204752 1.752675 4.111057
v 3.230768 1.755433 4.098447
v 3.251698 1.764219 4.085589
v 3.265495 1.778172 4.073742
v 3.270808 1.795926 4.064065
v 3.267116 1.815745 4.057507
v 3.254781 1.835687 4.054708
v 3.235011 1.853801 4.055942
v 3.209740 1.868313 4.061090
v 3.181442 1.877804 4.069646
v 3.152888 1.881343 4.080773
v 3.126872 1.878585 4.093383
v 3.105941 1.869800 4.106241
v 3.092144 1.855847 4.118088
v 3.086832 1.838092 4.127765
v 3.090524 1.818273 4.134324
v 3.102859 1.798331 4.137123
v 3.122629 1.780217 4.135888
v 3.147900 1.765705 4.130741
v 3.176198 1.756214 4.122185
v 3.218951 1.738415 4.131511
v 3.252634 1.741986 4.115185
v 3.279733 1.753361 4.098537
v 3.297596 1.771426 4.083200
v 3.304474 1.794413 4.070671
v 3.299695 1.820072 4.062180
v 3.283724 1.845891 4.058556
v 3.258127 1.869344 4.060154
v 3.225409 1.888133 4.066818
v 3.188772 1.900420 4.077896
v 3.151802 1.905003 4.092303
v 3.118119 1.901432 4.108629
v 3.091020 1.890057 4.125277
v 3.073157 1.871992 4.140615
v 3.066279 1.849005 4.153143
v 3.071059 1.823346 4.161635
v 3.087029 1.797526 4.165259
v 3.112626 1.774074 4.163661
v 3.145344 1.755285 4.156997
v 3.181982 1.742997 4.145918
v 3.233916 1.727348 4.155368
v 3.274437 1.731643 4.135728
v 3.307037 1.745327 4.115702
v 3.328526 1.767060 4.097250
v 3.336801 1.794713 4.082178
v 3.331051 1.825581 4.071962
v 3.311839 1.856642 4.067602
v 3.281045 1.884855 4.069525
v 3.241685 1.907459 4.077542
v 3.197610 1.922240 4.090869
v 3.153136 1.927753 4.108201
v 3.112616 1.923457 4.127842
v 3.080015 1.909774 4.147868
v 3.058526 1.888041 4.166320
v 3.050251 1.860388 4.181392
v 3.056002 1.829520 4.191607
v 3.075214 1.798459 4.195967
v 3.106007 1.770246 4.194045
v 3.145368 1.747642 4.186028
v 3.189442 1.732861 4.172700
v 3.249279 1.719746 4.182041
v 3.295640 1.724661 4.159570
v 3.332939 1.740317 4.136657
v 3.357525 1.765181 4.115546
v 3.366992 1.796821 4.098302
v 3.360413 1.832137 4.086614
v 3.338432 1.867675 4.081626
v 3.303201 1.899954 4.083826
v 3.258168 1.925815 4.092999
v 3.207741 1.942727 4.108246
v 3.156857 1.949034 4.128076
v 3.110497 1.944120 4.150547
v 3.073198 1.928464 4.173460
v 3.048611 1.903599 4.194571
v 3.039145 1.871960 4.211815
v 3.045723 1.836643 4.223503
v 3.067704 1.801106 4.228491
v 3.102936 1.768827 4.226291
v 3.147969 1.742965 4.217118
v 3.198395 1.726053 4.201871
v 3.264662 1.715797 4.210872
v 3.315721 1.721210 4.186124
v 3.356800 1.738452 4.160889
v 3.383878 1.765837 4.137638
v 3.394305 1.800683 4.118647
v 3.387059 1.839578 4.105774
v 3.362850 1.878717 4.100281
v 3.324048 1.914268 4.102703
v 3.274451 1.942750 4.112805
v 3.218914 1.961376 4.129599
v 3.162873 1.968323 4.151438
v 3.111814 1.962909 4.176187
v 3.070735 1.945667 4.201421
v 3.043657 1.918283 4.224672
v 3.033231 1.883437 4.243664
v 3.040477 1.844541 4.256536
v 3.064686 1.805402 4.262030
v 3.103487 1.769852 4.259607
v 3.153084 1.741369 4.249505
v 3.208621 1.722743 4.232712
v 3.279686 1.715597 4.241152
v 3.334186 1.721375 4.214736
v 3.378033 1.739780 4.187800
v 3.406936 1.769010 4.162982
v 3.418065 1.806204 4.142711
v 3.410331 1.847721 4.128971
v 3.384491 1.889498 4.123107
v 3.343074 1.927444 4.125693
v 3.290134 1.957846 4.136476
v 3.230854 1.977728 4.154401
v 3.171036 1.985142 4.177712
v 3.116537 1.979364 4.204129
v 3.072689 1.960960 4.231064
v 3.043786 1.931730 4.255882
v 3.032657 1.894536 4.276154
v 3.040391 1.853018 4.289894
v 3.066231 1.811242 4.295758
v 3.107648 1.773295 4.293171
v 3.160588 1.742893 4.282388
v 3.219868 1.723012 4.264463
v 3.293980 1.719153 4.272135
v 3.350579 1.725153 4.244701
v 3.396116 1.744267 4.216728
v 3.426132 1.774622 4.190955
v 3.437690 1.813249 4.169902
v 3.429657 1.856366 4.155633
v 3.402822 1.899751 4.149543
v 3.359810 1.939159 4.152229
v 3.304831 1.970732 4.163427
v 3.243268 1.991379 4.182043
v 3.181146 1.999080 4.206252
v 3.124547 1.993079 4.233685
v 3.079010 1.973966 4.261659
v 3.048995 1.943610 4.287433
v 3.037437 1.904983 4.308485
v 3.045469 1.861867 4.322754
v 3.072304 1.818481 4.328844
v 3.115316 1.779073 4.326158
v 3.170295 1.747500 4.314960
v 3.231858 1.726853 4.296345
v 3.307193 1.726375 4.303059
v 3.364498 1.732450 4.275282
v 3.410602 1.751802 4.246961
v 3.440992 1.782536 4.220866
v 3.452694 1.821645 4.199551
v 3.444562 1.865298 4.185104
v 3.417392 1.909225 4.178938
v 3.373844 1.949124 4.181658
v 3.318180 1.981091 4.192996
v 3.255849 2.001995 4.211843
v 3.192953 2.009791 4.236354
v 3.135648 2.003716 4.264130
v 3.089544 1.984364 4.292451
v 3.059154 1.953630 4.318547
v 3.047452 1.914522 4.339861
v 3.055584 1.870868 4.354308
v 3.082754 1.826941 4.360474
v 3.126302 1.787042 4.357755
v 3.181966 1.755076 4.346416
v 3.244297 1.734171 4.327569
v 3.319000 1.737087 4.333160
v 3.375599 1.743087 4.305726
v 3.421136 1.762201 4.277753
v 3.451152 1.792557 4.251979
v 3.462709 1.831183 4.230927
v 3.454677 1.874300 4.216658
v 3.427842 1.917686 4.210568
v 3.384830 1.957094 4.213254
v 3.329851 1.988666 4.224452
v 3.268288 2.009314 4.243068
v 3.206166 2.017014 4.267277
v 3.149567 2.011013 4.294711
v 3.104030 1.991900 4.322684
v 3.074014 1.961544 4.348458
v 3.062457 1.922917 4.369510
v 3.070488 1.879801 4.383779
v 3.097324 1.836415 4.389869
v 3.140337 1.797007 4.387183
v 3.195315 1.765434 4.375985
v 3.256878 1.744787 4.357369
v 3.329109 1.751024 4.361700
v 3.383609 1.756802 4.335284
v 3.427457 1.775207 4.308348
v 3.456360 1.804437 4.283530
v 3.467489 1.841631 4.263258
v 3.459755 1.883148 4.249518
v 3.433915 1.924925 4.243655
v 3.392498 1.962871 4.246241
v 3.339558 1.993273 4.257024
v 3.280278 2.013155 4.274949
v 3.220460 2.020569 4.298260
v 3.165960 2.014791 4.324677
v 3.122113 1.996387 4.351612
v 3.093210 1.967157 4.376430
v 3.082081 1.929962 4.396701
v 3.089815 1.888445 4.410441
v 3.115655 1.846668 4.416305
v 3.157072 1.808722 4.413719
v 3.210012 1.778320 4.402936
v 3.269292 1.758439 4.385011
v 3.337273 1.767844 4.387974
v 3.388332 1.773257 4.363226
v 3.429411 1.790499 4.337991
v 3.456489 1.817884 4.314740
v 3.466915 1.852730 4.295748
v 3.459669 1.891626 4.282876
v 3.435461 1.930764 4.277382
v 3.396659 1.966315 4.279805
v 3.347062 1.994797 4.289907
v 3.291525 2.013423 4.306700
v 3.235484 2.020370 4.328540
v 3.184425 2.014957 4.353288
v 3.143346 1.997714 4.378523
v 3.116268 1.970330 4.401774
v 3.105842 1.935484 4.420765
v 3.113087 1.896588 4.433638
v 3.137296 1.857449 4.439132
v 3.176098 1.821899 4.436709
v 3.225695 1.793417 4.426607
v 3.281232 1.774791 4.409814
v 3.343289 1.787132 4.411336
v 3.389649 1.792047 4.388865
v 3.426948 1.807703 4.365952
v 3.451535 1.832567 4.344841
v 3.461002 1.864206 4.327597
v 3.454422 1.899523 4.315909
v 3.432441 1.935061 4.310921
v 3.397210 1.967340 4.313121
v 3.352177 1.993201 4.322294
v 3.301751 2.010113 4.337541
v 3.250866 2.016420 4.357371
v 3.204506 2.011506 4.379842
v 3.167207 1.995849 4.402755
v 3.142621 1.970985 4.423867
v 3.133154 1.939346 4.441110
v 3.139733 1.904029 4.452798
v 3.161714 1.868492 4.457786
v 3.196945 1.836213 4.455586
v 3.241978 1.810351 4.446414
v 3.292405 1.793439 4.431166
v 3.347010 1.808413 4.431211
v 3.387531 1.812709 4.411571
v 3.420131 1.826393 4.391544
v 3.441620 1.848125 4.373092
v 3.449895 1.875779 4.358020
v 3.444144 1.906647 4.347805
v 3.424932 1.937707 4.343445
v 3.394139 1.965920 4.345368
v 3.354778 1.988524 4.353384
v 3.310704 2.003306 4.366712
v 3.266230 2.008819 4.384044
v 3.225709 2.004523 4.403684
v 3.193109 1.990839 4.423711
v 3.171620 1.969107 4.442163
v 3.163345 1.941453 4.457234
v 3.169095 1.910585 4.467450
v 3.188308 1.879524 4.471810
v 3.219101 1.851311 4.469887
v 3.258461 1.828708 4.461870
v 3.302536 1.813926 4.448543
v 3.348344 1.831164 4.447109
v 3.382027 1.834734 4.430782
v 3.409126 1.846109 4.414135
v 3.426989 1.864174 4.398798
v 3.433867 1.887161 4.386269
v 3.429087 1.912821 4.377777
v 3.413117 1.938640 4.374153
v 3.387520 1.962092 4.375751
v 3.354801 1.980882 4.382415
v 3.318164 1.993169 4.393494
v 3.281195 1.997751 4.407901
v 3.247512 1.994181 4.424227
v 3.220413 1.982806 4.440875
v 3.202550 1.964741 4.456213
v 3.195672 1.941754 4.468741
v 3.200452 1.916094 4.477233
v 3.216422 1.890275 4.480857
v 3.242019 1.866823 4.479259
v 3.274737 1.848033 4.472594
v 3.311374 1.835746 4.461516
v 3.347258 1.854823 4.458639
v 3.373274 1.857581 4.446029
v 3.394205 1.866367 4.433171
v 3.408002 1.880320 4.421324
v 3.413314 1.898075 4.411647
v 3.409622 1.917893 4.405088
v 3.397287 1.937835 4.402289
v 3.377517 1.955949 4.403524
v 3.352246 1.970462 4.408671
v 3.323948 1.979952 4.417228
v 3.295394 1.983491 4.428355
v 3.269378 1.980733 4.440966
v 3.248447 1.971948 4.453823
v 3.234651 1.957995 4.465670
v 3.229338 1.940240 4.475347
v 3.233030 1.920422 4.481906
v 3.245365 1.900479 4.484705
v 3.265136 1.882365 4.483470
v 3.290406 1.867853 4.478323
v 3.318704 1.858363 4.469767
v 3.343779 1.878809 4.465517
v 3.361488 1.880687 4.456933
v 3.375734 1.886667 4.448181
v 3.385126 1.896164 4.440117
v 3.388742 1.908249 4.433531
v 3.386229 1.921739 4.429066
v 3.377833 1.935313 4.427161
v 3.364376 1.947643 4.428001
v 3.347174 1.957521 4.431505
v 3.327913 1.963981 4.437329
v 3.308477 1.966390 4.444903
v 3.290769 1.964512 4.453487
v 3.276522 1.958532 4.462238
v 3.267131 1.949035 4.470303
v 3.263515 1.936950 4.476889
v 3.266028 1.923460 4.481353
v 3.274424 1.909886 4.483259
v 3.287881 1.897557 4.482419
v 3.305082 1.887678 4.478915
v 3.324343 1.881218 4.473091
v 3.337993 1.902531 4.467572
v 3.346958 1.903482 4.463227
v 3.354170 1.906509 4.458797
v 3.358924 1.911317 4.454715
v 3.360755 1.917435 4.451380
v 3.359482 1.924264 4.449121
v 3.355232 1.931135 4.448155
v 3.348420 1.937377 4.448581
v 3.339712 1.942378 4.450355
v 3.329961 1.945648 4.453303
v 3.320122 1.946867 4.457137
v 3.311158 1.945917 4.461483
v 3.303945 1.942890 4.465913
v 3.299191 1.938082 4.469995
v 3.297361 1.931964 4.473330
v 3.298633 1.925135 4.475589
v 3.302883 1.918263 4.476554
v 3.309696 1.912022 4.476129
v 3.318403 1.907021 4.474355
v 3.328154 1.903751 4.471406
v 3.170104 1.810761 4.074656
v 3.330042 1.925405 4.464756
vt 0.612405 0.135888
vt 0.610289 0.135888
vt 0.608172 0.135888
vt 0.606055 0.135888
vt 0.603939 0.135888
vt 0.601822 0.135888
vt 0.599705 0.135888
vt 0.597589 0.135888
vt 0.595472 0.135888
vt 0.593356 0.135888
vt 0.591239 0.135888
vt 0.589122 0.135888
vt 0.587006 0.135888
vt 0.584889 0.135888
vt 0.582773 0.135888
vt 0.580656 0.135888
vt 0.578539 0.135888
vt 0.576423 0.135888
vt 0.574306 0.135888
vt 0.572189 0.135888
vt 0.570073 0.135888
vt 0.612405 0.133772
vt 0.610289 0.133772
vt 0.608172 0.133772
vt 0.606055 0.133772
vt 0.603939 0.133772
vt 0.601822 0.133772
vt 0.599705 0.133772
vt 0.597589 0.133772
vt 0.595472 0.133772
vt 0.593356 0.133772
vt 0.591239 0.133772
vt 0.589122 0.133772
vt 0.587006 0.133772
vt 0.584889 0.133772
vt 0.582773 0.133772
vt 0.580656 0.133772
vt 0.578539 0.133772
vt 0.576423 0.133772
vt 0.574306 0.133772
vt 0.572189 0.133772
vt 0.570073 0.133772
vt 0.612405 0.131655
vt 0.610289 0.131655
vt 0.608172 0.131655
vt 0.606055 0.131655
vt 0.603939 0.131655
vt 0.601822 0.131655
vt 0.599705 0.131655
vt 0.597589 0.131655
vt 0.595472 0.131655
vt 0.593356 0.131655
vt 0.591239 0.131655
vt 0.589122 0.131655
vt 0.587006 0.131655
vt 0.584889 0.131655
vt 0.582773 0.131655
vt 0.580656 0.131655
vt 0.578539 0.131655
vt 0.576423 0.131655
vt 0.574306 0.131655
vt 0.572189 0.131655
vt 0.570073 0.131655
vt 0.612405 0.129538
vt 0.610289 0.129538
vt 0.608172 0.129538
vt 0.606055 0.129538
vt 0.603939 0.129538
vt 0.601822 0.129538
vt 0.599705 0.129538
vt 0.597589 0.129538
vt 0.595472 0.129538
vt 0.593356 0.129538
vt 0.591239 0.129538
vt 0.589122 0.129538
vt 0.587006 0.129538
vt 0.584889 0.129538
vt 0.582773 0.129538
vt 0.580656 0.129538
vt 0.578539 0.129538
vt 0.576423 0.129538
vt 0.574306 0.129538
vt 0.572189 0.129538
vt 0.570073 0.129538
vt 0.612405 0.127422
vt 0.610289 0.127422
vt 0.608172 0.127422
vt 0.606055 0.127422
vt 0.603939 0.127422
vt 0.601822 0.127422
vt 0.599705 0.127422
vt 0.597589 0.127422
vt 0.595472 0.127422
vt 0.593356 0.127422
vt 0.591239 0.127422
vt 0.589122 0.127422
vt 0.587006 0.127422
vt 0.584889 0.127422
vt 0.582773 0.127422
vt 0.580656 0.127422
vt 0.578539 0.127422
vt 0.576423 0.127422
vt 0.574306 0.127422
vt 0.572189 0.127422
vt 0.570073 0.127422
vt 0.612405 0.125305
vt 0.610289 0.125305
vt 0.608172 0.125305
vt 0.606055 0.125305
vt 0.603939 0.125305
vt 0.601822 0.125305
vt 0.599705 0.125305
vt 0.597589 0.125305
vt 0.595472 0.125305
vt 0.593356 0.125305
vt 0.591239 0.125305
vt 0.589122 0.125305
vt 0.587006 0.125305
vt 0.584889 0.125305
vt 0.582773 0.125305
vt 0.580656 0.125305
vt 0.578539 0.125305
vt 0.576423 0.125305
vt 0.574306 0.125305
vt 0.572189 0.125305
vt 0.570073 0.125305
vt 0.612405 0.123189
vt 0.610289 0.123189
vt 0.608172 0.123189
vt 0.606055 0.123189
vt 0.603939 0.123189
vt 0.601822 0.123189
vt 0.599705 0.123189
vt 0.597589 0.123189
vt 0.595472 0.123189
vt 0.593356 0.123189
vt 0.591239 0.123189
vt 0.589122 0.123189
vt 0.587006 0.123189
vt 0.584889 0.123189
vt 0.582773 0.123189
vt 0.580656 0.123189
vt 0.578539 0.123189
vt 0.576423 0.123189
vt 0.574306 0.123189
vt 0.572189 0.123189
vt 0.570073 0.123189
vt 0.612405 0.121072
vt 0.610289 0.121072
vt 0.608172 0.121072
vt 0.606055 0.121072
vt 0.603939 0.121072
vt 0.601822 0.121072
vt 0.599705 0.121072
vt 0.597589 0.121072
vt 0.595472 0.121072
vt 0.593356 0.121072
vt 0.591239 0.121072
vt 0.589122 0.121072
vt 0.587006 0.121072
vt 0.584889 0.121072
vt 0.582773 0.121072
vt 0.580656 0.121072
vt 0.578539 0.121072
vt 0.576423 0.121072
vt 0.574306 0.121072
vt 0.572189 0.121072
vt 0.570073 0.121072
vt 0.612405 0.118955
vt 0.610289 0.118955
vt 0.608172 0.118955
vt 0.606055 0.118955
vt 0.603939 0.118955
vt 0.601822 0.118955
vt 0.599705 0.118955
vt 0.597589 0.118955
vt 0.595472 0.118955
vt 0.593356 0.118955
vt 0.591239 0.118955
vt 0.589122 0.118955
vt 0.587006 0.118955
vt 0.584889 0.118955
vt 0.582773 0.118955
vt 0.580656 0.118955
vt 0.578539 0.118955
vt 0.576423 0.118955
vt 0.574306 0.118955
vt 0.572189 0.118955
vt 0.570073 0.118955
vt 0.612405 0.116839
vt 0.610289 0.116839
vt 0.608172 0.116839
vt 0.606055 0.116839
vt 0.603939 0.116839
vt 0.601822 0.116839
vt 0.599705 0.116839
vt 0.597589 0.116839
vt 0.595472 0.116839
vt 0.593356 0.116839
vt 0.591239 0.116839
vt 0.589122 0.116839
vt 0.587006 0.116839
vt 0.584889 0.116839
vt 0.582773 0.116839
vt 0.580656 0.116839
vt 0.578539 0.116839
vt 0.576423 0.116839
vt 0.574306 0.116839
vt 0.572189 0.116839
vt 0.570073 0.116839
vt 0.612405 0.114722
vt 0.610289 0.114722
vt 0.608172 0.114722
vt 0.606055 0.114722
vt 0.603939 0.114722
vt 0.601822 0.114722
vt 0.599705 0.114722
vt 0.597589 0.114722
vt 0.595472 0.114722
vt 0.593356 0.114722
vt 0.591239 0.114722
vt 0.589122 0.114722
vt 0.587006 0.114722
vt 0.584889 0.114722
vt 0.582773 0.114722
vt 0.580656 0.114722
vt 0.578539 0.114722
vt 0.576423 0.114722
vt 0.574306 0.114722
vt 0.572189 0.114722
vt 0.570073 0.114722
vt 0.612405 0.112605
vt 0.610289 0.112605
vt 0.608172 0.112605
vt 0.606055 0.112605
vt 0.603939 0.112605
vt 0.601822 0.112605
vt 0.599705 0.112605
vt 0.597589 0.112605
vt 0.595472 0.112605
vt 0.593356 0.112605
vt 0.591239 0.112605
vt 0.589122 0.112605
vt 0.587006 0.112605
vt 0.584889 0.112605
vt 0.582773 0.112605
vt 0.580656 0.112605
vt 0.578539 0.112605
vt 0.576423 0.112605
vt 0.574306 0.112605
vt 0.572189 0.112605
vt 0.570073 0.112605
vt 0.612405 0.110489
vt 0.610289 0.110489
vt 0.608172 0.110489
vt 0.606055 0.110489
vt 0.603939 0.110489
vt 0.601822 0.110489
vt 0.599705 0.110489
vt 0.597589 0.110489
vt 0.595472 0.110489
vt 0.593356 0.110489
vt 0.591239 0.110489
vt 0.589122 0.110489
vt 0.587006 0.110489
vt 0.584889 0.110489
vt 0.582773 0.110489
vt 0.580656 0.110489
vt 0.578539 0.110489
vt 0.576423 0.110489
vt 0.574306 0.110489
vt 0.572189 0.110489
vt 0.570073 0.110489
vt 0.612405 0.108372
vt 0.610289 0.108372
vt 0.608172 0.108372
vt 0.606055 0.108372
vt 0.603939 0.108372
vt 0.601822 0.108372
vt 0.599705 0.108372
vt 0.597589 0.108372
vt 0.595472 0.108372
vt 0.593356 0.108372
vt 0.591239 0.108372
vt 0.589122 0.108372
vt 0.587006 0.108372
vt 0.584889 0.108372
vt 0.582773 0.108372
vt 0.580656 0.108372
vt 0.578539 0.108372
vt 0.576423 0.108372
vt 0.574306 0.108372
vt 0.572189 0.108372
vt 0.570073 0.108372
vt 0.612405 0.106256
vt 0.610289 0.106256
vt 0.608172 0.106256
vt 0.606055 0.106256
vt 0.603939 0.106256
vt 0.601822 0.106256
vt 0.599705 0.106256
vt 0.597589 0.106256
vt 0.595472 0.106256
vt 0.593356 0.106256
vt 0.591239 0.106256
vt 0.589122 0.106256
vt 0.587006 0.106256
vt 0.584889 0.106256
vt 0.582773 0.106256
vt 0.580656 0.106256
vt 0.578539 0.106256
vt 0.576423 0.106256
vt 0.574306 0.106256
vt 0.572189 0.106256
vt 0.570073 0.106256
vt 0.612405 0.104139
vt 0.610289 0.104139
vt 0.608172 0.104139
vt 0.606055 0.104139
vt 0.603939 0.104139
vt 0.601822 0.104139
vt 0.599705 0.104139
vt 0.597589 0.104139
vt 0.595472 0.104139
vt 0.593356 0.104139
vt 0.591239 0.104139
vt 0.589122 0.104139
vt 0.587006 0.104139
vt 0.584889 0.104139
vt 0.582773 0.104139
vt 0.580656 0.104139
vt 0.578539 0.104139
vt 0.576423 0.104139
vt 0.574306 0.104139
vt 0.572189 0.104139
vt 0.570073 0.104139
vt 0.612405 0.102022
vt 0.610289 0.102022
vt 0.608172 0.102022
vt 0.606055 0.102022
vt 0.603939 0.102022
vt 0.601822 0.102022
vt 0.599705 0.102022
vt 0.597589 0.102022
vt 0.595472 0.102022
vt 0.593356 0.102022
vt 0.591239 0.102022
vt 0.589122 0.102022
vt 0.587006 0.102022
vt 0.584889 0.102022
vt 0.582773 0.102022
vt 0.580656 0.102022
vt 0.578539 0.102022
vt 0.576423 0.102022
vt 0.574306 0.102022
vt 0.572189 0.102022
vt 0.570073 0.102022
vt 0.612405 0.099906
vt 0.610289 0.099906
vt 0.608172 0.099906
vt 0.606055 0.099906
vt 0.603939 0.099906
vt 0.601822 0.099906
vt 0.599705 0.099906
vt 0.597589 0.099906
vt 0.595472 0.099906
vt 0.593356 0.099906
vt 0.591239 0.099906
vt 0.589122 0.099906
vt 0.587006 0.099906
vt 0.584889 0.099906
vt 0.582773 0.099906
vt 0.580656 0.099906
vt 0.578539 0.099906
vt 0.576423 0.099906
vt 0.574306 0.099906
vt 0.572189 0.099906
vt 0.570073 0.099906
vt 0.612405 0.097789
vt 0.610289 0.097789
vt 0.608172 0.097789
vt 0.606055 0.097789
vt 0.603939 0.097789
vt 0.601822 0.097789
vt 0.599705 0.097789
vt 0.597589 0.097789
vt 0.595472 0.097789
vt 0.593356 0.097789
vt 0.591239 0.097789
vt 0.589122 0.097789
vt 0.587006 0.097789
vt 0.584889 0.097789
vt 0.582773 0.097789
vt 0.580656 0.097789
vt 0.578539 0.097789
vt 0.576423 0.097789
vt 0.574306 0.097789
vt 0.572189 0.097789
vt 0.570073 0.097789
vt 0.611347 0.138005
vt 0.609230 0.138005
vt 0.607114 0.138005
vt 0.604997 0.138005
vt 0.602880 0.138005
vt 0.600764 0.138005
vt 0.598647 0.138005
vt 0.596531 0.138005
vt 0.594414 0.138005
vt 0.592297 0.138005
vt 0.590181 0.138005
vt 0.588064 0.138005
vt 0.585947 0.138005
vt 0.583831 0.138005
vt 0.581714 0.138005
vt 0.579598 0.138005
vt 0.577481 0.138005
vt 0.575364 0.138005
vt 0.573248 0.138005
vt 0.571131 0.138005
vt 0.611347 0.095673
vt 0.609230 0.095673
vt 0.607114 0.095673
vt 0.604997 0.095673
vt 0.602880 0.095673
vt 0.600764 0.095673
vt 0.598647 0.095673
vt 0.596531 0.095673
vt 0.594414 0.095673
vt 0.592297 0.095673
vt 0.590181 0.095673
vt 0.588064 0.095673
vt 0.585947 0.095673
vt 0.583831 0.095673
vt 0.581714 0.095673
vt 0.579598 0.095673
vt 0.577481 0.095673
vt 0.575364 0.095673
vt 0.573248 0.095673
vt 0.571131 0.095673
vn -0.330470 -0.596400 -0.731503
vn -0.280898 -0.576523 -0.767279
vn -0.206221 -0.697054 -0.686723
vn -0.285695 -0.725332 -0.626316
vn -0.236306 -0.533766 -0.811944
vn -0.134486 -0.633065 -0.762327
vn -0.201670 -0.467592 -0.860632
vn -0.077624 -0.530206 -0.844308
vn -0.183209 -0.382207 -0.905733
vn -0.045803 -0.393125 -0.918344
vn -0.185195 -0.289509 -0.939089
vn -0.046832 -0.240887 -0.969423
vn -0.206283 -0.204051 -0.956980
vn -0.079287 -0.098890 -0.991935
vn -0.242038 -0.135764 -0.960721
vn -0.136287 0.015017 -0.990556
vn -0.287807 -0.089611 -0.953487
vn -0.210808 0.092351 -0.973155
vn -0.339676 -0.067013 -0.938152
vn -0.297170 0.130375 -0.945882
vn -0.395020 -0.068240 -0.916135
vn -0.390770 0.128074 -0.911535
vn -0.450703 -0.094570 -0.887651
vn -0.485733 0.083864 -0.870075
vn -0.501121 -0.146392 -0.852905
vn -0.572365 -0.002532 -0.819995
vn -0.538728 -0.220795 -0.813033
vn -0.636770 -0.126046 -0.760681
vn -0.555585 -0.309553 -0.771688
vn -0.664254 -0.271760 -0.696357
vn -0.548175 -0.398903 -0.735105
vn -0.649232 -0.415568 -0.637025
vn -0.520621 -0.476235 -0.708628
vn -0.600336 -0.537227 -0.592439
vn -0.479975 -0.535501 -0.694883
vn -0.530965 -0.628855 -0.567995
vn -0.432266 -0.575156 -0.694508
vn -0.451521 -0.690056 -0.565643
vn -0.381646 -0.595442 -0.706963
vn -0.368497 -0.722184 -0.585372
vn -0.125854 -0.799110 -0.587864
vn -0.233625 -0.830615 -0.505468
vn -0.025998 -0.720396 -0.693075
vn 0.056039 -0.585274 -0.808897
vn 0.103762 -0.396576 -0.912119
vn 0.103653 -0.182814 -0.977668
vn 0.057844 0.015016 -0.998213
vn -0.021699 0.170001 -0.985205
vn -0.123969 0.273226 -0.953928
vn -0.242001 0.324243 -0.914495
vn -0.371196 0.322892 -0.870606
vn -0.505332 0.266123 -0.820864
vn -0.631621 0.150258 -0.760578
vn -0.727589 -0.020940 -0.685694
vn -0.767379 -0.225291 -0.600311
vn -0.741887 -0.423933 -0.519505
vn -0.667489 -0.586415 -0.458886
vn -0.567356 -0.704527 -0.426320
vn -0.457224 -0.781979 -0.423622
vn -0.344860 -0.823602 -0.450280
vn -0.047878 -0.875127 -0.481519
vn -0.180640 -0.905807 -0.383252
vn 0.079663 -0.788312 -0.610097
vn 0.188889 -0.627473 -0.755380
vn 0.254045 -0.391053 -0.884612
vn 0.252906 -0.119629 -0.960067
vn 0.190262 0.125671 -0.973657
vn 0.087276 0.310362 -0.946604
vn -0.039553 0.429899 -0.902010
vn -0.182800 0.489583 -0.852580
vn -0.339949 0.491520 -0.801775
vn -0.507253 0.430503 -0.746567
vn -0.671453 0.296249 -0.679255
vn -0.801300 0.086005 -0.592048
vn -0.855088 -0.172910 -0.488801
vn -0.817592 -0.422763 -0.390915
vn -0.716382 -0.619931 -0.320130
vn -0.587315 -0.757577 -0.284849
vn -0.451058 -0.845859 -0.284728
vn -0.315077 -0.894292 -0.317754
vn 0.025096 -0.927396 -0.373237
vn -0.129351 -0.955429 -0.265376
vn 0.179184 -0.836691 -0.517534
vn 0.316677 -0.655602 -0.685493
vn 0.399658 -0.376344 -0.835846
vn 0.394315 -0.053991 -0.917388
vn 0.311241 0.227595 -0.922675
vn 0.184686 0.430134 -0.883672
vn 0.037012 0.557499 -0.829352
vn -0.124949 0.622095 -0.772907
vn -0.301937 0.628669 -0.716665
vn -0.494334 0.570084 -0.656230
vn -0.691168 0.428532 -0.581934
vn -0.854469 0.190436 -0.483340
vn -0.923726 -0.116193 -0.365007
vn -0.874400 -0.412448 -0.255560
vn -0.747665 -0.638772 -0.181570
vn -0.593540 -0.790855 -0.149194
vn -0.436458 -0.886386 -0.154353
vn -0.282278 -0.939675 -0.193209
vn 0.092407 -0.959593 -0.265786
vn -0.080620 -0.984832 -0.153645
vn 0.271201 -0.866856 -0.418343
vn 0.436610 -0.669365 -0.601101
vn 0.536396 -0.352652 -0.766757
vn 0.523324 0.011879 -0.852051
vn 0.417535 0.318129 -0.851151
vn 0.268753 0.528829 -0.805054
vn 0.104166 0.658192 -0.745609
vn -0.070979 0.725094 -0.684982
vn -0.260876 0.736530 -0.624073
vn -0.470288 0.684182 -0.557427
vn -0.692324 0.543788 -0.474322
vn -0.885653 0.289055 -0.363410
vn -0.971072 -0.056592 -0.231984
vn -0.911836 -0.393651 -0.116595
vn -0.763095 -0.644646 -0.046015
vn -0.588854 -0.807962 -0.021186
vn -0.416017 -0.908738 -0.033543
vn -0.248163 -0.965598 -0.077684
vn 0.154291 -0.974953 -0.160189
vn -0.034417 -0.998259 -0.047892
vn 0.355219 -0.880300 -0.314470
vn 0.546493 -0.668796 -0.504041
vn 0.660559 -0.320488 -0.678932
vn 0.636818 0.076131 -0.767246
vn 0.508228 0.396464 -0.764539
vn 0.340020 0.608495 -0.717022
vn 0.162401 0.736443 -0.656717
vn -0.021515 0.804029 -0.594201
vn -0.218922 0.819819 -0.529121
vn -0.438318 0.775047 -0.455170
vn -0.677331 0.640971 -0.361080
vn -0.894643 0.379289 -0.236122
vn -0.995666 0.004456 -0.092898
vn -0.929897 -0.367071 0.023456
vn -0.764367 -0.639123 0.085239
vn -0.575379 -0.811843 0.099247
vn -0.391309 -0.916898 0.078589
vn -0.213438 -0.976504 0.029724
vn 0.211320 -0.975785 -0.056451
vn 0.009699 -0.998551 0.052940
vn 0.431112 -0.878207 -0.207111
vn 0.644439 -0.654047 -0.396132
vn 0.768884 -0.280593 -0.574530
vn 0.732856 0.137331 -0.666380
vn 0.583742 0.462867 -0.667083
vn 0.399961 0.671892 -0.623372
vn 0.212989 0.796692 -0.565612
vn 0.023793 0.863993 -0.502941
vn -0.177054 0.883276 -0.434137
vn -0.400684 0.845810 -0.352218
vn -0.648655 0.720377 -0.245566
vn -0.882089 0.459203 -0.105130
vn -0.996653 0.065490 0.048922
vn -0.928715 -0.333321 0.162440
vn -0.752758 -0.623314 0.211742
vn -0.554448 -0.804488 0.213039
vn -0.363102 -0.913469 0.183659
vn -0.178190 -0.975285 0.130645
vn 0.264124 -0.963393 0.045959
vn 0.052321 -0.987265 0.150234
vn 0.498822 -0.861265 -0.096955
vn 0.728681 -0.625355 -0.279205
vn 0.858583 -0.233927 -0.456194
vn 0.810384 0.194376 -0.552717
vn 0.645057 0.518063 -0.561705
vn 0.450189 0.721568 -0.525994
vn 0.257295 0.842496 -0.473286
vn 0.065651 0.908932 -0.411743
vn -0.135503 0.930719 -0.339708
vn -0.358756 0.899409 -0.249715
vn -0.608396 0.782920 -0.129966
vn -0.849200 0.527418 0.026261
vn -0.973785 0.125036 0.190024
vn -0.908385 -0.292947 0.298360
vn -0.728990 -0.597839 0.333409
vn -0.526685 -0.786962 0.321394
vn -0.331588 -0.899842 0.283433
vn -0.142158 -0.963493 0.226875
vn 0.313192 -0.938121 0.147780
vn 0.094072 -0.964847 0.245401
vn 0.558105 -0.829625 0.015553
vn 0.797503 -0.583011 -0.155200
vn 0.927426 -0.181648 -0.326933
vn 0.868938 0.246453 -0.429195
vn 0.693211 0.562848 -0.450179
vn 0.492102 0.759500 -0.425435
vn 0.296517 0.876375 -0.379531
vn 0.104854 0.941568 -0.320088
vn -0.094072 0.964847 -0.245397
vn -0.313194 0.938121 -0.147779
vn -0.558108 0.829622 -0.015555
vn -0.797507 0.583007 0.155197
vn -0.927427 0.181646 0.326931
vn -0.868935 -0.246459 0.429197
vn -0.693209 -0.562850 0.450179
vn -0.492104 -0.759498 0.425436
vn -0.296519 -0.876375 0.379531
vn -0.104856 -0.941566 0.320091
vn 0.358756 -0.899409 0.249717
vn 0.135502 -0.930719 0.339709
vn 0.608391 -0.782923 0.129966
vn 0.849197 -0.527423 -0.026266
vn 0.973783 -0.125040 -0.190028
vn 0.908386 0.292944 -0.298361
vn 0.728990 0.597840 -0.333407
vn 0.526687 0.786962 -0.321391
vn 0.331588 0.899842 -0.283434
vn 0.142154 0.963494 -0.226874
vn -0.052325 0.987265 -0.150234
vn -0.264127 0.963392 -0.045961
vn -0.498823 0.861264 0.096954
vn -0.728680 0.625355 0.279208
vn -0.858581 0.233930 0.456197
vn -0.810382 -0.194377 0.552719
vn -0.645059 -0.518061 0.561705
vn -0.450192 -0.721566 0.525994
vn -0.257289 -0.842498 0.473286
vn -0.065649 -0.908932 0.411743
vn 0.400683 -0.845811 0.352218
vn 0.177050 -0.883276 0.434139
vn 0.648658 -0.720375 0.245568
vn 0.882090 -0.459201 0.105132
vn 0.996653 -0.065491 -0.048922
vn 0.928715 0.333320 -0.162439
vn 0.752761 0.623312 -0.211741
vn 0.554449 0.804487 -0.213042
vn 0.363102 0.913468 -0.183664
vn 0.178189 0.975285 -0.130648
vn -0.009699 0.998551 -0.052940
vn -0.211321 0.975785 0.056450
vn -0.431116 0.878205 0.207111
vn -0.644439 0.654048 0.396132
vn -0.768885 0.280591 0.574529
vn -0.732861 -0.137333 0.666374
vn -0.583746 -0.462866 0.667080
vn -0.399959 -0.671890 0.623375
vn -0.212982 -0.796693 0.565613
vn -0.023793 -0.863992 0.502943
vn 0.438316 -0.775048 0.455171
vn 0.218918 -0.819820 0.529121
vn 0.677333 -0.640969 0.361080
vn 0.894644 -0.379285 0.236123
vn 0.995666 -0.004456 0.092899
vn 0.929897 0.367073 -0.023455
vn 0.764366 0.639123 -0.085238
vn 0.575379 0.811843 -0.099247
vn 0.391307 0.916899 -0.078589
vn 0.213437 0.976505 -0.029721
vn 0.034418 0.998259 0.047894
vn -0.154286 0.974954 0.160190
vn -0.355218 0.880299 0.314473
vn -0.546497 0.668793 0.504040
vn -0.660563 0.320489 0.678928
vn -0.636823 -0.076134 0.767242
vn -0.508228 -0.396468 0.764537
vn -0.340019 -0.608495 0.717022
vn -0.162404 -0.736445 0.656715
vn 0.021508 -0.804029 0.594201
vn 0.470286 -0.684185 0.557424
vn 0.260873 -0.736532 0.624072
vn 0.692323 -0.543793 0.474318
vn 0.885655 -0.289052 0.363406
vn 0.971072 0.056593 0.231982
vn 0.911834 0.393656 0.116595
vn 0.763091 0.644651 0.046017
vn 0.588851 0.807964 0.021191
vn 0.416018 0.908737 0.033549
vn 0.248166 0.965598 0.077686
vn 0.080620 0.984832 0.153642
vn -0.092404 0.959594 0.265784
vn -0.271198 0.866858 0.418342
vn -0.436607 0.669366 0.601102
vn -0.536396 0.352655 0.766755
vn -0.523323 -0.011874 0.852052
vn -0.417532 -0.318133 0.851151
vn -0.268751 -0.528832 0.805053
vn -0.104168 -0.658196 0.745605
vn 0.070972 -0.725097 0.684980
vn 0.494331 -0.570083 0.656234
vn 0.301940 -0.628666 0.716667
vn 0.691164 -0.428541 0.581932
vn 0.854470 -0.190435 0.483337
vn 0.923726 0.116197 0.365005
vn 0.874402 0.412446 0.255557
vn 0.747666 0.638772 0.181568
vn 0.593542 0.790853 0.149197
vn 0.436461 0.886384 0.154354
vn 0.282278 0.939675 0.193211
vn 0.129349 0.955429 0.265377
vn -0.025097 0.927397 0.373236
vn -0.179183 0.836692 0.517533
vn -0.316671 0.655603 0.685496
vn -0.399654 0.376345 0.835847
vn -0.394316 0.053995 0.917387
vn -0.311241 -0.227597 0.922675
vn -0.184679 -0.430136 0.883673
vn -0.037011 -0.557504 0.829349
vn 0.124948 -0.622098 0.772905
vn 0.507254 -0.430493 0.746571
vn 0.339955 -0.491516 0.801775
vn 0.671446 -0.296248 0.679262
vn 0.801294 -0.086004 0.592056
vn 0.855090 0.172906 0.488800
vn 0.817594 0.422758 0.390916
vn 0.716380 0.619932 0.320130
vn 0.587316 0.757577 0.284846
vn 0.451059 0.845860 0.284724
vn 0.315076 0.894293 0.317753
vn 0.180636 0.905808 0.383252
vn 0.047876 0.875129 0.481515
vn -0.079658 0.788314 0.610094
vn -0.188886 0.627470 0.755383
vn -0.254043 0.391057 0.884611
vn -0.252905 0.119636 0.960066
vn -0.190269 -0.125671 0.973655
vn -0.087276 -0.310361 0.946604
vn 0.039550 -0.429898 0.902011
vn 0.182803 -0.489582 0.852580
vn 0.505335 -0.266130 0.820860
vn 0.371201 -0.322895 0.870602
vn 0.631618 -0.150263 0.760578
vn 0.727581 0.020938 0.685702
vn 0.767380 0.225293 0.600308
vn 0.741888 0.423929 0.519507
vn 0.667487 0.586412 0.458892
vn 0.567357 0.704527 0.426318
vn 0.457223 0.781980 0.423620
vn 0.344855 0.823605 0.450278
vn 0.233623 0.830616 0.505467
vn 0.125853 0.799108 0.587867
vn 0.025993 0.720395 0.693076
vn -0.056038 0.585271 0.808899
vn -0.103759 0.396581 0.912117
vn -0.103655 0.182826 0.977666
vn -0.057841 -0.015012 0.998213
vn 0.021707 -0.170005 0.985204
vn 0.123964 -0.273227 0.953929
vn 0.242001 -0.324243 0.914495
vn 0.485730 -0.083866 0.870077
vn 0.390781 -0.128072 0.911531
vn 0.572365 0.002516 0.819995
vn 0.636765 0.126035 0.760688
vn 0.664254 0.271776 0.696351
vn 0.649233 0.415572 0.637022
vn 0.600341 0.537220 0.592440
vn 0.530971 0.628851 0.567993
vn 0.451529 0.690047 0.565647
vn 0.368494 0.722185 0.585373
vn 0.285686 0.725335 0.626317
vn 0.206228 0.697051 0.686724
vn 0.134484 0.633059 0.762333
vn 0.077618 0.530204 0.844310
vn 0.045802 0.393121 0.918345
vn 0.046830 0.240897 0.969420
vn 0.079292 0.098900 0.991933
vn 0.136303 -0.015015 0.990553
vn 0.210811 -0.092342 0.973156
vn 0.297182 -0.130372 0.945878
vn 0.450694 0.094575 0.887655
vn 0.395029 0.068250 0.916130
vn 0.501123 0.146365 0.852908
vn 0.538734 0.220786 0.813031
vn 0.555579 0.309578 0.771683
vn 0.548167 0.398900 0.735113
vn 0.520621 0.476226 0.708634
vn 0.479981 0.535488 0.694889
vn 0.432253 0.575151 0.694520
vn 0.381645 0.595436 0.706968
vn 0.330484 0.596395 0.731501
vn 0.280908 0.576522 0.767277
vn 0.236321 0.533761 0.811943
vn 0.201666 0.467587 0.860635
vn 0.183212 0.382198 0.905736
vn 0.185193 0.289529 0.939083
vn 0.206281 0.204058 0.956979
vn 0.242054 0.135752 0.960719
vn 0.287808 0.089621 0.953486
vn 0.339682 0.067015 0.938150
vn -0.377332 -0.353072 -0.856131
vn 0.377324 0.353068 0.856136
s 1
g Mushroom2 Shrooms Dot6
usemtl lambert10SG
f 4645/5730/6397 4646/5731/6398 4666/5752/6399 4665/5751/6400
f 4646/5731/6398 4647/5732/6401 4667/5753/6402 4666/5752/6399
f 4647/5732/6401 4648/5733/6403 4668/5754/6404 4667/5753/6402
f 4648/5733/6403 4649/5734/6405 4669/5755/6406 4668/5754/6404
f 4649/5734/6405 4650/5735/6407 4670/5756/6408 4669/5755/6406
f 4650/5735/6407 4651/5736/6409 4671/5757/6410 4670/5756/6408
f 4651/5736/6409 4652/5737/6411 4672/5758/6412 4671/5757/6410
f 4652/5737/6411 4653/5738/6413 4673/5759/6414 4672/5758/6412
f 4653/5738/6413 4654/5739/6415 4674/5760/6416 4673/5759/6414
f 4654/5739/6415 4655/5740/6417 4675/5761/6418 4674/5760/6416
f 4655/5740/6417 4656/5741/6419 4676/5762/6420 4675/5761/6418
f 4656/5741/6419 4657/5742/6421 4677/5763/6422 4676/5762/6420
f 4657/5742/6421 4658/5743/6423 4678/5764/6424 4677/5763/6422
f 4658/5743/6423 4659/5744/6425 4679/5765/6426 4678/5764/6424
f 4659/5744/6425 4660/5745/6427 4680/5766/6428 4679/5765/6426
f 4660/5745/6427 4661/5746/6429 4681/5767/6430 4680/5766/6428
f 4661/5746/6429 4662/5747/6431 4682/5768/6432 4681/5767/6430
f 4662/5747/6431 4663/5748/6433 4683/5769/6434 4682/5768/6432
f 4663/5748/6433 4664/5749/6435 4684/5770/6436 4683/5769/6434
f 4664/5749/6435 4645/5750/6397 4665/5771/6400 4684/5770/6436
f 4665/5751/6400 4666/5752/6399 4686/5773/6437 4685/5772/6438
f 4666/5752/6399 4667/5753/6402 4687/5774/6439 4686/5773/6437
f 4667/5753/6402 4668/5754/6404 4688/5775/6440 4687/5774/6439
f 4668/5754/6404 4669/5755/6406 4689/5776/6441 4688/5775/6440
f 4669/5755/6406 4670/5756/6408 4690/5777/6442 4689/5776/6441
f 4670/5756/6408 4671/5757/6410 4691/5778/6443 4690/5777/6442
f 4671/5757/6410 4672/5758/6412 4692/5779/6444 4691/5778/6443
f 4672/5758/6412 4673/5759/6414 4693/5780/6445 4692/5779/6444
f 4673/5759/6414 4674/5760/6416 4694/5781/6446 4693/5780/6445
f 4674/5760/6416 4675/5761/6418 4695/5782/6447 4694/5781/6446
f 4675/5761/6418 4676/5762/6420 4696/5783/6448 4695/5782/6447
f 4676/5762/6420 4677/5763/6422 4697/5784/6449 4696/5783/6448
f 4677/5763/6422 4678/5764/6424 4698/5785/6450 4697/5784/6449
f 4678/5764/6424 4679/5765/6426 4699/5786/6451 4698/5785/6450
f 4679/5765/6426 4680/5766/6428 4700/5787/6452 4699/5786/6451
f 4680/5766/6428 4681/5767/6430 4701/5788/6453 4700/5787/6452
f 4681/5767/6430 4682/5768/6432 4702/5789/6454 4701/5788/6453
f 4682/5768/6432 4683/5769/6434 4703/5790/6455 4702/5789/6454
f 4683/5769/6434 4684/5770/6436 4704/5791/6456 4703/5790/6455
f 4684/5770/6436 4665/5771/6400 4685/5792/6438 4704/5791/6456
f 4685/5772/6438 4686/5773/6437 4706/5794/6457 4705/5793/6458
f 4686/5773/6437 4687/5774/6439 4707/5795/6459 4706/5794/6457
f 4687/5774/6439 4688/5775/6440 4708/5796/6460 4707/5795/6459
f 4688/5775/6440 4689/5776/6441 4709/5797/6461 4708/5796/6460
f 4689/5776/6441 4690/5777/6442 4710/5798/6462 4709/5797/6461
f 4690/5777/6442 4691/5778/6443 4711/5799/6463 4710/5798/6462
f 4691/5778/6443 4692/5779/6444 4712/5800/6464 4711/5799/6463
f 4692/5779/6444 4693/5780/6445 4713/5801/6465 4712/5800/6464
f 4693/5780/6445 4694/5781/6446 4714/5802/6466 4713/5801/6465
f 4694/5781/6446 4695/5782/6447 4715/5803/6467 4714/5802/6466
f 4695/5782/6447 4696/5783/6448 4716/5804/6468 4715/5803/6467
f 4696/5783/6448 4697/5784/6449 4717/5805/6469 4716/5804/6468
f 4697/5784/6449 4698/5785/6450 4718/5806/6470 4717/5805/6469
f 4698/5785/6450 4699/5786/6451 4719/5807/6471 4718/5806/6470
f 4699/5786/6451 4700/5787/6452 4720/5808/6472 4719/5807/6471
f 4700/5787/6452 4701/5788/6453 4721/5809/6473 4720/5808/6472
f 4701/5788/6453 4702/5789/6454 4722/5810/6474 4721/5809/6473
f 4702/5789/6454 4703/5790/6455 4723/5811/6475 4722/5810/6474
f 4703/5790/6455 4704/5791/6456 4724/5812/6476 4723/5811/6475
f 4704/5791/6456 4685/5792/6438 4705/5813/6458 4724/5812/6476
f 4705/5793/6458 4706/5794/6457 4726/5815/6477 4725/5814/6478
f 4706/5794/6457 4707/5795/6459 4727/5816/6479 4726/5815/6477
f 4707/5795/6459 4708/5796/6460 4728/5817/6480 4727/5816/6479
f 4708/5796/6460 4709/5797/6461 4729/5818/6481 4728/5817/6480
f 4709/5797/6461 4710/5798/6462 4730/5819/6482 4729/5818/6481
f 4710/5798/6462 4711/5799/6463 4731/5820/6483 4730/5819/6482
f 4711/5799/6463 4712/5800/6464 4732/5821/6484 4731/5820/6483
f 4712/5800/6464 4713/5801/6465 4733/5822/6485 4732/5821/6484
f 4713/5801/6465 4714/5802/6466 4734/5823/6486 4733/5822/6485
f 4714/5802/6466 4715/5803/6467 4735/5824/6487 4734/5823/6486
f 4715/5803/6467 4716/5804/6468 4736/5825/6488 4735/5824/6487
f 4716/5804/6468 4717/5805/6469 4737/5826/6489 4736/5825/6488
f 4717/5805/6469 4718/5806/6470 4738/5827/6490 4737/5826/6489
f 4718/5806/6470 4719/5807/6471 4739/5828/6491 4738/5827/6490
f 4719/5807/6471 4720/5808/6472 4740/5829/6492 4739/5828/6491
f 4720/5808/6472 4721/5809/6473 4741/5830/6493 4740/5829/6492
f 4721/5809/6473 4722/5810/6474 4742/5831/6494 4741/5830/6493
f 4722/5810/6474 4723/5811/6475 4743/5832/6495 4742/5831/6494
f 4723/5811/6475 4724/5812/6476 4744/5833/6496 4743/5832/6495
f 4724/5812/6476 4705/5813/6458 4725/5834/6478 4744/5833/6496
f 4725/5814/6478 4726/5815/6477 4746/5836/6497 4745/5835/6498
f 4726/5815/6477 4727/5816/6479 4747/5837/6499 4746/5836/6497
f 4727/5816/6479 4728/5817/6480 4748/5838/6500 4747/5837/6499
f 4728/5817/6480 4729/5818/6481 4749/5839/6501 4748/5838/6500
f 4729/5818/6481 4730/5819/6482 4750/5840/6502 4749/5839/6501
f 4730/5819/6482 4731/5820/6483 4751/5841/6503 4750/5840/6502
f 4731/5820/6483 4732/5821/6484 4752/5842/6504 4751/5841/6503
f 4732/5821/6484 4733/5822/6485 4753/5843/6505 4752/5842/6504
f 4733/5822/6485 4734/5823/6486 4754/5844/6506 4753/5843/6505
f 4734/5823/6486 4735/5824/6487 4755/5845/6507 4754/5844/6506
f 4735/5824/6487 4736/5825/6488 4756/5846/6508 4755/5845/6507
f 4736/5825/6488 4737/5826/6489 4757/5847/6509 4756/5846/6508
f 4737/5826/6489 4738/5827/6490 4758/5848/6510 4757/5847/6509
f 4738/5827/6490 4739/5828/6491 4759/5849/6511 4758/5848/6510
f 4739/5828/6491 4740/5829/6492 4760/5850/6512 4759/5849/6511
f 4740/5829/6492 4741/5830/6493 4761/5851/6513 4760/5850/6512
f 4741/5830/6493 4742/5831/6494 4762/5852/6514 4761/5851/6513
f 4742/5831/6494 4743/5832/6495 4763/5853/6515 4762/5852/6514
f 4743/5832/6495 4744/5833/6496 4764/5854/6516 4763/5853/6515
f 4744/5833/6496 4725/5834/6478 4745/5855/6498 4764/5854/6516
f 4745/5835/6498 4746/5836/6497 4766/5857/6517 4765/5856/6518
f 4746/5836/6497 4747/5837/6499 4767/5858/6519 4766/5857/6517
f 4747/5837/6499 4748/5838/6500 4768/5859/6520 4767/5858/6519
f 4748/5838/6500 4749/5839/6501 4769/5860/6521 4768/5859/6520
f 4749/5839/6501 4750/5840/6502 4770/5861/6522 4769/5860/6521
f 4750/5840/6502 4751/5841/6503 4771/5862/6523 4770/5861/6522
f 4751/5841/6503 4752/5842/6504 4772/5863/6524 4771/5862/6523
f 4752/5842/6504 4753/5843/6505 4773/5864/6525 4772/5863/6524
f 4753/5843/6505 4754/5844/6506 4774/5865/6526 4773/5864/6525
f 4754/5844/6506 4755/5845/6507 4775/5866/6527 4774/5865/6526
f 4755/5845/6507 4756/5846/6508 4776/5867/6528 4775/5866/6527
f 4756/5846/6508 4757/5847/6509 4777/5868/6529 4776/5867/6528
f 4757/5847/6509 4758/5848/6510 4778/5869/6530 4777/5868/6529
f 4758/5848/6510 4759/5849/6511 4779/5870/6531 4778/5869/6530
f 4759/5849/6511 4760/5850/6512 4780/5871/6532 4779/5870/6531
f 4760/5850/6512 4761/5851/6513 4781/5872/6533 4780/5871/6532
f 4761/5851/6513 4762/5852/6514 4782/5873/6534 4781/5872/6533
f 4762/5852/6514 4763/5853/6515 4783/5874/6535 4782/5873/6534
f 4763/5853/6515 4764/5854/6516 4784/5875/6536 4783/5874/6535
f 4764/5854/6516 4745/5855/6498 4765/5876/6518 4784/5875/6536
f 4765/5856/6518 4766/5857/6517 4786/5878/6537 4785/5877/6538
f 4766/5857/6517 4767/5858/6519 4787/5879/6539 4786/5878/6537
f 4767/5858/6519 4768/5859/6520 4788/5880/6540 4787/5879/6539
f 4768/5859/6520 4769/5860/6521 4789/5881/6541 4788/5880/6540
f 4769/5860/6521 4770/5861/6522 4790/5882/6542 4789/5881/6541
f 4770/5861/6522 4771/5862/6523 4791/5883/6543 4790/5882/6542
f 4771/5862/6523 4772/5863/6524 4792/5884/6544 4791/5883/6543
f 4772/5863/6524 4773/5864/6525 4793/5885/6545 4792/5884/6544
f 4773/5864/6525 4774/5865/6526 4794/5886/6546 4793/5885/6545
f 4774/5865/6526 4775/5866/6527 4795/5887/6547 4794/5886/6546
f 4775/5866/6527 4776/5867/6528 4796/5888/6548 4795/5887/6547
f 4776/5867/6528 4777/5868/6529 4797/5889/6549 4796/5888/6548
f 4777/5868/6529 4778/5869/6530 4798/5890/6550 4797/5889/6549
f 4778/5869/6530 4779/5870/6531 4799/5891/6551 4798/5890/6550
f 4779/5870/6531 4780/5871/6532 4800/5892/6552 4799/5891/6551
f 4780/5871/6532 4781/5872/6533 4801/5893/6553 4800/5892/6552
f 4781/5872/6533 4782/5873/6534 4802/5894/6554 4801/5893/6553
f 4782/5873/6534 4783/5874/6535 4803/5895/6555 4802/5894/6554
f 4783/5874/6535 4784/5875/6536 4804/5896/6556 4803/5895/6555
f 4784/5875/6536 4765/5876/6518 4785/5897/6538 4804/5896/6556
f 4785/5877/6538 4786/5878/6537 4806/5899/6557 4805/5898/6558
f 4786/5878/6537 4787/5879/6539 4807/5900/6559 4806/5899/6557
f 4787/5879/6539 4788/5880/6540 4808/5901/6560 4807/5900/6559
f 4788/5880/6540 4789/5881/6541 4809/5902/6561 4808/5901/6560
f 4789/5881/6541 4790/5882/6542 4810/5903/6562 4809/5902/6561
f 4790/5882/6542 4791/5883/6543 4811/5904/6563 4810/5903/6562
f 4791/5883/6543 4792/5884/6544 4812/5905/6564 4811/5904/6563
f 4792/5884/6544 4793/5885/6545 4813/5906/6565 4812/5905/6564
f 4793/5885/6545 4794/5886/6546 4814/5907/6566 4813/5906/6565
f 4794/5886/6546 4795/5887/6547 4815/5908/6567 4814/5907/6566
f 4795/5887/6547 4796/5888/6548 4816/5909/6568 4815/5908/6567
f 4796/5888/6548 4797/5889/6549 4817/5910/6569 4816/5909/6568
f 4797/5889/6549 4798/5890/6550 4818/5911/6570 4817/5910/6569
f 4798/5890/6550 4799/5891/6551 4819/5912/6571 4818/5911/6570
f 4799/5891/6551 4800/5892/6552 4820/5913/6572 4819/5912/6571
f 4800/5892/6552 4801/5893/6553 4821/5914/6573 4820/5913/6572
f 4801/5893/6553 4802/5894/6554 4822/5915/6574 4821/5914/6573
f 4802/5894/6554 4803/5895/6555 4823/5916/6575 4822/5915/6574
f 4803/5895/6555 4804/5896/6556 4824/5917/6576 4823/5916/6575
f 4804/5896/6556 4785/5897/6538 4805/5918/6558 4824/5917/6576
f 4805/5898/6558 4806/5899/6557 4826/5920/6577 4825/5919/6578
f 4806/5899/6557 4807/5900/6559 4827/5921/6579 4826/5920/6577
f 4807/5900/6559 4808/5901/6560 4828/5922/6580 4827/5921/6579
f 4808/5901/6560 4809/5902/6561 4829/5923/6581 4828/5922/6580
f 4809/5902/6561 4810/5903/6562 4830/5924/6582 4829/5923/6581
f 4810/5903/6562 4811/5904/6563 4831/5925/6583 4830/5924/6582
f 4811/5904/6563 4812/5905/6564 4832/5926/6584 4831/5925/6583
f 4812/5905/6564 4813/5906/6565 4833/5927/6585 4832/5926/6584
f 4813/5906/6565 4814/5907/6566 4834/5928/6586 4833/5927/6585
f 4814/5907/6566 4815/5908/6567 4835/5929/6587 4834/5928/6586
f 4815/5908/6567 4816/5909/6568 4836/5930/6588 4835/5929/6587
f 4816/5909/6568 4817/5910/6569 4837/5931/6589 4836/5930/6588
f 4817/5910/6569 4818/5911/6570 4838/5932/6590 4837/5931/6589
f 4818/5911/6570 4819/5912/6571 4839/5933/6591 4838/5932/6590
f 4819/5912/6571 4820/5913/6572 4840/5934/6592 4839/5933/6591
f 4820/5913/6572 4821/5914/6573 4841/5935/6593 4840/5934/6592
f 4821/5914/6573 4822/5915/6574 4842/5936/6594 4841/5935/6593
f 4822/5915/6574 4823/5916/6575 4843/5937/6595 4842/5936/6594
f 4823/5916/6575 4824/5917/6576 4844/5938/6596 4843/5937/6595
f 4824/5917/6576 4805/5918/6558 4825/5939/6578 4844/5938/6596
f 4825/5919/6578 4826/5920/6577 4846/5941/6597 4845/5940/6598
f 4826/5920/6577 4827/5921/6579 4847/5942/6599 4846/5941/6597
f 4827/5921/6579 4828/5922/6580 4848/5943/6600 4847/5942/6599
f 4828/5922/6580 4829/5923/6581 4849/5944/6601 4848/5943/6600
f 4829/5923/6581 4830/5924/6582 4850/5945/6602 4849/5944/6601
f 4830/5924/6582 4831/5925/6583 4851/5946/6603 4850/5945/6602
f 4831/5925/6583 4832/5926/6584 4852/5947/6604 4851/5946/6603
f 4832/5926/6584 4833/5927/6585 4853/5948/6605 4852/5947/6604
f 4833/5927/6585 4834/5928/6586 4854/5949/6606 4853/5948/6605
f 4834/5928/6586 4835/5929/6587 4855/5950/6607 4854/5949/6606
f 4835/5929/6587 4836/5930/6588 4856/5951/6608 4855/5950/6607
f 4836/5930/6588 4837/5931/6589 4857/5952/6609 4856/5951/6608
f 4837/5931/6589 4838/5932/6590 4858/5953/6610 4857/5952/6609
f 4838/5932/6590 4839/5933/6591 4859/5954/6611 4858/5953/6610
f 4839/5933/6591 4840/5934/6592 4860/5955/6612 4859/5954/6611
f 4840/5934/6592 4841/5935/6593 4861/5956/6613 4860/5955/6612
f 4841/5935/6593 4842/5936/6594 4862/5957/6614 4861/5956/6613
f 4842/5936/6594 4843/5937/6595 4863/5958/6615 4862/5957/6614
f 4843/5937/6595 4844/5938/6596 4864/5959/6616 4863/5958/6615
f 4844/5938/6596 4825/5939/6578 4845/5960/6598 4864/5959/6616
f 4845/5940/6598 4846/5941/6597 4866/5962/6617 4865/5961/6618
f 4846/5941/6597 4847/5942/6599 4867/5963/6619 4866/5962/6617
f 4847/5942/6599 4848/5943/6600 4868/5964/6620 4867/5963/6619
f 4848/5943/6600 4849/5944/6601 4869/5965/6621 4868/5964/6620
f 4849/5944/6601 4850/5945/6602 4870/5966/6622 4869/5965/6621
f 4850/5945/6602 4851/5946/6603 4871/5967/6623 4870/5966/6622
f 4851/5946/6603 4852/5947/6604 4872/5968/6624 4871/5967/6623
f 4852/5947/6604 4853/5948/6605 4873/5969/6625 4872/5968/6624
f 4853/5948/6605 4854/5949/6606 4874/5970/6626 4873/5969/6625
f 4854/5949/6606 4855/5950/6607 4875/5971/6627 4874/5970/6626
f 4855/5950/6607 4856/5951/6608 4876/5972/6628 4875/5971/6627
f 4856/5951/6608 4857/5952/6609 4877/5973/6629 4876/5972/6628
f 4857/5952/6609 4858/5953/6610 4878/5974/6630 4877/5973/6629
f 4858/5953/6610 4859/5954/6611 4879/5975/6631 4878/5974/6630
f 4859/5954/6611 4860/5955/6612 4880/5976/6632 4879/5975/6631
f 4860/5955/6612 4861/5956/6613 4881/5977/6633 4880/5976/6632
f 4861/5956/6613 4862/5957/6614 4882/5978/6634 4881/5977/6633
f 4862/5957/6614 4863/5958/6615 4883/5979/6635 4882/5978/6634
f 4863/5958/6615 4864/5959/6616 4884/5980/6636 4883/5979/6635
f 4864/5959/6616 4845/5960/6598 4865/5981/6618 4884/5980/6636
f 4865/5961/6618 4866/5962/6617 4886/5983/6637 4885/5982/6638
f 4866/5962/6617 4867/5963/6619 4887/5984/6639 4886/5983/6637
f 4867/5963/6619 4868/5964/6620 4888/5985/6640 4887/5984/6639
f 4868/5964/6620 4869/5965/6621 4889/5986/6641 4888/5985/6640
f 4869/5965/6621 4870/5966/6622 4890/5987/6642 4889/5986/6641
f 4870/5966/6622 4871/5967/6623 4891/5988/6643 4890/5987/6642
f 4871/5967/6623 4872/5968/6624 4892/5989/6644 4891/5988/6643
f 4872/5968/6624 4873/5969/6625 4893/5990/6645 4892/5989/6644
f 4873/5969/6625 4874/5970/6626 4894/5991/6646 4893/5990/6645
f 4874/5970/6626 4875/5971/6627 4895/5992/6647 4894/5991/6646
f 4875/5971/6627 4876/5972/6628 4896/5993/6648 4895/5992/6647
f 4876/5972/6628 4877/5973/6629 4897/5994/6649 4896/5993/6648
f 4877/5973/6629 4878/5974/6630 4898/5995/6650 4897/5994/6649
f 4878/5974/6630 4879/5975/6631 4899/5996/6651 4898/5995/6650
f 4879/5975/6631 4880/5976/6632 4900/5997/6652 4899/5996/6651
f 4880/5976/6632 4881/5977/6633 4901/5998/6653 4900/5997/6652
f 4881/5977/6633 4882/5978/6634 4902/5999/6654 4901/5998/6653
f 4882/5978/6634 4883/5979/6635 4903/6000/6655 4902/5999/6654
f 4883/5979/6635 4884/5980/6636 4904/6001/6656 4903/6000/6655
f 4884/5980/6636 4865/5981/6618 4885/6002/6638 4904/6001/6656
f 4885/5982/6638 4886/5983/6637 4906/6004/6657 4905/6003/6658
f 4886/5983/6637 4887/5984/6639 4907/6005/6659 4906/6004/6657
f 4887/5984/6639 4888/5985/6640 4908/6006/6660 4907/6005/6659
f 4888/5985/6640 4889/5986/6641 4909/6007/6661 4908/6006/6660
f 4889/5986/6641 4890/5987/6642 4910/6008/6662 4909/6007/6661
f 4890/5987/6642 4891/5988/6643 4911/6009/6663 4910/6008/6662
f 4891/5988/6643 4892/5989/6644 4912/6010/6664 4911/6009/6663
f 4892/5989/6644 4893/5990/6645 4913/6011/6665 4912/6010/6664
f 4893/5990/6645 4894/5991/6646 4914/6012/6666 4913/6011/6665
f 4894/5991/6646 4895/5992/6647 4915/6013/6667 4914/6012/6666
f 4895/5992/6647 4896/5993/6648 4916/6014/6668 4915/6013/6667
f 4896/5993/6648 4897/5994/6649 4917/6015/6669 4916/6014/6668
f 4897/5994/6649 4898/5995/6650 4918/6016/6670 4917/6015/6669
f 4898/5995/6650 4899/5996/6651 4919/6017/6671 4918/6016/6670
f 4899/5996/6651 4900/5997/6652 4920/6018/6672 4919/6017/6671
f 4900/5997/6652 4901/5998/6653 4921/6019/6673 4920/6018/6672
f 4901/5998/6653 4902/5999/6654 4922/6020/6674 4921/6019/6673
f 4902/5999/6654 4903/6000/6655 4923/6021/6675 4922/6020/6674
f 4903/6000/6655 4904/6001/6656 4924/6022/6676 4923/6021/6675
f 4904/6001/6656 4885/6002/6638 4905/6023/6658 4924/6022/6676
f 4905/6003/6658 4906/6004/6657 4926/6025/6677 4925/6024/6678
f 4906/6004/6657 4907/6005/6659 4927/6026/6679 4926/6025/6677
f 4907/6005/6659 4908/6006/6660 4928/6027/6680 4927/6026/6679
f 4908/6006/6660 4909/6007/6661 4929/6028/6681 4928/6027/6680
f 4909/6007/6661 4910/6008/6662 4930/6029/6682 4929/6028/6681
f 4910/6008/6662 4911/6009/6663 4931/6030/6683 4930/6029/6682
f 4911/6009/6663 4912/6010/6664 4932/6031/6684 4931/6030/6683
f 4912/6010/6664 4913/6011/6665 4933/6032/6685 4932/6031/6684
f 4913/6011/6665 4914/6012/6666 4934/6033/6686 4933/6032/6685
f 4914/6012/6666 4915/6013/6667 4935/6034/6687 4934/6033/6686
f 4915/6013/6667 4916/6014/6668 4936/6035/6688 4935/6034/6687
f 4916/6014/6668 4917/6015/6669 4937/6036/6689 4936/6035/6688
f 4917/6015/6669 4918/6016/6670 4938/6037/6690 4937/6036/6689
f 4918/6016/6670 4919/6017/6671 4939/6038/6691 4938/6037/6690
f 4919/6017/6671 4920/6018/6672 4940/6039/6692 4939/6038/6691
f 4920/6018/6672 4921/6019/6673 4941/6040/6693 4940/6039/6692
f 4921/6019/6673 4922/6020/6674 4942/6041/6694 4941/6040/6693
f 4922/6020/6674 4923/6021/6675 4943/6042/6695 4942/6041/6694
f 4923/6021/6675 4924/6022/6676 4944/6043/6696 4943/6042/6695
f 4924/6022/6676 4905/6023/6658 4925/6044/6678 4944/6043/6696
f 4925/6024/6678 4926/6025/6677 4946/6046/6697 4945/6045/6698
f 4926/6025/6677 4927/6026/6679 4947/6047/6699 4946/6046/6697
f 4927/6026/6679 4928/6027/6680 4948/6048/6700 4947/6047/6699
f 4928/6027/6680 4929/6028/6681 4949/6049/6701 4948/6048/6700
f 4929/6028/6681 4930/6029/6682 4950/6050/6702 4949/6049/6701
f 4930/6029/6682 4931/6030/6683 4951/6051/6703 4950/6050/6702
f 4931/6030/6683 4932/6031/6684 4952/6052/6704 4951/6051/6703
f 4932/6031/6684 4933/6032/6685 4953/6053/6705 4952/6052/6704
f 4933/6032/6685 4934/6033/6686 4954/6054/6706 4953/6053/6705
f 4934/6033/6686 4935/6034/6687 4955/6055/6707 4954/6054/6706
f 4935/6034/6687 4936/6035/6688 4956/6056/6708 4955/6055/6707
f 4936/6035/6688 4937/6036/6689 4957/6057/6709 4956/6056/6708
f 4937/6036/6689 4938/6037/6690 4958/6058/6710 4957/6057/6709
f 4938/6037/6690 4939/6038/6691 4959/6059/6711 4958/6058/6710
f 4939/6038/6691 4940/6039/6692 4960/6060/6712 4959/6059/6711
f 4940/6039/6692 4941/6040/6693 4961/6061/6713 4960/6060/6712
f 4941/6040/6693 4942/6041/6694 4962/6062/6714 4961/6061/6713
f 4942/6041/6694 4943/6042/6695 4963/6063/6715 4962/6062/6714
f 4943/6042/6695 4944/6043/6696 4964/6064/6716 4963/6063/6715
f 4944/6043/6696 4925/6044/6678 4945/6065/6698 4964/6064/6716
f 4945/6045/6698 4946/6046/6697 4966/6067/6717 4965/6066/6718
f 4946/6046/6697 4947/6047/6699 4967/6068/6719 4966/6067/6717
f 4947/6047/6699 4948/6048/6700 4968/6069/6720 4967/6068/6719
f 4948/6048/6700 4949/6049/6701 4969/6070/6721 4968/6069/6720
f 4949/6049/6701 4950/6050/6702 4970/6071/6722 4969/6070/6721
f 4950/6050/6702 4951/6051/6703 4971/6072/6723 4970/6071/6722
f 4951/6051/6703 4952/6052/6704 4972/6073/6724 4971/6072/6723
f 4952/6052/6704 4953/6053/6705 4973/6074/6725 4972/6073/6724
f 4953/6053/6705 4954/6054/6706 4974/6075/6726 4973/6074/6725
f 4954/6054/6706 4955/6055/6707 4975/6076/6727 4974/6075/6726
f 4955/6055/6707 4956/6056/6708 4976/6077/6728 4975/6076/6727
f 4956/6056/6708 4957/6057/6709 4977/6078/6729 4976/6077/6728
f 4957/6057/6709 4958/6058/6710 4978/6079/6730 4977/6078/6729
f 4958/6058/6710 4959/6059/6711 4979/6080/6731 4978/6079/6730
f 4959/6059/6711 4960/6060/6712 4980/6081/6732 4979/6080/6731
f 4960/6060/6712 4961/6061/6713 4981/6082/6733 4980/6081/6732
f 4961/6061/6713 4962/6062/6714 4982/6083/6734 4981/6082/6733
f 4962/6062/6714 4963/6063/6715 4983/6084/6735 4982/6083/6734
f 4963/6063/6715 4964/6064/6716 4984/6085/6736 4983/6084/6735
f 4964/6064/6716 4945/6065/6698 4965/6086/6718 4984/6085/6736
f 4965/6066/6718 4966/6067/6717 4986/6088/6737 4985/6087/6738
f 4966/6067/6717 4967/6068/6719 4987/6089/6739 4986/6088/6737
f 4967/6068/6719 4968/6069/6720 4988/6090/6740 4987/6089/6739
f 4968/6069/6720 4969/6070/6721 4989/6091/6741 4988/6090/6740
f 4969/6070/6721 4970/6071/6722 4990/6092/6742 4989/6091/6741
f 4970/6071/6722 4971/6072/6723 4991/6093/6743 4990/6092/6742
f 4971/6072/6723 4972/6073/6724 4992/6094/6744 4991/6093/6743
f 4972/6073/6724 4973/6074/6725 4993/6095/6745 4992/6094/6744
f 4973/6074/6725 4974/6075/6726 4994/6096/6746 4993/6095/6745
f 4974/6075/6726 4975/6076/6727 4995/6097/6747 4994/6096/6746
f 4975/6076/6727 4976/6077/6728 4996/6098/6748 4995/6097/6747
f 4976/6077/6728 4977/6078/6729 4997/6099/6749 4996/6098/6748
f 4977/6078/6729 4978/6079/6730 4998/6100/6750 4997/6099/6749
f 4978/6079/6730 4979/6080/6731 4999/6101/6751 4998/6100/6750
f 4979/6080/6731 4980/6081/6732 5000/6102/6752 4999/6101/6751
f 4980/6081/6732 4981/6082/6733 5001/6103/6753 5000/6102/6752
f 4981/6082/6733 4982/6083/6734 5002/6104/6754 5001/6103/6753
f 4982/6083/6734 4983/6084/6735 5003/6105/6755 5002/6104/6754
f 4983/6084/6735 4984/6085/6736 5004/6106/6756 5003/6105/6755
f 4984/6085/6736 4965/6086/6718 4985/6107/6738 5004/6106/6756
f 4985/6087/6738 4986/6088/6737 5006/6109/6757 5005/6108/6758
f 4986/6088/6737 4987/6089/6739 5007/6110/6759 5006/6109/6757
f 4987/6089/6739 4988/6090/6740 5008/6111/6760 5007/6110/6759
f 4988/6090/6740 4989/6091/6741 5009/6112/6761 5008/6111/6760
f 4989/6091/6741 4990/6092/6742 5010/6113/6762 5009/6112/6761
f 4990/6092/6742 4991/6093/6743 5011/6114/6763 5010/6113/6762
f 4991/6093/6743 4992/6094/6744 5012/6115/6764 5011/6114/6763
f 4992/6094/6744 4993/6095/6745 5013/6116/6765 5012/6115/6764
f 4993/6095/6745 4994/6096/6746 5014/6117/6766 5013/6116/6765
f 4994/6096/6746 4995/6097/6747 5015/6118/6767 5014/6117/6766
f 4995/6097/6747 4996/6098/6748 5016/6119/6768 5015/6118/6767
f 4996/6098/6748 4997/6099/6749 5017/6120/6769 5016/6119/6768
f 4997/6099/6749 4998/6100/6750 5018/6121/6770 5017/6120/6769
f 4998/6100/6750 4999/6101/6751 5019/6122/6771 5018/6121/6770
f 4999/6101/6751 5000/6102/6752 5020/6123/6772 5019/6122/6771
f 5000/6102/6752 5001/6103/6753 5021/6124/6773 5020/6123/6772
f 5001/6103/6753 5002/6104/6754 5022/6125/6774 5021/6124/6773
f 5002/6104/6754 5003/6105/6755 5023/6126/6775 5022/6125/6774
f 5003/6105/6755 5004/6106/6756 5024/6127/6776 5023/6126/6775
f 5004/6106/6756 4985/6107/6738 5005/6128/6758 5024/6127/6776
f 4646/5731/6398 4645/5730/6397 5025/6129/6777
f 4647/5732/6401 4646/5731/6398 5025/6130/6777
f 4648/5733/6403 4647/5732/6401 5025/6131/6777
f 4649/5734/6405 4648/5733/6403 5025/6132/6777
f 4650/5735/6407 4649/5734/6405 5025/6133/6777
f 4651/5736/6409 4650/5735/6407 5025/6134/6777
f 4652/5737/6411 4651/5736/6409 5025/6135/6777
f 4653/5738/6413 4652/5737/6411 5025/6136/6777
f 4654/5739/6415 4653/5738/6413 5025/6137/6777
f 4655/5740/6417 4654/5739/6415 5025/6138/6777
f 4656/5741/6419 4655/5740/6417 5025/6139/6777
f 4657/5742/6421 4656/5741/6419 5025/6140/6777
f 4658/5743/6423 4657/5742/6421 5025/6141/6777
f 4659/5744/6425 4658/5743/6423 5025/6142/6777
f 4660/5745/6427 4659/5744/6425 5025/6143/6777
f 4661/5746/6429 4660/5745/6427 5025/6144/6777
f 4662/5747/6431 4661/5746/6429 5025/6145/6777
f 4663/5748/6433 4662/5747/6431 5025/6146/6777
f 4664/5749/6435 4663/5748/6433 5025/6147/6777
f 4645/5750/6397 4664/5749/6435 5025/6148/6777
f 5005/6108/6758 5006/6109/6757 5026/6149/6778
f 5006/6109/6757 5007/6110/6759 5026/6150/6778
f 5007/6110/6759 5008/6111/6760 5026/6151/6778
f 5008/6111/6760 5009/6112/6761 5026/6152/6778
f 5009/6112/6761 5010/6113/6762 5026/6153/6778
f 5010/6113/6762 5011/6114/6763 5026/6154/6778
f 5011/6114/6763 5012/6115/6764 5026/6155/6778
f 5012/6115/6764 5013/6116/6765 5026/6156/6778
f 5013/6116/6765 5014/6117/6766 5026/6157/6778
f 5014/6117/6766 5015/6118/6767 5026/6158/6778
f 5015/6118/6767 5016/6119/6768 5026/6159/6778
f 5016/6119/6768 5017/6120/6769 5026/6160/6778
f 5017/6120/6769 5018/6121/6770 5026/6161/6778
f 5018/6121/6770 5019/6122/6771 5026/6162/6778
f 5019/6122/6771 5020/6123/6772 5026/6163/6778
f 5020/6123/6772 5021/6124/6773 5026/6164/6778
f 5021/6124/6773 5022/6125/6774 5026/6165/6778
f 5022/6125/6774 5023/6126/6775 5026/6166/6778
f 5023/6126/6775 5024/6127/6776 5026/6167/6778
f 5024/6127/6776 5005/6128/6758 5026/6168/6778
g default
v 3.859647 1.247462 4.831563
v 3.855953 1.251213 4.841277
v 3.855513 1.254589 4.851444
v 3.858371 1.257261 4.861068
v 3.864245 1.258965 4.869207
v 3.872562 1.259537 4.875065
v 3.882507 1.258919 4.878067
v 3.893107 1.257173 4.877920
v 3.903324 1.254468 4.874639
v 3.912158 1.251071 4.868545
v 3.918745 1.247313 4.860233
v 3.922438 1.243562 4.850519
v 3.922878 1.240186 4.840352
v 3.920021 1.237514 4.830728
v 3.914146 1.235810 4.822588
v 3.905829 1.235238 4.816731
v 3.895884 1.235856 4.813729
v 3.885284 1.237602 4.813876
v 3.875067 1.240307 4.817157
v 3.866234 1.243704 4.823251
v 3.831612 1.252959 4.815398
v 3.824315 1.260368 4.834587
v 3.823446 1.267038 4.854671
v 3.829090 1.272315 4.873682
v 3.840695 1.275682 4.889760
v 3.857124 1.276811 4.901330
v 3.876769 1.275591 4.907261
v 3.897708 1.272141 4.906971
v 3.917890 1.266799 4.900489
v 3.935340 1.260087 4.888450
v 3.948351 1.252664 4.872032
v 3.955648 1.245255 4.852842
v 3.956517 1.238585 4.832758
v 3.950873 1.233308 4.813748
v 3.939268 1.229940 4.797670
v 3.922839 1.228812 4.786100
v 3.903194 1.230032 4.780169
v 3.882255 1.233482 4.780459
v 3.862072 1.238824 4.786940
v 3.844622 1.245536 4.798979
v 3.805516 1.261920 4.798534
v 3.794796 1.272805 4.826727
v 3.793519 1.282603 4.856232
v 3.801811 1.290356 4.884162
v 3.818860 1.295303 4.907782
v 3.842997 1.296962 4.924781
v 3.871859 1.295169 4.933494
v 3.902620 1.290100 4.933069
v 3.932271 1.282252 4.923546
v 3.957908 1.272392 4.905859
v 3.977023 1.261486 4.881739
v 3.987742 1.250600 4.853546
v 3.989019 1.240802 4.824040
v 3.980727 1.233050 4.796110
v 3.963679 1.228102 4.772490
v 3.939542 1.226443 4.755491
v 3.910680 1.228236 4.746778
v 3.879918 1.233305 4.747204
v 3.850267 1.241153 4.756726
v 3.824630 1.251013 4.774413
v 3.782001 1.274123 4.781387
v 3.768122 1.288216 4.817888
v 3.766469 1.300902 4.856090
v 3.777205 1.310940 4.892251
v 3.799278 1.317345 4.922832
v 3.830528 1.319493 4.944841
v 3.867896 1.317172 4.956121
v 3.907724 1.310609 4.955571
v 3.946113 1.300448 4.943242
v 3.979306 1.287682 4.920342
v 4.004053 1.273561 4.889113
v 4.017933 1.259468 4.852611
v 4.019586 1.246782 4.814410
v 4.008850 1.236745 4.778249
v 3.986776 1.230339 4.747668
v 3.955527 1.228192 4.725659
v 3.918159 1.230513 4.714378
v 3.878331 1.237075 4.714930
v 3.839942 1.247237 4.727258
v 3.806749 1.260003 4.750158
v 3.761649 1.289269 4.764380
v 3.744952 1.306223 4.808291
v 3.742964 1.321485 4.854247
v 3.755878 1.333560 4.897749
v 3.782433 1.341266 4.934538
v 3.820026 1.343849 4.961015
v 3.864980 1.341057 4.974586
v 3.912893 1.333162 4.973923
v 3.959075 1.320938 4.959091
v 3.999006 1.305580 4.931542
v 4.028777 1.288593 4.893974
v 4.045474 1.271639 4.850062
v 4.047462 1.256378 4.804107
v 4.034547 1.244303 4.760605
v 4.007993 1.236597 4.723815
v 3.970399 1.234014 4.697339
v 3.925446 1.236806 4.683768
v 3.877533 1.244701 4.684431
v 3.831351 1.256925 4.699263
v 3.791420 1.272282 4.726811
v 3.744958 1.306985 4.747930
v 3.725854 1.326383 4.798170
v 3.723580 1.343844 4.850749
v 3.738356 1.357659 4.900521
v 3.768737 1.366475 4.942613
v 3.811749 1.369431 4.972904
v 3.863182 1.366236 4.988431
v 3.918000 1.357204 4.987673
v 3.970838 1.343218 4.970704
v 4.016524 1.325647 4.939185
v 4.050586 1.306212 4.896202
v 4.069689 1.286814 4.845962
v 4.071964 1.269354 4.793382
v 4.057188 1.255538 4.743611
v 4.026806 1.246722 4.701519
v 3.983794 1.243766 4.671227
v 3.932362 1.246961 4.655701
v 3.877544 1.255993 4.656459
v 3.824705 1.269979 4.673428
v 3.779020 1.287550 4.704947
v 3.732340 1.326835 4.732443
v 3.711301 1.348198 4.787775
v 3.708796 1.367428 4.845683
v 3.725070 1.382643 4.900498
v 3.758530 1.392354 4.946856
v 3.805901 1.395609 4.980218
v 3.862545 1.392091 4.997318
v 3.922919 1.382143 4.996482
v 3.981112 1.366739 4.977794
v 4.031428 1.347388 4.943081
v 4.068942 1.325983 4.895741
v 4.089981 1.304619 4.840410
v 4.092486 1.285389 4.782502
v 4.076212 1.270174 4.727686
v 4.042752 1.260463 4.681329
v 3.995381 1.257208 4.647967
v 3.938737 1.260727 4.630867
v 3.878363 1.270675 4.631702
v 3.820170 1.286078 4.650391
v 3.769854 1.305430 4.685104
v 3.724106 1.348329 4.718300
v 3.701649 1.371132 4.777361
v 3.698975 1.391658 4.839172
v 3.716346 1.407899 4.897682
v 3.752061 1.418264 4.947164
v 3.802624 1.421738 4.982774
v 3.863087 1.417982 5.001027
v 3.927530 1.407364 5.000135
v 3.989645 1.390922 4.980187
v 4.043352 1.370267 4.943134
v 4.083394 1.347419 4.892605
v 4.105851 1.324616 4.833544
v 4.108525 1.304090 4.771733
v 4.091154 1.287849 4.713223
v 4.055439 1.277484 4.663742
v 4.004876 1.274010 4.628131
v 3.944413 1.277765 4.609879
v 3.879971 1.288384 4.610770
v 3.817856 1.304826 4.630718
v 3.764148 1.325481 4.667771
v 3.720459 1.370938 4.705851
v 3.697137 1.394619 4.767186
v 3.694360 1.415936 4.831378
v 3.712400 1.432802 4.892141
v 3.749490 1.443567 4.943529
v 3.802002 1.447175 4.980511
v 3.864793 1.443275 4.999466
v 3.931718 1.432247 4.998541
v 3.996225 1.415172 4.977824
v 4.052001 1.393721 4.939344
v 4.093585 1.369994 4.886868
v 4.116907 1.346312 4.825532
v 4.119684 1.324995 4.761341
v 4.101645 1.308129 4.700578
v 4.064554 1.297365 4.649190
v 4.012043 1.293756 4.612208
v 3.949252 1.297657 4.593253
v 3.882327 1.308684 4.594178
v 3.817819 1.325759 4.614895
v 3.762043 1.347211 4.653375
v 3.721488 1.394106 4.695400
v 3.697875 1.418083 4.757500
v 3.695064 1.439665 4.822491
v 3.713329 1.456742 4.884013
v 3.750882 1.467640 4.936041
v 3.804047 1.471293 4.973484
v 3.867621 1.467345 4.992676
v 3.935380 1.456180 4.991738
v 4.000692 1.438892 4.970763
v 4.057163 1.417173 4.931804
v 4.099266 1.393150 4.878674
v 4.122879 1.369173 4.816574
v 4.125690 1.347591 4.751582
v 4.107425 1.330514 4.690061
v 4.069872 1.319616 4.638033
v 4.016707 1.315963 4.600590
v 3.953133 1.319912 4.581398
v 3.885374 1.331076 4.582335
v 3.820062 1.348364 4.603311
v 3.763591 1.370083 4.642270
v 3.727169 1.417263 4.687205
v 3.703847 1.440944 4.748541
v 3.701070 1.462261 4.812732
v 3.719110 1.479127 4.873496
v 3.756200 1.489891 4.924883
v 3.808711 1.493500 4.961865
v 3.871502 1.489599 4.980821
v 3.938427 1.478572 4.979896
v 4.002935 1.461497 4.959179
v 4.058711 1.440046 4.920699
v 4.100295 1.416318 4.868223
v 4.123617 1.392637 4.806887
v 4.126394 1.371320 4.742696
v 4.108354 1.354454 4.681932
v 4.071263 1.343690 4.630545
v 4.018753 1.340081 4.593563
v 3.955961 1.343981 4.574607
v 3.889036 1.355009 4.575533
v 3.824529 1.372084 4.596250
v 3.768753 1.393535 4.634729
v 3.737360 1.439837 4.681469
v 3.714903 1.462640 4.740530
v 3.712229 1.483166 4.802341
v 3.729600 1.499407 4.860850
v 3.765315 1.509772 4.910332
v 3.815878 1.513246 4.945942
v 3.876341 1.509491 4.964195
v 3.940784 1.498872 4.963304
v 4.002899 1.482431 4.943355
v 4.056606 1.461775 4.906303
v 4.096648 1.438927 4.855773
v 4.119105 1.416124 4.796712
v 4.121779 1.395598 4.734901
v 4.104408 1.379357 4.676392
v 4.068693 1.368993 4.626910
v 4.018129 1.365518 4.591300
v 3.957667 1.369274 4.573047
v 3.893224 1.379892 4.573938
v 3.831110 1.396334 4.593887
v 3.777402 1.416989 4.630939
v 3.751812 1.461273 4.678332
v 3.730773 1.482637 4.733664
v 3.728268 1.501867 4.791572
v 3.744542 1.517082 4.846387
v 3.778002 1.526793 4.892745
v 3.825373 1.530048 4.926107
v 3.882017 1.526529 4.943207
v 3.942391 1.516581 4.942371
v 4.000584 1.501178 4.923683
v 4.050900 1.481826 4.888970
v 4.088414 1.460421 4.841630
v 4.109453 1.439058 4.786299
v 4.111958 1.419828 4.728391
v 4.095685 1.404613 4.673575
v 4.062224 1.394902 4.627218
v 4.014853 1.391647 4.593856
v 3.958209 1.395166 4.576756
v 3.897835 1.405113 4.577591
v 3.839642 1.420517 4.596280
v 3.789326 1.439868 4.630993
v 3.770168 1.481044 4.677872
v 3.751065 1.500442 4.728112
v 3.748790 1.517903 4.780691
v 3.763567 1.531718 4.830463
v 3.793948 1.540534 4.872555
v 3.836960 1.543490 4.902847
v 3.888392 1.540295 4.918373
v 3.943211 1.531263 4.917615
v 3.996048 1.517277 4.900646
v 4.041735 1.499706 4.869127
v 4.075796 1.480271 4.826144
v 4.094900 1.460873 4.775904
v 4.097174 1.443413 4.723324
v 4.082398 1.429597 4.673553
v 4.052017 1.420781 4.631461
v 4.009005 1.417825 4.601169
v 3.957572 1.421020 4.585642
v 3.902754 1.430052 4.586401
v 3.849916 1.444038 4.603370
v 3.804230 1.461609 4.634889
v 3.791977 1.498663 4.680099
v 3.775280 1.515617 4.724011
v 3.773292 1.530878 4.769968
v 3.786207 1.542953 4.813469
v 3.812761 1.550659 4.850259
v 3.850355 1.553242 4.876735
v 3.895308 1.550450 4.890306
v 3.943221 1.542555 4.889643
v 3.989404 1.530331 4.874811
v 4.029335 1.514974 4.847263
v 4.059105 1.497987 4.809694
v 4.075802 1.481033 4.765783
v 4.077790 1.465771 4.719827
v 4.064875 1.453696 4.676325
v 4.038321 1.445990 4.639535
v 4.000728 1.443407 4.613059
v 3.955774 1.446199 4.599489
v 3.907861 1.454094 4.600151
v 3.861679 1.466318 4.614983
v 3.821748 1.481676 4.642531
v 3.816701 1.513695 4.684960
v 3.802821 1.527788 4.721462
v 3.801169 1.540474 4.759663
v 3.811904 1.550511 4.795825
v 3.833978 1.556917 4.826406
v 3.865228 1.559065 4.848414
v 3.902595 1.556743 4.859695
v 3.942423 1.550181 4.859144
v 3.980813 1.540019 4.846815
v 4.014005 1.527253 4.823915
v 4.038753 1.513133 4.792687
v 4.052632 1.499040 4.756185
v 4.054285 1.486354 4.717984
v 4.043549 1.476317 4.681823
v 4.021476 1.469911 4.651241
v 3.990226 1.467763 4.629233
v 3.952858 1.470084 4.617952
v 3.913030 1.476647 4.618503
v 3.874641 1.486809 4.630832
v 3.841448 1.499574 4.653731
v 3.843731 1.525771 4.692335
v 3.833011 1.536656 4.720528
v 3.831735 1.546454 4.750033
v 3.840027 1.554207 4.777964
v 3.857076 1.559154 4.801584
v 3.881212 1.560813 4.818583
v 3.910074 1.559020 4.827295
v 3.940836 1.553951 4.826870
v 3.970487 1.546103 4.817348
v 3.996125 1.536243 4.799660
v 4.015239 1.525337 4.775540
v 4.025959 1.514451 4.747347
v 4.027235 1.504653 4.717842
v 4.018943 1.496901 4.689911
v 4.001894 1.491953 4.666291
v 3.977758 1.490294 4.649292
v 3.948896 1.492087 4.640580
v 3.918133 1.497156 4.641005
v 3.888483 1.505004 4.650527
v 3.862845 1.514864 4.668214
v 3.872403 1.534593 4.702042
v 3.865106 1.542002 4.721231
v 3.864237 1.548671 4.741315
v 3.869882 1.553948 4.760326
v 3.881486 1.557316 4.776403
v 3.897915 1.558445 4.787974
v 3.917561 1.557224 4.793905
v 3.938499 1.553774 4.793615
v 3.958682 1.548432 4.787134
v 3.976132 1.541721 4.775095
v 3.989143 1.534297 4.758676
v 3.996439 1.526888 4.739486
v 3.997308 1.520218 4.719403
v 3.991664 1.514941 4.700392
v 3.980060 1.511574 4.684314
v 3.963630 1.510445 4.672744
v 3.943985 1.511665 4.666813
v 3.923046 1.515115 4.667103
v 3.902864 1.520458 4.673584
v 3.885413 1.527169 4.685623
v 3.902010 1.539943 4.713840
v 3.898316 1.543694 4.723555
v 3.897876 1.547071 4.733722
v 3.900733 1.549742 4.743346
v 3.906608 1.551447 4.751485
v 3.914925 1.552018 4.757342
v 3.924870 1.551400 4.760345
v 3.935470 1.549654 4.760198
v 3.945687 1.546949 4.756917
v 3.954521 1.543552 4.750823
v 3.961107 1.539794 4.742511
v 3.964801 1.536043 4.732796
v 3.965240 1.532667 4.722630
v 3.962384 1.529995 4.713006
v 3.956509 1.528291 4.704866
v 3.948192 1.527719 4.699009
v 3.938247 1.528337 4.696007
v 3.927647 1.530083 4.696154
v 3.917430 1.532788 4.699434
v 3.908596 1.536185 4.705529
v 3.888932 1.245565 4.846632
v 3.931822 1.541692 4.727442
vt 0.258769 0.134509
vt 0.256598 0.134509
vt 0.254427 0.134509
vt 0.252256 0.134509
vt 0.250085 0.134509
vt 0.247914 0.134509
vt 0.245743 0.134509
vt 0.243572 0.134509
vt 0.241401 0.134509
vt 0.239230 0.134509
vt 0.237059 0.134509
vt 0.234888 0.134509
vt 0.232716 0.134509
vt 0.230545 0.134509
vt 0.228374 0.134509
vt 0.226203 0.134509
vt 0.224032 0.134509
vt 0.221861 0.134509
vt 0.219690 0.134509
vt 0.217519 0.134509
vt 0.215348 0.134509
vt 0.258769 0.132338
vt 0.256598 0.132338
vt 0.254427 0.132338
vt 0.252256 0.132338
vt 0.250085 0.132338
vt 0.247914 0.132338
vt 0.245743 0.132338
vt 0.243572 0.132338
vt 0.241401 0.132338
vt 0.239230 0.132338
vt 0.237059 0.132338
vt 0.234888 0.132338
vt 0.232716 0.132338
vt 0.230545 0.132338
vt 0.228374 0.132338
vt 0.226203 0.132338
vt 0.224032 0.132338
vt 0.221861 0.132338
vt 0.219690 0.132338
vt 0.217519 0.132338
vt 0.215348 0.132338
vt 0.258769 0.130167
vt 0.256598 0.130167
vt 0.254427 0.130167
vt 0.252256 0.130167
vt 0.250085 0.130167
vt 0.247914 0.130167
vt 0.245743 0.130167
vt 0.243572 0.130167
vt 0.241401 0.130167
vt 0.239230 0.130167
vt 0.237059 0.130167
vt 0.234888 0.130167
vt 0.232716 0.130167
vt 0.230545 0.130167
vt 0.228374 0.130167
vt 0.226203 0.130167
vt 0.224032 0.130167
vt 0.221861 0.130167
vt 0.219690 0.130167
vt 0.217519 0.130167
vt 0.215348 0.130167
vt 0.258769 0.127996
vt 0.256598 0.127996
vt 0.254427 0.127996
vt 0.252256 0.127996
vt 0.250085 0.127996
vt 0.247914 0.127996
vt 0.245743 0.127996
vt 0.243572 0.127996
vt 0.241401 0.127996
vt 0.239230 0.127996
vt 0.237059 0.127996
vt 0.234888 0.127996
vt 0.232716 0.127996
vt 0.230545 0.127996
vt 0.228374 0.127996
vt 0.226203 0.127996
vt 0.224032 0.127996
vt 0.221861 0.127996
vt 0.219690 0.127996
vt 0.217519 0.127996
vt 0.215348 0.127996
vt 0.258769 0.125825
vt 0.256598 0.125825
vt 0.254427 0.125825
vt 0.252256 0.125825
vt 0.250085 0.125825
vt 0.247914 0.125825
vt 0.245743 0.125825
vt 0.243572 0.125825
vt 0.241401 0.125825
vt 0.239230 0.125825
vt 0.237059 0.125825
vt 0.234888 0.125825
vt 0.232716 0.125825
vt 0.230545 0.125825
vt 0.228374 0.125825
vt 0.226203 0.125825
vt 0.224032 0.125825
vt 0.221861 0.125825
vt 0.219690 0.125825
vt 0.217519 0.125825
vt 0.215348 0.125825
vt 0.258769 0.123654
vt 0.256598 0.123654
vt 0.254427 0.123654
vt 0.252256 0.123654
vt 0.250085 0.123654
vt 0.247914 0.123654
vt 0.245743 0.123654
vt 0.243572 0.123654
vt 0.241401 0.123654
vt 0.239230 0.123654
vt 0.237059 0.123654
vt 0.234888 0.123654
vt 0.232716 0.123654
vt 0.230545 0.123654
vt 0.228374 0.123654
vt 0.226203 0.123654
vt 0.224032 0.123654
vt 0.221861 0.123654
vt 0.219690 0.123654
vt 0.217519 0.123654
vt 0.215348 0.123654
vt 0.258769 0.121483
vt 0.256598 0.121483
vt 0.254427 0.121483
vt 0.252256 0.121483
vt 0.250085 0.121483
vt 0.247914 0.121483
vt 0.245743 0.121483
vt 0.243572 0.121483
vt 0.241401 0.121483
vt 0.239230 0.121483
vt 0.237059 0.121483
vt 0.234888 0.121483
vt 0.232716 0.121483
vt 0.230545 0.121483
vt 0.228374 0.121483
vt 0.226203 0.121483
vt 0.224032 0.121483
vt 0.221861 0.121483
vt 0.219690 0.121483
vt 0.217519 0.121483
vt 0.215348 0.121483
vt 0.258769 0.119312
vt 0.256598 0.119312
vt 0.254427 0.119312
vt 0.252256 0.119312
vt 0.250085 0.119312
vt 0.247914 0.119312
vt 0.245743 0.119312
vt 0.243572 0.119312
vt 0.241401 0.119312
vt 0.239230 0.119312
vt 0.237059 0.119312
vt 0.234888 0.119312
vt 0.232716 0.119312
vt 0.230545 0.119312
vt 0.228374 0.119312
vt 0.226203 0.119312
vt 0.224032 0.119312
vt 0.221861 0.119312
vt 0.219690 0.119312
vt 0.217519 0.119312
vt 0.215348 0.119312
vt 0.258769 0.117141
vt 0.256598 0.117141
vt 0.254427 0.117141
vt 0.252256 0.117141
vt 0.250085 0.117141
vt 0.247914 0.117141
vt 0.245743 0.117141
vt 0.243572 0.117141
vt 0.241401 0.117141
vt 0.239230 0.117141
vt 0.237059 0.117141
vt 0.234888 0.117141
vt 0.232716 0.117141
vt 0.230545 0.117141
vt 0.228374 0.117141
vt 0.226203 0.117141
vt 0.224032 0.117141
vt 0.221861 0.117141
vt 0.219690 0.117141
vt 0.217519 0.117141
vt 0.215348 0.117141
vt 0.258769 0.114970
vt 0.256598 0.114970
vt 0.254427 0.114970
vt 0.252256 0.114970
vt 0.250085 0.114970
vt 0.247914 0.114970
vt 0.245743 0.114970
vt 0.243572 0.114970
vt 0.241401 0.114970
vt 0.239230 0.114970
vt 0.237059 0.114970
vt 0.234888 0.114970
vt 0.232716 0.114970
vt 0.230545 0.114970
vt 0.228374 0.114970
vt 0.226203 0.114970
vt 0.224032 0.114970
vt 0.221861 0.114970
vt 0.219690 0.114970
vt 0.217519 0.114970
vt 0.215348 0.114970
vt 0.258769 0.112799
vt 0.256598 0.112799
vt 0.254427 0.112799
vt 0.252256 0.112799
vt 0.250085 0.112799
vt 0.247914 0.112799
vt 0.245743 0.112799
vt 0.243572 0.112799
vt 0.241401 0.112799
vt 0.239230 0.112799
vt 0.237059 0.112799
vt 0.234888 0.112799
vt 0.232716 0.112799
vt 0.230545 0.112799
vt 0.228374 0.112799
vt 0.226203 0.112799
vt 0.224032 0.112799
vt 0.221861 0.112799
vt 0.219690 0.112799
vt 0.217519 0.112799
vt 0.215348 0.112799
vt 0.258769 0.110628
vt 0.256598 0.110628
vt 0.254427 0.110628
vt 0.252256 0.110628
vt 0.250085 0.110628
vt 0.247914 0.110628
vt 0.245743 0.110628
vt 0.243572 0.110628
vt 0.241401 0.110628
vt 0.239230 0.110628
vt 0.237059 0.110628
vt 0.234888 0.110628
vt 0.232716 0.110628
vt 0.230545 0.110628
vt 0.228374 0.110628
vt 0.226203 0.110628
vt 0.224032 0.110628
vt 0.221861 0.110628
vt 0.219690 0.110628
vt 0.217519 0.110628
vt 0.215348 0.110628
vt 0.258769 0.108456
vt 0.256598 0.108456
vt 0.254427 0.108456
vt 0.252256 0.108456
vt 0.250085 0.108456
vt 0.247914 0.108456
vt 0.245743 0.108456
vt 0.243572 0.108456
vt 0.241401 0.108456
vt 0.239230 0.108456
vt 0.237059 0.108456
vt 0.234888 0.108456
vt 0.232716 0.108456
vt 0.230545 0.108456
vt 0.228374 0.108456
vt 0.226203 0.108456
vt 0.224032 0.108456
vt 0.221861 0.108456
vt 0.219690 0.108456
vt 0.217519 0.108456
vt 0.215348 0.108456
vt 0.258769 0.106285
vt 0.256598 0.106285
vt 0.254427 0.106285
vt 0.252256 0.106285
vt 0.250085 0.106285
vt 0.247914 0.106285
vt 0.245743 0.106285
vt 0.243572 0.106285
vt 0.241401 0.106285
vt 0.239230 0.106285
vt 0.237059 0.106285
vt 0.234888 0.106285
vt 0.232716 0.106285
vt 0.230545 0.106285
vt 0.228374 0.106285
vt 0.226203 0.106285
vt 0.224032 0.106285
vt 0.221861 0.106285
vt 0.219690 0.106285
vt 0.217519 0.106285
vt 0.215348 0.106285
vt 0.258769 0.104114
vt 0.256598 0.104114
vt 0.254427 0.104114
vt 0.252256 0.104114
vt 0.250085 0.104114
vt 0.247914 0.104114
vt 0.245743 0.104114
vt 0.243572 0.104114
vt 0.241401 0.104114
vt 0.239230 0.104114
vt 0.237059 0.104114
vt 0.234888 0.104114
vt 0.232716 0.104114
vt 0.230545 0.104114
vt 0.228374 0.104114
vt 0.226203 0.104114
vt 0.224032 0.104114
vt 0.221861 0.104114
vt 0.219690 0.104114
vt 0.217519 0.104114
vt 0.215348 0.104114
vt 0.258769 0.101943
vt 0.256598 0.101943
vt 0.254427 0.101943
vt 0.252256 0.101943
vt 0.250085 0.101943
vt 0.247914 0.101943
vt 0.245743 0.101943
vt 0.243572 0.101943
vt 0.241401 0.101943
vt 0.239230 0.101943
vt 0.237059 0.101943
vt 0.234888 0.101943
vt 0.232716 0.101943
vt 0.230545 0.101943
vt 0.228374 0.101943
vt 0.226203 0.101943
vt 0.224032 0.101943
vt 0.221861 0.101943
vt 0.219690 0.101943
vt 0.217519 0.101943
vt 0.215348 0.101943
vt 0.258769 0.099772
vt 0.256598 0.099772
vt 0.254427 0.099772
vt 0.252256 0.099772
vt 0.250085 0.099772
vt 0.247914 0.099772
vt 0.245743 0.099772
vt 0.243572 0.099772
vt 0.241401 0.099772
vt 0.239230 0.099772
vt 0.237059 0.099772
vt 0.234888 0.099772
vt 0.232716 0.099772
vt 0.230545 0.099772
vt 0.228374 0.099772
vt 0.226203 0.099772
vt 0.224032 0.099772
vt 0.221861 0.099772
vt 0.219690 0.099772
vt 0.217519 0.099772
vt 0.215348 0.099772
vt 0.258769 0.097601
vt 0.256598 0.097601
vt 0.254427 0.097601
vt 0.252256 0.097601
vt 0.250085 0.097601
vt 0.247914 0.097601
vt 0.245743 0.097601
vt 0.243572 0.097601
vt 0.241401 0.097601
vt 0.239230 0.097601
vt 0.237059 0.097601
vt 0.234888 0.097601
vt 0.232716 0.097601
vt 0.230545 0.097601
vt 0.228374 0.097601
vt 0.226203 0.097601
vt 0.224032 0.097601
vt 0.221861 0.097601
vt 0.219690 0.097601
vt 0.217519 0.097601
vt 0.215348 0.097601
vt 0.258769 0.095430
vt 0.256598 0.095430
vt 0.254427 0.095430
vt 0.252256 0.095430
vt 0.250085 0.095430
vt 0.247914 0.095430
vt 0.245743 0.095430
vt 0.243572 0.095430
vt 0.241401 0.095430
vt 0.239230 0.095430
vt 0.237059 0.095430
vt 0.234888 0.095430
vt 0.232716 0.095430
vt 0.230545 0.095430
vt 0.228374 0.095430
vt 0.226203 0.095430
vt 0.224032 0.095430
vt 0.221861 0.095430
vt 0.219690 0.095430
vt 0.217519 0.095430
vt 0.215348 0.095430
vt 0.257684 0.136680
vt 0.255513 0.136680
vt 0.253341 0.136680
vt 0.251170 0.136680
vt 0.248999 0.136680
vt 0.246828 0.136680
vt 0.244657 0.136680
vt 0.242486 0.136680
vt 0.240315 0.136680
vt 0.238144 0.136680
vt 0.235973 0.136680
vt 0.233802 0.136680
vt 0.231631 0.136680
vt 0.229460 0.136680
vt 0.227289 0.136680
vt 0.225118 0.136680
vt 0.222947 0.136680
vt 0.220776 0.136680
vt 0.218605 0.136680
vt 0.216434 0.136680
vt 0.257684 0.093259
vt 0.255513 0.093259
vt 0.253341 0.093259
vt 0.251170 0.093259
vt 0.248999 0.093259
vt 0.246828 0.093259
vt 0.244657 0.093259
vt 0.242486 0.093259
vt 0.240315 0.093259
vt 0.238144 0.093259
vt 0.235973 0.093259
vt 0.233802 0.093259
vt 0.231631 0.093259
vt 0.229460 0.093259
vt 0.227289 0.093259
vt 0.225118 0.093259
vt 0.222947 0.093259
vt 0.220776 0.093259
vt 0.218605 0.093259
vt 0.216434 0.093259
vn -0.282511 -0.932135 0.226521
vn -0.294692 -0.917624 0.266689
vn -0.391792 -0.889145 0.236473
vn -0.370730 -0.913322 0.168532
vn -0.292953 -0.904104 0.311087
vn -0.389446 -0.866727 0.311635
vn -0.276785 -0.892786 0.355419
vn -0.362697 -0.847862 0.386758
vn -0.247298 -0.884828 0.394871
vn -0.313249 -0.834286 0.453698
vn -0.207475 -0.881135 0.424917
vn -0.245993 -0.827482 0.504739
vn -0.161822 -0.882155 0.442286
vn -0.168396 -0.828371 0.534270
vn -0.115355 -0.887789 0.445560
vn -0.089031 -0.837121 0.539724
vn -0.072707 -0.897497 0.434985
vn -0.016022 -0.853145 0.521428
vn -0.037721 -0.910409 0.411986
vn 0.043808 -0.875154 0.481857
vn -0.013370 -0.925387 0.378789
vn 0.085131 -0.901188 0.424986
vn -0.001892 -0.941058 0.338241
vn 0.104144 -0.928685 0.355946
vn -0.004670 -0.955819 0.293919
vn 0.098784 -0.954606 0.281015
vn -0.021829 -0.967969 0.250119
vn 0.069199 -0.975801 0.207423
vn -0.051849 -0.976012 0.211451
vn 0.018242 -0.989589 0.142759
vn -0.091507 -0.979005 0.182143
vn -0.048566 -0.994404 0.093816
vn -0.136379 -0.976797 0.165135
vn -0.123946 -0.990135 0.065346
vn -0.181801 -0.969944 0.161731
vn -0.200269 -0.977930 0.059534
vn -0.223523 -0.959445 0.171761
vn -0.270585 -0.959671 0.076253
vn -0.258028 -0.946459 0.194003
vn -0.329021 -0.937459 0.113647
vn -0.495825 -0.845230 0.199358
vn -0.464354 -0.879827 0.101392
vn -0.493725 -0.813149 0.308259
vn -0.456087 -0.785860 0.417623
vn -0.384883 -0.765692 0.515345
vn -0.287033 -0.754835 0.589777
vn -0.173639 -0.754884 0.632456
vn -0.057570 -0.766481 0.639682
vn 0.049049 -0.789155 0.612232
vn 0.136173 -0.821263 0.554062
vn 0.196091 -0.859985 0.471141
vn 0.223365 -0.901384 0.370964
vn 0.215093 -0.940635 0.262565
vn 0.171619 -0.972673 0.156377
vn 0.097301 -0.993236 0.063358
vn 0.000389 -0.999977 -0.006762
vn -0.108450 -0.992976 -0.047296
vn -0.218274 -0.974318 -0.055321
vn -0.319373 -0.947117 -0.031167
vn -0.403649 -0.914637 0.022528
vn -0.600128 -0.784503 0.156210
vn -0.557139 -0.829949 0.027937
vn -0.599454 -0.742144 0.299794
vn -0.551456 -0.705598 0.445003
vn -0.457833 -0.677889 0.575200
vn -0.327669 -0.662104 0.673981
vn -0.176441 -0.660699 0.729620
vn -0.022050 -0.674889 0.737590
vn 0.119149 -0.704327 0.699805
vn 0.234162 -0.747037 0.622177
vn 0.313253 -0.799393 0.512682
vn 0.349410 -0.856075 0.380853
vn 0.338567 -0.910304 0.238159
vn 0.280855 -0.954706 0.098271
vn 0.182028 -0.982999 -0.024054
vn 0.053462 -0.991847 -0.115682
vn -0.090161 -0.981672 -0.167905
vn -0.234242 -0.955854 -0.177411
vn -0.366413 -0.919052 -0.145205
vn -0.476790 -0.875816 -0.074956
vn -0.701934 -0.704216 0.106620
vn -0.646549 -0.761135 -0.051458
vn -0.703906 -0.650626 0.284960
vn -0.646305 -0.603634 0.466815
vn -0.529916 -0.567228 0.630430
vn -0.366169 -0.545714 0.753735
vn -0.175835 -0.542571 0.821401
vn 0.017358 -0.559473 0.828667
vn 0.192867 -0.595969 0.779502
vn 0.335411 -0.649642 0.682250
vn 0.433881 -0.716156 0.546688
vn 0.479797 -0.789012 0.383738
vn 0.467416 -0.859523 0.206744
vn 0.395870 -0.917729 0.032571
vn 0.271954 -0.954840 -0.119672
vn 0.110578 -0.966225 -0.232769
vn -0.068767 -0.952752 -0.295862
vn -0.247338 -0.919427 -0.305742
vn -0.410251 -0.872702 -0.264735
vn -0.546379 -0.818430 -0.177881
vn -0.797588 -0.601115 0.050156
vn -0.729441 -0.670328 -0.136293
vn -0.803160 -0.534986 0.262153
vn -0.736775 -0.476027 0.480169
vn -0.597680 -0.429704 0.676856
vn -0.399940 -0.402015 0.823670
vn -0.170635 -0.397494 0.901600
vn 0.060111 -0.417827 0.906536
vn 0.268016 -0.461919 0.845457
vn 0.436551 -0.526646 0.729430
vn 0.554069 -0.607106 0.569587
vn 0.610812 -0.696072 0.377349
vn 0.598714 -0.783330 0.167137
vn 0.514785 -0.856330 -0.041163
vn 0.366121 -0.903346 -0.223432
vn 0.171494 -0.918027 -0.357514
vn -0.043879 -0.901659 -0.430216
vn -0.256506 -0.861076 -0.439036
vn -0.449128 -0.804623 -0.388415
vn -0.609944 -0.739360 -0.285158
vn -0.881297 -0.472383 -0.013024
vn -0.801052 -0.554668 -0.225076
vn -0.890700 -0.392320 0.229649
vn -0.816244 -0.319896 0.481054
vn -0.655330 -0.262833 0.708140
vn -0.425045 -0.229346 0.875635
vn -0.159506 -0.224795 0.961262
vn 0.104805 -0.249981 0.962562
vn 0.340897 -0.302296 0.890172
vn 0.532233 -0.377560 0.757744
vn 0.667524 -0.470530 0.577073
vn 0.735990 -0.573886 0.359128
vn 0.726676 -0.676685 0.118488
vn 0.633184 -0.764274 -0.122325
vn 0.461766 -0.821861 -0.333641
vn 0.235010 -0.840923 -0.487462
vn -0.015282 -0.822852 -0.568050
vn -0.260278 -0.776205 -0.574249
vn -0.480438 -0.711066 -0.513385
vn -0.663799 -0.635451 -0.394427
vn -0.944825 -0.317260 -0.081557
vn -0.854757 -0.412783 -0.314644
vn -0.956986 -0.222534 0.186163
vn -0.874916 -0.136064 0.464767
vn -0.694556 -0.068663 0.716155
vn -0.436410 -0.031089 0.899211
vn -0.141373 -0.028836 0.989536
vn 0.148912 -0.060614 0.986991
vn 0.406252 -0.121406 0.905660
vn 0.615211 -0.205676 0.761061
vn 0.765510 -0.308072 0.564877
vn 0.845672 -0.421874 0.326897
vn 0.841692 -0.536496 0.061046
vn 0.742830 -0.636290 -0.208178
vn 0.553113 -0.703955 -0.445548
vn 0.298210 -0.728541 -0.616683
vn 0.016727 -0.710897 -0.703097
vn -0.256815 -0.660640 -0.705409
vn -0.500633 -0.589032 -0.634357
vn -0.702878 -0.504626 -0.501314
vn -0.978486 -0.139180 -0.152296
vn -0.882789 -0.246629 -0.399822
vn -0.990789 -0.030953 0.131833
vn -0.901458 0.067920 0.427504
vn -0.706321 0.143095 0.693278
vn -0.429278 0.181641 0.884719
vn -0.116113 0.179033 0.976967
vn 0.188973 0.139621 0.972006
vn 0.458183 0.071231 0.885999
vn 0.677680 -0.019213 0.735106
vn 0.838329 -0.126381 0.530313
vn 0.928317 -0.244600 0.279996
vn 0.931146 -0.364634 -0.002989
vn 0.831789 -0.471437 -0.293044
vn 0.631021 -0.546681 -0.550411
vn 0.355989 -0.577363 -0.734795
vn 0.050951 -0.562912 -0.824945
vn -0.244271 -0.512668 -0.823106
vn -0.505634 -0.438038 -0.743275
vn -0.721262 -0.347590 -0.599134
vn -0.974003 0.052724 -0.220315
vn -0.878319 -0.063047 -0.473899
vn -0.982959 0.170316 0.069162
vn -0.887344 0.276784 0.368798
vn -0.684760 0.354892 0.636518
vn -0.401665 0.390820 0.828206
vn -0.085081 0.381939 0.920263
vn 0.221520 0.335667 0.915564
vn 0.491940 0.262216 0.830204
vn 0.713680 0.169591 0.679632
vn 0.878321 0.063053 0.473894
vn 0.974004 -0.052717 0.220313
vn 0.982960 -0.170309 -0.069163
vn 0.887345 -0.276776 -0.368801
vn 0.684765 -0.354884 -0.636518
vn 0.401664 -0.390820 -0.828206
vn 0.085081 -0.381944 -0.920261
vn -0.221521 -0.335670 -0.915562
vn -0.491940 -0.262221 -0.830202
vn -0.713678 -0.169592 -0.679634
vn -0.928315 0.244606 -0.279998
vn -0.838329 0.126378 -0.530315
vn -0.931146 0.364634 0.002989
vn -0.831790 0.471434 0.293045
vn -0.631020 0.546681 0.550412
vn -0.355989 0.577364 0.734794
vn -0.050952 0.562914 0.824943
vn 0.244276 0.512667 0.823105
vn 0.505637 0.438040 0.743271
vn 0.721261 0.347600 0.599130
vn 0.882789 0.246632 0.399821
vn 0.978486 0.139177 0.152297
vn 0.990789 0.030952 -0.131831
vn 0.901458 -0.067926 -0.427503
vn 0.706319 -0.143100 -0.693280
vn 0.429281 -0.181643 -0.884717
vn 0.116113 -0.179034 -0.976967
vn -0.188978 -0.139621 -0.972005
vn -0.458188 -0.071240 -0.885996
vn -0.677684 0.019196 -0.735103
vn -0.845667 0.421881 -0.326900
vn -0.765508 0.308074 -0.564879
vn -0.841690 0.536500 -0.061044
vn -0.742829 0.636292 0.208177
vn -0.553110 0.703956 0.445550
vn -0.298213 0.728539 0.616684
vn -0.016726 0.710897 0.703097
vn 0.256818 0.660642 0.705405
vn 0.500633 0.589035 0.634353
vn 0.702879 0.504628 0.501309
vn 0.854756 0.412782 0.314647
vn 0.944825 0.317260 0.081562
vn 0.956986 0.222534 -0.186162
vn 0.874918 0.136051 -0.464767
vn 0.694558 0.068653 -0.716154
vn 0.436407 0.031092 -0.899212
vn 0.141373 0.028837 -0.989536
vn -0.148914 0.060613 -0.986991
vn -0.406254 0.121406 -0.905659
vn -0.615213 0.205673 -0.761060
vn -0.735988 0.573889 -0.359128
vn -0.667522 0.470535 -0.577071
vn -0.726671 0.676690 -0.118490
vn -0.633178 0.764280 0.122322
vn -0.461764 0.821863 0.333640
vn -0.235008 0.840923 0.487463
vn 0.015285 0.822851 0.568051
vn 0.260281 0.776204 0.574248
vn 0.480437 0.711069 0.513382
vn 0.663797 0.635455 0.394423
vn 0.801051 0.554670 0.225073
vn 0.881296 0.472385 0.013023
vn 0.890701 0.392317 -0.229650
vn 0.816244 0.319898 -0.481053
vn 0.655326 0.262834 -0.708142
vn 0.425047 0.229341 -0.875636
vn 0.159503 0.224789 -0.961264
vn -0.104806 0.249978 -0.962563
vn -0.340892 0.302296 -0.890174
vn -0.532232 0.377560 -0.757745
vn -0.610813 0.696071 -0.377349
vn -0.554074 0.607105 -0.569584
vn -0.598714 0.783330 -0.167139
vn -0.514788 0.856329 0.041164
vn -0.366125 0.903344 0.223433
vn -0.171490 0.918028 0.357513
vn 0.043881 0.901659 0.430216
vn 0.256509 0.861075 0.439038
vn 0.449128 0.804622 0.388416
vn 0.609945 0.739358 0.285162
vn 0.729444 0.670324 0.136296
vn 0.797592 0.601109 -0.050156
vn 0.803165 0.534976 -0.262158
vn 0.736774 0.476027 -0.480169
vn 0.597678 0.429710 -0.676853
vn 0.399943 0.402017 -0.823668
vn 0.170637 0.397503 -0.901596
vn -0.060105 0.417835 -0.906533
vn -0.268010 0.461919 -0.845459
vn -0.436553 0.526644 -0.729430
vn -0.479800 0.789011 -0.383736
vn -0.433887 0.716153 -0.546687
vn -0.467416 0.859523 -0.206744
vn -0.395876 0.917726 -0.032570
vn -0.271954 0.954840 0.119672
vn -0.110577 0.966225 0.232771
vn 0.068770 0.952750 0.295867
vn 0.247337 0.919427 0.305742
vn 0.410251 0.872702 0.264737
vn 0.546383 0.818427 0.177884
vn 0.646551 0.761133 0.051460
vn 0.701936 0.704215 -0.106617
vn 0.703906 0.650625 -0.284963
vn 0.646303 0.603637 -0.466814
vn 0.529914 0.567233 -0.630427
vn 0.366167 0.545719 -0.753732
vn 0.175839 0.542578 -0.821395
vn -0.017354 0.559475 -0.828666
vn -0.192865 0.595967 -0.779504
vn -0.335413 0.649640 -0.682250
vn -0.349415 0.856074 -0.380850
vn -0.313254 0.799392 -0.512683
vn -0.338572 0.910302 -0.238160
vn -0.280859 0.954704 -0.098273
vn -0.182028 0.982999 0.024055
vn -0.053463 0.991847 0.115682
vn 0.090164 0.981671 0.167905
vn 0.234243 0.955853 0.177412
vn 0.366413 0.919052 0.145205
vn 0.476791 0.875815 0.074957
vn 0.557144 0.829946 -0.027934
vn 0.600132 0.784500 -0.156210
vn 0.599457 0.742141 -0.299796
vn 0.551462 0.705595 -0.444999
vn 0.457836 0.677889 -0.575199
vn 0.327667 0.662101 -0.673986
vn 0.176439 0.660696 -0.729623
vn 0.022048 0.674888 -0.737591
vn -0.119146 0.704325 -0.699808
vn -0.234156 0.747036 -0.622180
vn -0.223365 0.901386 -0.370960
vn -0.196087 0.859990 -0.471134
vn -0.215090 0.940636 -0.262565
vn -0.171620 0.972673 -0.156378
vn -0.097304 0.993236 -0.063358
vn -0.000389 0.999977 0.006761
vn 0.108451 0.992976 0.047296
vn 0.218276 0.974318 0.055324
vn 0.319375 0.947116 0.031168
vn 0.403650 0.914636 -0.022525
vn 0.464358 0.879825 -0.101390
vn 0.495826 0.845230 -0.199357
vn 0.493728 0.813148 -0.308258
vn 0.456092 0.785859 -0.417619
vn 0.384879 0.765696 -0.515343
vn 0.287026 0.754835 -0.589779
vn 0.173639 0.754882 -0.632458
vn 0.057568 0.766480 -0.639683
vn -0.049045 0.789153 -0.612236
vn -0.136165 0.821264 -0.554062
vn -0.104146 0.928684 -0.355948
vn -0.085131 0.901190 -0.424982
vn -0.098784 0.954605 -0.281017
vn -0.069199 0.975801 -0.207423
vn -0.018243 0.989589 -0.142761
vn 0.048565 0.994404 -0.093818
vn 0.123947 0.990135 -0.065344
vn 0.200272 0.977930 -0.059533
vn 0.270587 0.959671 -0.076251
vn 0.329021 0.937460 -0.113643
vn 0.370730 0.913322 -0.168532
vn 0.391796 0.889143 -0.236476
vn 0.389446 0.866729 -0.311630
vn 0.362693 0.847867 -0.386749
vn 0.313243 0.834293 -0.453688
vn 0.245989 0.827488 -0.504731
vn 0.168396 0.828370 -0.534271
vn 0.089031 0.837116 -0.539732
vn 0.016022 0.853141 -0.521434
vn -0.043808 0.875154 -0.481857
vn 0.001892 0.941058 -0.338241
vn 0.013366 0.925384 -0.378795
vn 0.004669 0.955819 -0.293920
vn 0.021820 0.967970 -0.250117
vn 0.051846 0.976012 -0.211452
vn 0.091500 0.979005 -0.182144
vn 0.136382 0.976796 -0.165134
vn 0.181806 0.969943 -0.161732
vn 0.223515 0.959447 -0.171761
vn 0.258027 0.946460 -0.194000
vn 0.282506 0.932137 -0.226521
vn 0.294686 0.917624 -0.266694
vn 0.292964 0.904102 -0.311083
vn 0.276792 0.892786 -0.355414
vn 0.247301 0.884829 -0.394867
vn 0.207485 0.881139 -0.424905
vn 0.161817 0.882156 -0.442284
vn 0.115354 0.887786 -0.445566
vn 0.072713 0.897497 -0.434984
vn 0.037717 0.910409 -0.411986
vn -0.150644 -0.940104 0.305796
vn 0.150644 0.940104 -0.305796
s 1
g Mushroom2 Shrooms Dot7
usemtl lambert10SG
f 5027/6169/6779 5028/6170/6780 5048/6191/6781 5047/6190/6782
f 5028/6170/6780 5029/6171/6783 5049/6192/6784 5048/6191/6781
f 5029/6171/6783 5030/6172/6785 5050/6193/6786 5049/6192/6784
f 5030/6172/6785 5031/6173/6787 5051/6194/6788 5050/6193/6786
f 5031/6173/6787 5032/6174/6789 5052/6195/6790 5051/6194/6788
f 5032/6174/6789 5033/6175/6791 5053/6196/6792 5052/6195/6790
f 5033/6175/6791 5034/6176/6793 5054/6197/6794 5053/6196/6792
f 5034/6176/6793 5035/6177/6795 5055/6198/6796 5054/6197/6794
f 5035/6177/6795 5036/6178/6797 5056/6199/6798 5055/6198/6796
f 5036/6178/6797 5037/6179/6799 5057/6200/6800 5056/6199/6798
f 5037/6179/6799 5038/6180/6801 5058/6201/6802 5057/6200/6800
f 5038/6180/6801 5039/6181/6803 5059/6202/6804 5058/6201/6802
f 5039/6181/6803 5040/6182/6805 5060/6203/6806 5059/6202/6804
f 5040/6182/6805 5041/6183/6807 5061/6204/6808 5060/6203/6806
f 5041/6183/6807 5042/6184/6809 5062/6205/6810 5061/6204/6808
f 5042/6184/6809 5043/6185/6811 5063/6206/6812 5062/6205/6810
f 5043/6185/6811 5044/6186/6813 5064/6207/6814 5063/6206/6812
f 5044/6186/6813 5045/6187/6815 5065/6208/6816 5064/6207/6814
f 5045/6187/6815 5046/6188/6817 5066/6209/6818 5065/6208/6816
f 5046/6188/6817 5027/6189/6779 5047/6210/6782 5066/6209/6818
f 5047/6190/6782 5048/6191/6781 5068/6212/6819 5067/6211/6820
f 5048/6191/6781 5049/6192/6784 5069/6213/6821 5068/6212/6819
f 5049/6192/6784 5050/6193/6786 5070/6214/6822 5069/6213/6821
f 5050/6193/6786 5051/6194/6788 5071/6215/6823 5070/6214/6822
f 5051/6194/6788 5052/6195/6790 5072/6216/6824 5071/6215/6823
f 5052/6195/6790 5053/6196/6792 5073/6217/6825 5072/6216/6824
f 5053/6196/6792 5054/6197/6794 5074/6218/6826 5073/6217/6825
f 5054/6197/6794 5055/6198/6796 5075/6219/6827 5074/6218/6826
f 5055/6198/6796 5056/6199/6798 5076/6220/6828 5075/6219/6827
f 5056/6199/6798 5057/6200/6800 5077/6221/6829 5076/6220/6828
f 5057/6200/6800 5058/6201/6802 5078/6222/6830 5077/6221/6829
f 5058/6201/6802 5059/6202/6804 5079/6223/6831 5078/6222/6830
f 5059/6202/6804 5060/6203/6806 5080/6224/6832 5079/6223/6831
f 5060/6203/6806 5061/6204/6808 5081/6225/6833 5080/6224/6832
f 5061/6204/6808 5062/6205/6810 5082/6226/6834 5081/6225/6833
f 5062/6205/6810 5063/6206/6812 5083/6227/6835 5082/6226/6834
f 5063/6206/6812 5064/6207/6814 5084/6228/6836 5083/6227/6835
f 5064/6207/6814 5065/6208/6816 5085/6229/6837 5084/6228/6836
f 5065/6208/6816 5066/6209/6818 5086/6230/6838 5085/6229/6837
f 5066/6209/6818 5047/6210/6782 5067/6231/6820 5086/6230/6838
f 5067/6211/6820 5068/6212/6819 5088/6233/6839 5087/6232/6840
f 5068/6212/6819 5069/6213/6821 5089/6234/6841 5088/6233/6839
f 5069/6213/6821 5070/6214/6822 5090/6235/6842 5089/6234/6841
f 5070/6214/6822 5071/6215/6823 5091/6236/6843 5090/6235/6842
f 5071/6215/6823 5072/6216/6824 5092/6237/6844 5091/6236/6843
f 5072/6216/6824 5073/6217/6825 5093/6238/6845 5092/6237/6844
f 5073/6217/6825 5074/6218/6826 5094/6239/6846 5093/6238/6845
f 5074/6218/6826 5075/6219/6827 5095/6240/6847 5094/6239/6846
f 5075/6219/6827 5076/6220/6828 5096/6241/6848 5095/6240/6847
f 5076/6220/6828 5077/6221/6829 5097/6242/6849 5096/6241/6848
f 5077/6221/6829 5078/6222/6830 5098/6243/6850 5097/6242/6849
f 5078/6222/6830 5079/6223/6831 5099/6244/6851 5098/6243/6850
f 5079/6223/6831 5080/6224/6832 5100/6245/6852 5099/6244/6851
f 5080/6224/6832 5081/6225/6833 5101/6246/6853 5100/6245/6852
f 5081/6225/6833 5082/6226/6834 5102/6247/6854 5101/6246/6853
f 5082/6226/6834 5083/6227/6835 5103/6248/6855 5102/6247/6854
f 5083/6227/6835 5084/6228/6836 5104/6249/6856 5103/6248/6855
f 5084/6228/6836 5085/6229/6837 5105/6250/6857 5104/6249/6856
f 5085/6229/6837 5086/6230/6838 5106/6251/6858 5105/6250/6857
f 5086/6230/6838 5067/6231/6820 5087/6252/6840 5106/6251/6858
f 5087/6232/6840 5088/6233/6839 5108/6254/6859 5107/6253/6860
f 5088/6233/6839 5089/6234/6841 5109/6255/6861 5108/6254/6859
f 5089/6234/6841 5090/6235/6842 5110/6256/6862 5109/6255/6861
f 5090/6235/6842 5091/6236/6843 5111/6257/6863 5110/6256/6862
f 5091/6236/6843 5092/6237/6844 5112/6258/6864 5111/6257/6863
f 5092/6237/6844 5093/6238/6845 5113/6259/6865 5112/6258/6864
f 5093/6238/6845 5094/6239/6846 5114/6260/6866 5113/6259/6865
f 5094/6239/6846 5095/6240/6847 5115/6261/6867 5114/6260/6866
f 5095/6240/6847 5096/6241/6848 5116/6262/6868 5115/6261/6867
f 5096/6241/6848 5097/6242/6849 5117/6263/6869 5116/6262/6868
f 5097/6242/6849 5098/6243/6850 5118/6264/6870 5117/6263/6869
f 5098/6243/6850 5099/6244/6851 5119/6265/6871 5118/6264/6870
f 5099/6244/6851 5100/6245/6852 5120/6266/6872 5119/6265/6871
f 5100/6245/6852 5101/6246/6853 5121/6267/6873 5120/6266/6872
f 5101/6246/6853 5102/6247/6854 5122/6268/6874 5121/6267/6873
f 5102/6247/6854 5103/6248/6855 5123/6269/6875 5122/6268/6874
f 5103/6248/6855 5104/6249/6856 5124/6270/6876 5123/6269/6875
f 5104/6249/6856 5105/6250/6857 5125/6271/6877 5124/6270/6876
f 5105/6250/6857 5106/6251/6858 5126/6272/6878 5125/6271/6877
f 5106/6251/6858 5087/6252/6840 5107/6273/6860 5126/6272/6878
f 5107/6253/6860 5108/6254/6859 5128/6275/6879 5127/6274/6880
f 5108/6254/6859 5109/6255/6861 5129/6276/6881 5128/6275/6879
f 5109/6255/6861 5110/6256/6862 5130/6277/6882 5129/6276/6881
f 5110/6256/6862 5111/6257/6863 5131/6278/6883 5130/6277/6882
f 5111/6257/6863 5112/6258/6864 5132/6279/6884 5131/6278/6883
f 5112/6258/6864 5113/6259/6865 5133/6280/6885 5132/6279/6884
f 5113/6259/6865 5114/6260/6866 5134/6281/6886 5133/6280/6885
f 5114/6260/6866 5115/6261/6867 5135/6282/6887 5134/6281/6886
f 5115/6261/6867 5116/6262/6868 5136/6283/6888 5135/6282/6887
f 5116/6262/6868 5117/6263/6869 5137/6284/6889 5136/6283/6888
f 5117/6263/6869 5118/6264/6870 5138/6285/6890 5137/6284/6889
f 5118/6264/6870 5119/6265/6871 5139/6286/6891 5138/6285/6890
f 5119/6265/6871 5120/6266/6872 5140/6287/6892 5139/6286/6891
f 5120/6266/6872 5121/6267/6873 5141/6288/6893 5140/6287/6892
f 5121/6267/6873 5122/6268/6874 5142/6289/6894 5141/6288/6893
f 5122/6268/6874 5123/6269/6875 5143/6290/6895 5142/6289/6894
f 5123/6269/6875 5124/6270/6876 5144/6291/6896 5143/6290/6895
f 5124/6270/6876 5125/6271/6877 5145/6292/6897 5144/6291/6896
f 5125/6271/6877 5126/6272/6878 5146/6293/6898 5145/6292/6897
f 5126/6272/6878 5107/6273/6860 5127/6294/6880 5146/6293/6898
f 5127/6274/6880 5128/6275/6879 5148/6296/6899 5147/6295/6900
f 5128/6275/6879 5129/6276/6881 5149/6297/6901 5148/6296/6899
f 5129/6276/6881 5130/6277/6882 5150/6298/6902 5149/6297/6901
f 5130/6277/6882 5131/6278/6883 5151/6299/6903 5150/6298/6902
f 5131/6278/6883 5132/6279/6884 5152/6300/6904 5151/6299/6903
f 5132/6279/6884 5133/6280/6885 5153/6301/6905 5152/6300/6904
f 5133/6280/6885 5134/6281/6886 5154/6302/6906 5153/6301/6905
f 5134/6281/6886 5135/6282/6887 5155/6303/6907 5154/6302/6906
f 5135/6282/6887 5136/6283/6888 5156/6304/6908 5155/6303/6907
f 5136/6283/6888 5137/6284/6889 5157/6305/6909 5156/6304/6908
f 5137/6284/6889 5138/6285/6890 5158/6306/6910 5157/6305/6909
f 5138/6285/6890 5139/6286/6891 5159/6307/6911 5158/6306/6910
f 5139/6286/6891 5140/6287/6892 5160/6308/6912 5159/6307/6911
f 5140/6287/6892 5141/6288/6893 5161/6309/6913 5160/6308/6912
f 5141/6288/6893 5142/6289/6894 5162/6310/6914 5161/6309/6913
f 5142/6289/6894 5143/6290/6895 5163/6311/6915 5162/6310/6914
f 5143/6290/6895 5144/6291/6896 5164/6312/6916 5163/6311/6915
f 5144/6291/6896 5145/6292/6897 5165/6313/6917 5164/6312/6916
f 5145/6292/6897 5146/6293/6898 5166/6314/6918 5165/6313/6917
f 5146/6293/6898 5127/6294/6880 5147/6315/6900 5166/6314/6918
f 5147/6295/6900 5148/6296/6899 5168/6317/6919 5167/6316/6920
f 5148/6296/6899 5149/6297/6901 5169/6318/6921 5168/6317/6919
f 5149/6297/6901 5150/6298/6902 5170/6319/6922 5169/6318/6921
f 5150/6298/6902 5151/6299/6903 5171/6320/6923 5170/6319/6922
f 5151/6299/6903 5152/6300/6904 5172/6321/6924 5171/6320/6923
f 5152/6300/6904 5153/6301/6905 5173/6322/6925 5172/6321/6924
f 5153/6301/6905 5154/6302/6906 5174/6323/6926 5173/6322/6925
f 5154/6302/6906 5155/6303/6907 5175/6324/6927 5174/6323/6926
f 5155/6303/6907 5156/6304/6908 5176/6325/6928 5175/6324/6927
f 5156/6304/6908 5157/6305/6909 5177/6326/6929 5176/6325/6928
f 5157/6305/6909 5158/6306/6910 5178/6327/6930 5177/6326/6929
f 5158/6306/6910 5159/6307/6911 5179/6328/6931 5178/6327/6930
f 5159/6307/6911 5160/6308/6912 5180/6329/6932 5179/6328/6931
f 5160/6308/6912 5161/6309/6913 5181/6330/6933 5180/6329/6932
f 5161/6309/6913 5162/6310/6914 5182/6331/6934 5181/6330/6933
f 5162/6310/6914 5163/6311/6915 5183/6332/6935 5182/6331/6934
f 5163/6311/6915 5164/6312/6916 5184/6333/6936 5183/6332/6935
f 5164/6312/6916 5165/6313/6917 5185/6334/6937 5184/6333/6936
f 5165/6313/6917 5166/6314/6918 5186/6335/6938 5185/6334/6937
f 5166/6314/6918 5147/6315/6900 5167/6336/6920 5186/6335/6938
f 5167/6316/6920 5168/6317/6919 5188/6338/6939 5187/6337/6940
f 5168/6317/6919 5169/6318/6921 5189/6339/6941 5188/6338/6939
f 5169/6318/6921 5170/6319/6922 5190/6340/6942 5189/6339/6941
f 5170/6319/6922 5171/6320/6923 5191/6341/6943 5190/6340/6942
f 5171/6320/6923 5172/6321/6924 5192/6342/6944 5191/6341/6943
f 5172/6321/6924 5173/6322/6925 5193/6343/6945 5192/6342/6944
f 5173/6322/6925 5174/6323/6926 5194/6344/6946 5193/6343/6945
f 5174/6323/6926 5175/6324/6927 5195/6345/6947 5194/6344/6946
f 5175/6324/6927 5176/6325/6928 5196/6346/6948 5195/6345/6947
f 5176/6325/6928 5177/6326/6929 5197/6347/6949 5196/6346/6948
f 5177/6326/6929 5178/6327/6930 5198/6348/6950 5197/6347/6949
f 5178/6327/6930 5179/6328/6931 5199/6349/6951 5198/6348/6950
f 5179/6328/6931 5180/6329/6932 5200/6350/6952 5199/6349/6951
f 5180/6329/6932 5181/6330/6933 5201/6351/6953 5200/6350/6952
f 5181/6330/6933 5182/6331/6934 5202/6352/6954 5201/6351/6953
f 5182/6331/6934 5183/6332/6935 5203/6353/6955 5202/6352/6954
f 5183/6332/6935 5184/6333/6936 5204/6354/6956 5203/6353/6955
f 5184/6333/6936 5185/6334/6937 5205/6355/6957 5204/6354/6956
f 5185/6334/6937 5186/6335/6938 5206/6356/6958 5205/6355/6957
f 5186/6335/6938 5167/6336/6920 5187/6357/6940 5206/6356/6958
f 5187/6337/6940 5188/6338/6939 5208/6359/6959 5207/6358/6960
f 5188/6338/6939 5189/6339/6941 5209/6360/6961 5208/6359/6959
f 5189/6339/6941 5190/6340/6942 5210/6361/6962 5209/6360/6961
f 5190/6340/6942 5191/6341/6943 5211/6362/6963 5210/6361/6962
f 5191/6341/6943 5192/6342/6944 5212/6363/6964 5211/6362/6963
f 5192/6342/6944 5193/6343/6945 5213/6364/6965 5212/6363/6964
f 5193/6343/6945 5194/6344/6946 5214/6365/6966 5213/6364/6965
f 5194/6344/6946 5195/6345/6947 5215/6366/6967 5214/6365/6966
f 5195/6345/6947 5196/6346/6948 5216/6367/6968 5215/6366/6967
f 5196/6346/6948 5197/6347/6949 5217/6368/6969 5216/6367/6968
f 5197/6347/6949 5198/6348/6950 5218/6369/6970 5217/6368/6969
f 5198/6348/6950 5199/6349/6951 5219/6370/6971 5218/6369/6970
f 5199/6349/6951 5200/6350/6952 5220/6371/6972 5219/6370/6971
f 5200/6350/6952 5201/6351/6953 5221/6372/6973 5220/6371/6972
f 5201/6351/6953 5202/6352/6954 5222/6373/6974 5221/6372/6973
f 5202/6352/6954 5203/6353/6955 5223/6374/6975 5222/6373/6974
f 5203/6353/6955 5204/6354/6956 5224/6375/6976 5223/6374/6975
f 5204/6354/6956 5205/6355/6957 5225/6376/6977 5224/6375/6976
f 5205/6355/6957 5206/6356/6958 5226/6377/6978 5225/6376/6977
f 5206/6356/6958 5187/6357/6940 5207/6378/6960 5226/6377/6978
f 5207/6358/6960 5208/6359/6959 5228/6380/6979 5227/6379/6980
f 5208/6359/6959 5209/6360/6961 5229/6381/6981 5228/6380/6979
f 5209/6360/6961 5210/6361/6962 5230/6382/6982 5229/6381/6981
f 5210/6361/6962 5211/6362/6963 5231/6383/6983 5230/6382/6982
f 5211/6362/6963 5212/6363/6964 5232/6384/6984 5231/6383/6983
f 5212/6363/6964 5213/6364/6965 5233/6385/6985 5232/6384/6984
f 5213/6364/6965 5214/6365/6966 5234/6386/6986 5233/6385/6985
f 5214/6365/6966 5215/6366/6967 5235/6387/6987 5234/6386/6986
f 5215/6366/6967 5216/6367/6968 5236/6388/6988 5235/6387/6987
f 5216/6367/6968 5217/6368/6969 5237/6389/6989 5236/6388/6988
f 5217/6368/6969 5218/6369/6970 5238/6390/6990 5237/6389/6989
f 5218/6369/6970 5219/6370/6971 5239/6391/6991 5238/6390/6990
f 5219/6370/6971 5220/6371/6972 5240/6392/6992 5239/6391/6991
f 5220/6371/6972 5221/6372/6973 5241/6393/6993 5240/6392/6992
f 5221/6372/6973 5222/6373/6974 5242/6394/6994 5241/6393/6993
f 5222/6373/6974 5223/6374/6975 5243/6395/6995 5242/6394/6994
f 5223/6374/6975 5224/6375/6976 5244/6396/6996 5243/6395/6995
f 5224/6375/6976 5225/6376/6977 5245/6397/6997 5244/6396/6996
f 5225/6376/6977 5226/6377/6978 5246/6398/6998 5245/6397/6997
f 5226/6377/6978 5207/6378/6960 5227/6399/6980 5246/6398/6998
f 5227/6379/6980 5228/6380/6979 5248/6401/6999 5247/6400/7000
f 5228/6380/6979 5229/6381/6981 5249/6402/7001 5248/6401/6999
f 5229/6381/6981 5230/6382/6982 5250/6403/7002 5249/6402/7001
f 5230/6382/6982 5231/6383/6983 5251/6404/7003 5250/6403/7002
f 5231/6383/6983 5232/6384/6984 5252/6405/7004 5251/6404/7003
f 5232/6384/6984 5233/6385/6985 5253/6406/7005 5252/6405/7004
f 5233/6385/6985 5234/6386/6986 5254/6407/7006 5253/6406/7005
f 5234/6386/6986 5235/6387/6987 5255/6408/7007 5254/6407/7006
f 5235/6387/6987 5236/6388/6988 5256/6409/7008 5255/6408/7007
f 5236/6388/6988 5237/6389/6989 5257/6410/7009 5256/6409/7008
f 5237/6389/6989 5238/6390/6990 5258/6411/7010 5257/6410/7009
f 5238/6390/6990 5239/6391/6991 5259/6412/7011 5258/6411/7010
f 5239/6391/6991 5240/6392/6992 5260/6413/7012 5259/6412/7011
f 5240/6392/6992 5241/6393/6993 5261/6414/7013 5260/6413/7012
f 5241/6393/6993 5242/6394/6994 5262/6415/7014 5261/6414/7013
f 5242/6394/6994 5243/6395/6995 5263/6416/7015 5262/6415/7014
f 5243/6395/6995 5244/6396/6996 5264/6417/7016 5263/6416/7015
f 5244/6396/6996 5245/6397/6997 5265/6418/7017 5264/6417/7016
f 5245/6397/6997 5246/6398/6998 5266/6419/7018 5265/6418/7017
f 5246/6398/6998 5227/6399/6980 5247/6420/7000 5266/6419/7018
f 5247/6400/7000 5248/6401/6999 5268/6422/7019 5267/6421/7020
f 5248/6401/6999 5249/6402/7001 5269/6423/7021 5268/6422/7019
f 5249/6402/7001 5250/6403/7002 5270/6424/7022 5269/6423/7021
f 5250/6403/7002 5251/6404/7003 5271/6425/7023 5270/6424/7022
f 5251/6404/7003 5252/6405/7004 5272/6426/7024 5271/6425/7023
f 5252/6405/7004 5253/6406/7005 5273/6427/7025 5272/6426/7024
f 5253/6406/7005 5254/6407/7006 5274/6428/7026 5273/6427/7025
f 5254/6407/7006 5255/6408/7007 5275/6429/7027 5274/6428/7026
f 5255/6408/7007 5256/6409/7008 5276/6430/7028 5275/6429/7027
f 5256/6409/7008 5257/6410/7009 5277/6431/7029 5276/6430/7028
f 5257/6410/7009 5258/6411/7010 5278/6432/7030 5277/6431/7029
f 5258/6411/7010 5259/6412/7011 5279/6433/7031 5278/6432/7030
f 5259/6412/7011 5260/6413/7012 5280/6434/7032 5279/6433/7031
f 5260/6413/7012 5261/6414/7013 5281/6435/7033 5280/6434/7032
f 5261/6414/7013 5262/6415/7014 5282/6436/7034 5281/6435/7033
f 5262/6415/7014 5263/6416/7015 5283/6437/7035 5282/6436/7034
f 5263/6416/7015 5264/6417/7016 5284/6438/7036 5283/6437/7035
f 5264/6417/7016 5265/6418/7017 5285/6439/7037 5284/6438/7036
f 5265/6418/7017 5266/6419/7018 5286/6440/7038 5285/6439/7037
f 5266/6419/7018 5247/6420/7000 5267/6441/7020 5286/6440/7038
f 5267/6421/7020 5268/6422/7019 5288/6443/7039 5287/6442/7040
f 5268/6422/7019 5269/6423/7021 5289/6444/7041 5288/6443/7039
f 5269/6423/7021 5270/6424/7022 5290/6445/7042 5289/6444/7041
f 5270/6424/7022 5271/6425/7023 5291/6446/7043 5290/6445/7042
f 5271/6425/7023 5272/6426/7024 5292/6447/7044 5291/6446/7043
f 5272/6426/7024 5273/6427/7025 5293/6448/7045 5292/6447/7044
f 5273/6427/7025 5274/6428/7026 5294/6449/7046 5293/6448/7045
f 5274/6428/7026 5275/6429/7027 5295/6450/7047 5294/6449/7046
f 5275/6429/7027 5276/6430/7028 5296/6451/7048 5295/6450/7047
f 5276/6430/7028 5277/6431/7029 5297/6452/7049 5296/6451/7048
f 5277/6431/7029 5278/6432/7030 5298/6453/7050 5297/6452/7049
f 5278/6432/7030 5279/6433/7031 5299/6454/7051 5298/6453/7050
f 5279/6433/7031 5280/6434/7032 5300/6455/7052 5299/6454/7051
f 5280/6434/7032 5281/6435/7033 5301/6456/7053 5300/6455/7052
f 5281/6435/7033 5282/6436/7034 5302/6457/7054 5301/6456/7053
f 5282/6436/7034 5283/6437/7035 5303/6458/7055 5302/6457/7054
f 5283/6437/7035 5284/6438/7036 5304/6459/7056 5303/6458/7055
f 5284/6438/7036 5285/6439/7037 5305/6460/7057 5304/6459/7056
f 5285/6439/7037 5286/6440/7038 5306/6461/7058 5305/6460/7057
f 5286/6440/7038 5267/6441/7020 5287/6462/7040 5306/6461/7058
f 5287/6442/7040 5288/6443/7039 5308/6464/7059 5307/6463/7060
f 5288/6443/7039 5289/6444/7041 5309/6465/7061 5308/6464/7059
f 5289/6444/7041 5290/6445/7042 5310/6466/7062 5309/6465/7061
f 5290/6445/7042 5291/6446/7043 5311/6467/7063 5310/6466/7062
f 5291/6446/7043 5292/6447/7044 5312/6468/7064 5311/6467/7063
f 5292/6447/7044 5293/6448/7045 5313/6469/7065 5312/6468/7064
f 5293/6448/7045 5294/6449/7046 5314/6470/7066 5313/6469/7065
f 5294/6449/7046 5295/6450/7047 5315/6471/7067 5314/6470/7066
f 5295/6450/7047 5296/6451/7048 5316/6472/7068 5315/6471/7067
f 5296/6451/7048 5297/6452/7049 5317/6473/7069 5316/6472/7068
f 5297/6452/7049 5298/6453/7050 5318/6474/7070 5317/6473/7069
f 5298/6453/7050 5299/6454/7051 5319/6475/7071 5318/6474/7070
f 5299/6454/7051 5300/6455/7052 5320/6476/7072 5319/6475/7071
f 5300/6455/7052 5301/6456/7053 5321/6477/7073 5320/6476/7072
f 5301/6456/7053 5302/6457/7054 5322/6478/7074 5321/6477/7073
f 5302/6457/7054 5303/6458/7055 5323/6479/7075 5322/6478/7074
f 5303/6458/7055 5304/6459/7056 5324/6480/7076 5323/6479/7075
f 5304/6459/7056 5305/6460/7057 5325/6481/7077 5324/6480/7076
f 5305/6460/7057 5306/6461/7058 5326/6482/7078 5325/6481/7077
f 5306/6461/7058 5287/6462/7040 5307/6483/7060 5326/6482/7078
f 5307/6463/7060 5308/6464/7059 5328/6485/7079 5327/6484/7080
f 5308/6464/7059 5309/6465/7061 5329/6486/7081 5328/6485/7079
f 5309/6465/7061 5310/6466/7062 5330/6487/7082 5329/6486/7081
f 5310/6466/7062 5311/6467/7063 5331/6488/7083 5330/6487/7082
f 5311/6467/7063 5312/6468/7064 5332/6489/7084 5331/6488/7083
f 5312/6468/7064 5313/6469/7065 5333/6490/7085 5332/6489/7084
f 5313/6469/7065 5314/6470/7066 5334/6491/7086 5333/6490/7085
f 5314/6470/7066 5315/6471/7067 5335/6492/7087 5334/6491/7086
f 5315/6471/7067 5316/6472/7068 5336/6493/7088 5335/6492/7087
f 5316/6472/7068 5317/6473/7069 5337/6494/7089 5336/6493/7088
f 5317/6473/7069 5318/6474/7070 5338/6495/7090 5337/6494/7089
f 5318/6474/7070 5319/6475/7071 5339/6496/7091 5338/6495/7090
f 5319/6475/7071 5320/6476/7072 5340/6497/7092 5339/6496/7091
f 5320/6476/7072 5321/6477/7073 5341/6498/7093 5340/6497/7092
f 5321/6477/7073 5322/6478/7074 5342/6499/7094 5341/6498/7093
f 5322/6478/7074 5323/6479/7075 5343/6500/7095 5342/6499/7094
f 5323/6479/7075 5324/6480/7076 5344/6501/7096 5343/6500/7095
f 5324/6480/7076 5325/6481/7077 5345/6502/7097 5344/6501/7096
f 5325/6481/7077 5326/6482/7078 5346/6503/7098 5345/6502/7097
f 5326/6482/7078 5307/6483/7060 5327/6504/7080 5346/6503/7098
f 5327/6484/7080 5328/6485/7079 5348/6506/7099 5347/6505/7100
f 5328/6485/7079 5329/6486/7081 5349/6507/7101 5348/6506/7099
f 5329/6486/7081 5330/6487/7082 5350/6508/7102 5349/6507/7101
f 5330/6487/7082 5331/6488/7083 5351/6509/7103 5350/6508/7102
f 5331/6488/7083 5332/6489/7084 5352/6510/7104 5351/6509/7103
f 5332/6489/7084 5333/6490/7085 5353/6511/7105 5352/6510/7104
f 5333/6490/7085 5334/6491/7086 5354/6512/7106 5353/6511/7105
f 5334/6491/7086 5335/6492/7087 5355/6513/7107 5354/6512/7106
f 5335/6492/7087 5336/6493/7088 5356/6514/7108 5355/6513/7107
f 5336/6493/7088 5337/6494/7089 5357/6515/7109 5356/6514/7108
f 5337/6494/7089 5338/6495/7090 5358/6516/7110 5357/6515/7109
f 5338/6495/7090 5339/6496/7091 5359/6517/7111 5358/6516/7110
f 5339/6496/7091 5340/6497/7092 5360/6518/7112 5359/6517/7111
f 5340/6497/7092 5341/6498/7093 5361/6519/7113 5360/6518/7112
f 5341/6498/7093 5342/6499/7094 5362/6520/7114 5361/6519/7113
f 5342/6499/7094 5343/6500/7095 5363/6521/7115 5362/6520/7114
f 5343/6500/7095 5344/6501/7096 5364/6522/7116 5363/6521/7115
f 5344/6501/7096 5345/6502/7097 5365/6523/7117 5364/6522/7116
f 5345/6502/7097 5346/6503/7098 5366/6524/7118 5365/6523/7117
f 5346/6503/7098 5327/6504/7080 5347/6525/7100 5366/6524/7118
f 5347/6505/7100 5348/6506/7099 5368/6527/7119 5367/6526/7120
f 5348/6506/7099 5349/6507/7101 5369/6528/7121 5368/6527/7119
f 5349/6507/7101 5350/6508/7102 5370/6529/7122 5369/6528/7121
f 5350/6508/7102 5351/6509/7103 5371/6530/7123 5370/6529/7122
f 5351/6509/7103 5352/6510/7104 5372/6531/7124 5371/6530/7123
f 5352/6510/7104 5353/6511/7105 5373/6532/7125 5372/6531/7124
f 5353/6511/7105 5354/6512/7106 5374/6533/7126 5373/6532/7125
f 5354/6512/7106 5355/6513/7107 5375/6534/7127 5374/6533/7126
f 5355/6513/7107 5356/6514/7108 5376/6535/7128 5375/6534/7127
f 5356/6514/7108 5357/6515/7109 5377/6536/7129 5376/6535/7128
f 5357/6515/7109 5358/6516/7110 5378/6537/7130 5377/6536/7129
f 5358/6516/7110 5359/6517/7111 5379/6538/7131 5378/6537/7130
f 5359/6517/7111 5360/6518/7112 5380/6539/7132 5379/6538/7131
f 5360/6518/7112 5361/6519/7113 5381/6540/7133 5380/6539/7132
f 5361/6519/7113 5362/6520/7114 5382/6541/7134 5381/6540/7133
f 5362/6520/7114 5363/6521/7115 5383/6542/7135 5382/6541/7134
f 5363/6521/7115 5364/6522/7116 5384/6543/7136 5383/6542/7135
f 5364/6522/7116 5365/6523/7117 5385/6544/7137 5384/6543/7136
f 5365/6523/7117 5366/6524/7118 5386/6545/7138 5385/6544/7137
f 5366/6524/7118 5347/6525/7100 5367/6546/7120 5386/6545/7138
f 5367/6526/7120 5368/6527/7119 5388/6548/7139 5387/6547/7140
f 5368/6527/7119 5369/6528/7121 5389/6549/7141 5388/6548/7139
f 5369/6528/7121 5370/6529/7122 5390/6550/7142 5389/6549/7141
f 5370/6529/7122 5371/6530/7123 5391/6551/7143 5390/6550/7142
f 5371/6530/7123 5372/6531/7124 5392/6552/7144 5391/6551/7143
f 5372/6531/7124 5373/6532/7125 5393/6553/7145 5392/6552/7144
f 5373/6532/7125 5374/6533/7126 5394/6554/7146 5393/6553/7145
f 5374/6533/7126 5375/6534/7127 5395/6555/7147 5394/6554/7146
f 5375/6534/7127 5376/6535/7128 5396/6556/7148 5395/6555/7147
f 5376/6535/7128 5377/6536/7129 5397/6557/7149 5396/6556/7148
f 5377/6536/7129 5378/6537/7130 5398/6558/7150 5397/6557/7149
f 5378/6537/7130 5379/6538/7131 5399/6559/7151 5398/6558/7150
f 5379/6538/7131 5380/6539/7132 5400/6560/7152 5399/6559/7151
f 5380/6539/7132 5381/6540/7133 5401/6561/7153 5400/6560/7152
f 5381/6540/7133 5382/6541/7134 5402/6562/7154 5401/6561/7153
f 5382/6541/7134 5383/6542/7135 5403/6563/7155 5402/6562/7154
f 5383/6542/7135 5384/6543/7136 5404/6564/7156 5403/6563/7155
f 5384/6543/7136 5385/6544/7137 5405/6565/7157 5404/6564/7156
f 5385/6544/7137 5386/6545/7138 5406/6566/7158 5405/6565/7157
f 5386/6545/7138 5367/6546/7120 5387/6567/7140 5406/6566/7158
f 5028/6170/6780 5027/6169/6779 5407/6568/7159
f 5029/6171/6783 5028/6170/6780 5407/6569/7159
f 5030/6172/6785 5029/6171/6783 5407/6570/7159
f 5031/6173/6787 5030/6172/6785 5407/6571/7159
f 5032/6174/6789 5031/6173/6787 5407/6572/7159
f 5033/6175/6791 5032/6174/6789 5407/6573/7159
f 5034/6176/6793 5033/6175/6791 5407/6574/7159
f 5035/6177/6795 5034/6176/6793 5407/6575/7159
f 5036/6178/6797 5035/6177/6795 5407/6576/7159
f 5037/6179/6799 5036/6178/6797 5407/6577/7159
f 5038/6180/6801 5037/6179/6799 5407/6578/7159
f 5039/6181/6803 5038/6180/6801 5407/6579/7159
f 5040/6182/6805 5039/6181/6803 5407/6580/7159
f 5041/6183/6807 5040/6182/6805 5407/6581/7159
f 5042/6184/6809 5041/6183/6807 5407/6582/7159
f 5043/6185/6811 5042/6184/6809 5407/6583/7159
f 5044/6186/6813 5043/6185/6811 5407/6584/7159
f 5045/6187/6815 5044/6186/6813 5407/6585/7159
f 5046/6188/6817 5045/6187/6815 5407/6586/7159
f 5027/6189/6779 5046/6188/6817 5407/6587/7159
f 5387/6547/7140 5388/6548/7139 5408/6588/7160
f 5388/6548/7139 5389/6549/7141 5408/6589/7160
f 5389/6549/7141 5390/6550/7142 5408/6590/7160
f 5390/6550/7142 5391/6551/7143 5408/6591/7160
f 5391/6551/7143 5392/6552/7144 5408/6592/7160
f 5392/6552/7144 5393/6553/7145 5408/6593/7160
f 5393/6553/7145 5394/6554/7146 5408/6594/7160
f 5394/6554/7146 5395/6555/7147 5408/6595/7160
f 5395/6555/7147 5396/6556/7148 5408/6596/7160
f 5396/6556/7148 5397/6557/7149 5408/6597/7160
f 5397/6557/7149 5398/6558/7150 5408/6598/7160
f 5398/6558/7150 5399/6559/7151 5408/6599/7160
f 5399/6559/7151 5400/6560/7152 5408/6600/7160
f 5400/6560/7152 5401/6561/7153 5408/6601/7160
f 5401/6561/7153 5402/6562/7154 5408/6602/7160
f 5402/6562/7154 5403/6563/7155 5408/6603/7160
f 5403/6563/7155 5404/6564/7156 5408/6604/7160
f 5404/6564/7156 5405/6565/7157 5408/6605/7160
f 5405/6565/7157 5406/6566/7158 5408/6606/7160
f 5406/6566/7158 5387/6567/7140 5408/6607/7160
