# This file uses centimeters as units for non-parametric coordinates.

mtllib World in a bottle UV.mtl
g default
v 0.952937 19.284559 0.740388
v 0.701153 19.284559 0.246235
v 0.308990 19.284559 -0.145928
v -0.185163 19.284559 -0.397712
v -0.732937 19.284559 -0.484470
v -1.280710 19.284559 -0.397712
v -1.774864 19.284559 -0.145927
v -2.167026 19.284559 0.246235
v -2.418810 19.284559 0.740388
v -2.505568 19.284559 1.288162
v -2.418810 19.284559 1.835935
v -2.167026 19.284559 2.330088
v -1.774863 19.284559 2.722250
v -1.280710 19.284559 2.974034
v -0.732937 19.284559 3.060793
v -0.185163 19.284559 2.974034
v 0.308990 19.284559 2.722250
v 0.701152 19.284559 2.330088
v 0.952936 19.284559 1.835935
v 1.039694 19.284559 1.288162
v -0.732937 19.284559 1.288162
v -0.732937 22.138161 1.288162
v 1.509346 21.732410 0.559600
v 1.174463 21.732410 -0.097645
v 0.984348 21.557360 0.040482
v 1.285852 21.557360 0.632218
v 0.652870 21.732410 -0.619238
v 0.514744 21.557360 -0.429122
v -0.004375 21.732410 -0.954121
v -0.076993 21.557360 -0.730627
v -0.732937 21.732410 -1.069513
v -0.732937 21.557360 -0.834518
v -1.461498 21.732410 -0.954120
v -1.388881 21.557360 -0.730626
v -2.118743 21.732410 -0.619237
v -1.980616 21.557360 -0.429122
v -2.640335 21.732410 -0.097645
v -2.450220 21.557360 0.040482
v -2.975218 21.732410 0.559600
v -2.751724 21.557360 0.632218
v -3.090611 21.732410 1.288162
v -2.855615 21.557360 1.288162
v -2.975218 21.732410 2.016723
v -2.751724 21.557360 1.944106
v -2.640335 21.732410 2.673968
v -2.450220 21.557360 2.535841
v -2.118743 21.732410 3.195560
v -1.980616 21.557360 3.005445
v -1.461498 21.732410 3.530443
v -1.388881 21.557360 3.306950
v -0.732937 21.732410 3.645836
v -0.732937 21.557360 3.410841
v -0.004375 21.732410 3.530443
v -0.076993 21.557360 3.306950
v 0.652869 21.732410 3.195560
v 0.514743 21.557360 3.005445
v 1.174462 21.732410 2.673968
v 0.984346 21.557360 2.535841
v 1.509345 21.732410 2.016723
v 1.285851 21.557360 1.944105
v 1.624738 21.732410 1.288162
v 1.389742 21.557360 1.288162
v 2.061743 21.472576 0.380116
v 2.052569 21.782845 0.383096
v 1.957906 22.028032 0.413854
v 1.641320 22.120693 0.516719
v 1.644359 21.472576 -0.439044
v 1.636556 21.782845 -0.433375
v 1.556031 22.028032 -0.374869
v 1.286727 22.120693 -0.179209
v 0.994271 21.472576 -1.089135
v 0.988600 21.782845 -1.081330
v 0.930095 22.028032 -1.000805
v 0.734434 22.120693 -0.731501
v 0.175110 21.472576 -1.506518
v 0.172129 21.782845 -1.497343
v 0.141371 22.028032 -1.402679
v 0.038506 22.120693 -1.086094
v -0.732937 21.472576 -1.650337
v -0.732937 21.782845 -1.640691
v -0.732937 22.028032 -1.541156
v -0.732937 22.120693 -1.208278
v -1.640983 21.472576 -1.506517
v -1.638002 21.782845 -1.497343
v -1.607244 22.028032 -1.402679
v -1.504379 22.120693 -1.086094
v -2.460143 21.472576 -1.089134
v -2.454473 21.782845 -1.081330
v -2.395968 22.028032 -1.000805
v -2.200307 22.120693 -0.731500
v -3.110232 21.472576 -0.439044
v -3.102428 21.782845 -0.433375
v -3.021902 22.028032 -0.374869
v -2.752599 22.120693 -0.179209
v -3.527615 21.472576 0.380116
v -3.518440 21.782845 0.383097
v -3.423777 22.028032 0.413855
v -3.107191 22.120693 0.516719
v -3.671436 21.472576 1.288162
v -3.661789 21.782845 1.288162
v -3.562254 22.028032 1.288162
v -3.229376 22.120693 1.288162
v -3.527615 21.472576 2.196208
v -3.518440 21.782845 2.193227
v -3.423777 22.028032 2.162469
v -3.107191 22.120693 2.059604
v -3.110232 21.472576 3.015368
v -3.102428 21.782845 3.009698
v -3.021902 22.028032 2.951193
v -2.752599 22.120693 2.755532
v -2.460143 21.472576 3.665457
v -2.454473 21.782845 3.657653
v -2.395968 22.028032 3.577127
v -2.200307 22.120693 3.307824
v -1.640983 21.472576 4.082840
v -1.638002 21.782845 4.073666
v -1.607244 22.028032 3.979002
v -1.504379 22.120693 3.662416
v -0.732937 21.472576 4.226661
v -0.732937 21.782845 4.217014
v -0.732937 22.028032 4.117479
v -0.732937 22.120693 3.784601
v 0.175109 21.472576 4.082840
v 0.172128 21.782845 4.073666
v 0.141370 22.028032 3.979002
v 0.038505 22.120693 3.662416
v 0.994269 21.472576 3.665457
v 0.988599 21.782845 3.657653
v 0.930094 22.028032 3.577127
v 0.734433 22.120693 3.307824
v 1.644358 21.472576 3.015368
v 1.636554 21.782845 3.009698
v 1.556029 22.028032 2.951193
v 1.286725 22.120693 2.755532
v 2.061741 21.472576 2.196208
v 2.052567 21.782845 2.193227
v 1.957904 22.028032 2.162469
v 1.641318 22.120693 2.059604
v 2.205562 21.472576 1.288162
v 2.195915 21.782845 1.288162
v 2.096381 22.028032 1.288162
v 1.763502 22.120693 1.288162
v 0.655033 22.138161 0.837183
v 1.259807 22.116676 0.640680
v 1.285852 21.885027 0.632218
v 0.447741 22.138161 0.430349
v 0.962192 22.116676 0.056579
v 0.984348 21.885027 0.040482
v 0.124876 22.138161 0.107484
v 0.498647 22.116676 -0.406967
v 0.514744 21.885027 -0.429122
v -0.281958 22.138161 -0.099808
v -0.085455 22.116676 -0.704582
v -0.076993 21.885027 -0.730627
v -0.732937 22.138161 -0.171236
v -0.732937 22.116676 -0.807132
v -0.732937 21.885027 -0.834518
v -1.183915 22.138161 -0.099808
v -1.380418 22.116676 -0.704581
v -1.388881 21.885027 -0.730626
v -1.590749 22.138161 0.107484
v -1.964520 22.116676 -0.406967
v -1.980616 21.885027 -0.429122
v -1.913614 22.138161 0.430349
v -2.428064 22.116676 0.056579
v -2.450220 21.885027 0.040482
v -2.120906 22.138161 0.837183
v -2.725679 22.116676 0.640680
v -2.751724 21.885027 0.632218
v -2.192334 22.138161 1.288162
v -2.828230 22.116676 1.288162
v -2.855615 21.885027 1.288162
v -2.120906 22.138161 1.739140
v -2.725679 22.116676 1.935643
v -2.751724 21.885027 1.944106
v -1.913614 22.138161 2.145974
v -2.428064 22.116676 2.519745
v -2.450220 21.885027 2.535841
v -1.590749 22.138161 2.468838
v -1.964520 22.116676 2.983289
v -1.980616 21.885027 3.005445
v -1.183915 22.138161 2.676131
v -1.380418 22.116676 3.280904
v -1.388881 21.885027 3.306950
v -0.732937 22.138161 2.747559
v -0.732937 22.116676 3.383455
v -0.732937 21.885027 3.410841
v -0.281958 22.138161 2.676131
v -0.085456 22.116676 3.280904
v -0.076993 21.885027 3.306950
v 0.124875 22.138161 2.468838
v 0.498646 22.116676 2.983289
v 0.514743 21.885027 3.005445
v 0.447740 22.138161 2.145974
v 0.962191 22.116676 2.519744
v 0.984346 21.885027 2.535841
v 0.655032 22.138161 1.739140
v 1.259805 22.116676 1.935643
v 1.285851 21.885027 1.944105
v 0.726460 22.138161 1.288162
v 1.362357 22.116676 1.288162
v 1.389742 21.885027 1.288162
v 1.509346 21.977570 0.559600
v 1.528671 22.078770 0.553321
v 1.575326 22.120693 0.538162
v 1.174463 21.977570 -0.097645
v 1.190902 22.078770 -0.109588
v 1.230589 22.120693 -0.138423
v 0.652870 21.977570 -0.619238
v 0.664814 22.078770 -0.635677
v 0.693648 22.120693 -0.675364
v -0.004375 21.977570 -0.954121
v 0.001904 22.078770 -0.973446
v 0.017063 22.120693 -1.020100
v -0.732937 21.977570 -1.069513
v -0.732937 22.078770 -1.089833
v -0.732937 22.120693 -1.138888
v -1.461498 21.977570 -0.954120
v -1.467777 22.078770 -0.973445
v -1.482937 22.120693 -1.020100
v -2.118743 21.977570 -0.619237
v -2.130687 22.078770 -0.635676
v -2.159521 22.120693 -0.675363
v -2.640335 21.977570 -0.097645
v -2.656774 22.078770 -0.109588
v -2.696461 22.120693 -0.138422
v -2.975218 21.977570 0.559600
v -2.994543 22.078770 0.553321
v -3.041198 22.120693 0.538162
v -3.090611 21.977570 1.288162
v -3.110930 22.078770 1.288162
v -3.159986 22.120693 1.288162
v -2.975218 21.977570 2.016723
v -2.994543 22.078770 2.023002
v -3.041198 22.120693 2.038161
v -2.640335 21.977570 2.673968
v -2.656774 22.078770 2.685912
v -2.696461 22.120693 2.714746
v -2.118743 21.977570 3.195560
v -2.130687 22.078770 3.211999
v -2.159521 22.120693 3.251686
v -1.461498 21.977570 3.530443
v -1.467777 22.078770 3.549768
v -1.482936 22.120693 3.596423
v -0.732937 21.977570 3.645836
v -0.732937 22.078770 3.666156
v -0.732937 22.120693 3.715211
v -0.004375 21.977570 3.530443
v 0.001904 22.078770 3.549768
v 0.017063 22.120693 3.596423
v 0.652869 21.977570 3.195560
v 0.664813 22.078770 3.211999
v 0.693647 22.120693 3.251686
v 1.174462 21.977570 2.673968
v 1.190901 22.078770 2.685912
v 1.230588 22.120693 2.714746
v 1.509345 21.977570 2.016723
v 1.528670 22.078770 2.023002
v 1.575325 22.120693 2.038161
v 1.624738 21.977570 1.288162
v 1.645056 22.078770 1.288162
v 1.694113 22.120693 1.288162
v -1.328774 20.460159 3.121961
v -1.866287 20.460159 2.848084
v -2.292860 20.460159 2.421512
v -2.566736 20.460159 1.883999
v -2.661107 20.460159 1.288162
v -2.566736 20.460159 0.692324
v -2.292860 20.460159 0.154811
v -1.866287 20.460159 -0.271761
v -1.328774 20.460159 -0.545638
v -0.732937 20.460159 -0.640009
v -0.137099 20.460159 -0.545638
v 0.400414 20.460159 -0.271762
v 0.826987 20.460159 0.154811
v 1.100863 20.460159 0.692324
v 1.195233 20.460159 1.288162
v 1.100862 20.460159 1.883999
v 0.826986 20.460159 2.421512
v 0.400413 20.460159 2.848084
v -0.137100 20.460159 3.121961
v -0.732937 20.460159 3.216332
vt 0.604064 1.299395
vt 0.594556 1.316912
vt 0.583656 1.333751
vt 0.571567 1.349792
vt 0.558465 1.364946
vt 0.544517 1.379153
vt 0.529904 1.392385
vt 0.514816 1.404652
vt 0.499466 1.416003
vt 0.484080 1.426531
vt 0.468899 1.436373
vt 0.454157 1.445705
vt 0.440057 1.454707
vt 0.426716 1.463493
vt 0.414045 1.471947
vt 0.613740 1.213075
vt 0.619684 1.227639
vt 0.620569 1.244869
vt 0.617630 1.263052
vt 0.611898 1.281364
vt 0.655130 1.299731
vt 0.541867 1.267396
vt 0.534298 1.281503
vt 0.525807 1.294840
vt 0.516342 1.307425
vt 0.505897 1.319277
vt 0.494479 1.330417
vt 0.482096 1.340877
vt 0.468749 1.350712
vt 0.454430 1.360027
vt 0.439135 1.369014
vt 0.422887 1.378011
vt 0.405795 1.387563
vt 0.388197 1.398470
vt 0.370994 1.411759
vt 0.356120 1.428433
vt 0.345970 1.449994
vt 0.570260 1.204544
vt 0.561759 1.220783
vt 0.555051 1.236919
vt 0.548667 1.252518
vt 0.535258 1.261975
vt 0.529679 1.257296
vt 0.527941 1.275848
vt 0.522574 1.270960
vt 0.519763 1.288898
vt 0.514662 1.283759
vt 0.510647 1.301178
vt 0.505845 1.295778
vt 0.500570 1.312733
vt 0.496086 1.307078
vt 0.489525 1.323597
vt 0.485369 1.317706
vt 0.477504 1.333812
vt 0.473672 1.327711
vt 0.464484 1.343442
vt 0.460955 1.337165
vt 0.450426 1.352602
vt 0.447154 1.346188
vt 0.435279 1.361497
vt 0.432181 1.354999
vt 0.419011 1.370487
vt 0.415950 1.363977
vt 0.401664 1.380161
vt 0.398443 1.373740
vt 0.383491 1.391384
vt 0.379843 1.385213
vt 0.365275 1.405251
vt 0.360716 1.399570
vt 0.349214 1.422844
vt 0.343272 1.418055
vt 0.578742 1.182978
vt 0.575714 1.177978
vt 0.564566 1.198604
vt 0.559910 1.193209
vt 0.555363 1.215117
vt 0.549976 1.210205
vt 0.548321 1.231550
vt 0.542642 1.226939
vt 0.541908 1.247219
vt 0.536204 1.242658
vt 0.119814 1.467525
vt 0.134259 1.471236
vt 0.148896 1.474001
vt 0.163663 1.475846
vt 0.178504 1.476794
vt 0.193366 1.476864
vt 0.208198 1.476079
vt 0.222942 1.474465
vt 0.237537 1.472070
vt 0.251909 1.468981
vt 0.265972 1.465373
vt 0.279627 1.461576
vt 0.292778 1.458180
vt 0.305336 1.456061
vt 0.049041 1.422061
vt 0.055665 1.433389
vt 0.066306 1.442635
vt 0.078627 1.450447
vt 0.091852 1.457158
vt 0.105641 1.462841
vt 0.060882 1.484992
vt 0.112399 1.440557
vt 0.125883 1.435937
vt 0.124949 1.444872
vt 0.138279 1.439329
vt 0.137833 1.448296
vt 0.150949 1.441893
vt 0.150982 1.450869
vt 0.163824 1.443653
vt 0.164325 1.452615
vt 0.176841 1.444624
vt 0.177802 1.453548
vt 0.189945 1.444814
vt 0.191357 1.453678
vt 0.203090 1.444228
vt 0.204945 1.453009
vt 0.216249 1.442867
vt 0.218537 1.451546
vt 0.229424 1.440726
vt 0.232130 1.449282
vt 0.242682 1.437783
vt 0.245774 1.446204
vt 0.256237 1.433997
vt 0.259618 1.442299
vt 0.270642 1.429334
vt 0.274009 1.437620
vt 0.287313 1.424049
vt 0.289676 1.432590
vt 0.309933 1.420162
vt 0.307214 1.430142
vt 0.049918 1.405636
vt 0.322451 1.437766
vt 0.065624 1.405301
vt 0.065317 1.414754
vt 0.078978 1.412880
vt 0.076942 1.421854
vt 0.090650 1.420195
vt 0.088469 1.429015
vt 0.102112 1.426457
vt 0.100238 1.435290
vt 0.113821 1.431672
vt 0.111027 1.446804
vt 0.123961 1.451172
vt 0.137223 1.454636
vt 0.150738 1.457230
vt 0.164437 1.458980
vt 0.178258 1.459898
vt 0.192146 1.459994
vt 0.206058 1.459278
vt 0.219958 1.457753
vt 0.233834 1.455421
vt 0.247710 1.452286
vt 0.261676 1.448377
vt 0.275919 1.443854
vt 0.290694 1.439326
vt 0.305994 1.436925
vt 0.051688 1.413135
vt 0.063653 1.421116
vt 0.074947 1.428089
vt 0.086473 1.435189
vt 0.098505 1.441485
vt 0.298398 1.150259
vt 0.289457 1.130707
vt 0.300655 1.170504
vt 0.291704 1.150966
vt 0.302922 1.190749
vt 0.293962 1.171220
vt 0.305197 1.210993
vt 0.296230 1.191472
vt 0.307478 1.231237
vt 0.298505 1.211723
vt 0.309764 1.251481
vt 0.300787 1.231972
vt 0.312055 1.271724
vt 0.303074 1.252219
vt 0.314350 1.291967
vt 0.305365 1.272466
vt 0.316646 1.312211
vt 0.307660 1.292711
vt 0.318940 1.332455
vt 0.309957 1.312955
vt 0.321210 1.352706
vt 0.312253 1.333193
vt 0.323371 1.372979
vt 0.314530 1.353410
vt 0.325185 1.393294
vt 0.316707 1.373543
vt 0.326743 1.413469
vt 0.318427 1.393456
vt 0.283514 1.029114
vt 0.318323 1.413984
vt 0.287190 1.049094
vt 0.323222 1.428685
vt 0.289517 1.069285
vt 0.280450 1.049775
vt 0.291715 1.089524
vt 0.282805 1.069915
vt 0.293924 1.109769
vt 0.285012 1.090175
vt 0.296153 1.130014
vt 0.287226 1.110444
vt 0.304820 1.149508
vt 0.300713 1.129492
vt 0.307077 1.169756
vt 0.302958 1.149738
vt 0.309344 1.190002
vt 0.305215 1.169983
vt 0.311618 1.210248
vt 0.307481 1.190229
vt 0.313900 1.230493
vt 0.309756 1.210473
vt 0.316186 1.250738
vt 0.312037 1.230717
vt 0.318477 1.270982
vt 0.314323 1.250961
vt 0.320771 1.291226
vt 0.316614 1.271204
vt 0.323068 1.311470
vt 0.318909 1.291448
vt 0.325360 1.331716
vt 0.321205 1.311692
vt 0.327624 1.351972
vt 0.323497 1.331939
vt 0.329757 1.372265
vt 0.325762 1.352204
vt 0.331496 1.392431
vt 0.327902 1.372535
vt 0.334785 1.412358
vt 0.329711 1.392951
vt 0.289489 1.027065
vt 0.332532 1.412843
vt 0.293625 1.047950
vt 0.328471 1.431363
vt 0.295945 1.068465
vt 0.291766 1.048334
vt 0.298138 1.088749
vt 0.294084 1.068731
vt 0.300346 1.109007
vt 0.296277 1.088995
vt 0.302575 1.129259
vt 0.298485 1.109244
vt 0.298969 1.129698
vt 0.301213 1.149943
vt 0.303470 1.170187
vt 0.305737 1.190432
vt 0.308012 1.210676
vt 0.310293 1.230920
vt 0.312579 1.251163
vt 0.314870 1.271406
vt 0.317164 1.291649
vt 0.319461 1.311893
vt 0.321754 1.332140
vt 0.324021 1.352404
vt 0.326172 1.372732
vt 0.327989 1.393192
vt 0.330334 1.413198
vt 0.286199 1.028646
vt 0.290019 1.048647
vt 0.292338 1.068954
vt 0.294532 1.089207
vt 0.296741 1.109452
vt 0.403480 1.437859
vt 0.417206 1.428151
vt 0.431863 1.419062
vt 0.447002 1.410107
vt 0.462285 1.400942
vt 0.477443 1.391319
vt 0.492257 1.381062
vt 0.506548 1.370062
vt 0.520167 1.358263
vt 0.532984 1.345650
vt 0.544884 1.332246
vt 0.555766 1.318110
vt 0.565544 1.303339
vt 0.574153 1.288074
vt 0.581569 1.272511
vt 0.587809 1.256875
vt 0.592891 1.241334
vt 0.596579 1.225716
vt 0.382391 1.462838
vt 0.391375 1.448955
vt 0.597510 1.209168
vt 0.582670 1.188450
vt 0.571274 1.171430
vt 0.329370 1.432479
vt 0.287807 1.028002
vt 0.326521 1.428868
vt 0.022470 1.202024
vt 0.276992 1.030063
vt 0.327717 1.430329
vt 0.022013 1.209871
vt 0.322393 1.431696
vt 0.054529 1.411147
vt 0.044634 1.474673
vt 0.028661 1.460842
vt 0.014648 1.439744
vt 0.317199 1.494912
vt 0.306556 1.495977
vt 0.294616 1.498548
vt 0.280546 1.502283
vt 0.265085 1.506271
vt 0.248776 1.509891
vt 0.231954 1.512804
vt 0.214823 1.514839
vt 0.197516 1.515910
vt 0.180120 1.515973
vt 0.162706 1.514997
vt 0.145335 1.512954
vt 0.128062 1.509812
vt 0.110938 1.505532
vt 0.094015 1.500053
vt 0.077327 1.493276
vt 0.317182 1.455513
vt 0.321557 1.442370
vt 0.401512 1.479371
vt 0.528822 1.236794
vt 0.535299 1.221036
vt 0.543061 1.203864
vt 0.554304 1.186000
vt 0.339144 1.444560
vt 0.334234 1.439506
vt 0.355486 1.392112
vt 0.375554 1.377079
vt 0.394628 1.365304
vt 0.412268 1.355438
vt 0.428376 1.346486
vt 0.443057 1.337793
vt 0.456473 1.328956
vt 0.468760 1.319744
vt 0.480014 1.310021
vt 0.490294 1.299708
vt 0.499633 1.288746
vt 0.508061 1.277076
vt 0.515629 1.264617
vt 0.522458 1.251248
vt 0.084796 1.247521
vt 0.099988 1.258927
vt 0.089597 1.241162
vt 0.104794 1.252574
vt 0.069591 1.236144
vt 0.074373 1.229763
vt 0.054346 1.224901
vt 0.059024 1.218380
vt 0.038896 1.214589
vt 0.042663 1.207263
vt 0.297316 1.407462
vt 0.302146 1.401179
vt 0.282144 1.396049
vt 0.286960 1.389705
vt 0.266965 1.384622
vt 0.271779 1.378275
vt 0.251787 1.373192
vt 0.256600 1.366845
vt 0.236609 1.361763
vt 0.241422 1.355415
vt 0.221432 1.350333
vt 0.226244 1.343985
vt 0.206254 1.338903
vt 0.211066 1.332556
vt 0.191075 1.327474
vt 0.195888 1.321127
vt 0.175897 1.316046
vt 0.180709 1.309698
vt 0.160718 1.304618
vt 0.165530 1.298270
vt 0.145538 1.293191
vt 0.150349 1.286842
vt 0.130357 1.281766
vt 0.135167 1.275416
vt 0.115174 1.270344
vt 0.119983 1.263993
vt 0.645108 1.322748
vt 0.633248 1.344357
vt 0.619888 1.364645
vt 0.605270 1.383639
vt 0.589607 1.401335
vt 0.573116 1.417726
vt 0.556038 1.432816
vt 0.538641 1.446635
vt 0.521229 1.459252
vt 0.504125 1.470782
vt 0.487644 1.481393
vt 0.472029 1.491308
vt 0.457287 1.500805
vt 0.442897 1.510188
vt 0.427261 1.519601
vt 0.656199 1.192948
vt 0.665688 1.220935
vt 0.666892 1.248825
vt 0.662742 1.275147
vn 0.000000 -1.000000 0.000000
vn 0.000000 -1.000000 0.000000
vn 0.000000 -1.000000 -0.000000
vn 0.000000 -1.000000 -0.000001
vn 0.000000 -1.000000 -0.000001
vn 0.000000 -1.000000 0.000000
vn 0.000000 -1.000000 0.000000
vn 0.000000 -1.000000 0.000000
vn 0.000000 -1.000000 0.000000
vn 0.000000 -1.000000 0.000000
vn 0.000000 -1.000000 0.000000
vn 0.000000 -1.000000 0.000000
vn 0.000000 -1.000000 0.000000
vn 0.000000 -1.000000 0.000000
vn 0.000000 -1.000000 0.000000
vn 0.000000 -1.000000 0.000000
vn 0.000000 -1.000000 0.000000
vn 0.000000 -1.000000 0.000000
vn 0.000000 -1.000000 0.000000
vn 0.000000 -1.000000 0.000000
vn 0.000000 -1.000000 0.000000
vn -0.568148 0.801954 0.184601
vn -0.483295 0.801954 0.351134
vn -0.483295 0.801954 0.351134
vn -0.568148 0.801954 0.184601
vn -0.351134 0.801955 0.483294
vn -0.351134 0.801955 0.483294
vn -0.184602 0.801955 0.568147
vn -0.184602 0.801955 0.568147
vn 0.000000 0.801954 0.597386
vn 0.000000 0.801954 0.597386
vn 0.184602 0.801954 0.568148
vn 0.184602 0.801954 0.568148
vn 0.351134 0.801955 0.483295
vn 0.351134 0.801955 0.483295
vn 0.483295 0.801955 0.351133
vn 0.483295 0.801955 0.351133
vn 0.568147 0.801955 0.184603
vn 0.568147 0.801955 0.184603
vn 0.597385 0.801955 -0.000001
vn 0.597385 0.801955 -0.000001
vn 0.568146 0.801955 -0.184604
vn 0.568146 0.801955 -0.184604
vn 0.483295 0.801955 -0.351133
vn 0.483294 0.801955 -0.351134
vn 0.351134 0.801954 -0.483295
vn 0.351134 0.801954 -0.483295
vn 0.184602 0.801954 -0.568148
vn 0.184602 0.801954 -0.568148
vn 0.000000 0.801956 -0.597383
vn 0.000000 0.801956 -0.597383
vn -0.184602 0.801955 -0.568147
vn -0.184602 0.801955 -0.568147
vn -0.351134 0.801954 -0.483295
vn -0.351134 0.801954 -0.483295
vn -0.483294 0.801955 -0.351133
vn -0.483294 0.801955 -0.351133
vn -0.568146 0.801955 -0.184602
vn -0.568146 0.801955 -0.184602
vn -0.597385 0.801954 -0.000001
vn -0.597385 0.801955 -0.000001
vn 0.942841 -0.131163 -0.306346
vn 0.802028 -0.131163 -0.582707
vn 0.690821 -0.520434 -0.501911
vn 0.812109 -0.520434 -0.263869
vn 0.582708 -0.131163 -0.802028
vn 0.501911 -0.520435 -0.690821
vn 0.306347 -0.131163 -0.942840
vn 0.263870 -0.520435 -0.812109
vn -0.000000 -0.131163 -0.991361
vn -0.000000 -0.520434 -0.853902
vn -0.306348 -0.131163 -0.942840
vn -0.263870 -0.520434 -0.812109
vn -0.582708 -0.131163 -0.802027
vn -0.501911 -0.520434 -0.690821
vn -0.802028 -0.131163 -0.582707
vn -0.690821 -0.520434 -0.501911
vn -0.942840 -0.131163 -0.306347
vn -0.812109 -0.520434 -0.263871
vn -0.991361 -0.131163 -0.000000
vn -0.853902 -0.520434 -0.000000
vn -0.942840 -0.131163 0.306347
vn -0.812109 -0.520434 0.263870
vn -0.802028 -0.131163 0.582707
vn -0.690821 -0.520434 0.501911
vn -0.582707 -0.131163 0.802028
vn -0.501911 -0.520434 0.690821
vn -0.306347 -0.131163 0.942840
vn -0.263870 -0.520434 0.812109
vn -0.000000 -0.131163 0.991361
vn -0.000000 -0.520434 0.853902
vn 0.306348 -0.131163 0.942840
vn 0.263871 -0.520435 0.812109
vn 0.582707 -0.131163 0.802028
vn 0.501911 -0.520434 0.690821
vn 0.802028 -0.131163 0.582707
vn 0.690821 -0.520434 0.501911
vn 0.942840 -0.131163 0.306347
vn 0.812109 -0.520434 0.263870
vn 0.991361 -0.131163 0.000001
vn 0.853902 -0.520434 0.000000
vn 0.255042 0.963372 -0.082868
vn 0.222249 0.972312 -0.072212
vn 0.233686 0.972312 0.000001
vn 0.268167 0.963372 0.000001
vn 0.776979 -0.576690 -0.252455
vn 0.950598 0.031074 -0.308866
vn 0.999517 0.031076 0.000001
vn 0.816963 -0.576689 0.000000
vn 0.881214 0.376141 -0.286323
vn 0.881214 0.376141 -0.286323
vn 0.926563 0.376140 0.000002
vn 0.926563 0.376140 0.000001
vn 0.216952 0.963372 -0.157624
vn 0.189056 0.972312 -0.137355
vn 0.749605 0.376141 -0.544620
vn 0.749605 0.376141 -0.544620
vn 0.660937 -0.576689 -0.480199
vn 0.808627 0.031074 -0.587501
vn 0.157625 0.963372 -0.216953
vn 0.137357 0.972312 -0.189056
vn 0.544622 0.376143 -0.749602
vn 0.544622 0.376143 -0.749602
vn 0.480199 -0.576689 -0.660938
vn 0.587500 0.031076 -0.808627
vn 0.082868 0.963373 -0.255041
vn 0.072213 0.972312 -0.222248
vn 0.286323 0.376142 -0.881213
vn 0.286324 0.376142 -0.881213
vn 0.252455 -0.576689 -0.776979
vn 0.308867 0.031076 -0.950597
vn 0.000000 0.963373 -0.268164
vn 0.000000 0.972313 -0.233684
vn 0.000000 0.376139 -0.926563
vn 0.000000 0.376139 -0.926563
vn -0.000000 -0.576690 -0.816963
vn -0.000000 0.031076 -0.999517
vn -0.082868 0.963372 -0.255042
vn -0.072213 0.972312 -0.222249
vn -0.286324 0.376141 -0.881213
vn -0.286324 0.376141 -0.881213
vn -0.252455 -0.576689 -0.776979
vn -0.308867 0.031076 -0.950597
vn -0.157625 0.963373 -0.216950
vn -0.137357 0.972312 -0.189055
vn -0.544621 0.376142 -0.749603
vn -0.544621 0.376142 -0.749604
vn -0.480199 -0.576689 -0.660938
vn -0.587501 0.031076 -0.808627
vn -0.216952 0.963373 -0.157622
vn -0.189056 0.972312 -0.137356
vn -0.749604 0.376141 -0.544621
vn -0.749604 0.376141 -0.544621
vn -0.660937 -0.576689 -0.480199
vn -0.808627 0.031076 -0.587500
vn -0.255042 0.963372 -0.082868
vn -0.222249 0.972312 -0.072213
vn -0.881213 0.376141 -0.286324
vn -0.881213 0.376141 -0.286324
vn -0.776979 -0.576689 -0.252456
vn -0.950597 0.031076 -0.308867
vn -0.268167 0.963372 -0.000001
vn -0.233686 0.972312 -0.000001
vn -0.926562 0.376142 0.000000
vn -0.926562 0.376142 0.000000
vn -0.816964 -0.576689 0.000000
vn -0.999517 0.031075 0.000000
vn -0.255042 0.963372 0.082868
vn -0.222249 0.972312 0.072213
vn -0.881213 0.376141 0.286325
vn -0.881213 0.376141 0.286325
vn -0.776979 -0.576689 0.252455
vn -0.950597 0.031076 0.308867
vn -0.216952 0.963373 0.157623
vn -0.189056 0.972312 0.137356
vn -0.749603 0.376142 0.544621
vn -0.749604 0.376142 0.544621
vn -0.660938 -0.576689 0.480199
vn -0.808627 0.031076 0.587500
vn -0.157625 0.963373 0.216950
vn -0.137357 0.972312 0.189055
vn -0.544619 0.376142 0.749605
vn -0.544619 0.376142 0.749605
vn -0.480199 -0.576689 0.660938
vn -0.587501 0.031076 0.808627
vn -0.082868 0.963372 0.255042
vn -0.072213 0.972312 0.222250
vn -0.286324 0.376143 0.881212
vn -0.286324 0.376143 0.881212
vn -0.252456 -0.576689 0.776979
vn -0.308867 0.031076 0.950597
vn -0.000000 0.963373 0.268167
vn -0.000000 0.972312 0.233686
vn -0.000000 0.376141 0.926562
vn -0.000000 0.376141 0.926562
vn -0.000000 -0.576689 0.816963
vn -0.000000 0.031076 0.999517
vn 0.082868 0.963372 0.255044
vn 0.072213 0.972312 0.222250
vn 0.286324 0.376143 0.881212
vn 0.286324 0.376143 0.881212
vn 0.252456 -0.576689 0.776978
vn 0.308868 0.031075 0.950597
vn 0.157625 0.963372 0.216955
vn 0.137357 0.972312 0.189058
vn 0.544622 0.376143 0.749602
vn 0.544621 0.376143 0.749602
vn 0.480199 -0.576689 0.660937
vn 0.587502 0.031075 0.808626
vn 0.216952 0.963372 0.157626
vn 0.189056 0.972312 0.137358
vn 0.749605 0.376141 0.544620
vn 0.749605 0.376141 0.544620
vn 0.660937 -0.576689 0.480200
vn 0.808626 0.031075 0.587501
vn 0.255042 0.963372 0.082869
vn 0.222249 0.972312 0.072214
vn 0.881213 0.376140 0.286325
vn 0.881213 0.376140 0.286325
vn 0.776978 -0.576689 0.252456
vn 0.950597 0.031076 0.308869
vn 0.018141 0.999818 -0.005893
vn 0.015431 0.999818 -0.011210
vn 0.000000 1.000000 -0.000000
vn 0.011212 0.999818 -0.015431
vn 0.005894 0.999818 -0.018141
vn -0.000000 0.999818 -0.019075
vn -0.005894 0.999818 -0.018141
vn -0.011212 0.999818 -0.015431
vn -0.015431 0.999818 -0.011212
vn -0.018141 0.999818 -0.005897
vn -0.019074 0.999818 -0.000001
vn -0.018141 0.999818 0.005895
vn -0.015431 0.999818 0.011211
vn -0.011212 0.999818 0.015431
vn -0.005894 0.999818 0.018141
vn 0.000000 0.999818 0.019075
vn 0.005894 0.999818 0.018141
vn 0.011212 0.999818 0.015433
vn 0.015431 0.999818 0.011214
vn 0.018141 0.999818 0.005894
vn 0.019074 0.999818 -0.000000
vn 0.808069 0.048384 -0.587097
vn 0.949943 0.048383 -0.308654
vn 0.951057 0.000000 -0.309016
vn 0.809018 0.000000 -0.587784
vn 0.587096 0.048384 -0.808070
vn 0.587786 0.000000 -0.809017
vn 0.308655 0.048384 -0.949943
vn 0.309017 0.000000 -0.951057
vn -0.000001 0.048384 -0.998829
vn -0.000001 0.000000 -1.000000
vn -0.308655 0.048384 -0.949943
vn -0.309017 0.000000 -0.951057
vn -0.587097 0.048383 -0.808070
vn -0.587785 0.000000 -0.809017
vn -0.808070 0.048383 -0.587097
vn -0.809018 0.000000 -0.587784
vn -0.949943 0.048384 -0.308655
vn -0.951057 0.000000 -0.309017
vn -0.998829 0.048384 0.000000
vn -1.000000 0.000000 0.000000
vn -0.949943 0.048383 0.308655
vn -0.951057 0.000000 0.309017
vn -0.808069 0.048383 0.587098
vn -0.809016 0.000000 0.587786
vn -0.587096 0.048384 0.808070
vn -0.587784 0.000000 0.809018
vn -0.308655 0.048384 0.949943
vn -0.309017 0.000000 0.951056
vn 0.000000 0.048384 0.998829
vn 0.000000 0.000000 1.000000
vn 0.308656 0.048384 0.949943
vn 0.309017 0.000000 0.951056
vn 0.587097 0.048384 0.808070
vn 0.587785 0.000000 0.809017
vn 0.808069 0.048384 0.587097
vn 0.809017 0.000000 0.587786
vn 0.949943 0.048384 0.308655
vn 0.951057 0.000000 0.309017
vn 0.998829 0.048383 0.000001
vn 1.000000 0.000000 0.000001
vn 0.032114 0.999430 -0.010434
vn 0.027318 0.999430 -0.019847
vn 0.944480 0.117402 -0.306879
vn 0.803421 0.117402 -0.583722
vn 0.019848 0.999430 -0.027316
vn 0.583718 0.117402 -0.803424
vn 0.010434 0.999430 -0.032114
vn 0.306880 0.117403 -0.944480
vn -0.000000 0.999430 -0.033768
vn -0.000001 0.117403 -0.993084
vn -0.010434 0.999430 -0.032113
vn -0.306880 0.117402 -0.944480
vn -0.019848 0.999430 -0.027316
vn -0.583720 0.117402 -0.803423
vn -0.027318 0.999430 -0.019849
vn -0.803422 0.117402 -0.583721
vn -0.032114 0.999430 -0.010436
vn -0.944479 0.117402 -0.306881
vn -0.033767 0.999430 0.000000
vn -0.993084 0.117402 0.000000
vn -0.032114 0.999430 0.010435
vn -0.944479 0.117402 0.306882
vn -0.027318 0.999430 0.019847
vn -0.803422 0.117402 0.583721
vn -0.019848 0.999430 0.027317
vn -0.583720 0.117402 0.803423
vn -0.010434 0.999430 0.032114
vn -0.306880 0.117402 0.944480
vn 0.000000 0.999430 0.033768
vn 0.000000 0.117402 0.993084
vn 0.010434 0.999430 0.032115
vn 0.306881 0.117403 0.944479
vn 0.019848 0.999430 0.027319
vn 0.583721 0.117403 0.803422
vn 0.027318 0.999430 0.019849
vn 0.803422 0.117402 0.583720
vn 0.032114 0.999430 0.010434
vn 0.944479 0.117402 0.306880
vn 0.033767 0.999430 -0.000001
vn 0.993085 0.117401 0.000002
vn -0.949369 0.059550 0.308467
vn -0.807581 0.059550 0.586742
vn -0.809017 0.000000 0.587785
vn -0.951057 0.000000 0.309016
vn -0.586741 0.059549 0.807582
vn -0.587785 0.000000 0.809017
vn -0.308467 0.059550 0.949369
vn -0.309016 0.000000 0.951057
vn 0.000000 0.059550 0.998225
vn 0.000000 0.000000 1.000000
vn 0.308469 0.059550 0.949369
vn 0.309017 0.000000 0.951057
vn 0.586743 0.059550 0.807581
vn 0.587786 0.000000 0.809017
vn 0.807581 0.059550 0.586742
vn 0.809017 0.000000 0.587785
vn 0.949369 0.059550 0.308468
vn 0.951057 0.000000 0.309016
vn 0.998225 0.059549 -0.000000
vn 1.000000 0.000000 -0.000000
vn 0.949369 0.059549 -0.308468
vn 0.951057 0.000000 -0.309016
vn 0.807581 0.059549 -0.586742
vn 0.809017 0.000000 -0.587786
vn 0.586742 0.059550 -0.807582
vn 0.587784 0.000000 -0.809018
vn 0.308470 0.059550 -0.949368
vn 0.309017 0.000000 -0.951057
vn -0.000000 0.059550 -0.998225
vn 0.000000 0.000000 -1.000000
vn -0.308470 0.059550 -0.949368
vn -0.309017 0.000000 -0.951057
vn -0.586742 0.059549 -0.807581
vn -0.587784 0.000000 -0.809018
vn -0.807581 0.059549 -0.586743
vn -0.809017 0.000000 -0.587785
vn -0.949369 0.059549 -0.308468
vn -0.951057 0.000000 -0.309016
vn -0.998225 0.059549 -0.000000
vn -1.000000 0.000000 -0.000001
vn -0.242076 0.954183 0.175882
vn -0.284577 0.954183 0.092468
vn -0.175879 0.954183 0.242077
vn -0.092465 0.954183 0.284578
vn -0.000000 0.954185 0.299219
vn 0.092465 0.954184 0.284575
vn 0.175879 0.954184 0.242071
vn 0.242077 0.954184 0.175873
vn 0.284578 0.954183 0.092465
vn 0.299222 0.954183 0.000001
vn 0.284577 0.954184 -0.092465
vn 0.242076 0.954184 -0.175875
vn 0.175879 0.954185 -0.242071
vn 0.092465 0.954183 -0.284580
vn 0.000000 0.954181 -0.299231
vn -0.092465 0.954182 -0.284582
vn -0.175879 0.954183 -0.242079
vn -0.242076 0.954183 -0.175882
vn -0.284578 0.954183 -0.092465
vn -0.299223 0.954183 0.000000
vn -0.932447 0.196856 0.302968
vn -0.793186 0.196856 0.576284
vn -0.617883 0.760208 0.200763
vn -0.525603 0.760209 0.381870
vn -0.576283 0.196855 0.793187
vn -0.381874 0.760209 0.525599
vn -0.302968 0.196855 0.932447
vn -0.200761 0.760201 0.617891
vn 0.000001 0.196857 0.980432
vn -0.000000 0.760205 0.649683
vn 0.302973 0.196859 0.932445
vn 0.200763 0.760212 0.617877
vn 0.576285 0.196858 0.793185
vn 0.381874 0.760209 0.525599
vn 0.793186 0.196858 0.576284
vn 0.525603 0.760209 0.381869
vn 0.932447 0.196856 0.302968
vn 0.617881 0.760210 0.200760
vn 0.980433 0.196853 0.000000
vn 0.649677 0.760211 0.000000
vn 0.932448 0.196855 -0.302968
vn 0.617881 0.760210 -0.200760
vn 0.793186 0.196855 -0.576284
vn 0.525602 0.760210 -0.381869
vn 0.576285 0.196856 -0.793185
vn 0.381874 0.760210 -0.525599
vn 0.302974 0.196859 -0.932445
vn 0.200761 0.760201 -0.617891
vn -0.000000 0.196860 -0.980432
vn 0.000000 0.760195 -0.649695
vn -0.302974 0.196859 -0.932445
vn -0.200762 0.760207 -0.617884
vn -0.576286 0.196855 -0.793185
vn -0.381872 0.760210 -0.525599
vn -0.793186 0.196853 -0.576285
vn -0.525600 0.760207 -0.381877
vn -0.932448 0.196853 -0.302968
vn -0.617881 0.760209 -0.200760
vn -0.980433 0.196855 0.000000
vn -0.649679 0.760209 0.000002
s 1
g Cork Glass_Bottle
usemtl lambert3SG
f 2/2/1 1/1/2 21/373/3
f 3/3/4 2/2/1 21/374/3
f 4/4/5 3/3/4 21/375/3
f 5/5/6 4/4/5 21/376/3
f 6/6/7 5/5/6 21/377/3
f 7/7/8 6/6/7 21/378/3
f 8/8/9 7/7/8 21/379/3
f 9/9/10 8/8/9 21/380/3
f 10/10/11 9/9/10 21/381/3
f 11/11/12 10/10/11 21/382/3
f 12/12/13 11/11/12 21/383/3
f 13/13/14 12/12/13 21/384/3
f 14/14/15 13/13/14 21/385/3
f 15/15/16 14/14/15 21/386/3
f 16/316/17 15/15/16 21/387/3
f 17/17/18 16/16/17 21/388/3
f 18/18/19 17/17/18 21/389/3
f 19/19/20 18/18/19 21/390/3
f 20/20/21 19/19/20 21/391/3
f 1/1/2 20/20/21 21/21/3
s 2
f 23/340/22 24/372/23 25/371/24 26/338/25
f 24/372/23 27/370/26 28/369/27 25/371/24
f 27/370/26 29/368/28 30/367/29 28/369/27
f 29/368/28 31/366/30 32/365/31 30/367/29
f 31/366/30 33/364/32 34/363/33 32/365/31
f 33/364/32 35/362/34 36/361/35 34/363/33
f 35/362/34 37/360/36 38/359/37 36/361/35
f 37/360/36 39/358/38 40/357/39 38/359/37
f 39/358/38 41/356/40 42/355/41 40/357/39
f 41/356/40 43/354/42 44/353/43 42/355/41
f 43/354/42 45/352/44 46/351/45 44/353/43
f 45/352/44 47/350/46 48/349/47 46/351/45
f 47/350/46 49/348/48 50/347/49 48/349/47
f 49/348/48 51/192/50 52/130/51 50/347/49
f 51/192/50 53/194/52 54/293/53 52/130/51
f 53/289/52 55/346/54 56/345/55 54/292/53
f 55/346/54 57/344/56 58/343/57 56/345/55
f 57/344/56 59/342/58 60/341/59 58/343/57
f 59/342/58 61/339/60 62/337/61 60/341/59
f 61/339/60 23/340/22 26/338/25 62/337/61
s 3
f 1/1/62 2/2/63 275/275/64 276/276/65
f 2/2/63 3/3/66 274/274/67 275/275/64
f 3/3/66 4/4/68 273/273/69 274/274/67
f 4/4/68 5/5/70 272/272/71 273/273/69
f 5/5/70 6/6/72 271/271/73 272/272/71
f 6/6/72 7/7/74 270/270/75 271/271/73
f 7/7/74 8/8/76 269/269/77 270/270/75
f 8/8/76 9/9/78 268/268/79 269/269/77
f 9/9/78 10/10/80 267/267/81 268/268/79
f 10/10/80 11/11/82 266/266/83 267/267/81
f 11/11/82 12/12/84 265/265/85 266/266/83
f 12/12/84 13/13/86 264/264/87 265/265/85
f 13/13/86 14/14/88 263/263/89 264/264/87
f 14/14/88 15/15/90 282/282/91 263/263/89
f 15/15/90 16/316/92 281/281/93 282/282/91
f 16/16/92 17/17/94 280/280/95 281/283/93
f 17/17/94 18/18/96 279/279/97 280/280/95
f 18/18/96 19/19/98 278/278/99 279/279/97
f 19/19/98 20/20/100 277/277/101 278/278/99
f 20/20/100 1/1/62 276/276/65 277/277/101
s 4
f 65/43/102 66/336/103 142/317/104 141/81/105
s 3
f 63/22/106 64/42/107 140/80/108 139/41/109
s 6
f 64/42/110 65/43/111 141/81/112 140/80/113
s 4
f 66/336/103 65/43/102 69/45/114 70/335/115
s 6
f 65/43/111 64/42/110 68/44/116 69/45/117
s 3
f 64/42/107 63/22/106 67/23/118 68/44/119
s 4
f 70/335/115 69/45/114 73/47/120 74/334/121
s 6
f 69/45/117 68/44/116 72/46/122 73/47/123
s 3
f 68/44/119 67/23/118 71/24/124 72/46/125
s 4
f 74/334/121 73/47/120 77/49/126 78/333/127
s 6
f 73/47/123 72/46/122 76/48/128 77/49/129
s 3
f 72/46/125 71/24/124 75/25/130 76/48/131
s 4
f 78/333/127 77/49/126 81/51/132 82/332/133
s 6
f 77/49/129 76/48/128 80/50/134 81/51/135
s 3
f 76/48/131 75/25/130 79/26/136 80/50/137
s 4
f 82/332/133 81/51/132 85/53/138 86/331/139
s 6
f 81/51/135 80/50/134 84/52/140 85/53/141
s 3
f 80/50/137 79/26/136 83/27/142 84/52/143
s 4
f 86/331/139 85/53/138 89/55/144 90/330/145
s 6
f 85/53/141 84/52/140 88/54/146 89/55/147
s 3
f 84/52/143 83/27/142 87/28/148 88/54/149
s 4
f 90/330/145 89/55/144 93/57/150 94/329/151
s 6
f 89/55/147 88/54/146 92/56/152 93/57/153
s 3
f 88/54/149 87/28/148 91/29/154 92/56/155
s 4
f 94/329/151 93/57/150 97/59/156 98/328/157
s 6
f 93/57/153 92/56/152 96/58/158 97/59/159
s 3
f 92/56/155 91/29/154 95/30/160 96/58/161
s 4
f 98/328/157 97/59/156 101/61/162 102/327/163
s 6
f 97/59/159 96/58/158 100/60/164 101/61/165
s 3
f 96/58/161 95/30/160 99/31/166 100/60/167
s 4
f 102/327/163 101/61/162 105/63/168 106/326/169
s 6
f 101/61/165 100/60/164 104/62/170 105/63/171
s 3
f 100/60/167 99/31/166 103/32/172 104/62/173
s 4
f 106/326/169 105/63/168 109/65/174 110/325/175
s 6
f 105/63/171 104/62/170 108/64/176 109/65/177
s 3
f 104/62/173 103/32/172 107/33/178 108/64/179
s 4
f 110/325/175 109/65/174 113/67/180 114/324/181
s 6
f 109/65/177 108/64/176 112/66/182 113/67/183
s 3
f 108/64/179 107/33/178 111/34/184 112/66/185
s 4
f 114/324/181 113/67/180 117/69/186 118/323/187
s 6
f 113/67/183 112/66/182 116/68/188 117/69/189
s 3
f 112/66/185 111/34/184 115/35/190 116/68/191
s 4
f 118/323/187 117/69/186 121/71/192 122/229/193
s 6
f 117/69/189 116/68/188 120/70/194 121/71/195
s 3
f 116/68/191 115/35/190 119/36/196 120/70/197
s 4
f 122/229/193 121/71/192 125/322/198 126/286/199
s 6
f 121/71/195 120/70/194 124/321/200 125/322/201
s 3
f 120/70/197 119/36/196 123/37/202 124/321/203
s 4
f 126/285/199 125/73/198 129/75/204 130/320/205
s 6
f 125/73/201 124/72/200 128/74/206 129/75/207
s 3
f 124/72/203 123/284/202 127/38/208 128/74/209
s 4
f 130/320/205 129/75/204 133/77/210 134/319/211
s 6
f 129/75/207 128/74/206 132/76/212 133/77/213
s 3
f 128/74/209 127/38/208 131/39/214 132/76/215
s 4
f 134/319/211 133/77/210 137/79/216 138/318/217
s 6
f 133/77/213 132/76/212 136/78/218 137/79/219
s 3
f 132/76/215 131/39/214 135/40/220 136/78/221
s 4
f 138/318/217 137/79/216 141/81/105 142/317/104
s 6
f 137/79/219 136/78/218 140/80/113 141/81/112
s 3
f 136/78/221 135/40/220 139/41/109 140/80/108
s 7
f 143/101/222 146/82/223 22/312/224
f 146/82/223 149/83/225 22/311/224
f 149/83/225 152/84/226 22/310/224
f 152/84/226 155/85/227 22/309/224
f 155/85/227 158/86/228 22/308/224
f 158/86/228 161/87/229 22/307/224
f 161/87/229 164/88/230 22/306/224
f 164/88/230 167/89/231 22/305/224
f 167/89/231 170/90/232 22/304/224
f 170/90/232 173/91/233 22/303/224
f 173/91/233 176/92/234 22/302/224
f 176/92/234 179/93/235 22/301/224
f 179/93/235 182/94/236 22/300/224
f 182/94/236 185/95/237 22/299/224
f 185/95/237 188/314/238 22/298/224
f 188/96/238 191/97/239 22/297/224
f 191/97/239 194/98/240 22/296/224
f 194/98/240 197/99/241 22/295/224
f 197/99/241 200/100/242 22/102/224
f 200/100/242 143/101/222 22/313/224
s 8
f 148/105/243 145/103/244 26/142/245 25/104/246
f 151/107/247 148/105/243 25/104/246 28/106/248
f 154/109/249 151/107/247 28/106/248 30/108/250
f 157/111/251 154/109/249 30/108/250 32/110/252
f 160/113/253 157/111/251 32/110/252 34/112/254
f 163/115/255 160/113/253 34/112/254 36/114/256
f 166/117/257 163/115/255 36/114/256 38/116/258
f 169/119/259 166/117/257 38/116/258 40/118/260
f 172/121/261 169/119/259 40/118/260 42/120/262
f 175/123/263 172/121/261 42/120/262 44/122/264
f 178/125/265 175/123/263 44/122/264 46/124/266
f 181/127/267 178/125/265 46/124/266 48/126/268
f 184/129/269 181/127/267 48/126/268 50/128/270
f 187/131/271 184/129/269 50/128/270 52/130/272
f 190/133/273 187/131/271 52/130/272 54/293/274
f 193/135/275 190/294/273 54/132/274 56/134/276
f 196/137/277 193/135/275 56/134/276 58/136/278
f 199/139/279 196/137/277 58/136/278 60/138/280
f 202/141/281 199/139/279 60/138/280 62/140/282
f 145/103/244 202/141/281 62/140/282 26/142/245
s 7
f 143/101/222 144/143/283 147/144/284 146/82/223
s 8
f 144/143/285 145/103/244 148/105/243 147/144/286
s 7
f 146/82/223 147/144/284 150/145/287 149/83/225
s 8
f 147/144/286 148/105/243 151/107/247 150/145/288
s 7
f 149/83/225 150/145/287 153/146/289 152/84/226
s 8
f 150/145/288 151/107/247 154/109/249 153/146/290
s 7
f 152/84/226 153/146/289 156/147/291 155/85/227
s 8
f 153/146/290 154/109/249 157/111/251 156/147/292
s 7
f 155/85/227 156/147/291 159/148/293 158/86/228
s 8
f 156/147/292 157/111/251 160/113/253 159/148/294
s 7
f 158/86/228 159/148/293 162/149/295 161/87/229
s 8
f 159/148/294 160/113/253 163/115/255 162/149/296
s 7
f 161/87/229 162/149/295 165/150/297 164/88/230
s 8
f 162/149/296 163/115/255 166/117/257 165/150/298
s 7
f 164/88/230 165/150/297 168/151/299 167/89/231
s 8
f 165/150/298 166/117/257 169/119/259 168/151/300
s 7
f 167/89/231 168/151/299 171/152/301 170/90/232
s 8
f 168/151/300 169/119/259 172/121/261 171/152/302
s 7
f 170/90/232 171/152/301 174/153/303 173/91/233
s 8
f 171/152/302 172/121/261 175/123/263 174/153/304
s 7
f 173/91/233 174/153/303 177/154/305 176/92/234
s 8
f 174/153/304 175/123/263 178/125/265 177/154/306
s 7
f 176/92/234 177/154/305 180/155/307 179/93/235
s 8
f 177/154/306 178/125/265 181/127/267 180/155/308
s 7
f 179/93/235 180/155/307 183/156/309 182/94/236
s 8
f 180/155/308 181/127/267 184/129/269 183/156/310
s 7
f 182/94/236 183/156/309 186/157/311 185/95/237
s 8
f 183/156/310 184/129/269 187/131/271 186/157/312
s 7
f 185/95/237 186/157/311 189/315/313 188/314/238
s 8
f 186/157/312 187/131/271 190/133/273 189/315/314
s 7
f 188/96/238 189/158/313 192/159/315 191/97/239
s 8
f 189/158/314 190/294/273 193/135/275 192/159/316
s 7
f 191/97/239 192/159/315 195/160/317 194/98/240
s 8
f 192/159/316 193/135/275 196/137/277 195/160/318
s 7
f 194/98/240 195/160/317 198/161/319 197/99/241
s 8
f 195/160/318 196/137/277 199/139/279 198/161/320
s 7
f 197/99/241 198/161/319 201/162/321 200/100/242
s 8
f 198/161/320 199/139/279 202/141/281 201/162/322
f 145/103/244 144/143/285 201/162/322 202/141/281
s 7
f 144/143/283 143/101/222 200/100/242 201/162/321
s 9
f 203/201/323 206/163/324 24/166/325 23/164/326
f 206/163/324 209/165/327 27/168/328 24/166/325
f 209/165/327 212/167/329 29/170/330 27/168/328
f 212/167/329 215/169/331 31/172/332 29/170/330
f 215/169/331 218/171/333 33/174/334 31/172/332
f 218/171/333 221/173/335 35/176/336 33/174/334
f 221/173/335 224/175/337 37/178/338 35/176/336
f 224/175/337 227/177/339 39/180/340 37/178/338
f 227/177/339 230/179/341 41/182/342 39/180/340
f 230/179/341 233/181/343 43/184/344 41/182/342
f 233/181/343 236/183/345 45/186/346 43/184/344
f 236/183/345 239/185/347 47/188/348 45/186/346
f 239/185/347 242/187/349 49/190/350 47/188/348
f 242/187/349 245/189/351 51/192/352 49/190/350
f 245/189/351 248/288/353 53/194/354 51/192/352
f 248/191/353 251/193/355 55/196/356 53/290/354
f 251/193/355 254/195/357 57/198/358 55/196/356
f 254/195/357 257/197/359 59/200/360 57/198/358
f 257/197/359 260/199/361 61/202/362 59/200/360
f 260/199/361 203/201/323 23/164/326 61/202/362
s 4
f 66/241/103 70/203/115 208/206/363 205/204/364
f 70/203/115 74/205/121 211/208/365 208/206/363
f 74/205/121 78/207/127 214/210/366 211/208/365
f 78/207/127 82/209/133 217/212/367 214/210/366
f 82/209/133 86/211/139 220/214/368 217/212/367
f 86/211/139 90/213/145 223/216/369 220/214/368
f 90/213/145 94/215/151 226/218/370 223/216/369
f 94/215/151 98/217/157 229/220/371 226/218/370
f 98/217/157 102/219/163 232/222/372 229/220/371
f 102/219/163 106/221/169 235/224/373 232/222/372
f 106/221/169 110/223/175 238/226/374 235/224/373
f 110/223/175 114/225/181 241/228/375 238/226/374
f 114/225/181 118/227/187 244/230/376 241/228/375
f 118/227/187 122/229/193 247/232/377 244/230/376
f 122/229/193 126/286/199 250/234/378 247/232/377
f 126/231/199 130/233/205 253/236/379 250/287/378
f 130/233/205 134/235/211 256/238/380 253/236/379
f 134/235/211 138/237/217 259/240/381 256/238/380
f 138/237/217 142/239/104 262/242/382 259/240/381
f 142/239/104 66/241/103 205/204/364 262/242/382
s 9
f 203/201/323 204/243/383 207/244/384 206/163/324
s 4
f 204/243/385 205/204/364 208/206/363 207/244/386
s 9
f 206/163/324 207/244/384 210/245/387 209/165/327
s 4
f 207/244/386 208/206/363 211/208/365 210/245/388
s 9
f 209/165/327 210/245/387 213/246/389 212/167/329
s 4
f 210/245/388 211/208/365 214/210/366 213/246/390
s 9
f 212/167/329 213/246/389 216/247/391 215/169/331
s 4
f 213/246/390 214/210/366 217/212/367 216/247/392
s 9
f 215/169/331 216/247/391 219/248/393 218/171/333
s 4
f 216/247/392 217/212/367 220/214/368 219/248/394
s 9
f 218/171/333 219/248/393 222/249/395 221/173/335
s 4
f 219/248/394 220/214/368 223/216/369 222/249/396
s 9
f 221/173/335 222/249/395 225/250/397 224/175/337
s 4
f 222/249/396 223/216/369 226/218/370 225/250/398
s 9
f 224/175/337 225/250/397 228/251/399 227/177/339
s 4
f 225/250/398 226/218/370 229/220/371 228/251/400
s 9
f 227/177/339 228/251/399 231/252/401 230/179/341
s 4
f 228/251/400 229/220/371 232/222/372 231/252/402
s 9
f 230/179/341 231/252/401 234/253/403 233/181/343
s 4
f 231/252/402 232/222/372 235/224/373 234/253/404
s 9
f 233/181/343 234/253/403 237/254/405 236/183/345
s 4
f 234/253/404 235/224/373 238/226/374 237/254/406
s 9
f 236/183/345 237/254/405 240/255/407 239/185/347
s 4
f 237/254/406 238/226/374 241/228/375 240/255/408
s 9
f 239/185/347 240/255/407 243/256/409 242/187/349
s 4
f 240/255/408 241/228/375 244/230/376 243/256/410
s 9
f 242/187/349 243/256/409 246/257/411 245/189/351
s 4
f 243/256/410 244/230/376 247/232/377 246/257/412
s 9
f 245/189/351 246/257/411 249/291/413 248/288/353
s 4
f 246/257/412 247/232/377 250/234/378 249/291/414
s 9
f 248/191/353 249/258/413 252/259/415 251/193/355
s 4
f 249/258/414 250/287/378 253/236/379 252/259/416
s 9
f 251/193/355 252/259/415 255/260/417 254/195/357
s 4
f 252/259/416 253/236/379 256/238/380 255/260/418
s 9
f 254/195/357 255/260/417 258/261/419 257/197/359
s 4
f 255/260/418 256/238/380 259/240/381 258/261/420
s 9
f 257/197/359 258/261/419 261/262/421 260/199/361
s 4
f 258/261/420 259/240/381 262/242/382 261/262/422
f 205/204/364 204/243/385 261/262/422 262/242/382
s 9
f 204/243/383 203/201/323 260/199/361 261/262/421
s 3
f 264/264/87 263/263/89 115/35/190 111/34/184
f 265/265/85 264/264/87 111/34/184 107/33/178
f 266/266/83 265/265/85 107/33/178 103/32/172
f 267/267/81 266/266/83 103/32/172 99/31/166
f 268/268/79 267/267/81 99/31/166 95/30/160
f 269/269/77 268/268/79 95/30/160 91/29/154
f 270/270/75 269/269/77 91/29/154 87/28/148
f 271/271/73 270/270/75 87/28/148 83/27/142
f 272/272/71 271/271/73 83/27/142 79/26/136
f 273/273/69 272/272/71 79/26/136 75/25/130
f 274/274/67 273/273/69 75/25/130 71/24/124
f 275/275/64 274/274/67 71/24/124 67/23/118
f 276/276/65 275/275/64 67/23/118 63/22/106
f 277/277/101 276/276/65 63/22/106 139/41/109
f 278/278/99 277/277/101 139/41/109 135/40/220
f 279/279/97 278/278/99 135/40/220 131/39/214
f 280/280/95 279/279/97 131/39/214 127/38/208
f 281/283/93 280/280/95 127/38/208 123/284/202
f 282/282/91 281/281/93 123/37/202 119/36/196
f 263/263/89 282/282/91 119/36/196 115/35/190
g default
v -4.131618 20.359257 -0.698388
v -4.193268 20.476942 -0.671654
v -4.274151 20.570333 -0.615975
v -4.366351 20.630297 -0.536802
v -4.460842 20.650959 -0.441886
v -4.548374 20.630295 -0.340517
v -4.620380 20.570333 -0.242618
v -4.669810 20.476938 -0.157772
v -4.691828 20.359259 -0.094284
v -4.684277 20.228806 -0.058370
v -4.647896 20.098356 -0.053544
v -4.586246 19.980675 -0.080279
v -4.505363 19.887278 -0.135958
v -4.413164 19.827318 -0.215131
v -4.318672 19.806656 -0.310046
v -4.231141 19.827318 -0.411416
v -4.159134 19.887280 -0.509314
v -4.109704 19.980675 -0.594160
v -4.087686 20.098356 -0.657648
v -4.095237 20.228806 -0.693562
v -3.694515 20.480539 -0.116180
v -3.736756 20.561174 -0.097861
v -3.792176 20.625162 -0.059711
v -3.855350 20.666248 -0.005463
v -3.920094 20.680410 0.059572
v -3.980069 20.666248 0.129029
v -4.029407 20.625164 0.196108
v -4.063276 20.561174 0.254243
v -4.078362 20.480537 0.297744
v -4.073188 20.391157 0.322351
v -4.048260 20.301773 0.325658
v -4.006019 20.221138 0.307339
v -3.950599 20.157146 0.269189
v -3.887425 20.116062 0.214941
v -3.822681 20.101906 0.149906
v -3.762705 20.116060 0.080450
v -3.713368 20.157146 0.013371
v -3.679499 20.221138 -0.044764
v -3.664413 20.301773 -0.088265
v -3.669587 20.391159 -0.112873
v -4.389757 20.228806 -0.375966
v -2.524619 20.374311 2.390090
v -1.703476 20.363081 3.208738
v -0.821548 20.361822 3.487679
v 0.031143 20.360235 3.434452
v 0.744032 20.358644 3.131134
v 1.263927 20.357061 2.648825
v 1.584273 20.355471 1.993201
v 1.708253 20.353886 1.203750
v 1.614605 20.352299 0.460722
v 1.316661 20.350712 -0.142690
v 0.845144 20.349123 -0.607377
v 0.256257 20.347538 -0.921382
v -0.387895 20.345949 -1.058843
v -1.049508 20.344358 -1.010643
v -1.676803 20.342773 -0.847208
v -2.188000 20.341187 -0.655755
v -2.562524 20.340475 -0.396598
v -2.814021 20.392866 0.011089
v -2.931119 20.612362 0.679185
v -2.942529 20.821125 1.576308
v -2.919290 20.717682 2.495968
v -2.929369 20.495358 3.266305
v -3.032607 20.357458 3.907317
v -3.272797 20.301186 4.660228
v -3.539174 20.292431 5.642249
v -2.563057 20.453709 2.413474
v -1.733463 20.440781 3.241954
v -0.833806 20.438063 3.530030
v 0.035299 20.435093 3.477544
v 0.762119 20.432127 3.169588
v 1.293432 20.429157 2.678291
v 1.621669 20.426191 2.009764
v 1.748102 20.423222 1.208253
v 1.653336 20.420258 0.454029
v 1.350404 20.417288 -0.161247
v 0.870374 20.414320 -0.635406
v 0.272000 20.411350 -0.954772
v -0.382174 20.408384 -1.094505
v -1.053914 20.405415 -1.045688
v -1.687401 20.402451 -0.880065
v -2.201719 20.399481 -0.686566
v -2.582797 20.397402 -0.422524
v -2.837854 20.448959 -0.008970
v -2.953516 20.667221 0.659096
v -2.964821 20.876736 1.564962
v -2.940666 20.772341 2.505014
v -2.950140 20.546648 3.282968
v -3.052450 20.409210 3.916593
v -3.290070 20.352982 4.659883
v -3.555305 20.342875 5.640029
v -3.717078 20.289112 5.686129
v -2.622428 20.515451 2.444949
v -1.779321 20.500877 3.290174
v -0.853176 20.496965 3.592577
v 0.040257 20.492931 3.541645
v 0.787873 20.488894 3.227200
v 1.336378 20.484859 2.722899
v 1.676699 20.480825 2.035466
v 1.807129 20.476791 1.216146
v 1.711047 20.472757 0.445293
v 1.401084 20.468723 -0.187729
v 0.908731 20.464687 -0.676202
v 0.296469 20.460657 -1.003819
v -0.372483 20.456621 -1.147249
v -1.059247 20.452585 -1.097858
v -1.701973 20.448551 -0.929206
v -2.220971 20.444517 -0.732789
v -2.612000 20.441383 -0.461715
v -2.875663 20.492798 -0.036619
v -2.992559 20.711777 0.638991
v -3.003555 20.922819 1.555319
v -2.978107 20.817726 2.513008
v -2.986552 20.589403 3.296547
v -3.087311 20.453014 3.921340
v -3.321607 20.397154 4.654029
v -3.585630 20.385855 5.633566
v -2.696922 20.553505 2.481432
v -1.836563 20.537487 3.348678
v -0.877762 20.532755 3.669198
v 0.045536 20.528070 3.620480
v 0.818775 20.523388 3.298333
v 1.388564 20.518707 2.778284
v 1.743978 20.514023 2.067793
v 1.879554 20.509342 1.226657
v 1.782083 20.504658 0.435365
v 1.463738 20.499977 -0.219546
v 0.956461 20.495295 -0.725771
v 0.327270 20.490614 -1.063720
v -0.359771 20.485931 -1.211911
v -1.064988 20.481247 -1.162044
v -1.719094 20.476566 -0.989820
v -2.243869 20.471884 -0.789898
v -2.647271 20.468115 -0.510332
v -2.923742 20.520098 -0.069152
v -3.044424 20.741673 0.620837
v -3.054937 20.954868 1.548322
v -3.027943 20.849386 2.519166
v -3.035038 20.619446 3.305709
v -3.133774 20.484589 3.921088
v -3.364312 20.429380 4.643231
v -3.627171 20.417164 5.623490
v -2.779246 20.564135 2.519352
v -1.899584 20.547028 3.411742
v -0.905156 20.541933 3.752394
v 0.050615 20.537086 3.706334
v 0.851799 20.532236 3.376023
v 1.444880 20.527390 2.839025
v 1.816916 20.522539 2.103580
v 1.958289 20.517694 1.238758
v 1.859494 20.512846 0.425221
v 1.532236 20.507998 -0.253582
v 1.008893 20.503147 -0.779262
v 0.361386 20.498301 -1.128614
v -0.345279 20.493452 -1.282161
v -1.070570 20.488600 -1.231965
v -1.737087 20.483755 -1.055974
v -2.268174 20.478909 -0.852304
v -2.685160 20.474993 -0.563619
v -2.977387 20.528196 -0.103384
v -3.104033 20.753992 0.606407
v -3.113937 20.969763 1.544654
v -3.085298 20.864254 2.522893
v -3.090852 20.633856 3.309568
v -3.187289 20.500864 3.915874
v -3.414009 20.446533 4.628553
v -3.675865 20.433764 5.610790
v -2.861341 20.546307 2.554998
v -1.962216 20.528563 3.473190
v -0.932679 20.523605 3.834019
v 0.055000 20.519089 3.790801
v 0.883713 20.514570 3.452666
v 1.499815 20.510056 2.899176
v 1.888379 20.505539 2.139323
v 2.035628 20.501022 1.251262
v 1.935704 20.496510 0.415851
v 1.599871 20.491991 -0.286507
v 1.060892 20.487474 -0.831438
v 0.395480 20.482958 -1.192148
v -0.330429 20.478445 -1.351125
v -1.075450 20.473925 -1.300777
v -1.754192 20.469410 -1.121194
v -2.291506 20.464895 -0.913899
v -2.721958 20.461323 -0.616360
v -3.031349 20.516279 -0.135965
v -3.165555 20.747505 0.597121
v -3.174784 20.966011 1.544678
v -3.144560 20.860840 2.523813
v -3.148535 20.631184 3.307733
v -3.242624 20.500206 3.906197
v -3.465835 20.446894 4.611427
v -3.726948 20.433987 5.596709
v -2.935172 20.501759 2.584881
v -2.018328 20.483896 3.527009
v -0.957634 20.479557 3.906086
v 0.058261 20.475838 3.865615
v 0.911392 20.472118 3.520759
v 1.547993 20.468397 2.952850
v 1.951368 20.464678 2.171524
v 2.103998 20.460962 1.262947
v 2.003250 20.457243 0.408173
v 1.660023 20.453524 -0.315097
v 1.107370 20.449804 -0.877193
v 0.426212 20.446087 -1.248104
v -0.316673 20.442368 -1.412050
v -1.079151 20.438644 -1.361743
v -1.768735 20.434931 -1.179093
v -2.311581 20.431210 -0.968651
v -2.754062 20.428450 -0.663390
v -3.080343 20.485516 -0.163703
v -3.222967 20.722858 0.593885
v -3.231520 20.944004 1.548391
v -3.199926 20.839489 2.521845
v -3.202436 20.611715 3.300391
v -3.294358 20.482712 3.893008
v -3.514716 20.430452 4.593532
v -3.775418 20.417843 5.582623
v -2.993511 20.434860 2.606076
v -2.062425 20.417410 3.567931
v -0.977580 20.414110 3.961538
v 0.060078 20.411575 3.923449
v 0.932127 20.409040 3.573635
v 1.584693 20.406506 2.994789
v 1.999717 20.403969 2.197030
v 2.156708 20.401436 1.272669
v 2.055521 20.398903 0.402939
v 1.706802 20.396372 -0.336554
v 1.143776 20.393835 -0.912046
v 0.450574 20.391302 -1.291003
v -0.305358 20.388767 -1.458973
v -1.081310 20.386234 -1.408896
v -1.779290 20.383698 -1.224005
v -2.326434 20.381165 -1.011203
v -2.778330 20.379595 -0.700107
v -3.119575 20.438934 -0.183887
v -3.270648 20.682467 0.597016
v -3.278589 20.905886 1.555428
v -3.245977 20.802290 2.517177
v -3.247282 20.577351 3.288259
v -3.337430 20.450077 3.877598
v -3.555866 20.398802 4.576620
v -3.816531 20.386894 5.569915
v -3.030647 20.352154 2.616506
v -2.090197 20.335608 3.591947
v -0.990565 20.333662 3.994948
v 0.060273 20.332582 3.958647
v 0.943890 20.331505 3.606122
v 1.606327 20.330429 3.020893
v 2.028696 20.329350 2.213346
v 2.188599 20.328274 1.279475
v 2.087402 20.327200 0.400661
v 1.735633 20.326122 -0.348777
v 1.166548 20.325045 -0.932587
v 0.466184 20.323969 -1.316646
v -0.297591 20.322891 -1.487301
v -1.081713 20.321812 -1.437620
v -1.784826 20.320736 -1.251534
v -2.334611 20.319658 -1.037390
v -2.792387 20.319550 -0.722917
v -3.145203 20.381090 -0.194539
v -3.303928 20.630291 0.606202
v -3.311384 20.855408 1.565097
v -3.278203 20.752899 2.510267
v -3.278677 20.531460 3.272525
v -3.367618 20.405510 3.861476
v -3.585255 20.355057 4.562344
v -3.846258 20.344187 5.559824
v -3.042947 20.261738 2.615152
v -2.098918 20.246494 3.596710
v -0.995316 20.246090 4.003046
v 0.058830 20.246601 3.967758
v 0.945528 20.247108 3.615036
v 1.610775 20.247614 3.028603
v 2.035466 20.248121 2.218873
v 2.196547 20.248631 1.282700
v 2.095769 20.249138 0.401561
v 1.743691 20.249647 -0.350570
v 1.173455 20.250154 -0.936806
v 0.471512 20.250660 -1.322523
v -0.294134 20.251171 -1.494261
v -1.080325 20.251678 -1.445103
v -1.784801 20.252188 -1.258985
v -2.335313 20.252697 -1.044646
v -2.794857 20.254173 -0.729586
v -3.154720 20.317629 -0.194616
v -3.319555 20.571421 0.620553
v -3.326698 20.797482 1.576460
v -3.293453 20.696127 2.501793
v -3.293556 20.478523 3.254729
v -3.381974 20.353354 3.846220
v -3.600012 20.303484 4.552104
v -3.861698 20.293882 5.553342
v -3.029204 20.172462 2.602147
v -2.087737 20.158791 3.581753
v -0.991368 20.159973 3.985039
v 0.055886 20.162041 3.949895
v 0.936881 20.164106 3.599507
v 1.597604 20.166174 3.017165
v 2.019365 20.168242 2.213070
v 2.179776 20.170307 1.282027
v 2.079806 20.172375 0.405551
v 1.730187 20.174444 -0.341758
v 1.163822 20.176508 -0.924288
v 0.466034 20.178577 -1.308060
v -0.295324 20.180643 -1.479172
v -1.077279 20.182709 -1.430612
v -1.779217 20.184778 -1.245627
v -2.328470 20.186848 -1.032263
v -2.785498 20.189875 -0.719462
v -3.147193 20.254774 -0.184110
v -3.315996 20.511629 0.638661
v -3.323030 20.737795 1.588399
v -3.290233 20.637550 2.492582
v -3.290459 20.423729 3.236614
v -3.379088 20.298731 3.833324
v -3.598688 20.249144 4.546903
v -3.861334 20.240919 5.551103
v -2.990767 20.093065 2.578763
v -2.057750 20.081093 3.548538
v -0.979110 20.083733 3.942688
v 0.051732 20.087179 3.906803
v 0.918795 20.090628 3.561054
v 1.568100 20.094076 2.987701
v 1.981969 20.097521 2.196508
v 2.139927 20.100973 1.277524
v 2.041073 20.104422 0.412243
v 1.696443 20.107870 -0.323202
v 1.138591 20.111315 -0.896259
v 0.450291 20.114767 -1.274672
v -0.301045 20.118214 -1.443510
v -1.072873 20.121660 -1.395567
v -1.768619 20.125109 -1.212770
v -2.314750 20.128557 -1.001451
v -2.765223 20.132957 -0.693536
v -3.123359 20.198692 -0.164052
v -3.293597 20.456781 0.658746
v -3.300736 20.682196 1.599743
v -3.268854 20.582905 2.483540
v -3.269686 20.372454 3.219955
v -3.359244 20.246992 3.824052
v -3.581414 20.197363 4.547248
v -3.845199 20.190485 5.553326
v -2.931395 20.031319 2.547288
v -2.011892 20.020998 3.500317
v -0.959740 20.024834 3.880142
v 0.046773 20.029346 3.842703
v 0.893041 20.033863 3.503442
v 1.525153 20.038378 2.943092
v 1.926939 20.042889 2.170804
v 2.080901 20.047405 1.269630
v 1.983365 20.051918 0.420979
v 1.645764 20.056437 -0.296720
v 1.100235 20.060947 -0.855464
v 0.425821 20.065462 -1.225625
v -0.310735 20.069977 -1.390767
v -1.067540 20.074490 -1.343399
v -1.754046 20.079004 -1.163629
v -2.295499 20.083521 -0.955230
v -2.736022 20.088972 -0.654346
v -3.085553 20.154850 -0.136403
v -3.254556 20.412218 0.678853
v -3.262004 20.636112 1.609386
v -3.231416 20.537521 2.475546
v -3.233276 20.329695 3.206376
v -3.324385 20.203182 3.819306
v -3.549879 20.153183 4.553104
v -3.814878 20.147507 5.559788
v -2.856901 19.993267 2.510805
v -1.954651 19.984386 3.441813
v -0.935154 19.989040 3.803521
v 0.041495 19.994202 3.763867
v 0.862139 19.999365 3.432308
v 1.472968 20.004528 2.887707
v 1.859661 20.009689 2.138477
v 2.008475 20.014851 1.259120
v 1.912328 20.020014 0.430907
v 1.583110 20.025179 -0.264902
v 1.052504 20.030338 -0.805894
v 0.395020 20.035503 -1.165724
v -0.323449 20.040663 -1.326105
v -1.061800 20.045826 -1.279211
v -1.736925 20.050987 -1.103015
v -2.272601 20.056150 -0.898120
v -2.700750 20.062235 -0.605728
v -3.037473 20.127544 -0.103870
v -3.202692 20.382320 0.697008
v -3.210622 20.604059 1.616384
v -3.181580 20.505850 2.469385
v -3.184791 20.299644 3.197210
v -3.277922 20.171602 3.819554
v -3.507174 20.120951 4.563900
v -3.773337 20.116188 5.569862
v -2.774577 19.982641 2.472885
v -1.891629 19.974852 3.378749
v -0.907759 19.979866 3.720325
v 0.036416 19.985193 3.678013
v 0.829115 19.990522 3.354618
v 1.416650 19.995850 2.826965
v 1.786722 20.001177 2.102691
v 1.929739 20.006504 1.247019
v 1.834915 20.011835 0.441051
v 1.514613 20.017164 -0.230865
v 1.000072 20.022491 -0.752403
v 0.360903 20.027819 -1.100828
v -0.337940 20.033148 -1.255853
v -1.056217 20.038475 -1.209289
v -1.718932 20.043806 -1.036860
v -2.248296 20.049135 -0.835713
v -2.662861 20.055368 -0.552440
v -2.983826 20.119455 -0.069638
v -3.143080 20.370014 0.711436
v -3.151619 20.589178 1.620051
v -3.124222 20.490997 2.465664
v -3.128974 20.285254 3.193359
v -3.224404 20.155346 3.824774
v -3.457475 20.103817 4.578582
v -3.724640 20.099609 5.582564
v -2.692482 20.000465 2.437238
v -1.828998 19.993313 3.317301
v -0.880237 19.998188 3.638699
v 0.032031 20.003183 3.593546
v 0.797201 20.008183 3.277976
v 1.361715 20.013180 2.766815
v 1.715260 20.018177 2.066949
v 1.852401 20.023174 1.234514
v 1.758706 20.028172 0.450421
v 1.446978 20.033167 -0.197940
v 0.948073 20.038162 -0.700227
v 0.326810 20.043159 -1.037294
v -0.352791 20.048157 -1.186891
v -1.051336 20.053150 -1.140478
v -1.701826 20.058149 -0.971641
v -2.224964 20.063148 -0.774119
v -2.626063 20.069035 -0.499700
v -2.929866 20.131372 -0.037057
v -3.081559 20.376495 0.720722
v -3.090773 20.592918 1.620027
v -3.064961 20.494410 2.464739
v -3.071292 20.287916 3.195189
v -3.169070 20.155993 3.834447
v -3.405648 20.103443 4.595704
v -3.673558 20.099367 5.596644
v -2.618651 20.045008 2.407357
v -1.772886 20.037977 3.263482
v -0.855281 20.042240 3.566633
v 0.028770 20.046440 3.518733
v 0.769523 20.050636 3.209883
v 1.313539 20.054836 2.713142
v 1.652270 20.059034 2.034747
v 1.784031 20.063232 1.222830
v 1.691161 20.067432 0.458099
v 1.386826 20.071634 -0.169351
v 0.901596 20.075832 -0.654473
v 0.296079 20.080030 -0.981339
v -0.366546 20.084227 -1.125966
v -1.047636 20.088428 -1.079513
v -1.687285 20.092627 -0.913742
v -2.204889 20.096828 -0.719367
v -2.593959 20.101906 -0.452670
v -2.880872 20.162125 -0.009318
v -3.024148 20.401134 0.723960
v -3.034039 20.614922 1.616315
v -3.009595 20.515753 2.466708
v -3.017391 20.307379 3.202531
v -3.117336 20.173485 3.847636
v -3.356770 20.119886 4.613600
v -3.625089 20.115515 5.610730
v -2.560313 20.111914 2.386162
v -1.728788 20.104465 3.222561
v -0.835336 20.107687 3.511181
v 0.026953 20.110699 3.460898
v 0.748787 20.113712 3.157007
v 1.276837 20.116730 2.671202
v 1.603920 20.119741 2.009241
v 1.731321 20.122759 1.213108
v 1.638889 20.125771 0.463333
v 1.340046 20.128786 -0.147894
v 0.865190 20.131798 -0.619619
v 0.271716 20.134815 -0.938441
v -0.377861 20.137829 -1.079043
v -1.045478 20.140841 -1.032360
v -1.676729 20.143856 -0.868830
v -2.190035 20.146870 -0.676814
v -2.569690 20.150757 -0.415953
v -2.841640 20.208712 0.010865
v -2.976468 20.441532 0.720829
v -2.986970 20.653038 1.609279
v -2.963546 20.552956 2.471377
v -2.972546 20.341747 3.214665
v -3.074266 20.206125 3.863048
v -3.315619 20.151537 4.630514
v -3.583976 20.146465 5.623440
v -2.523176 20.194618 2.375732
v -1.701018 20.186272 3.198544
v -0.822351 20.188135 3.477771
v 0.026757 20.189697 3.425701
v 0.737024 20.191254 3.124520
v 1.255204 20.192810 2.645099
v 1.574943 20.194368 1.992925
v 1.699431 20.195923 1.206302
v 1.607009 20.197483 0.465612
v 1.311215 20.199039 -0.135671
v 0.842417 20.200596 -0.599078
v 0.256106 20.202152 -0.912797
v -0.385628 20.203711 -1.050714
v -1.045074 20.205269 -1.003635
v -1.671194 20.206825 -0.841301
v -2.181859 20.208382 -0.650628
v -2.555634 20.210810 -0.393143
v -2.816011 20.266563 0.021517
v -2.943185 20.493710 0.711641
v -2.954173 20.703524 1.599607
v -2.931318 20.602346 2.478285
v -2.941148 20.387640 3.230397
v -3.044075 20.250694 3.879168
v -3.286228 20.195286 4.644787
v -3.554246 20.189175 5.633529
v -2.510877 20.285036 2.377085
v -1.692296 20.275385 3.193782
v -0.817600 20.275707 3.469674
v 0.028201 20.275679 3.416589
v 0.735385 20.275652 3.115605
v 1.250755 20.275623 2.637388
v 1.568173 20.275595 1.987398
v 1.691483 20.275568 1.203077
v 1.598641 20.275541 0.464711
v 1.303158 20.275513 -0.133878
v 0.835511 20.275488 -0.594860
v 0.250779 20.275461 -0.906920
v -0.389085 20.275431 -1.043755
v -1.046463 20.275404 -0.996153
v -1.671219 20.275375 -0.833851
v -2.181158 20.275351 -0.643373
v -2.553165 20.276192 -0.386474
v -2.806494 20.330027 0.021594
v -2.927558 20.552582 0.697289
v -2.938859 20.761450 1.588244
v -2.916069 20.659121 2.486760
v -2.926270 20.440582 3.248194
v -3.029720 20.302851 3.894425
v -3.271472 20.246861 4.655028
v -3.538807 20.239485 5.640011
vt 0.346283 1.980912
vt 0.345890 1.976358
vt 0.345669 1.971842
vt 0.345607 1.967392
vt 0.345685 1.963032
vt 0.345875 1.958777
vt 0.346142 1.954634
vt 0.346448 1.950597
vt 0.346757 1.946648
vt 0.347039 1.942762
vt 0.347270 1.938911
vt 0.347441 1.935065
vt 0.347550 1.931195
vt 0.347609 1.927273
vt 0.347640 1.923268
vt 0.347677 1.919148
vt 0.347765 1.914886
vt 0.347958 1.910462
vt 0.348316 1.905869
vt 0.346851 1.985479
vt 0.360339 1.974053
vt 0.360100 1.970772
vt 0.360044 1.967462
vt 0.360166 1.964168
vt 0.360454 1.960918
vt 0.360880 1.957711
vt 0.361392 1.954512
vt 0.361926 1.951263
vt 0.362414 1.947912
vt 0.362800 1.944435
vt 0.363047 1.940855
vt 0.363133 1.937227
vt 0.363060 1.933628
vt 0.362828 1.930122
vt 0.362460 1.926754
vt 0.361999 1.923529
vt 0.361506 1.920411
vt 0.361049 1.917340
vt 0.361317 1.980352
vt 0.360750 1.977257
vt 0.338174 1.986422
vt 0.800941 1.956585
vt 0.415277 1.970177
vt 0.440268 1.968682
vt 0.460473 1.968197
vt 0.479170 1.967467
vt 0.496209 1.966580
vt 0.511888 1.965708
vt 0.527880 1.965151
vt 0.545180 1.964544
vt 0.561484 1.963701
vt 0.576250 1.963022
vt 0.590728 1.962469
vt 0.605240 1.961788
vt 0.619497 1.961100
vt 0.633681 1.960728
vt 0.647429 1.960232
vt 0.659218 1.959102
vt 0.669391 1.958180
vt 0.680156 1.957960
vt 0.695290 1.957842
vt 0.714031 1.957143
vt 0.732347 1.956861
vt 0.748109 1.956530
vt 0.760978 1.955959
vt 0.776663 1.955160
vt 0.797128 1.954651
vt 0.415120 1.966978
vt 0.440063 1.965572
vt 0.460324 1.965130
vt 0.479028 1.964447
vt 0.496059 1.963619
vt 0.511748 1.962801
vt 0.527780 1.962303
vt 0.545078 1.961741
vt 0.561358 1.960958
vt 0.576135 1.960332
vt 0.590636 1.959819
vt 0.605150 1.959206
vt 0.619419 1.958569
vt 0.633640 1.958244
vt 0.647372 1.957811
vt 0.659091 1.956764
vt 0.669336 1.955870
vt 0.680223 1.955670
vt 0.695236 1.955658
vt 0.713871 1.955067
vt 0.732330 1.954785
vt 0.748217 1.954489
vt 0.761073 1.953987
vt 0.776683 1.953240
vt 0.797143 1.952792
vt 0.414866 1.963809
vt 0.439738 1.962525
vt 0.460081 1.962102
vt 0.478802 1.961457
vt 0.495828 1.960690
vt 0.511524 1.959931
vt 0.527607 1.959483
vt 0.544908 1.958957
vt 0.561155 1.958243
vt 0.575952 1.957652
vt 0.590484 1.957202
vt 0.605004 1.956642
vt 0.619287 1.956056
vt 0.633564 1.955765
vt 0.647290 1.955388
vt 0.658908 1.954446
vt 0.669184 1.953591
vt 0.680195 1.953386
vt 0.695164 1.953477
vt 0.713738 1.952983
vt 0.732325 1.952706
vt 0.748332 1.952445
vt 0.761173 1.952013
vt 0.776683 1.951320
vt 0.797152 1.950934
vt 0.414536 1.960676
vt 0.439329 1.959542
vt 0.459775 1.959110
vt 0.478522 1.958496
vt 0.495543 1.957792
vt 0.511244 1.957099
vt 0.527385 1.956689
vt 0.544692 1.956190
vt 0.560899 1.955555
vt 0.575723 1.954996
vt 0.590291 1.954603
vt 0.604818 1.954096
vt 0.619116 1.953563
vt 0.633461 1.953291
vt 0.647189 1.952961
vt 0.658683 1.952143
vt 0.668952 1.951357
vt 0.680079 1.951134
vt 0.695086 1.951298
vt 0.713644 1.950889
vt 0.732330 1.950621
vt 0.748441 1.950397
vt 0.761265 1.950032
vt 0.776663 1.949404
vt 0.797154 1.949077
vt 0.414161 1.957574
vt 0.438884 1.956600
vt 0.459446 1.956138
vt 0.478219 1.955550
vt 0.495237 1.954908
vt 0.510942 1.954286
vt 0.527140 1.953907
vt 0.544454 1.953431
vt 0.560631 1.952860
vt 0.575471 1.952378
vt 0.590079 1.952014
vt 0.604613 1.951560
vt 0.618924 1.951083
vt 0.633342 1.950819
vt 0.647075 1.950529
vt 0.658438 1.949848
vt 0.668666 1.949166
vt 0.679891 1.948929
vt 0.695011 1.949116
vt 0.713597 1.948780
vt 0.732344 1.948535
vt 0.748532 1.948343
vt 0.761338 1.948040
vt 0.776621 1.947491
vt 0.797147 1.947220
vt 0.413778 1.954489
vt 0.438454 1.953661
vt 0.459129 1.953162
vt 0.477927 1.952598
vt 0.494943 1.952021
vt 0.510651 1.951473
vt 0.526902 1.951122
vt 0.544219 1.950667
vt 0.560370 1.950164
vt 0.575225 1.949759
vt 0.589871 1.949422
vt 0.604410 1.949023
vt 0.618732 1.948604
vt 0.633218 1.948346
vt 0.646957 1.948087
vt 0.658194 1.947550
vt 0.668360 1.946999
vt 0.679668 1.946756
vt 0.694949 1.946938
vt 0.713598 1.946662
vt 0.732365 1.946451
vt 0.748593 1.946283
vt 0.761380 1.946035
vt 0.776561 1.945584
vt 0.797131 1.945363
vt 0.413423 1.951406
vt 0.438081 1.950690
vt 0.458853 1.950159
vt 0.477670 1.949624
vt 0.494686 1.949111
vt 0.510397 1.948638
vt 0.526697 1.948298
vt 0.544008 1.947906
vt 0.560139 1.947456
vt 0.575008 1.947124
vt 0.589685 1.946818
vt 0.604228 1.946473
vt 0.618558 1.946118
vt 0.633101 1.945867
vt 0.646845 1.945636
vt 0.657971 1.945240
vt 0.668066 1.944832
vt 0.679428 1.944610
vt 0.694909 1.944750
vt 0.713646 1.944542
vt 0.732390 1.944371
vt 0.748617 1.944216
vt 0.761385 1.944020
vt 0.776486 1.943681
vt 0.797107 1.943506
vt 0.413124 1.948313
vt 0.437790 1.947669
vt 0.458635 1.947119
vt 0.477465 1.946619
vt 0.494481 1.946171
vt 0.510196 1.945772
vt 0.526531 1.945449
vt 0.543842 1.945106
vt 0.559952 1.944741
vt 0.574835 1.944466
vt 0.589533 1.944193
vt 0.604078 1.943906
vt 0.618414 1.943615
vt 0.632998 1.943380
vt 0.646745 1.943174
vt 0.657783 1.942913
vt 0.667810 1.942644
vt 0.679201 1.942466
vt 0.694896 1.942551
vt 0.713738 1.942429
vt 0.732416 1.942294
vt 0.748599 1.942146
vt 0.761351 1.941998
vt 0.776404 1.941783
vt 0.797076 1.941647
vt 0.412898 1.945213
vt 0.437594 1.944592
vt 0.458483 1.944045
vt 0.477320 1.943586
vt 0.494337 1.943203
vt 0.510056 1.942876
vt 0.526412 1.942579
vt 0.543721 1.942286
vt 0.559820 1.942004
vt 0.574712 1.941784
vt 0.589423 1.941550
vt 0.603969 1.941322
vt 0.618308 1.941098
vt 0.632916 1.940884
vt 0.646662 1.940705
vt 0.657642 1.940569
vt 0.667606 1.940426
vt 0.679008 1.940303
vt 0.694911 1.940343
vt 0.713868 1.940327
vt 0.732442 1.940220
vt 0.748540 1.940078
vt 0.761280 1.939979
vt 0.776321 1.939888
vt 0.797042 1.939787
vt 0.412760 1.942099
vt 0.437496 1.941496
vt 0.458400 1.940950
vt 0.477238 1.940532
vt 0.494259 1.940218
vt 0.509980 1.939962
vt 0.526343 1.939693
vt 0.543653 1.939454
vt 0.559749 1.939252
vt 0.574644 1.939088
vt 0.589359 1.938894
vt 0.603906 1.938726
vt 0.618245 1.938569
vt 0.632859 1.938381
vt 0.646603 1.938230
vt 0.657556 1.938212
vt 0.667464 1.938181
vt 0.678861 1.938111
vt 0.694952 1.938130
vt 0.714025 1.938234
vt 0.732466 1.938147
vt 0.748445 1.938016
vt 0.761181 1.937963
vt 0.776244 1.937994
vt 0.797006 1.937924
vt 0.412715 1.938981
vt 0.437497 1.938395
vt 0.458386 1.937853
vt 0.477224 1.937480
vt 0.494248 1.937232
vt 0.509971 1.937051
vt 0.526328 1.936806
vt 0.543639 1.936620
vt 0.559740 1.936499
vt 0.574634 1.936391
vt 0.589344 1.936237
vt 0.603891 1.936129
vt 0.618229 1.936039
vt 0.632830 1.935878
vt 0.646570 1.935754
vt 0.657530 1.935850
vt 0.667388 1.935920
vt 0.678765 1.935895
vt 0.695014 1.935917
vt 0.714197 1.936142
vt 0.732483 1.936073
vt 0.748322 1.935959
vt 0.761061 1.935960
vt 0.776182 1.936098
vt 0.796974 1.936062
vt 0.412762 1.935868
vt 0.437596 1.935316
vt 0.458445 1.934774
vt 0.477277 1.934442
vt 0.494307 1.934260
vt 0.510033 1.934152
vt 0.526366 1.933942
vt 0.543681 1.933796
vt 0.559798 1.933757
vt 0.574685 1.933705
vt 0.589380 1.933579
vt 0.603927 1.933540
vt 0.618262 1.933518
vt 0.632831 1.933379
vt 0.646562 1.933280
vt 0.657565 1.933490
vt 0.667388 1.933664
vt 0.678723 1.933675
vt 0.695091 1.933718
vt 0.714368 1.934032
vt 0.732491 1.933995
vt 0.748183 1.933912
vt 0.760934 1.933970
vt 0.776143 1.934200
vt 0.796947 1.934198
vt 0.412894 1.932767
vt 0.437794 1.932277
vt 0.458576 1.931725
vt 0.477399 1.931430
vt 0.494435 1.931313
vt 0.510164 1.931279
vt 0.526464 1.931103
vt 0.543781 1.930990
vt 0.559921 1.931035
vt 0.574793 1.931025
vt 0.589465 1.930949
vt 0.604012 1.930967
vt 0.618342 1.931009
vt 0.632863 1.930888
vt 0.646584 1.930812
vt 0.657658 1.931137
vt 0.667461 1.931423
vt 0.678741 1.931471
vt 0.695178 1.931525
vt 0.714515 1.931902
vt 0.732489 1.931912
vt 0.748042 1.931871
vt 0.760811 1.931989
vt 0.776128 1.932298
vt 0.796929 1.932333
vt 0.413106 1.929682
vt 0.438084 1.929281
vt 0.458776 1.928709
vt 0.477584 1.928447
vt 0.494627 1.928394
vt 0.510359 1.928436
vt 0.526616 1.928292
vt 0.543933 1.928205
vt 0.560105 1.928336
vt 0.574956 1.928364
vt 0.589598 1.928338
vt 0.604143 1.928411
vt 0.618466 1.928515
vt 0.632924 1.928405
vt 0.646635 1.928353
vt 0.657806 1.928794
vt 0.667610 1.929207
vt 0.678828 1.929300
vt 0.695269 1.929337
vt 0.714626 1.929755
vt 0.732474 1.929818
vt 0.747912 1.929838
vt 0.760707 1.930012
vt 0.776142 1.930393
vt 0.796921 1.930466
vt 0.413379 1.926606
vt 0.438442 1.926313
vt 0.459031 1.925715
vt 0.477819 1.925483
vt 0.494871 1.925496
vt 0.510606 1.925613
vt 0.526813 1.925500
vt 0.544126 1.925435
vt 0.560335 1.925653
vt 0.575162 1.925714
vt 0.589770 1.925740
vt 0.604311 1.925867
vt 0.618624 1.926031
vt 0.633012 1.925930
vt 0.646713 1.925904
vt 0.657999 1.926459
vt 0.667830 1.927016
vt 0.678987 1.927170
vt 0.695356 1.927150
vt 0.714687 1.927590
vt 0.732446 1.927722
vt 0.747803 1.927807
vt 0.760631 1.928036
vt 0.776182 1.928484
vt 0.796926 1.928598
vt 0.413684 1.923525
vt 0.438829 1.923342
vt 0.459311 1.922724
vt 0.478081 1.922526
vt 0.495141 1.922602
vt 0.510879 1.922792
vt 0.527023 1.922691
vt 0.544341 1.922692
vt 0.560577 1.922948
vt 0.575393 1.923089
vt 0.589964 1.923147
vt 0.604500 1.923328
vt 0.618801 1.923548
vt 0.633116 1.923459
vt 0.646811 1.923464
vt 0.658224 1.924130
vt 0.668106 1.924841
vt 0.679207 1.925059
vt 0.695433 1.924973
vt 0.714694 1.925416
vt 0.732407 1.925629
vt 0.747726 1.925777
vt 0.760590 1.926057
vt 0.776246 1.926575
vt 0.796942 1.926730
vt 0.413986 1.920419
vt 0.439195 1.920335
vt 0.459580 1.919714
vt 0.478336 1.919555
vt 0.495407 1.919694
vt 0.511145 1.919951
vt 0.527231 1.919873
vt 0.544545 1.919921
vt 0.560816 1.920254
vt 0.575620 1.920451
vt 0.590158 1.920546
vt 0.604689 1.920780
vt 0.618977 1.921055
vt 0.633227 1.920987
vt 0.646922 1.921032
vt 0.658460 1.921799
vt 0.668416 1.922662
vt 0.679472 1.922964
vt 0.695495 1.922790
vt 0.714646 1.923249
vt 0.732359 1.923540
vt 0.747685 1.923746
vt 0.760589 1.924077
vt 0.776330 1.924664
vt 0.796971 1.924862
vt 0.414249 1.917278
vt 0.439489 1.917269
vt 0.459799 1.916672
vt 0.478549 1.916559
vt 0.495632 1.916759
vt 0.511369 1.917076
vt 0.527407 1.917036
vt 0.544720 1.917135
vt 0.561020 1.917535
vt 0.575814 1.917789
vt 0.590327 1.917929
vt 0.604856 1.918218
vt 0.619131 1.918546
vt 0.633330 1.918513
vt 0.647035 1.918607
vt 0.658686 1.919460
vt 0.668724 1.920456
vt 0.679755 1.920855
vt 0.695533 1.920598
vt 0.714548 1.921102
vt 0.732306 1.921454
vt 0.747684 1.921714
vt 0.760628 1.922098
vt 0.776425 1.922752
vt 0.797008 1.922995
vt 0.415277 1.976604
vt 0.440255 1.974990
vt 0.460418 1.974395
vt 0.479148 1.973554
vt 0.496206 1.972554
vt 0.511861 1.971568
vt 0.527828 1.970903
vt 0.545150 1.970183
vt 0.561466 1.969229
vt 0.576215 1.968439
vt 0.590695 1.967773
vt 0.605219 1.966980
vt 0.619461 1.966183
vt 0.633643 1.965699
vt 0.647462 1.965084
vt 0.659290 1.963835
vt 0.669221 1.962810
vt 0.679760 1.962425
vt 0.695316 1.962244
vt 0.714365 1.961302
vt 0.732409 1.961010
vt 0.747958 1.960602
vt 0.760848 1.959910
vt 0.776585 1.958997
vt 0.797095 1.958379
vt 0.415329 1.973391
vt 0.440333 1.971833
vt 0.460507 1.971291
vt 0.479212 1.970508
vt 0.496259 1.969563
vt 0.511927 1.968633
vt 0.527897 1.968026
vt 0.545205 1.967361
vt 0.561521 1.966463
vt 0.576277 1.965729
vt 0.590749 1.965119
vt 0.605264 1.964382
vt 0.619511 1.963642
vt 0.633682 1.963214
vt 0.647458 1.962656
vt 0.659283 1.961461
vt 0.669349 1.960503
vt 0.679998 1.960219
vt 0.695317 1.960041
vt 0.714202 1.959214
vt 0.732374 1.958935
vt 0.748019 1.958568
vt 0.760900 1.957932
vt 0.776629 1.957080
vt 0.797111 1.956512
vt 0.337596 1.980941
vt 0.337224 1.975500
vt 0.337051 1.970168
vt 0.337054 1.965013
vt 0.337200 1.960089
vt 0.337446 1.955436
vt 0.337748 1.951063
vt 0.338063 1.946954
vt 0.338357 1.943058
vt 0.338607 1.939307
vt 0.338799 1.935629
vt 0.338930 1.931952
vt 0.339007 1.928210
vt 0.339049 1.924333
vt 0.339084 1.920245
vt 0.339154 1.915867
vt 0.339314 1.911134
vt 0.339633 1.906015
vt 0.338956 1.991884
vt 0.797053 1.921129
vt 0.776526 1.920838
vt 0.760705 1.920124
vt 0.747721 1.919683
vt 0.732251 1.919374
vt 0.714409 1.918982
vt 0.695545 1.918399
vt 0.680019 1.918705
vt 0.668995 1.918209
vt 0.658879 1.917112
vt 0.647141 1.916184
vt 0.633412 1.916035
vt 0.619243 1.916021
vt 0.604979 1.915639
vt 0.590449 1.915294
vt 0.575947 1.915101
vt 0.561161 1.914792
vt 0.544842 1.914331
vt 0.527526 1.914178
vt 0.511519 1.914169
vt 0.495786 1.913795
vt 0.478688 1.913537
vt 0.459930 1.913596
vt 0.439673 1.914148
vt 0.414441 1.914097
vt 0.360688 1.914264
vt 0.347589 1.990036
vt 0.801029 1.921451
vt 0.801117 1.923422
vt 0.801184 1.925446
vt 0.801222 1.927509
vt 0.801228 1.929585
vt 0.801201 1.931663
vt 0.801141 1.933716
vt 0.801054 1.935728
vt 0.800948 1.937683
vt 0.800833 1.939571
vt 0.800719 1.941386
vt 0.800619 1.943130
vt 0.800542 1.944813
vt 0.800498 1.946449
vt 0.800490 1.948065
vt 0.800521 1.949679
vt 0.800589 1.951322
vt 0.800687 1.953011
vt 0.800808 1.954762
vn 0.717746 0.337343 -0.609131
vn 0.577866 0.604367 -0.548463
vn 0.691609 0.616386 -0.376491
vn 0.819624 0.363430 -0.442872
vn 0.394337 0.816274 -0.422132
vn 0.507320 0.817346 -0.273080
vn 0.185153 0.952317 -0.242508
vn 0.279631 0.949819 -0.140183
vn -0.029260 0.999204 -0.027131
vn 0.024628 0.999625 0.011992
vn -0.227876 0.952319 0.202884
vn -0.237090 0.956498 0.169999
vn -0.391246 0.816270 0.425006
vn -0.480177 0.817698 0.317491
vn -0.503410 0.604364 0.617514
vn -0.676837 0.592198 0.437257
vn -0.553365 0.337345 0.761567
vn -0.802172 0.302501 0.514794
vn -0.536229 0.041350 0.843059
vn -0.536229 0.041351 0.843059
vn -0.453681 -0.254644 0.854008
vn -0.453681 -0.254645 0.854008
vn -0.313805 -0.521657 0.793348
vn -0.313804 -0.521657 0.793348
vn -0.130277 -0.733568 0.667013
vn -0.130277 -0.733567 0.667013
vn 0.078927 -0.869619 0.487374
vn -0.180457 -0.965760 0.186394
vn 0.293318 -0.916499 0.272018
vn 0.101672 -0.994439 0.027456
vn 0.491929 -0.869621 0.042008
vn 0.374511 -0.917975 -0.130626
vn 0.655313 -0.733566 -0.180130
vn 0.606935 -0.747185 -0.270821
vn 0.767469 -0.521657 -0.372645
vn 0.775407 -0.505165 -0.378883
vn 0.817427 -0.254640 -0.516693
vn 0.867567 -0.220826 -0.445604
vn 0.800293 0.041351 -0.598182
vn 0.880929 0.077153 -0.466917
vn -0.714639 -0.223821 -0.662718
vn -0.714638 -0.223816 -0.662721
vn -0.714641 -0.223820 -0.662717
vn -0.714643 -0.223820 -0.662715
vn -0.714641 -0.223819 -0.662717
vn -0.714641 -0.223818 -0.662717
vn -0.714642 -0.223819 -0.662716
vn -0.714635 -0.223818 -0.662724
vn -0.714640 -0.223822 -0.662717
vn -0.714640 -0.223820 -0.662718
vn -0.714640 -0.223816 -0.662719
vn -0.714644 -0.223821 -0.662712
vn -0.714638 -0.223821 -0.662719
vn -0.714642 -0.223818 -0.662716
vn -0.714640 -0.223819 -0.662717
vn -0.714641 -0.223823 -0.662716
vn -0.714646 -0.223823 -0.662711
vn -0.714644 -0.223821 -0.662713
vn -0.714640 -0.223818 -0.662717
vn -0.714640 -0.223824 -0.662716
vn -0.714641 -0.223820 -0.662716
vn 0.238815 0.030500 0.970586
vn 0.211227 0.187068 0.959369
vn -0.256899 -0.010166 0.966385
vn 0.131625 0.329208 0.935039
vn 0.006331 0.435805 0.900019
vn -0.149134 0.489852 0.858955
vn -0.312711 0.483368 0.817659
vn -0.461356 0.419506 0.781771
vn -0.576961 0.310869 0.755299
vn -0.649175 0.174899 0.740258
vn -0.675506 0.029256 0.736774
vn -0.659041 -0.111361 0.743817
vn -0.605940 -0.235853 0.759743
vn -0.523730 -0.336510 0.782603
vn -0.419981 -0.408302 0.810497
vn -0.302100 -0.447842 0.841530
vn -0.177499 -0.452791 0.873770
vn -0.053941 -0.421709 0.905125
vn 0.059740 -0.354366 0.933197
vn 0.153638 -0.252490 0.955324
vn 0.216894 -0.121026 0.968664
vn 0.677599 0.627295 -0.383876
vn 0.803654 0.364574 -0.470348
vn 0.422494 0.636537 -0.645228
vn 0.504335 0.365620 -0.782284
vn 0.104883 0.630534 -0.769043
vn 0.120272 0.360218 -0.925083
vn -0.167819 0.633610 -0.755232
vn -0.206742 0.362370 -0.908816
vn -0.411691 0.635153 -0.653522
vn -0.500407 0.363591 -0.785744
vn -0.618091 0.636150 -0.461818
vn -0.749078 0.364295 -0.553328
vn -0.738105 0.633786 -0.231335
vn -0.890658 0.362420 -0.274553
vn -0.772595 0.634627 -0.018613
vn -0.931505 0.363226 -0.019139
vn -0.741456 0.636604 0.212081
vn -0.894155 0.364843 0.259570
vn -0.628744 0.635746 0.447781
vn -0.756032 0.364144 0.543888
vn -0.460788 0.634499 0.620553
vn -0.552237 0.363166 0.750429
vn -0.268924 0.635335 0.723899
vn -0.321166 0.363846 0.874339
vn -0.056196 0.635749 0.769847
vn -0.064485 0.364180 0.929093
vn 0.122240 0.632750 0.764647
vn 0.149737 0.361820 0.920144
vn 0.228092 0.632061 0.740589
vn 0.276210 0.361181 0.890649
vn 0.347465 0.636905 0.688201
vn 0.421268 0.364857 0.830309
vn 0.588293 0.631673 0.504877
vn 0.695596 0.356924 0.623500
vn 0.813292 0.565763 0.135901
vn 0.924979 0.292726 0.242331
vn 0.855834 0.512599 -0.069210
vn 0.970895 0.239056 0.014665
vn 0.854686 0.517991 -0.034601
vn 0.972789 0.231023 -0.017589
vn 0.859116 0.504021 0.088777
vn 0.975595 0.216932 0.033999
vn 0.865955 0.463507 0.187841
vn 0.976073 0.179036 0.123402
vn 0.856667 0.437489 0.273358
vn 0.956392 0.142474 0.254983
vn 0.854537 0.445761 0.266577
vn 0.948198 0.145354 0.282476
vn 0.859052 0.453639 0.237154
vn 0.952848 0.156701 0.259856
vn 0.489755 0.831856 -0.261066
vn 0.299142 0.845423 -0.442464
vn 0.079231 0.841883 -0.533811
vn -0.111273 0.843755 -0.525067
vn -0.280749 0.844781 -0.455550
vn -0.423984 0.845731 -0.324003
vn -0.510586 0.843795 -0.165265
vn -0.536162 0.843945 -0.016967
vn -0.514636 0.845490 0.142466
vn -0.438461 0.845122 0.305812
vn -0.323560 0.844034 0.427686
vn -0.190564 0.844427 0.500629
vn -0.043190 0.844712 0.533476
vn 0.081723 0.842102 0.533090
vn 0.156575 0.841069 0.517772
vn 0.238125 0.845073 0.478695
vn 0.419712 0.842847 0.336826
vn 0.618583 0.785481 0.019362
vn 0.659153 0.737927 -0.144846
vn 0.654398 0.754584 -0.048653
vn 0.659290 0.739831 0.134117
vn 0.671567 0.702813 0.234632
vn 0.672471 0.691166 0.264713
vn 0.675544 0.702403 0.224211
vn 0.681812 0.705898 0.191940
vn 0.254173 0.960699 -0.111596
vn 0.143913 0.970228 -0.194797
vn 0.042441 0.969475 -0.241491
vn -0.044893 0.969739 -0.239981
vn -0.122316 0.970021 -0.209997
vn -0.187439 0.970532 -0.151443
vn -0.230789 0.969660 -0.080592
vn -0.245364 0.969346 -0.012799
vn -0.235745 0.970005 0.059290
vn -0.202623 0.970084 0.133719
vn -0.152327 0.969547 0.191769
vn -0.092303 0.969513 0.226989
vn -0.025239 0.969604 0.243375
vn 0.033188 0.968274 0.247678
vn 0.069065 0.967363 0.243803
vn 0.104820 0.969215 0.222791
vn 0.208651 0.968653 0.134821
vn 0.358370 0.928322 -0.098946
vn 0.397643 0.894016 -0.206436
vn 0.391586 0.918300 -0.058185
vn 0.397754 0.902280 0.166381
vn 0.411994 0.873543 0.259199
vn 0.421437 0.877361 0.229411
vn 0.429416 0.888864 0.159755
vn 0.438749 0.889338 0.128756
vn -0.010661 0.998601 0.051787
vn -0.028813 0.997072 0.070835
vn -0.003680 0.997121 0.075740
vn 0.022678 0.997282 0.070097
vn 0.045617 0.997268 0.058105
vn 0.065441 0.997095 0.038973
vn 0.071337 0.997336 0.015243
vn 0.069832 0.997544 -0.005399
vn 0.066848 0.997379 -0.027682
vn 0.055022 0.997269 -0.049277
vn 0.036224 0.997429 -0.061834
vn 0.016857 0.997512 -0.068457
vn -0.003049 0.997502 -0.070579
vn -0.017606 0.997873 -0.062765
vn -0.025380 0.998204 -0.054263
vn -0.038721 0.997773 -0.054303
vn -0.021484 0.996423 -0.081733
vn 0.059452 0.975898 -0.209974
vn 0.094352 0.963871 -0.249098
vn 0.091469 0.993883 -0.061891
vn 0.100222 0.977906 0.183456
vn 0.112020 0.959305 0.259201
vn 0.128136 0.976910 0.170964
vn 0.140996 0.986779 0.079917
vn 0.152925 0.986782 0.053613
vn -0.279757 0.936236 0.212599
vn -0.201134 0.923849 0.325651
vn -0.054250 0.922650 0.381805
vn 0.083855 0.924497 0.371852
vn 0.204974 0.924796 0.320529
vn 0.307585 0.923988 0.227241
vn 0.363328 0.924873 0.112265
vn 0.376556 0.926381 0.004778
vn 0.361948 0.925787 -0.109141
vn 0.307503 0.924900 -0.223610
vn 0.222471 0.925617 -0.306169
vn 0.125916 0.926350 -0.354995
vn 0.021424 0.926367 -0.376012
vn -0.065133 0.928200 -0.366336
vn -0.117132 0.930633 -0.346701
vn -0.178096 0.928662 -0.325375
vn -0.245905 0.924552 -0.291091
vn -0.243830 0.921018 -0.303766
vn -0.220768 0.937514 -0.268941
vn -0.216991 0.974391 -0.058971
vn -0.205881 0.961053 0.184363
vn -0.199658 0.951383 0.234536
vn -0.178164 0.979341 0.095651
vn -0.160688 0.986980 -0.007030
vn -0.148370 0.988580 -0.026372
vn -0.523107 0.776085 0.352208
vn -0.354564 0.760522 0.543958
vn -0.102503 0.757751 0.644442
vn 0.133350 0.761656 0.634112
vn 0.340420 0.762500 0.550189
vn 0.515230 0.761378 0.393499
vn 0.615619 0.762324 0.199689
vn 0.643826 0.765001 0.016139
vn 0.619829 0.764391 -0.177534
vn 0.528779 0.762725 -0.372347
vn 0.386891 0.763664 -0.516849
vn 0.223380 0.765066 -0.603967
vn 0.045211 0.765164 -0.642247
vn -0.104898 0.767715 -0.632147
vn -0.197096 0.771995 -0.604299
vn -0.299709 0.769534 -0.563908
vn -0.442172 0.762647 -0.472073
vn -0.516829 0.771479 -0.371090
vn -0.514030 0.816188 -0.263837
vn -0.504102 0.862232 -0.049370
vn -0.492903 0.853496 0.169091
vn -0.492530 0.849863 0.187477
vn -0.466697 0.884340 0.011688
vn -0.445793 0.890364 -0.092307
vn -0.435828 0.894060 -0.103494
vn -0.711879 0.535853 0.453971
vn -0.473222 0.526205 0.706519
vn -0.141672 0.523287 0.840297
vn 0.168377 0.527924 0.832434
vn 0.440938 0.528993 0.725079
vn 0.670615 0.527944 0.521105
vn 0.805483 0.528615 0.267887
vn 0.846649 0.531492 0.026478
vn 0.816164 0.531067 -0.227695
vn 0.697546 0.529209 -0.483082
vn 0.513063 0.530031 -0.675154
vn 0.299053 0.531592 -0.792450
vn 0.064992 0.531719 -0.844424
vn -0.133879 0.534117 -0.834743
vn -0.257799 0.538837 -0.801994
vn -0.392268 0.536721 -0.747032
vn -0.593002 0.528991 -0.607057
vn -0.732442 0.547142 -0.405172
vn -0.754240 0.613453 -0.234086
vn -0.742928 0.668513 -0.033890
vn -0.734763 0.664032 0.138511
vn -0.737790 0.663833 0.122436
vn -0.709223 0.701280 -0.072171
vn -0.687040 0.707005 -0.167691
vn -0.681342 0.711880 -0.170293
vn -0.825912 0.245302 0.507638
vn -0.545732 0.245228 0.801274
vn -0.166428 0.243971 0.955395
vn 0.187941 0.247315 0.950533
vn 0.499749 0.248026 0.829900
vn 0.762273 0.247327 0.598138
vn 0.918038 0.247650 0.309639
vn 0.967784 0.249524 0.033636
vn 0.933806 0.249276 -0.256649
vn 0.798840 0.248002 -0.548041
vn 0.589217 0.248477 -0.768819
vn 0.345252 0.249492 -0.904740
vn 0.077833 0.249540 -0.965232
vn -0.150443 0.251074 -0.956205
vn -0.293989 0.254384 -0.921336
vn -0.447649 0.253082 -0.857648
vn -0.686802 0.247327 -0.683471
vn -0.873578 0.273892 -0.402298
vn -0.917912 0.352354 -0.182442
vn -0.911343 0.411407 -0.014120
vn -0.907827 0.408546 0.094550
vn -0.910489 0.411000 0.045711
vn -0.881756 0.448062 -0.147472
vn -0.861393 0.454859 -0.226064
vn -0.860400 0.459616 -0.220149
vn -0.912150 -0.039901 0.407910
vn -0.857385 -0.062257 0.510896
vn -0.565756 -0.056085 0.822663
vn -0.173525 -0.054862 0.983300
vn 0.192034 -0.054282 0.979886
vn 0.513661 -0.054326 0.856272
vn 0.784421 -0.054510 0.617829
vn 0.945623 -0.054497 0.320666
vn 0.997869 -0.054370 0.036066
vn 0.963219 -0.054479 -0.263137
vn 0.824354 -0.054656 -0.563429
vn 0.608678 -0.054631 -0.791535
vn 0.357389 -0.054614 -0.932357
vn 0.081732 -0.054699 -0.995152
vn -0.154003 -0.054418 -0.986571
vn -0.302782 -0.053801 -0.951540
vn -0.461262 -0.054091 -0.885614
vn -0.717330 -0.055570 -0.694514
vn -0.931967 -0.020785 -0.361948
vn -0.991661 0.060825 -0.113619
vn -0.993391 0.114519 0.007739
vn -0.993066 0.110359 0.040513
vn -0.992570 0.116518 -0.035050
vn -0.966841 0.149650 -0.206940
vn -0.952015 0.158225 -0.261979
vn -0.955081 0.162099 -0.248080
vn -0.862949 -0.347408 0.366915
vn -0.808603 -0.357417 0.467349
vn -0.531829 -0.351444 0.770484
vn -0.161980 -0.348467 0.923219
vn 0.180992 -0.350696 0.918833
vn 0.482340 -0.351434 0.802398
vn 0.736175 -0.351082 0.578608
vn 0.886911 -0.351394 0.299850
vn 0.935054 -0.352951 0.033172
vn 0.902418 -0.352887 -0.247208
vn 0.772305 -0.351996 -0.528813
vn 0.569905 -0.352422 -0.742298
vn 0.334258 -0.353347 -0.873738
vn 0.075980 -0.353539 -0.932329
vn -0.144701 -0.354547 -0.923774
vn -0.283693 -0.356643 -0.890126
vn -0.432263 -0.355856 -0.828562
vn -0.683374 -0.352325 -0.639427
vn -0.906254 -0.310570 -0.286793
vn -0.971867 -0.233123 -0.033591
vn -0.980375 -0.194974 0.029165
vn -0.979415 -0.200983 -0.018782
vn -0.975459 -0.189761 -0.111672
vn -0.955512 -0.164103 -0.245086
vn -0.949832 -0.154239 -0.272085
vn -0.956023 -0.151253 -0.251283
vn -0.731001 -0.616586 0.292334
vn -0.687335 -0.616974 0.383295
vn -0.447011 -0.615588 0.649024
vn -0.133080 -0.612609 0.779102
vn 0.155257 -0.616276 0.772075
vn 0.407965 -0.617242 0.672738
vn 0.621108 -0.616477 0.483922
vn 0.746344 -0.617156 0.249177
vn 0.784536 -0.619562 0.025431
vn 0.756610 -0.619234 -0.209976
vn 0.647104 -0.617804 -0.446737
vn 0.476274 -0.618562 -0.624935
vn 0.278035 -0.619910 -0.733763
vn 0.061279 -0.620112 -0.782116
vn -0.123193 -0.622060 -0.773217
vn -0.238463 -0.625640 -0.742772
vn -0.363412 -0.623918 -0.691851
vn -0.588290 -0.616558 -0.523232
vn -0.800365 -0.571003 -0.182675
vn -0.862371 -0.503715 0.050866
vn -0.871606 -0.487881 0.047694
vn -0.866749 -0.492727 -0.077236
vn -0.861238 -0.476609 -0.176389
vn -0.848758 -0.461203 -0.258654
vn -0.854740 -0.451847 -0.255449
vn -0.863311 -0.449516 -0.229409
vn -0.527880 -0.827606 0.190817
vn -0.503708 -0.821973 0.265778
vn -0.318712 -0.824893 0.466878
vn -0.090364 -0.823455 0.560139
vn 0.115502 -0.826597 0.550815
vn 0.295302 -0.827244 0.477978
vn 0.447302 -0.826368 0.342106
vn 0.534274 -0.827281 0.173659
vn 0.558503 -0.829379 0.014327
vn 0.538002 -0.828823 -0.153642
vn 0.459265 -0.827586 -0.322765
vn 0.336025 -0.828418 -0.448119
vn 0.194123 -0.829525 -0.523646
vn 0.039641 -0.829627 -0.556909
vn -0.090692 -0.831751 -0.547691
vn -0.170980 -0.835026 -0.522969
vn -0.260821 -0.832914 -0.488085
vn -0.439659 -0.824424 -0.356406
vn -0.622921 -0.780093 -0.058522
vn -0.672724 -0.727959 0.132356
vn -0.675395 -0.734905 0.061281
vn -0.666992 -0.733935 -0.128300
vn -0.662314 -0.715335 -0.222792
vn -0.657944 -0.711458 -0.246856
vn -0.676119 -0.705110 -0.213736
vn -0.686319 -0.703481 -0.184610
vn -0.270272 -0.954942 0.122636
vn -0.158626 -0.958378 0.237379
vn -0.039449 -0.958515 0.282300
vn 0.063132 -0.959844 0.273338
vn 0.152170 -0.959988 0.235091
vn 0.227783 -0.959411 0.166272
vn 0.267546 -0.960121 0.081161
vn 0.276163 -0.961109 0.002067
vn 0.265533 -0.960633 -0.081712
vn 0.225313 -0.960075 -0.165801
vn 0.162097 -0.960615 -0.225708
vn 0.090859 -0.961081 -0.260898
vn 0.014124 -0.961089 -0.275879
vn -0.049147 -0.962428 -0.267051
vn -0.087095 -0.964036 -0.251095
vn -0.133459 -0.962539 -0.236023
vn -0.248919 -0.956184 -0.154114
vn -0.386935 -0.919132 0.074008
vn -0.417508 -0.885708 0.203000
vn -0.409376 -0.909786 0.068571
vn -0.401760 -0.900546 -0.166151
vn -0.399181 -0.883108 -0.246527
vn -0.403111 -0.890427 -0.211284
vn -0.431711 -0.889283 -0.151003
vn -0.442247 -0.888667 -0.121199
vn -0.004606 -0.999347 -0.035842
vn 0.017416 -0.999639 -0.020468
vn 0.012570 -0.999478 -0.029766
vn 0.001116 -0.999403 -0.034533
vn -0.009859 -0.999414 -0.032793
vn -0.018822 -0.999482 -0.026114
vn -0.029934 -0.999387 -0.018173
vn -0.036320 -0.999300 -0.008970
vn -0.035375 -0.999374 0.000506
vn -0.032407 -0.999412 0.011231
vn -0.028240 -0.999343 0.022739
vn -0.021011 -0.999311 0.030607
vn -0.011693 -0.999317 0.035047
vn -0.001588 -0.999117 0.041990
vn 0.005516 -0.998899 0.046584
vn 0.007148 -0.999156 0.040461
vn -0.031587 -0.997427 0.064352
vn -0.110536 -0.973355 0.200901
vn -0.117629 -0.959851 0.254654
vn -0.100212 -0.992566 0.069065
vn -0.098706 -0.977477 -0.186536
vn -0.098238 -0.964403 -0.245513
vn -0.110615 -0.981605 -0.155613
vn -0.146053 -0.986552 -0.073377
vn -0.154974 -0.986877 -0.045357
vn 0.268271 -0.943339 -0.195299
vn 0.190715 -0.940315 -0.281843
vn 0.058611 -0.937405 -0.343274
vn -0.065316 -0.937786 -0.341016
vn -0.175383 -0.938308 -0.298024
vn -0.268509 -0.939043 -0.214710
vn -0.328173 -0.937812 -0.113191
vn -0.347544 -0.937511 -0.016910
vn -0.334607 -0.938454 0.085685
vn -0.287421 -0.938469 0.191479
vn -0.215027 -0.937739 0.272781
vn -0.129590 -0.937799 0.322087
vn -0.034472 -0.937957 0.345034
vn 0.047765 -0.936158 0.348321
vn 0.097951 -0.935103 0.340570
vn 0.147744 -0.937705 0.314454
vn 0.193013 -0.941277 0.277026
vn 0.182654 -0.934002 0.307047
vn 0.199041 -0.939109 0.280103
vn 0.219493 -0.973567 0.063167
vn 0.212649 -0.959007 -0.187313
vn 0.211382 -0.952306 -0.220072
vn 0.190791 -0.977940 -0.085038
vn 0.153006 -0.988156 0.011734
vn 0.147765 -0.988384 0.035535
vn 0.516970 -0.786563 -0.337729
vn 0.342322 -0.783735 -0.518243
vn 0.093541 -0.777453 -0.621946
vn -0.128710 -0.779918 -0.612504
vn -0.326438 -0.781257 -0.532048
vn -0.494171 -0.782304 -0.379204
vn -0.594680 -0.780276 -0.193717
vn -0.624587 -0.780673 -0.021012
vn -0.600713 -0.782295 0.164797
vn -0.512411 -0.781687 0.355529
vn -0.378298 -0.780610 0.497533
vn -0.223486 -0.781266 0.582819
vn -0.051878 -0.781618 0.621596
vn 0.093707 -0.778987 0.619999
vn 0.180885 -0.778394 0.601152
vn 0.274385 -0.782792 0.558524
vn 0.402629 -0.790472 0.461566
vn 0.463802 -0.800998 0.378538
vn 0.498980 -0.821871 0.274859
vn 0.515877 -0.855085 0.051964
vn 0.503383 -0.847468 -0.168531
vn 0.500400 -0.848392 -0.172716
vn 0.472733 -0.881187 -0.005801
vn 0.436937 -0.894317 0.096347
vn 0.436451 -0.892538 0.113519
vn 0.710233 -0.545353 -0.445150
vn 0.456411 -0.546506 -0.702154
vn 0.115577 -0.539316 -0.834134
vn -0.180592 -0.543452 -0.819784
vn -0.445366 -0.545154 -0.710251
vn -0.670058 -0.546010 -0.502886
vn -0.800141 -0.544095 -0.252458
vn -0.837986 -0.545254 -0.021866
vn -0.805488 -0.546855 0.228339
vn -0.683777 -0.545681 0.484439
vn -0.501524 -0.544776 0.672080
vn -0.293646 -0.545917 0.784695
vn -0.063008 -0.546344 0.835187
vn 0.130748 -0.544116 0.828760
vn 0.245655 -0.544561 0.801939
vn 0.373793 -0.549006 0.747577
vn 0.574241 -0.558739 0.598380
vn 0.701375 -0.585851 0.406018
vn 0.747699 -0.619526 0.239027
vn 0.758287 -0.650875 0.036910
vn 0.745803 -0.652892 -0.132325
vn 0.741039 -0.662718 -0.108011
vn 0.708938 -0.701270 0.075015
vn 0.678468 -0.714122 0.172368
vn 0.682094 -0.708584 0.180709
vn 0.826083 -0.250123 -0.505000
vn 0.523170 -0.255322 -0.813083
vn 0.125974 -0.251185 -0.959706
vn -0.213516 -0.254707 -0.943152
vn -0.518315 -0.255855 -0.816020
vn -0.776798 -0.256202 -0.575279
vn -0.923643 -0.255336 -0.285810
vn -0.966344 -0.256400 -0.020951
vn -0.928420 -0.257140 0.268171
vn -0.785473 -0.256110 0.563418
vn -0.574021 -0.255783 0.777866
vn -0.334465 -0.256732 0.906765
vn -0.068237 -0.257007 0.963998
vn 0.154160 -0.256185 0.954256
vn 0.285428 -0.257247 0.923231
vn 0.435151 -0.259654 0.862104
vn 0.687842 -0.269808 0.673853
vn 0.867431 -0.311769 0.387767
vn 0.917654 -0.355383 0.177800
vn 0.923496 -0.383114 0.019451
vn 0.915842 -0.392928 -0.082713
vn 0.910201 -0.412918 -0.032133
vn 0.877761 -0.454980 0.150098
vn 0.854597 -0.464351 0.232470
vn 0.860334 -0.454701 0.230373
vn 0.856203 0.063752 -0.512692
vn 0.538940 0.058853 -0.840286
vn 0.127101 0.057621 -0.990215
vn -0.222688 0.056884 -0.973229
vn -0.537279 0.056977 -0.841478
vn -0.803825 0.057200 -0.592110
vn -0.954432 0.056579 -0.293016
vn -0.998208 0.056477 -0.019792
vn -0.958577 0.057025 0.279068
vn -0.809830 0.057180 0.583872
vn -0.591012 0.056782 0.804662
vn -0.343605 0.056660 0.937404
vn -0.068504 0.056710 0.996038
vn 0.160814 0.055781 0.985407
vn 0.295992 0.054816 0.953616
vn 0.451600 0.055635 0.890484
vn 0.729971 0.046097 0.681922
vn 0.944020 -0.008826 0.329771
vn 0.993241 -0.059207 0.099837
vn 0.996856 -0.079234 0.000876
vn 0.995368 -0.092775 -0.025192
vn 0.991269 -0.122968 0.047591
vn 0.963219 -0.164815 0.212239
vn 0.947857 -0.168414 0.270562
vn 0.953514 -0.156371 0.257601
s 1
g Glass_Bottle VIne Vines
usemtl lambert10SG
f 283/392/423 284/393/424 304/413/425 303/412/426
f 284/393/424 285/394/427 305/414/428 304/413/425
f 285/394/427 286/395/429 306/415/430 305/414/428
f 286/395/429 287/396/431 307/416/432 306/415/430
f 287/396/431 288/397/433 308/417/434 307/416/432
f 288/397/433 289/398/435 309/418/436 308/417/434
f 289/398/435 290/399/437 310/419/438 309/418/436
f 290/399/437 291/400/439 311/420/440 310/419/438
f 291/400/439 292/401/441 312/421/442 311/420/440
f 292/401/441 293/402/443 313/422/444 312/421/442
f 293/402/443 294/403/445 314/423/446 313/422/444
f 294/403/445 295/404/447 315/424/448 314/423/446
f 295/404/447 296/405/449 316/425/450 315/424/448
f 296/405/449 297/406/451 317/426/452 316/425/450
f 297/406/451 298/407/453 318/427/454 317/426/452
f 298/407/453 299/408/455 319/428/456 318/427/454
f 299/408/455 300/409/457 320/429/458 319/428/456
f 300/409/457 301/410/459 321/978/460 320/429/458
f 301/979/459 302/411/461 322/431/462 321/430/460
f 302/411/461 283/392/423 303/412/426 322/431/462
s 2
f 284/393/463 283/392/464 323/934/465
f 285/394/466 284/393/463 323/935/465
f 286/395/467 285/394/466 323/936/465
f 287/396/468 286/395/467 323/937/465
f 288/397/469 287/396/468 323/938/465
f 289/398/470 288/397/469 323/939/465
f 290/399/471 289/398/470 323/940/465
f 291/400/472 290/399/471 323/941/465
f 292/401/473 291/400/472 323/942/465
f 293/402/474 292/401/473 323/943/465
f 294/403/475 293/402/474 323/944/465
f 295/404/476 294/403/475 323/945/465
f 296/405/477 295/404/476 323/946/465
f 297/406/478 296/405/477 323/947/465
f 298/407/479 297/406/478 323/948/465
f 299/408/480 298/407/479 323/949/465
f 300/409/481 299/408/480 323/950/465
f 301/410/482 300/409/481 323/951/465
f 302/411/483 301/979/482 323/952/465
f 283/392/464 302/411/483 323/432/465
s 3
f 348/458/484 373/483/485 374/997/486
f 373/483/485 399/508/487 374/996/486
f 399/508/487 424/533/488 374/995/486
f 424/533/488 449/558/489 374/994/486
f 449/558/489 474/583/490 374/993/486
f 474/583/490 499/608/491 374/992/486
f 499/608/491 524/633/492 374/991/486
f 524/633/492 549/658/493 374/990/486
f 549/658/493 574/683/494 374/989/486
f 574/683/494 599/708/495 374/988/486
f 599/708/495 624/733/496 374/987/486
f 624/733/496 649/758/497 374/986/486
f 649/758/497 674/783/498 374/985/486
f 674/783/498 699/808/499 374/984/486
f 699/808/499 724/833/500 374/983/486
f 724/833/500 749/858/501 374/982/486
f 749/858/501 774/883/502 374/981/486
f 774/883/502 799/953/503 374/980/486
f 799/908/503 824/933/504 374/433/486
f 824/933/504 348/458/484 374/998/486
s 1
f 303/412/426 304/413/425 349/459/505 324/434/506
f 324/434/506 349/459/505 350/460/507 325/435/508
f 325/435/508 350/460/507 351/461/509 326/436/510
f 326/436/510 351/461/509 352/462/511 327/437/512
f 327/437/512 352/462/511 353/463/513 328/438/514
f 328/438/514 353/463/513 354/464/515 329/439/516
f 329/439/516 354/464/515 355/465/517 330/440/518
f 330/440/518 355/465/517 356/466/519 331/441/520
f 331/441/520 356/466/519 357/467/521 332/442/522
f 332/442/522 357/467/521 358/468/523 333/443/524
f 333/443/524 358/468/523 359/469/525 334/444/526
f 334/444/526 359/469/525 360/470/527 335/445/528
f 335/445/528 360/470/527 361/471/529 336/446/530
f 336/446/530 361/471/529 362/472/531 337/447/532
f 337/447/532 362/472/531 363/473/533 338/448/534
f 338/448/534 363/473/533 364/474/535 339/449/536
f 339/449/536 364/474/535 365/475/537 340/450/538
f 340/450/538 365/475/537 366/476/539 341/451/540
f 341/451/540 366/476/539 367/477/541 342/452/542
f 342/452/542 367/477/541 368/478/543 343/453/544
f 343/453/544 368/478/543 369/479/545 344/454/546
f 344/454/546 369/479/545 370/480/547 345/455/548
f 345/455/548 370/480/547 371/481/549 346/456/550
f 346/456/550 371/481/549 372/482/551 347/457/552
f 347/457/552 372/482/551 373/483/553 348/458/554
f 304/413/425 305/414/428 375/484/555 349/459/505
f 349/459/505 375/484/555 376/485/556 350/460/507
f 350/460/507 376/485/556 377/486/557 351/461/509
f 351/461/509 377/486/557 378/487/558 352/462/511
f 352/462/511 378/487/558 379/488/559 353/463/513
f 353/463/513 379/488/559 380/489/560 354/464/515
f 354/464/515 380/489/560 381/490/561 355/465/517
f 355/465/517 381/490/561 382/491/562 356/466/519
f 356/466/519 382/491/562 383/492/563 357/467/521
f 357/467/521 383/492/563 384/493/564 358/468/523
f 358/468/523 384/493/564 385/494/565 359/469/525
f 359/469/525 385/494/565 386/495/566 360/470/527
f 360/470/527 386/495/566 387/496/567 361/471/529
f 361/471/529 387/496/567 388/497/568 362/472/531
f 362/472/531 388/497/568 389/498/569 363/473/533
f 363/473/533 389/498/569 390/499/570 364/474/535
f 364/474/535 390/499/570 391/500/571 365/475/537
f 365/475/537 391/500/571 392/501/572 366/476/539
f 366/476/539 392/501/572 393/502/573 367/477/541
f 367/477/541 393/502/573 394/503/574 368/478/543
f 368/478/543 394/503/574 395/504/575 369/479/545
f 369/479/545 395/504/575 396/505/576 370/480/547
f 370/480/547 396/505/576 397/506/577 371/481/549
f 371/481/549 397/506/577 398/507/578 372/482/551
f 372/482/551 398/507/578 399/508/579 373/483/553
f 305/414/428 306/415/430 400/509/580 375/484/555
f 375/484/555 400/509/580 401/510/581 376/485/556
f 376/485/556 401/510/581 402/511/582 377/486/557
f 377/486/557 402/511/582 403/512/583 378/487/558
f 378/487/558 403/512/583 404/513/584 379/488/559
f 379/488/559 404/513/584 405/514/585 380/489/560
f 380/489/560 405/514/585 406/515/586 381/490/561
f 381/490/561 406/515/586 407/516/587 382/491/562
f 382/491/562 407/516/587 408/517/588 383/492/563
f 383/492/563 408/517/588 409/518/589 384/493/564
f 384/493/564 409/518/589 410/519/590 385/494/565
f 385/494/565 410/519/590 411/520/591 386/495/566
f 386/495/566 411/520/591 412/521/592 387/496/567
f 387/496/567 412/521/592 413/522/593 388/497/568
f 388/497/568 413/522/593 414/523/594 389/498/569
f 389/498/569 414/523/594 415/524/595 390/499/570
f 390/499/570 415/524/595 416/525/596 391/500/571
f 391/500/571 416/525/596 417/526/597 392/501/572
f 392/501/572 417/526/597 418/527/598 393/502/573
f 393/502/573 418/527/598 419/528/599 394/503/574
f 394/503/574 419/528/599 420/529/600 395/504/575
f 395/504/575 420/529/600 421/530/601 396/505/576
f 396/505/576 421/530/601 422/531/602 397/506/577
f 397/506/577 422/531/602 423/532/603 398/507/578
f 398/507/578 423/532/603 424/533/604 399/508/579
f 306/415/430 307/416/432 425/534/605 400/509/580
f 400/509/580 425/534/605 426/535/606 401/510/581
f 401/510/581 426/535/606 427/536/607 402/511/582
f 402/511/582 427/536/607 428/537/608 403/512/583
f 403/512/583 428/537/608 429/538/609 404/513/584
f 404/513/584 429/538/609 430/539/610 405/514/585
f 405/514/585 430/539/610 431/540/611 406/515/586
f 406/515/586 431/540/611 432/541/612 407/516/587
f 407/516/587 432/541/612 433/542/613 408/517/588
f 408/517/588 433/542/613 434/543/614 409/518/589
f 409/518/589 434/543/614 435/544/615 410/519/590
f 410/519/590 435/544/615 436/545/616 411/520/591
f 411/520/591 436/545/616 437/546/617 412/521/592
f 412/521/592 437/546/617 438/547/618 413/522/593
f 413/522/593 438/547/618 439/548/619 414/523/594
f 414/523/594 439/548/619 440/549/620 415/524/595
f 415/524/595 440/549/620 441/550/621 416/525/596
f 416/525/596 441/550/621 442/551/622 417/526/597
f 417/526/597 442/551/622 443/552/623 418/527/598
f 418/527/598 443/552/623 444/553/624 419/528/599
f 419/528/599 444/553/624 445/554/625 420/529/600
f 420/529/600 445/554/625 446/555/626 421/530/601
f 421/530/601 446/555/626 447/556/627 422/531/602
f 422/531/602 447/556/627 448/557/628 423/532/603
f 423/532/603 448/557/628 449/558/629 424/533/604
f 307/416/432 308/417/434 450/559/630 425/534/605
f 425/534/605 450/559/630 451/560/631 426/535/606
f 426/535/606 451/560/631 452/561/632 427/536/607
f 427/536/607 452/561/632 453/562/633 428/537/608
f 428/537/608 453/562/633 454/563/634 429/538/609
f 429/538/609 454/563/634 455/564/635 430/539/610
f 430/539/610 455/564/635 456/565/636 431/540/611
f 431/540/611 456/565/636 457/566/637 432/541/612
f 432/541/612 457/566/637 458/567/638 433/542/613
f 433/542/613 458/567/638 459/568/639 434/543/614
f 434/543/614 459/568/639 460/569/640 435/544/615
f 435/544/615 460/569/640 461/570/641 436/545/616
f 436/545/616 461/570/641 462/571/642 437/546/617
f 437/546/617 462/571/642 463/572/643 438/547/618
f 438/547/618 463/572/643 464/573/644 439/548/619
f 439/548/619 464/573/644 465/574/645 440/549/620
f 440/549/620 465/574/645 466/575/646 441/550/621
f 441/550/621 466/575/646 467/576/647 442/551/622
f 442/551/622 467/576/647 468/577/648 443/552/623
f 443/552/623 468/577/648 469/578/649 444/553/624
f 444/553/624 469/578/649 470/579/650 445/554/625
f 445/554/625 470/579/650 471/580/651 446/555/626
f 446/555/626 471/580/651 472/581/652 447/556/627
f 447/556/627 472/581/652 473/582/653 448/557/628
f 448/557/628 473/582/653 474/583/654 449/558/629
f 308/417/434 309/418/436 475/584/655 450/559/630
f 450/559/630 475/584/655 476/585/656 451/560/631
f 451/560/631 476/585/656 477/586/657 452/561/632
f 452/561/632 477/586/657 478/587/658 453/562/633
f 453/562/633 478/587/658 479/588/659 454/563/634
f 454/563/634 479/588/659 480/589/660 455/564/635
f 455/564/635 480/589/660 481/590/661 456/565/636
f 456/565/636 481/590/661 482/591/662 457/566/637
f 457/566/637 482/591/662 483/592/663 458/567/638
f 458/567/638 483/592/663 484/593/664 459/568/639
f 459/568/639 484/593/664 485/594/665 460/569/640
f 460/569/640 485/594/665 486/595/666 461/570/641
f 461/570/641 486/595/666 487/596/667 462/571/642
f 462/571/642 487/596/667 488/597/668 463/572/643
f 463/572/643 488/597/668 489/598/669 464/573/644
f 464/573/644 489/598/669 490/599/670 465/574/645
f 465/574/645 490/599/670 491/600/671 466/575/646
f 466/575/646 491/600/671 492/601/672 467/576/647
f 467/576/647 492/601/672 493/602/673 468/577/648
f 468/577/648 493/602/673 494/603/674 469/578/649
f 469/578/649 494/603/674 495/604/675 470/579/650
f 470/579/650 495/604/675 496/605/676 471/580/651
f 471/580/651 496/605/676 497/606/677 472/581/652
f 472/581/652 497/606/677 498/607/678 473/582/653
f 473/582/653 498/607/678 499/608/679 474/583/654
f 309/418/436 310/419/438 500/609/680 475/584/655
f 475/584/655 500/609/680 501/610/681 476/585/656
f 476/585/656 501/610/681 502/611/682 477/586/657
f 477/586/657 502/611/682 503/612/683 478/587/658
f 478/587/658 503/612/683 504/613/684 479/588/659
f 479/588/659 504/613/684 505/614/685 480/589/660
f 480/589/660 505/614/685 506/615/686 481/590/661
f 481/590/661 506/615/686 507/616/687 482/591/662
f 482/591/662 507/616/687 508/617/688 483/592/663
f 483/592/663 508/617/688 509/618/689 484/593/664
f 484/593/664 509/618/689 510/619/690 485/594/665
f 485/594/665 510/619/690 511/620/691 486/595/666
f 486/595/666 511/620/691 512/621/692 487/596/667
f 487/596/667 512/621/692 513/622/693 488/597/668
f 488/597/668 513/622/693 514/623/694 489/598/669
f 489/598/669 514/623/694 515/624/695 490/599/670
f 490/599/670 515/624/695 516/625/696 491/600/671
f 491/600/671 516/625/696 517/626/697 492/601/672
f 492/601/672 517/626/697 518/627/698 493/602/673
f 493/602/673 518/627/698 519/628/699 494/603/674
f 494/603/674 519/628/699 520/629/700 495/604/675
f 495/604/675 520/629/700 521/630/701 496/605/676
f 496/605/676 521/630/701 522/631/702 497/606/677
f 497/606/677 522/631/702 523/632/703 498/607/678
f 498/607/678 523/632/703 524/633/704 499/608/679
f 310/419/438 311/420/440 525/634/705 500/609/680
f 500/609/680 525/634/705 526/635/706 501/610/681
f 501/610/681 526/635/706 527/636/707 502/611/682
f 502/611/682 527/636/707 528/637/708 503/612/683
f 503/612/683 528/637/708 529/638/709 504/613/684
f 504/613/684 529/638/709 530/639/710 505/614/685
f 505/614/685 530/639/710 531/640/711 506/615/686
f 506/615/686 531/640/711 532/641/712 507/616/687
f 507/616/687 532/641/712 533/642/713 508/617/688
f 508/617/688 533/642/713 534/643/714 509/618/689
f 509/618/689 534/643/714 535/644/715 510/619/690
f 510/619/690 535/644/715 536/645/716 511/620/691
f 511/620/691 536/645/716 537/646/717 512/621/692
f 512/621/692 537/646/717 538/647/718 513/622/693
f 513/622/693 538/647/718 539/648/719 514/623/694
f 514/623/694 539/648/719 540/649/720 515/624/695
f 515/624/695 540/649/720 541/650/721 516/625/696
f 516/625/696 541/650/721 542/651/722 517/626/697
f 517/626/697 542/651/722 543/652/723 518/627/698
f 518/627/698 543/652/723 544/653/724 519/628/699
f 519/628/699 544/653/724 545/654/725 520/629/700
f 520/629/700 545/654/725 546/655/726 521/630/701
f 521/630/701 546/655/726 547/656/727 522/631/702
f 522/631/702 547/656/727 548/657/728 523/632/703
f 523/632/703 548/657/728 549/658/729 524/633/704
f 311/420/440 312/421/730 550/659/731 525/634/705
f 525/634/705 550/659/731 551/660/732 526/635/706
f 526/635/706 551/660/732 552/661/733 527/636/707
f 527/636/707 552/661/733 553/662/734 528/637/708
f 528/637/708 553/662/734 554/663/735 529/638/709
f 529/638/709 554/663/735 555/664/736 530/639/710
f 530/639/710 555/664/736 556/665/737 531/640/711
f 531/640/711 556/665/737 557/666/738 532/641/712
f 532/641/712 557/666/738 558/667/739 533/642/713
f 533/642/713 558/667/739 559/668/740 534/643/714
f 534/643/714 559/668/740 560/669/741 535/644/715
f 535/644/715 560/669/741 561/670/742 536/645/716
f 536/645/716 561/670/742 562/671/743 537/646/717
f 537/646/717 562/671/743 563/672/744 538/647/718
f 538/647/718 563/672/744 564/673/745 539/648/719
f 539/648/719 564/673/745 565/674/746 540/649/720
f 540/649/720 565/674/746 566/675/747 541/650/721
f 541/650/721 566/675/747 567/676/748 542/651/722
f 542/651/722 567/676/748 568/677/749 543/652/723
f 543/652/723 568/677/749 569/678/750 544/653/724
f 544/653/724 569/678/750 570/679/751 545/654/725
f 545/654/725 570/679/751 571/680/752 546/655/726
f 546/655/726 571/680/752 572/681/753 547/656/727
f 547/656/727 572/681/753 573/682/754 548/657/728
f 548/657/728 573/682/754 574/683/755 549/658/729
f 312/421/730 313/422/756 575/684/757 550/659/731
f 550/659/731 575/684/757 576/685/758 551/660/732
f 551/660/732 576/685/758 577/686/759 552/661/733
f 552/661/733 577/686/759 578/687/760 553/662/734
f 553/662/734 578/687/760 579/688/761 554/663/735
f 554/663/735 579/688/761 580/689/762 555/664/736
f 555/664/736 580/689/762 581/690/763 556/665/737
f 556/665/737 581/690/763 582/691/764 557/666/738
f 557/666/738 582/691/764 583/692/765 558/667/739
f 558/667/739 583/692/765 584/693/766 559/668/740
f 559/668/740 584/693/766 585/694/767 560/669/741
f 560/669/741 585/694/767 586/695/768 561/670/742
f 561/670/742 586/695/768 587/696/769 562/671/743
f 562/671/743 587/696/769 588/697/770 563/672/744
f 563/672/744 588/697/770 589/698/771 564/673/745
f 564/673/745 589/698/771 590/699/772 565/674/746
f 565/674/746 590/699/772 591/700/773 566/675/747
f 566/675/747 591/700/773 592/701/774 567/676/748
f 567/676/748 592/701/774 593/702/775 568/677/749
f 568/677/749 593/702/775 594/703/776 569/678/750
f 569/678/750 594/703/776 595/704/777 570/679/751
f 570/679/751 595/704/777 596/705/778 571/680/752
f 571/680/752 596/705/778 597/706/779 572/681/753
f 572/681/753 597/706/779 598/707/780 573/682/754
f 573/682/754 598/707/780 599/708/781 574/683/755
f 313/422/756 314/423/782 600/709/783 575/684/757
f 575/684/757 600/709/783 601/710/784 576/685/758
f 576/685/758 601/710/784 602/711/785 577/686/759
f 577/686/759 602/711/785 603/712/786 578/687/760
f 578/687/760 603/712/786 604/713/787 579/688/761
f 579/688/761 604/713/787 605/714/788 580/689/762
f 580/689/762 605/714/788 606/715/789 581/690/763
f 581/690/763 606/715/789 607/716/790 582/691/764
f 582/691/764 607/716/790 608/717/791 583/692/765
f 583/692/765 608/717/791 609/718/792 584/693/766
f 584/693/766 609/718/792 610/719/793 585/694/767
f 585/694/767 610/719/793 611/720/794 586/695/768
f 586/695/768 611/720/794 612/721/795 587/696/769
f 587/696/769 612/721/795 613/722/796 588/697/770
f 588/697/770 613/722/796 614/723/797 589/698/771
f 589/698/771 614/723/797 615/724/798 590/699/772
f 590/699/772 615/724/798 616/725/799 591/700/773
f 591/700/773 616/725/799 617/726/800 592/701/774
f 592/701/774 617/726/800 618/727/801 593/702/775
f 593/702/775 618/727/801 619/728/802 594/703/776
f 594/703/776 619/728/802 620/729/803 595/704/777
f 595/704/777 620/729/803 621/730/804 596/705/778
f 596/705/778 621/730/804 622/731/805 597/706/779
f 597/706/779 622/731/805 623/732/806 598/707/780
f 598/707/780 623/732/806 624/733/807 599/708/781
f 314/423/782 315/424/808 625/734/809 600/709/783
f 600/709/783 625/734/809 626/735/810 601/710/784
f 601/710/784 626/735/810 627/736/811 602/711/785
f 602/711/785 627/736/811 628/737/812 603/712/786
f 603/712/786 628/737/812 629/738/813 604/713/787
f 604/713/787 629/738/813 630/739/814 605/714/788
f 605/714/788 630/739/814 631/740/815 606/715/789
f 606/715/789 631/740/815 632/741/816 607/716/790
f 607/716/790 632/741/816 633/742/817 608/717/791
f 608/717/791 633/742/817 634/743/818 609/718/792
f 609/718/792 634/743/818 635/744/819 610/719/793
f 610/719/793 635/744/819 636/745/820 611/720/794
f 611/720/794 636/745/820 637/746/821 612/721/795
f 612/721/795 637/746/821 638/747/822 613/722/796
f 613/722/796 638/747/822 639/748/823 614/723/797
f 614/723/797 639/748/823 640/749/824 615/724/798
f 615/724/798 640/749/824 641/750/825 616/725/799
f 616/725/799 641/750/825 642/751/826 617/726/800
f 617/726/800 642/751/826 643/752/827 618/727/801
f 618/727/801 643/752/827 644/753/828 619/728/802
f 619/728/802 644/753/828 645/754/829 620/729/803
f 620/729/803 645/754/829 646/755/830 621/730/804
f 621/730/804 646/755/830 647/756/831 622/731/805
f 622/731/805 647/756/831 648/757/832 623/732/806
f 623/732/806 648/757/832 649/758/833 624/733/807
f 315/424/808 316/425/450 650/759/834 625/734/809
f 625/734/809 650/759/834 651/760/835 626/735/810
f 626/735/810 651/760/835 652/761/836 627/736/811
f 627/736/811 652/761/836 653/762/837 628/737/812
f 628/737/812 653/762/837 654/763/838 629/738/813
f 629/738/813 654/763/838 655/764/839 630/739/814
f 630/739/814 655/764/839 656/765/840 631/740/815
f 631/740/815 656/765/840 657/766/841 632/741/816
f 632/741/816 657/766/841 658/767/842 633/742/817
f 633/742/817 658/767/842 659/768/843 634/743/818
f 634/743/818 659/768/843 660/769/844 635/744/819
f 635/744/819 660/769/844 661/770/845 636/745/820
f 636/745/820 661/770/845 662/771/846 637/746/821
f 637/746/821 662/771/846 663/772/847 638/747/822
f 638/747/822 663/772/847 664/773/848 639/748/823
f 639/748/823 664/773/848 665/774/849 640/749/824
f 640/749/824 665/774/849 666/775/850 641/750/825
f 641/750/825 666/775/850 667/776/851 642/751/826
f 642/751/826 667/776/851 668/777/852 643/752/827
f 643/752/827 668/777/852 669/778/853 644/753/828
f 644/753/828 669/778/853 670/779/854 645/754/829
f 645/754/829 670/779/854 671/780/855 646/755/830
f 646/755/830 671/780/855 672/781/856 647/756/831
f 647/756/831 672/781/856 673/782/857 648/757/832
f 648/757/832 673/782/857 674/783/858 649/758/833
f 316/425/450 317/426/452 675/784/859 650/759/834
f 650/759/834 675/784/859 676/785/860 651/760/835
f 651/760/835 676/785/860 677/786/861 652/761/836
f 652/761/836 677/786/861 678/787/862 653/762/837
f 653/762/837 678/787/862 679/788/863 654/763/838
f 654/763/838 679/788/863 680/789/864 655/764/839
f 655/764/839 680/789/864 681/790/865 656/765/840
f 656/765/840 681/790/865 682/791/866 657/766/841
f 657/766/841 682/791/866 683/792/867 658/767/842
f 658/767/842 683/792/867 684/793/868 659/768/843
f 659/768/843 684/793/868 685/794/869 660/769/844
f 660/769/844 685/794/869 686/795/870 661/770/845
f 661/770/845 686/795/870 687/796/871 662/771/846
f 662/771/846 687/796/871 688/797/872 663/772/847
f 663/772/847 688/797/872 689/798/873 664/773/848
f 664/773/848 689/798/873 690/799/874 665/774/849
f 665/774/849 690/799/874 691/800/875 666/775/850
f 666/775/850 691/800/875 692/801/876 667/776/851
f 667/776/851 692/801/876 693/802/877 668/777/852
f 668/777/852 693/802/877 694/803/878 669/778/853
f 669/778/853 694/803/878 695/804/879 670/779/854
f 670/779/854 695/804/879 696/805/880 671/780/855
f 671/780/855 696/805/880 697/806/881 672/781/856
f 672/781/856 697/806/881 698/807/882 673/782/857
f 673/782/857 698/807/882 699/808/883 674/783/858
f 317/426/452 318/427/454 700/809/884 675/784/859
f 675/784/859 700/809/884 701/810/885 676/785/860
f 676/785/860 701/810/885 702/811/886 677/786/861
f 677/786/861 702/811/886 703/812/887 678/787/862
f 678/787/862 703/812/887 704/813/888 679/788/863
f 679/788/863 704/813/888 705/814/889 680/789/864
f 680/789/864 705/814/889 706/815/890 681/790/865
f 681/790/865 706/815/890 707/816/891 682/791/866
f 682/791/866 707/816/891 708/817/892 683/792/867
f 683/792/867 708/817/892 709/818/893 684/793/868
f 684/793/868 709/818/893 710/819/894 685/794/869
f 685/794/869 710/819/894 711/820/895 686/795/870
f 686/795/870 711/820/895 712/821/896 687/796/871
f 687/796/871 712/821/896 713/822/897 688/797/872
f 688/797/872 713/822/897 714/823/898 689/798/873
f 689/798/873 714/823/898 715/824/899 690/799/874
f 690/799/874 715/824/899 716/825/900 691/800/875
f 691/800/875 716/825/900 717/826/901 692/801/876
f 692/801/876 717/826/901 718/827/902 693/802/877
f 693/802/877 718/827/902 719/828/903 694/803/878
f 694/803/878 719/828/903 720/829/904 695/804/879
f 695/804/879 720/829/904 721/830/905 696/805/880
f 696/805/880 721/830/905 722/831/906 697/806/881
f 697/806/881 722/831/906 723/832/907 698/807/882
f 698/807/882 723/832/907 724/833/908 699/808/883
f 318/427/454 319/428/456 725/834/909 700/809/884
f 700/809/884 725/834/909 726/835/910 701/810/885
f 701/810/885 726/835/910 727/836/911 702/811/886
f 702/811/886 727/836/911 728/837/912 703/812/887
f 703/812/887 728/837/912 729/838/913 704/813/888
f 704/813/888 729/838/913 730/839/914 705/814/889
f 705/814/889 730/839/914 731/840/915 706/815/890
f 706/815/890 731/840/915 732/841/916 707/816/891
f 707/816/891 732/841/916 733/842/917 708/817/892
f 708/817/892 733/842/917 734/843/918 709/818/893
f 709/818/893 734/843/918 735/844/919 710/819/894
f 710/819/894 735/844/919 736/845/920 711/820/895
f 711/820/895 736/845/920 737/846/921 712/821/896
f 712/821/896 737/846/921 738/847/922 713/822/897
f 713/822/897 738/847/922 739/848/923 714/823/898
f 714/823/898 739/848/923 740/849/924 715/824/899
f 715/824/899 740/849/924 741/850/925 716/825/900
f 716/825/900 741/850/925 742/851/926 717/826/901
f 717/826/901 742/851/926 743/852/927 718/827/902
f 718/827/902 743/852/927 744/853/928 719/828/903
f 719/828/903 744/853/928 745/854/929 720/829/904
f 720/829/904 745/854/929 746/855/930 721/830/905
f 721/830/905 746/855/930 747/856/931 722/831/906
f 722/831/906 747/856/931 748/857/932 723/832/907
f 723/832/907 748/857/932 749/858/933 724/833/908
f 319/428/456 320/429/458 750/859/934 725/834/909
f 725/834/909 750/859/934 751/860/935 726/835/910
f 726/835/910 751/860/935 752/861/936 727/836/911
f 727/836/911 752/861/936 753/862/937 728/837/912
f 728/837/912 753/862/937 754/863/938 729/838/913
f 729/838/913 754/863/938 755/864/939 730/839/914
f 730/839/914 755/864/939 756/865/940 731/840/915
f 731/840/915 756/865/940 757/866/941 732/841/916
f 732/841/916 757/866/941 758/867/942 733/842/917
f 733/842/917 758/867/942 759/868/943 734/843/918
f 734/843/918 759/868/943 760/869/944 735/844/919
f 735/844/919 760/869/944 761/870/945 736/845/920
f 736/845/920 761/870/945 762/871/946 737/846/921
f 737/846/921 762/871/946 763/872/947 738/847/922
f 738/847/922 763/872/947 764/873/948 739/848/923
f 739/848/923 764/873/948 765/874/949 740/849/924
f 740/849/924 765/874/949 766/875/950 741/850/925
f 741/850/925 766/875/950 767/876/951 742/851/926
f 742/851/926 767/876/951 768/877/952 743/852/927
f 743/852/927 768/877/952 769/878/953 744/853/928
f 744/853/928 769/878/953 770/879/954 745/854/929
f 745/854/929 770/879/954 771/880/955 746/855/930
f 746/855/930 771/880/955 772/881/956 747/856/931
f 747/856/931 772/881/956 773/882/957 748/857/932
f 748/857/932 773/882/957 774/883/958 749/858/933
f 320/429/458 321/978/460 775/977/959 750/859/934
f 750/859/934 775/977/959 776/976/960 751/860/935
f 751/860/935 776/976/960 777/975/961 752/861/936
f 752/861/936 777/975/961 778/974/962 753/862/937
f 753/862/937 778/974/962 779/973/963 754/863/938
f 754/863/938 779/973/963 780/972/964 755/864/939
f 755/864/939 780/972/964 781/971/965 756/865/940
f 756/865/940 781/971/965 782/970/966 757/866/941
f 757/866/941 782/970/966 783/969/967 758/867/942
f 758/867/942 783/969/967 784/968/968 759/868/943
f 759/868/943 784/968/968 785/967/969 760/869/944
f 760/869/944 785/967/969 786/966/970 761/870/945
f 761/870/945 786/966/970 787/965/971 762/871/946
f 762/871/946 787/965/971 788/964/972 763/872/947
f 763/872/947 788/964/972 789/963/973 764/873/948
f 764/873/948 789/963/973 790/962/974 765/874/949
f 765/874/949 790/962/974 791/961/975 766/875/950
f 766/875/950 791/961/975 792/960/976 767/876/951
f 767/876/951 792/960/976 793/959/977 768/877/952
f 768/877/952 793/959/977 794/958/978 769/878/953
f 769/878/953 794/958/978 795/957/979 770/879/954
f 770/879/954 795/957/979 796/956/980 771/880/955
f 771/880/955 796/956/980 797/955/981 772/881/956
f 772/881/956 797/955/981 798/954/982 773/882/957
f 773/882/957 798/954/982 799/953/983 774/883/958
f 321/430/460 322/431/462 800/909/984 775/884/959
f 775/884/959 800/909/984 801/910/985 776/885/960
f 776/885/960 801/910/985 802/911/986 777/886/961
f 777/886/961 802/911/986 803/912/987 778/887/962
f 778/887/962 803/912/987 804/913/988 779/888/963
f 779/888/963 804/913/988 805/914/989 780/889/964
f 780/889/964 805/914/989 806/915/990 781/890/965
f 781/890/965 806/915/990 807/916/991 782/891/966
f 782/891/966 807/916/991 808/917/992 783/892/967
f 783/892/967 808/917/992 809/918/993 784/893/968
f 784/893/968 809/918/993 810/919/994 785/894/969
f 785/894/969 810/919/994 811/920/995 786/895/970
f 786/895/970 811/920/995 812/921/996 787/896/971
f 787/896/971 812/921/996 813/922/997 788/897/972
f 788/897/972 813/922/997 814/923/998 789/898/973
f 789/898/973 814/923/998 815/924/999 790/899/974
f 790/899/974 815/924/999 816/925/1000 791/900/975
f 791/900/975 816/925/1000 817/926/1001 792/901/976
f 792/901/976 817/926/1001 818/927/1002 793/902/977
f 793/902/977 818/927/1002 819/928/1003 794/903/978
f 794/903/978 819/928/1003 820/929/1004 795/904/979
f 795/904/979 820/929/1004 821/930/1005 796/905/980
f 796/905/980 821/930/1005 822/931/1006 797/906/981
f 797/906/981 822/931/1006 823/932/1007 798/907/982
f 798/907/982 823/932/1007 824/933/1008 799/908/983
f 322/431/462 303/412/426 324/434/506 800/909/984
f 800/909/984 324/434/506 325/435/508 801/910/985
f 801/910/985 325/435/508 326/436/510 802/911/986
f 802/911/986 326/436/510 327/437/512 803/912/987
f 803/912/987 327/437/512 328/438/514 804/913/988
f 804/913/988 328/438/514 329/439/516 805/914/989
f 805/914/989 329/439/516 330/440/518 806/915/990
f 806/915/990 330/440/518 331/441/520 807/916/991
f 807/916/991 331/441/520 332/442/522 808/917/992
f 808/917/992 332/442/522 333/443/524 809/918/993
f 809/918/993 333/443/524 334/444/526 810/919/994
f 810/919/994 334/444/526 335/445/528 811/920/995
f 811/920/995 335/445/528 336/446/530 812/921/996
f 812/921/996 336/446/530 337/447/532 813/922/997
f 813/922/997 337/447/532 338/448/534 814/923/998
f 814/923/998 338/448/534 339/449/536 815/924/999
f 815/924/999 339/449/536 340/450/538 816/925/1000
f 816/925/1000 340/450/538 341/451/540 817/926/1001
f 817/926/1001 341/451/540 342/452/542 818/927/1002
f 818/927/1002 342/452/542 343/453/544 819/928/1003
f 819/928/1003 343/453/544 344/454/546 820/929/1004
f 820/929/1004 344/454/546 345/455/548 821/930/1005
f 821/930/1005 345/455/548 346/456/550 822/931/1006
f 822/931/1006 346/456/550 347/457/552 823/932/1007
f 823/932/1007 347/457/552 348/458/554 824/933/1008
g default
v 1.989203 20.063066 2.172019
v 2.931007 19.916151 3.063369
v 3.674754 20.214808 3.800528
v 4.368080 20.795214 4.323848
v 4.864079 21.399643 4.468572
v 1.884495 20.303982 2.084953
v 2.613236 20.812792 2.463232
v 3.210425 21.336685 3.194664
v 3.942802 21.848057 3.728866
v 5.068711 22.573130 4.534325
v 1.779788 20.544895 1.997887
v 2.142938 21.729355 2.408078
v 2.695519 22.469042 2.985044
v 3.463612 22.911688 3.534992
v 4.165266 23.007488 3.887497
v 1.929243 20.068621 2.259499
v 2.871046 19.921705 3.150848
v 2.553275 20.818346 2.550711
v 1.824534 20.309536 2.172433
v 3.614793 20.220362 3.888008
v 3.150464 21.342239 3.282143
v 4.308119 20.800768 4.411327
v 3.882841 21.853611 3.816345
v 4.804119 21.405197 4.556051
v 5.008750 22.578684 4.621804
v 2.082977 21.734909 2.495558
v 1.719827 20.550449 2.085367
v 2.635559 22.474596 3.072523
v 3.403651 22.917242 3.622471
v 4.105305 23.013042 3.974977
vt 0.929269 1.500564
vt 0.959092 1.520423
vt 0.975578 1.545361
vt 0.983198 1.573387
vt 0.981729 1.595135
vt 0.920185 1.503006
vt 0.928687 1.529761
vt 0.938409 1.556426
vt 0.947877 1.582303
vt 0.962283 1.623345
vt 0.913232 1.505586
vt 0.901988 1.540459
vt 0.905101 1.569912
vt 0.916691 1.596192
vt 0.931711 1.612524
vt 0.841492 1.542344
vt 0.837009 1.576941
vt 0.861227 1.560322
vt 0.847977 1.538754
vt 0.844658 1.604575
vt 0.874954 1.585178
vt 0.859679 1.627629
vt 0.888249 1.609311
vt 0.876191 1.640501
vt 0.907129 1.646077
vt 0.886083 1.549926
vt 0.854488 1.535205
vt 0.918847 1.616904
vt 0.928095 1.503112
vt 0.957099 1.522398
vt 0.921139 1.505641
vt 0.972940 1.546311
vt 0.980461 1.572786
vt 0.979321 1.593698
vt 0.963204 1.620696
vt 0.904531 1.541649
vt 0.914199 1.508218
vt 0.907903 1.570129
vt 0.919296 1.595132
vt 0.933503 1.610368
vt 0.932582 1.613016
vt 0.917503 1.597286
vt 0.905313 1.571182
vt 0.911656 1.507032
vt 0.901733 1.541431
vt 0.965611 1.622134
vt 0.982060 1.594301
vt 0.983100 1.571837
vt 0.974938 1.544335
vt 0.920152 1.503016
vt 0.958270 1.519845
vt 0.927119 1.500481
vn -0.620006 0.223987 0.751945
vn -0.736321 0.115845 0.666642
vn -0.652691 -0.011989 0.757530
vn -0.554417 0.066300 0.829594
vn -0.703475 0.118903 0.700703
vn -0.660691 -0.012813 0.750549
vn -0.626292 0.137697 0.767332
vn -0.585718 0.042981 0.809375
vn -0.580153 0.133503 0.803492
vn -0.558835 0.064724 0.826749
vn -0.598200 -0.189458 0.778628
vn -0.455033 -0.117594 0.882676
vn -0.582018 -0.141625 0.800748
vn -0.538691 -0.060257 0.840346
vn -0.530628 -0.014140 0.847487
vn 0.620007 -0.223988 -0.751945
vn 0.554417 -0.066300 -0.829594
vn 0.652691 0.011989 -0.757530
vn 0.736321 -0.115845 -0.666641
vn 0.660691 0.012813 -0.750548
vn 0.703476 -0.118903 -0.700703
vn 0.585718 -0.042981 -0.809375
vn 0.626292 -0.137697 -0.767332
vn 0.558835 -0.064724 -0.826749
vn 0.580153 -0.133503 -0.803492
vn 0.455032 0.117594 -0.882676
vn 0.598200 0.189457 -0.778629
vn 0.582019 0.141625 -0.800747
vn 0.538691 0.060257 -0.840346
vn 0.530627 0.014139 -0.847487
vn -0.129907 -0.991182 -0.026123
vn -0.000398 -0.998008 0.063081
vn 0.034744 -0.995601 0.087016
vn -0.129907 -0.991182 -0.026123
vn -0.733532 -0.489292 -0.471725
vn -0.733533 -0.489292 -0.471724
vn -0.733533 -0.489292 -0.471724
vn -0.733532 -0.489292 -0.471725
vn 0.306049 -0.913580 0.267777
vn 0.325645 -0.902916 0.280533
vn 0.523876 -0.748484 0.406603
vn 0.517894 -0.754628 0.402893
vn 0.762009 -0.350438 0.544552
vn 0.753673 -0.374172 0.540345
vn 0.807349 -0.172405 0.564327
vn 0.807349 -0.172405 0.564327
vn -0.672737 0.549033 -0.495972
vn -0.739459 0.411284 -0.532960
vn -0.739459 0.411284 -0.532960
vn -0.651822 0.583963 -0.483855
vn -0.733532 -0.489292 -0.471725
vn -0.733532 -0.489292 -0.471725
vn -0.446201 0.820240 -0.357926
vn -0.430132 0.833109 -0.347730
vn -0.216278 0.953742 -0.208806
vn -0.222986 0.951212 -0.213243
vn 0.328257 0.929893 0.165969
vn 0.180927 0.981559 0.061702
vn 0.164827 0.985032 0.050445
vn 0.328257 0.929893 0.165969
s 1
g Glass_Bottle Vines Leaf6
usemtl lambert10SG
f 840/1027/1009 841/1028/1010 842/1005/1011 843/1029/1012
f 841/1028/1010 844/1030/1013 845/1006/1014 842/1005/1011
f 844/1030/1013 846/1031/1015 847/1007/1016 845/1006/1014
f 846/1031/1015 848/1032/1017 849/1033/1018 847/1007/1016
f 843/1029/1012 842/1005/1011 850/1034/1019 851/1035/1020
f 842/1005/1011 845/1006/1014 852/1036/1021 850/1034/1019
f 845/1006/1014 847/1007/1016 853/1037/1022 852/1036/1021
f 847/1007/1016 849/1033/1018 854/1038/1023 853/1037/1022
s 2
f 825/1014/1024 830/1017/1025 831/1016/1026 826/1015/1027
f 826/1015/1027 831/1016/1026 832/1019/1028 827/1018/1029
f 827/1018/1029 832/1019/1028 833/1021/1030 828/1020/1031
f 828/1020/1031 833/1021/1030 834/1023/1032 829/1022/1033
f 830/1017/1025 835/1025/1034 836/1024/1035 831/1016/1026
f 831/1016/1026 836/1024/1035 837/1041/1036 832/1019/1028
f 832/1019/1028 837/1041/1036 838/1012/1037 833/1021/1030
f 833/1021/1030 838/1012/1037 839/1026/1038 834/1023/1032
s 3
f 825/999/1039 826/1049/1040 841/1028/1041 840/1027/1042
s 4
f 830/1004/1043 825/1050/1044 840/1027/1045 843/1029/1046
s 3
f 826/1000/1040 827/1047/1047 844/1030/1048 841/1028/1041
f 827/1001/1047 828/1046/1049 846/1031/1050 844/1030/1048
f 828/1002/1049 829/1045/1051 848/1032/1052 846/1031/1050
f 829/1003/1051 834/1044/1053 849/1033/1054 848/1032/1052
s 5
f 836/1010/1055 835/1042/1056 851/1035/1057 850/1034/1058
s 4
f 835/1009/1059 830/1048/1043 843/1029/1046 851/1035/1060
s 5
f 837/1011/1061 836/1043/1055 850/1034/1058 852/1036/1062
f 838/1012/1063 837/1041/1061 852/1036/1062 853/1037/1064
f 834/1008/1065 839/1039/1066 854/1038/1067 849/1033/1068
f 839/1013/1066 838/1040/1063 853/1037/1064 854/1038/1067
g default
v 2.122833 19.984047 1.522050
v 3.281077 20.093618 2.113276
v 4.153751 20.591373 2.533325
v 4.885862 21.314354 2.714280
v 5.324297 21.966480 2.592606
v 1.969702 20.193287 1.425338
v 2.705246 20.817556 1.473398
v 3.408730 21.524092 1.888141
v 4.189559 22.184671 2.080986
v 5.393199 23.137287 2.374136
v 1.816572 20.402529 1.328626
v 2.128560 21.668436 1.385385
v 2.721182 22.549093 1.627480
v 3.548820 23.148403 1.837690
v 4.302312 23.362936 1.947154
v 2.088528 20.004431 1.620470
v 3.246771 20.114002 2.211696
v 2.670941 20.837940 1.571818
v 1.935396 20.213671 1.523757
v 4.119445 20.611755 2.631744
v 3.374424 21.544476 1.986560
v 4.851557 21.334740 2.812699
v 4.155253 22.205053 2.179406
v 5.289992 21.986862 2.691025
v 5.358893 23.157671 2.472556
v 2.094254 21.688818 1.483804
v 1.782266 20.422911 1.427045
v 2.686876 22.569479 1.725900
v 3.514514 23.168787 1.936110
v 4.268006 23.383320 2.045574
vt 0.106908 1.816699
vt 0.136732 1.836558
vt 0.153217 1.861495
vt 0.160837 1.889522
vt 0.159368 1.911269
vt 0.097824 1.819141
vt 0.106326 1.845896
vt 0.116048 1.872561
vt 0.125516 1.898438
vt 0.139922 1.939479
vt 0.090872 1.821720
vt 0.079627 1.856594
vt 0.082740 1.886047
vt 0.094330 1.912326
vt 0.109350 1.928659
vt 0.019131 1.858479
vt 0.014648 1.893075
vt 0.038867 1.876457
vt 0.025617 1.854889
vt 0.022297 1.920709
vt 0.052593 1.901312
vt 0.037318 1.943764
vt 0.065888 1.925446
vt 0.053831 1.956636
vt 0.084769 1.962212
vt 0.063722 1.866060
vt 0.032127 1.851340
vt 0.096486 1.933039
vt 0.105734 1.819247
vt 0.134738 1.838532
vt 0.098778 1.821775
vt 0.150579 1.862446
vt 0.158100 1.888921
vt 0.156960 1.909833
vt 0.140843 1.936831
vt 0.082170 1.857784
vt 0.091838 1.824352
vt 0.085542 1.886263
vt 0.096935 1.911266
vt 0.111142 1.926502
vt 0.110221 1.929151
vt 0.095142 1.913421
vt 0.082953 1.887317
vt 0.089296 1.823167
vt 0.079372 1.857566
vt 0.143250 1.938268
vt 0.159699 1.910436
vt 0.160739 1.887972
vt 0.152577 1.860469
vt 0.097791 1.819151
vt 0.135909 1.835980
vt 0.104758 1.816616
vn -0.416436 0.340196 0.843118
vn -0.537260 0.208948 0.817125
vn -0.417127 0.109356 0.902245
vn -0.313437 0.207500 0.926661
vn -0.497069 0.221382 0.838995
vn -0.426552 0.106533 0.898167
vn -0.407673 0.259024 0.875619
vn -0.345923 0.178404 0.921145
vn -0.353328 0.265702 0.896974
vn -0.318231 0.205068 0.925568
vn -0.337574 -0.055510 0.939661
vn -0.181581 0.046159 0.982292
vn -0.322025 -0.003095 0.946726
vn -0.279955 0.087514 0.956016
vn -0.275995 0.134509 0.951701
vn 0.416438 -0.340198 -0.843116
vn 0.313438 -0.207501 -0.926661
vn 0.417127 -0.109356 -0.902245
vn 0.537261 -0.208948 -0.817124
vn 0.426552 -0.106533 -0.898167
vn 0.497069 -0.221382 -0.838995
vn 0.345924 -0.178405 -0.921145
vn 0.407673 -0.259024 -0.875620
vn 0.318232 -0.205068 -0.925568
vn 0.353328 -0.265702 -0.896974
vn 0.181581 -0.046159 -0.982292
vn 0.337573 0.055510 -0.939661
vn 0.322026 0.003095 -0.946726
vn 0.279956 -0.087514 -0.956016
vn 0.275996 -0.134510 -0.951700
vn -0.009249 -0.979817 0.199682
vn 0.139365 -0.958900 0.247160
vn 0.179094 -0.949131 0.258988
vn -0.009249 -0.979817 0.199682
vn -0.767766 -0.625685 -0.138039
vn -0.767766 -0.625685 -0.138035
vn -0.767766 -0.625685 -0.138035
vn -0.767766 -0.625684 -0.138039
vn 0.476924 -0.812776 0.334573
vn 0.497769 -0.798375 0.338856
vn 0.702140 -0.607959 0.370655
vn 0.696183 -0.615128 0.370064
vn 0.917876 -0.175025 0.356188
vn 0.911696 -0.199601 0.359124
vn 0.944627 0.005631 0.328098
vn 0.944627 0.005631 0.328098
vn -0.843916 0.384764 -0.373849
vn -0.900691 0.238268 -0.363295
vn -0.900691 0.238268 -0.363295
vn -0.824966 0.422755 -0.375113
vn -0.767766 -0.625684 -0.138044
vn -0.767766 -0.625684 -0.138044
vn -0.623633 0.693373 -0.360994
vn -0.607115 0.709145 -0.358504
vn -0.380197 0.870402 -0.312813
vn -0.387490 0.866548 -0.314557
vn 0.243978 0.963007 -0.114420
vn 0.068764 0.981388 -0.179302
vn 0.049922 0.981308 -0.185854
vn 0.243978 0.963007 -0.114420
s 1
g Glass_Bottle Vines Leaf14
usemtl lambert10SG
f 870/1079/1069 871/1080/1070 872/1057/1071 873/1081/1072
f 871/1080/1070 874/1082/1073 875/1058/1074 872/1057/1071
f 874/1082/1073 876/1083/1075 877/1059/1076 875/1058/1074
f 876/1083/1075 878/1084/1077 879/1085/1078 877/1059/1076
f 873/1081/1072 872/1057/1071 880/1086/1079 881/1087/1080
f 872/1057/1071 875/1058/1074 882/1088/1081 880/1086/1079
f 875/1058/1074 877/1059/1076 883/1089/1082 882/1088/1081
f 877/1059/1076 879/1085/1078 884/1090/1083 883/1089/1082
s 2
f 855/1066/1084 860/1069/1085 861/1068/1086 856/1067/1087
f 856/1067/1087 861/1068/1086 862/1071/1088 857/1070/1089
f 857/1070/1089 862/1071/1088 863/1073/1090 858/1072/1091
f 858/1072/1091 863/1073/1090 864/1075/1092 859/1074/1093
f 860/1069/1085 865/1077/1094 866/1076/1095 861/1068/1086
f 861/1068/1086 866/1076/1095 867/1093/1096 862/1071/1088
f 862/1071/1088 867/1093/1096 868/1064/1097 863/1073/1090
f 863/1073/1090 868/1064/1097 869/1078/1098 864/1075/1092
s 3
f 855/1051/1099 856/1101/1100 871/1080/1101 870/1079/1102
s 4
f 860/1056/1103 855/1102/1104 870/1079/1105 873/1081/1106
s 3
f 856/1052/1100 857/1099/1107 874/1082/1108 871/1080/1101
f 857/1053/1107 858/1098/1109 876/1083/1110 874/1082/1108
f 858/1054/1109 859/1097/1111 878/1084/1112 876/1083/1110
f 859/1055/1111 864/1096/1113 879/1085/1114 878/1084/1112
s 5
f 866/1062/1115 865/1094/1116 881/1087/1117 880/1086/1118
s 4
f 865/1061/1119 860/1100/1103 873/1081/1106 881/1087/1120
s 5
f 867/1063/1121 866/1095/1115 880/1086/1118 882/1088/1122
f 868/1064/1123 867/1093/1121 882/1088/1122 883/1089/1124
f 864/1060/1125 869/1091/1126 884/1090/1127 879/1085/1128
f 869/1065/1126 868/1092/1123 883/1089/1124 884/1090/1127
g default
v 0.324072 20.296766 3.820561
v 0.595430 20.254436 4.077382
v 0.809722 20.340488 4.289777
v 1.009488 20.507717 4.440559
v 1.152399 20.681870 4.482257
v 0.293903 20.366180 3.795475
v 0.503872 20.512781 3.904467
v 0.675938 20.663729 4.115211
v 0.886954 20.811069 4.269129
v 1.211357 21.019981 4.501203
v 0.263734 20.435595 3.770389
v 0.368367 20.776869 3.888576
v 0.527580 20.989990 4.054814
v 0.748887 21.117529 4.213269
v 0.951052 21.145132 4.314835
v 0.306796 20.298367 3.845766
v 0.578154 20.256037 4.102587
v 0.486596 20.514383 3.929672
v 0.276627 20.367781 3.820680
v 0.792446 20.342087 4.314982
v 0.658661 20.665331 4.140416
v 0.992212 20.509319 4.465764
v 0.869678 20.812668 4.294333
v 1.135122 20.683470 4.507463
v 1.194082 21.021582 4.526408
v 0.351090 20.778467 3.913781
v 0.246458 20.437193 3.795594
v 0.510303 20.991590 4.080019
v 0.731610 21.119129 4.238474
v 0.933776 21.146732 4.340040
vt 0.242149 1.259171
vt 0.250741 1.264893
vt 0.255491 1.272078
vt 0.257687 1.280153
vt 0.257264 1.286420
vt 0.239531 1.259875
vt 0.241981 1.267584
vt 0.244782 1.275267
vt 0.247510 1.282722
vt 0.251661 1.294547
vt 0.237528 1.260618
vt 0.234288 1.270666
vt 0.235185 1.279152
vt 0.238525 1.286724
vt 0.242852 1.291430
vt 0.216858 1.271209
vt 0.215566 1.281177
vt 0.222544 1.276389
vt 0.218726 1.270175
vt 0.217770 1.289139
vt 0.226499 1.283551
vt 0.222098 1.295782
vt 0.230330 1.290504
vt 0.226856 1.299491
vt 0.235770 1.301097
vt 0.229706 1.273394
vt 0.220602 1.269152
vt 0.239146 1.292692
vt 0.241810 1.259905
vt 0.250167 1.265462
vt 0.239806 1.260634
vt 0.254731 1.272352
vt 0.256898 1.279980
vt 0.256570 1.286005
vt 0.251926 1.293784
vt 0.235021 1.271009
vt 0.237806 1.261376
vt 0.235993 1.279215
vt 0.239275 1.286419
vt 0.243369 1.290808
vt 0.243103 1.291571
vt 0.238758 1.287039
vt 0.235246 1.279518
vt 0.237074 1.261035
vt 0.234215 1.270946
vt 0.252620 1.294199
vt 0.257359 1.286179
vt 0.257659 1.279707
vt 0.255307 1.271783
vt 0.239522 1.259878
vt 0.250505 1.264727
vt 0.241529 1.259147
vn -0.620007 0.223988 0.751944
vn -0.736320 0.115846 0.666643
vn -0.652690 -0.011988 0.757530
vn -0.554416 0.066301 0.829594
vn -0.703475 0.118904 0.700703
vn -0.660691 -0.012813 0.750549
vn -0.626291 0.137698 0.767332
vn -0.585718 0.042981 0.809374
vn -0.580153 0.133503 0.803492
vn -0.558836 0.064723 0.826749
vn -0.598200 -0.189459 0.778629
vn -0.455028 -0.117594 0.882679
vn -0.582018 -0.141627 0.800748
vn -0.538691 -0.060259 0.840346
vn -0.530630 -0.014142 0.847486
vn 0.620007 -0.223988 -0.751945
vn 0.554416 -0.066300 -0.829594
vn 0.652690 0.011988 -0.757531
vn 0.736320 -0.115847 -0.666642
vn 0.660691 0.012813 -0.750549
vn 0.703475 -0.118904 -0.700703
vn 0.585718 -0.042980 -0.809375
vn 0.626292 -0.137697 -0.767332
vn 0.558835 -0.064724 -0.826749
vn 0.580154 -0.133502 -0.803492
vn 0.455030 0.117594 -0.882677
vn 0.598199 0.189457 -0.778629
vn 0.582018 0.141626 -0.800748
vn 0.538690 0.060257 -0.840346
vn 0.530626 0.014139 -0.847489
vn -0.129905 -0.991185 -0.026033
vn -0.000388 -0.998006 0.063110
vn 0.034757 -0.995599 0.087029
vn -0.129905 -0.991185 -0.026033
vn -0.733525 -0.489287 -0.471741
vn -0.733523 -0.489282 -0.471749
vn -0.733523 -0.489282 -0.471749
vn -0.733525 -0.489287 -0.471741
vn 0.306072 -0.913583 0.267743
vn 0.325662 -0.902920 0.280500
vn 0.523874 -0.748487 0.406600
vn 0.517900 -0.754624 0.402894
vn 0.762017 -0.350434 0.544542
vn 0.753679 -0.374171 0.540337
vn 0.807364 -0.172401 0.564306
vn 0.807364 -0.172401 0.564306
vn -0.672744 0.549034 -0.495961
vn -0.739468 0.411281 -0.532950
vn -0.739468 0.411281 -0.532950
vn -0.651836 0.583953 -0.483847
vn -0.733527 -0.489292 -0.471733
vn -0.733527 -0.489292 -0.471733
vn -0.446210 0.820243 -0.357907
vn -0.430141 0.833112 -0.347710
vn -0.216279 0.953743 -0.208803
vn -0.222987 0.951213 -0.213239
vn 0.328263 0.929890 0.165974
vn 0.180924 0.981561 0.061686
vn 0.164829 0.985032 0.050433
vn 0.328263 0.929890 0.165974
s 1
g Glass_Bottle Vines Leaf15
usemtl lambert10SG
f 900/1131/1129 901/1132/1130 902/1109/1131 903/1133/1132
f 901/1132/1130 904/1134/1133 905/1110/1134 902/1109/1131
f 904/1134/1133 906/1135/1135 907/1111/1136 905/1110/1134
f 906/1135/1135 908/1136/1137 909/1137/1138 907/1111/1136
f 903/1133/1132 902/1109/1131 910/1138/1139 911/1139/1140
f 902/1109/1131 905/1110/1134 912/1140/1141 910/1138/1139
f 905/1110/1134 907/1111/1136 913/1141/1142 912/1140/1141
f 907/1111/1136 909/1137/1138 914/1142/1143 913/1141/1142
s 2
f 885/1118/1144 890/1121/1145 891/1120/1146 886/1119/1147
f 886/1119/1147 891/1120/1146 892/1123/1148 887/1122/1149
f 887/1122/1149 892/1123/1148 893/1125/1150 888/1124/1151
f 888/1124/1151 893/1125/1150 894/1127/1152 889/1126/1153
f 890/1121/1145 895/1129/1154 896/1128/1155 891/1120/1146
f 891/1120/1146 896/1128/1155 897/1145/1156 892/1123/1148
f 892/1123/1148 897/1145/1156 898/1116/1157 893/1125/1150
f 893/1125/1150 898/1116/1157 899/1130/1158 894/1127/1152
s 3
f 885/1103/1159 886/1153/1160 901/1132/1161 900/1131/1162
s 4
f 890/1108/1163 885/1154/1164 900/1131/1165 903/1133/1166
s 3
f 886/1104/1160 887/1151/1167 904/1134/1168 901/1132/1161
f 887/1105/1167 888/1150/1169 906/1135/1170 904/1134/1168
f 888/1106/1169 889/1149/1171 908/1136/1172 906/1135/1170
f 889/1107/1171 894/1148/1173 909/1137/1174 908/1136/1172
s 5
f 896/1114/1175 895/1146/1176 911/1139/1177 910/1138/1178
s 4
f 895/1113/1179 890/1152/1163 903/1133/1166 911/1139/1180
s 5
f 897/1115/1181 896/1147/1175 910/1138/1178 912/1140/1182
f 898/1116/1183 897/1145/1181 912/1140/1182 913/1141/1184
f 894/1112/1185 899/1143/1186 914/1142/1187 909/1137/1188
f 899/1117/1186 898/1144/1183 913/1141/1184 914/1142/1187
g default
v -0.652140 20.313251 3.861845
v -0.659667 20.264605 4.234620
v -0.666335 20.345741 4.537622
v -0.633250 20.506985 4.789640
v -0.558068 20.674994 4.926065
v -0.650429 20.383358 3.823902
v -0.580824 20.522387 4.054737
v -0.611395 20.670338 4.326731
v -0.574060 20.811258 4.588791
v -0.514251 21.010202 4.988270
v -0.648718 20.453468 3.785959
v -0.646791 20.792263 3.949047
v -0.650055 21.001726 4.182541
v -0.610145 21.122494 4.454889
v -0.546652 21.142889 4.672835
v -0.682260 20.316370 3.866251
v -0.689786 20.267725 4.239026
v -0.610943 20.525507 4.059143
v -0.680549 20.386478 3.828308
v -0.696454 20.348860 4.542028
v -0.641515 20.673458 4.331137
v -0.663369 20.510105 4.794046
v -0.604179 20.814375 4.593197
v -0.588188 20.678112 4.930471
v -0.544371 21.013323 4.992676
v -0.676910 20.795382 3.953453
v -0.678838 20.456585 3.790365
v -0.680175 21.004847 4.186947
v -0.640264 21.125614 4.459295
v -0.576770 21.146009 4.677241
vt 0.419704 1.251373
vt 0.428297 1.257095
vt 0.433047 1.264280
vt 0.435242 1.272355
vt 0.434819 1.278621
vt 0.417086 1.252077
vt 0.419536 1.259785
vt 0.422337 1.267468
vt 0.425065 1.274924
vt 0.429216 1.286749
vt 0.415083 1.252820
vt 0.411843 1.262868
vt 0.412740 1.271354
vt 0.416080 1.278926
vt 0.420407 1.283632
vt 0.394413 1.263411
vt 0.393121 1.273379
vt 0.400099 1.268591
vt 0.396282 1.262377
vt 0.395325 1.281341
vt 0.404054 1.275752
vt 0.399653 1.287984
vt 0.407885 1.282706
vt 0.404411 1.291692
vt 0.413325 1.293299
vt 0.407261 1.265595
vt 0.398157 1.261354
vt 0.416701 1.284894
vt 0.419365 1.252107
vt 0.427722 1.257664
vt 0.417361 1.252836
vt 0.432287 1.264554
vt 0.434453 1.272182
vt 0.434125 1.278207
vt 0.429481 1.285986
vt 0.412576 1.263211
vt 0.415362 1.253578
vt 0.413548 1.271416
vt 0.416830 1.278620
vt 0.420924 1.283010
vt 0.420658 1.283773
vt 0.416314 1.279241
vt 0.412802 1.271720
vt 0.414629 1.253237
vt 0.411770 1.263148
vt 0.430175 1.286400
vt 0.434914 1.278381
vt 0.435214 1.271909
vt 0.432862 1.263985
vt 0.417077 1.252079
vt 0.428060 1.256929
vt 0.419084 1.251349
vn -0.959955 0.274151 0.057678
vn -0.981619 0.169578 -0.087564
vn -0.998635 0.040292 0.033231
vn -0.981017 0.115586 0.155708
vn -0.984284 0.171939 -0.040282
vn -0.998957 0.039673 0.022604
vn -0.980076 0.188717 0.061945
vn -0.988553 0.093291 0.118578
vn -0.975680 0.183243 0.120291
vn -0.981997 0.114152 0.150501
vn -0.986687 -0.139000 0.084430
vn -0.962562 -0.071459 0.261471
vn -0.989473 -0.091439 0.112167
vn -0.984980 -0.011254 0.172302
vn -0.982338 0.034588 0.183889
vn 0.959955 -0.274153 -0.057677
vn 0.981017 -0.115587 -0.155708
vn 0.998635 -0.040293 -0.033231
vn 0.981619 -0.169579 0.087565
vn 0.998957 -0.039673 -0.022603
vn 0.984284 -0.171940 0.040284
vn 0.988553 -0.093290 -0.118578
vn 0.980076 -0.188717 -0.061946
vn 0.981997 -0.114152 -0.150504
vn 0.975680 -0.183242 -0.120298
vn 0.962562 0.071458 -0.261472
vn 0.986687 0.139000 -0.084431
vn 0.989473 0.091441 -0.112166
vn 0.984980 0.011257 -0.172301
vn 0.982338 -0.034586 -0.183889
vn -0.121054 -0.983983 -0.130858
vn -0.099415 -0.994740 0.024686
vn -0.093119 -0.993413 0.066786
vn -0.121054 -0.983983 -0.130858
vn -0.175117 -0.465316 -0.867649
vn -0.175122 -0.465324 -0.867644
vn -0.175122 -0.465324 -0.867644
vn -0.175117 -0.465315 -0.867649
vn -0.038199 -0.919940 0.390193
vn -0.033761 -0.909910 0.413429
vn 0.015774 -0.762036 0.647343
vn 0.014132 -0.767974 0.640325
vn 0.096433 -0.372540 0.922992
vn 0.092633 -0.395952 0.913587
vn 0.121965 -0.196482 0.972892
vn 0.121965 -0.196482 0.972892
vn -0.061298 0.567777 -0.820897
vn -0.086521 0.432510 -0.897468
vn -0.086521 0.432510 -0.897468
vn -0.054214 0.601950 -0.796691
vn -0.175111 -0.465308 -0.867655
vn -0.175111 -0.465307 -0.867655
vn 0.004769 0.831184 -0.555976
vn 0.008821 0.843522 -0.537023
vn 0.057697 0.957229 -0.283521
vn 0.056290 0.954913 -0.291501
vn 0.149160 0.916840 0.370345
vn 0.128917 0.972833 0.192294
vn 0.126489 0.976785 0.172894
vn 0.149160 0.916840 0.370345
s 1
g Glass_Bottle Vines Leaf16
usemtl lambert10SG
f 930/1183/1189 931/1184/1190 932/1161/1191 933/1185/1192
f 931/1184/1190 934/1186/1193 935/1162/1194 932/1161/1191
f 934/1186/1193 936/1187/1195 937/1163/1196 935/1162/1194
f 936/1187/1195 938/1188/1197 939/1189/1198 937/1163/1196
f 933/1185/1192 932/1161/1191 940/1190/1199 941/1191/1200
f 932/1161/1191 935/1162/1194 942/1192/1201 940/1190/1199
f 935/1162/1194 937/1163/1196 943/1193/1202 942/1192/1201
f 937/1163/1196 939/1189/1198 944/1194/1203 943/1193/1202
s 2
f 915/1170/1204 920/1173/1205 921/1172/1206 916/1171/1207
f 916/1171/1207 921/1172/1206 922/1175/1208 917/1174/1209
f 917/1174/1209 922/1175/1208 923/1177/1210 918/1176/1211
f 918/1176/1211 923/1177/1210 924/1179/1212 919/1178/1213
f 920/1173/1205 925/1181/1214 926/1180/1215 921/1172/1206
f 921/1172/1206 926/1180/1215 927/1197/1216 922/1175/1208
f 922/1175/1208 927/1197/1216 928/1168/1217 923/1177/1210
f 923/1177/1210 928/1168/1217 929/1182/1218 924/1179/1212
s 3
f 915/1155/1219 916/1205/1220 931/1184/1221 930/1183/1222
s 4
f 920/1160/1223 915/1206/1224 930/1183/1225 933/1185/1226
s 3
f 916/1156/1220 917/1203/1227 934/1186/1228 931/1184/1221
f 917/1157/1227 918/1202/1229 936/1187/1230 934/1186/1228
f 918/1158/1229 919/1201/1231 938/1188/1232 936/1187/1230
f 919/1159/1231 924/1200/1233 939/1189/1234 938/1188/1232
s 5
f 926/1166/1235 925/1198/1236 941/1191/1237 940/1190/1238
s 4
f 925/1165/1239 920/1204/1223 933/1185/1226 941/1191/1240
s 5
f 927/1167/1241 926/1199/1235 940/1190/1238 942/1192/1242
f 928/1168/1243 927/1197/1241 942/1192/1242 943/1193/1244
f 924/1164/1245 929/1195/1246 944/1194/1247 939/1189/1248
f 929/1169/1246 928/1196/1243 943/1193/1244 944/1194/1247
g default
v -3.820325 20.692616 0.097028
v -3.756962 21.156338 0.101272
v -3.772027 21.523991 -0.029618
v -3.792856 21.815847 -0.263669
v -3.784578 21.957710 -0.510935
v -3.861337 20.640194 0.023400
v -3.831985 20.901424 -0.202248
v -3.913903 21.229853 -0.390455
v -3.917681 21.534912 -0.605549
v -3.911547 22.000669 -0.917274
v -3.902349 20.587772 -0.050228
v -4.065634 20.761791 -0.452878
v -4.155474 21.033371 -0.718678
v -4.144128 21.352209 -0.914152
v -4.058290 21.607847 -1.002323
v -3.854983 20.702982 0.108953
v -3.791619 21.166704 0.113197
v -3.866643 20.911791 -0.190323
v -3.895996 20.650558 0.035325
v -3.806685 21.534355 -0.017693
v -3.948561 21.240217 -0.378530
v -3.827515 21.826214 -0.251743
v -3.952338 21.545277 -0.593623
v -3.819237 21.968073 -0.499010
v -3.946204 22.011036 -0.905349
v -4.100291 20.772156 -0.440953
v -3.937007 20.598137 -0.038303
v -4.190132 21.043737 -0.706753
v -4.178786 21.362576 -0.902227
v -4.092949 21.618212 -0.990398
vt 0.253328 1.189446
vt 0.264024 1.196568
vt 0.269937 1.205512
vt 0.272670 1.215564
vt 0.272143 1.223364
vt 0.250070 1.190322
vt 0.253119 1.199917
vt 0.256606 1.209481
vt 0.260002 1.218762
vt 0.265169 1.233481
vt 0.247576 1.191247
vt 0.243544 1.203754
vt 0.244660 1.214318
vt 0.248817 1.223743
vt 0.254204 1.229601
vt 0.221846 1.204430
vt 0.220239 1.216838
vt 0.228925 1.210878
vt 0.224172 1.203143
vt 0.222982 1.226750
vt 0.233848 1.219793
vt 0.228369 1.235018
vt 0.238616 1.228448
vt 0.234291 1.239635
vt 0.245388 1.241634
vt 0.237839 1.207150
vt 0.226507 1.201870
vt 0.249590 1.231172
vt 0.252907 1.190360
vt 0.263309 1.197276
vt 0.250412 1.191267
vt 0.268991 1.205853
vt 0.271688 1.215348
vt 0.271279 1.222849
vt 0.265499 1.232532
vt 0.244456 1.204181
vt 0.247923 1.192191
vt 0.245665 1.214395
vt 0.249751 1.223363
vt 0.254847 1.228827
vt 0.254516 1.229777
vt 0.249108 1.224135
vt 0.244736 1.214773
vt 0.247011 1.191766
vt 0.243452 1.204103
vt 0.266362 1.233047
vt 0.272261 1.223065
vt 0.272635 1.215008
vt 0.269707 1.205144
vt 0.250058 1.190325
vt 0.263729 1.196361
vt 0.252557 1.189416
vn -0.972159 0.172699 0.158372
vn -0.959721 0.038658 0.278283
vn -0.906399 0.168473 0.387372
vn -0.911809 0.282399 0.298086
vn -0.958538 0.085614 0.271801
vn -0.907448 0.158052 0.389304
vn -0.952201 0.185030 0.243057
vn -0.912362 0.248131 0.325618
vn -0.940195 0.242436 0.239286
vn -0.912560 0.277479 0.300398
vn -0.812021 0.228611 0.536990
vn -0.802909 0.396052 0.445512
vn -0.832694 0.253444 0.492329
vn -0.858038 0.307260 0.411537
vn -0.874679 0.315491 0.367969
vn 0.972160 -0.172697 -0.158370
vn 0.911809 -0.282398 -0.298088
vn 0.906399 -0.168474 -0.387373
vn 0.959721 -0.038658 -0.278281
vn 0.907448 -0.158052 -0.389304
vn 0.958538 -0.085614 -0.271801
vn 0.912362 -0.248132 -0.325617
vn 0.952201 -0.185031 -0.243059
vn 0.912561 -0.277480 -0.300395
vn 0.940194 -0.242437 -0.239288
vn 0.802904 -0.396053 -0.445519
vn 0.812020 -0.228611 -0.536992
vn 0.832694 -0.253444 -0.492328
vn 0.858040 -0.307260 -0.411533
vn 0.874682 -0.315491 -0.367963
vn 0.311209 -0.051209 0.948961
vn 0.350391 0.100202 0.931228
vn 0.359529 0.140869 0.922440
vn 0.311209 -0.051209 0.948961
vn -0.036506 -0.804360 0.593020
vn -0.036513 -0.804352 0.593029
vn -0.036513 -0.804353 0.593029
vn -0.036506 -0.804360 0.593020
vn 0.407782 0.448345 0.795425
vn 0.409602 0.470074 0.781829
vn 0.411661 0.685205 0.600857
vn 0.412120 0.678867 0.607697
vn 0.339494 0.922204 0.185157
vn 0.345463 0.914896 0.208857
vn 0.289848 0.957014 0.010613
vn 0.289848 0.957014 0.010613
vn -0.383902 -0.838330 -0.387069
vn -0.354466 -0.902094 -0.246131
vn -0.354466 -0.902094 -0.246131
vn -0.390230 -0.817513 -0.423547
vn -0.036498 -0.804367 0.593011
vn -0.036498 -0.804367 0.593011
vn -0.414819 -0.602037 -0.682258
vn -0.414774 -0.584630 -0.697259
vn -0.396392 -0.347916 -0.849604
vn -0.397409 -0.355461 -0.845999
vn -0.233340 0.288234 -0.928694
vn -0.293333 0.111556 -0.949480
vn -0.299126 0.092464 -0.949723
vn -0.233340 0.288234 -0.928694
s 1
g Glass_Bottle Vines Leaf17
usemtl lambert10SG
f 960/1235/1249 961/1236/1250 962/1213/1251 963/1237/1252
f 961/1236/1250 964/1238/1253 965/1214/1254 962/1213/1251
f 964/1238/1253 966/1239/1255 967/1215/1256 965/1214/1254
f 966/1239/1255 968/1240/1257 969/1241/1258 967/1215/1256
f 963/1237/1252 962/1213/1251 970/1242/1259 971/1243/1260
f 962/1213/1251 965/1214/1254 972/1244/1261 970/1242/1259
f 965/1214/1254 967/1215/1256 973/1245/1262 972/1244/1261
f 967/1215/1256 969/1241/1258 974/1246/1263 973/1245/1262
s 2
f 945/1222/1264 950/1225/1265 951/1224/1266 946/1223/1267
f 946/1223/1267 951/1224/1266 952/1227/1268 947/1226/1269
f 947/1226/1269 952/1227/1268 953/1229/1270 948/1228/1271
f 948/1228/1271 953/1229/1270 954/1231/1272 949/1230/1273
f 950/1225/1265 955/1233/1274 956/1232/1275 951/1224/1266
f 951/1224/1266 956/1232/1275 957/1249/1276 952/1227/1268
f 952/1227/1268 957/1249/1276 958/1220/1277 953/1229/1270
f 953/1229/1270 958/1220/1277 959/1234/1278 954/1231/1272
s 3
f 945/1207/1279 946/1257/1280 961/1236/1281 960/1235/1282
s 4
f 950/1212/1283 945/1258/1284 960/1235/1285 963/1237/1286
s 3
f 946/1208/1280 947/1255/1287 964/1238/1288 961/1236/1281
f 947/1209/1287 948/1254/1289 966/1239/1290 964/1238/1288
f 948/1210/1289 949/1253/1291 968/1240/1292 966/1239/1290
f 949/1211/1291 954/1252/1293 969/1241/1294 968/1240/1292
s 5
f 956/1218/1295 955/1250/1296 971/1243/1297 970/1242/1298
s 4
f 955/1217/1299 950/1256/1283 963/1237/1286 971/1243/1300
s 5
f 957/1219/1301 956/1251/1295 970/1242/1298 972/1244/1302
f 958/1220/1303 957/1249/1301 972/1244/1302 973/1245/1304
f 954/1216/1305 959/1247/1306 974/1246/1307 969/1241/1308
f 959/1221/1306 958/1248/1303 973/1245/1304 974/1246/1307
g default
v -3.030840 20.433451 3.755747
v -2.773849 20.478050 4.026580
v -2.552632 20.622868 4.195487
v -2.332149 20.812988 4.271959
v -2.164833 20.966867 4.243363
v -3.049487 20.487061 3.699748
v -2.821368 20.638655 3.749139
v -2.631821 20.845341 3.883891
v -2.403348 21.017918 3.973027
v -2.054743 21.265650 4.113890
v -3.068134 20.540672 3.643748
v -2.914190 20.881544 3.605108
v -2.726957 21.124374 3.671304
v -2.491455 21.280245 3.774229
v -2.289280 21.324661 3.869626
v -3.048106 20.448582 3.775980
v -2.791114 20.493181 4.046813
v -2.838633 20.653784 3.769372
v -3.066752 20.502192 3.719980
v -2.569898 20.637995 4.215719
v -2.649086 20.860470 3.904124
v -2.349414 20.828117 4.292192
v -2.420613 21.033045 3.993259
v -2.182098 20.981997 4.263596
v -2.072008 21.280781 4.134123
v -2.931456 20.896671 3.625340
v -3.085399 20.555801 3.663980
v -2.744222 21.139503 3.691537
v -2.508720 21.295374 3.794461
v -2.306545 21.339790 3.889859
vt 0.181406 1.220882
vt 0.189999 1.226604
vt 0.194749 1.233789
vt 0.196944 1.241864
vt 0.196521 1.248130
vt 0.178789 1.221586
vt 0.181238 1.229295
vt 0.184039 1.236978
vt 0.186767 1.244433
vt 0.190918 1.256258
vt 0.176785 1.222329
vt 0.173546 1.232377
vt 0.174442 1.240863
vt 0.177782 1.248435
vt 0.182110 1.253141
vt 0.156115 1.232920
vt 0.154824 1.242888
vt 0.161801 1.238100
vt 0.157984 1.231886
vt 0.157027 1.250850
vt 0.165757 1.245262
vt 0.161355 1.257493
vt 0.169587 1.252215
vt 0.166113 1.261202
vt 0.175027 1.262808
vt 0.168963 1.235105
vt 0.159860 1.230863
vt 0.178403 1.254403
vt 0.181068 1.221616
vt 0.189425 1.227173
vt 0.179064 1.222345
vt 0.193989 1.234063
vt 0.196156 1.241691
vt 0.195827 1.247716
vt 0.191183 1.255495
vt 0.174278 1.232720
vt 0.177064 1.223087
vt 0.175250 1.240926
vt 0.178533 1.248129
vt 0.182626 1.252519
vt 0.182361 1.253282
vt 0.178016 1.248750
vt 0.174504 1.241229
vt 0.176331 1.222746
vt 0.173472 1.232657
vt 0.191877 1.255909
vt 0.196616 1.247890
vt 0.196916 1.241418
vt 0.194564 1.233494
vt 0.178779 1.221589
vt 0.189762 1.226438
vt 0.180787 1.220858
vn -0.591206 0.620115 0.515686
vn -0.721291 0.501058 0.478206
vn -0.660010 0.419054 0.623523
vn -0.552120 0.508119 0.661044
vn -0.688973 0.515015 0.509976
vn -0.667918 0.416181 0.616992
vn -0.611003 0.551932 0.567492
vn -0.586284 0.482416 0.650804
vn -0.566711 0.558740 0.605515
vn -0.556679 0.506001 0.658841
vn -0.633942 0.265310 0.726449
vn -0.483259 0.357476 0.799170
vn -0.610968 0.315421 0.726105
vn -0.556309 0.399516 0.728634
vn -0.541352 0.442341 0.715033
vn 0.591202 -0.620104 -0.515704
vn 0.552119 -0.508113 -0.661049
vn 0.660010 -0.419052 -0.623525
vn 0.721292 -0.501054 -0.478208
vn 0.667918 -0.416181 -0.616992
vn 0.688974 -0.515015 -0.509975
vn 0.586283 -0.482417 -0.650804
vn 0.611002 -0.551933 -0.567492
vn 0.556677 -0.506004 -0.658840
vn 0.566709 -0.558741 -0.605516
vn 0.483262 -0.357475 -0.799168
vn 0.633941 -0.265309 -0.726450
vn 0.610967 -0.315420 -0.726106
vn 0.556309 -0.399518 -0.728633
vn 0.541351 -0.442346 -0.715031
vn -0.280874 -0.868000 0.409496
vn -0.155558 -0.850144 0.503047
vn -0.120888 -0.841670 0.526287
vn -0.280874 -0.868000 0.409496
vn -0.791819 -0.550887 -0.263718
vn -0.791827 -0.550889 -0.263689
vn -0.791827 -0.550889 -0.263689
vn -0.791819 -0.550887 -0.263718
vn 0.156605 -0.722218 0.673703
vn 0.177378 -0.709556 0.681958
vn 0.394821 -0.541772 0.742024
vn 0.388029 -0.548099 0.740960
vn 0.689053 -0.159181 0.707013
vn 0.677229 -0.180923 0.713181
vn 0.760966 0.000757 0.648791
vn 0.760966 0.000757 0.648791
vn -0.571072 0.344676 -0.745034
vn -0.657585 0.215134 -0.722011
vn -0.657585 0.215134 -0.722011
vn -0.545245 0.378245 -0.748090
vn -0.791811 -0.550884 -0.263748
vn -0.791811 -0.550884 -0.263748
vn -0.307874 0.617105 -0.724151
vn -0.290192 0.631004 -0.719460
vn -0.062768 0.772842 -0.631487
vn -0.069706 0.769461 -0.634879
vn 0.464864 0.852086 -0.240521
vn 0.329133 0.869157 -0.369103
vn 0.313964 0.869171 -0.382057
vn 0.464864 0.852086 -0.240521
s 1
g Glass_Bottle Vines Leaf18
usemtl lambert10SG
f 990/1287/1309 991/1288/1310 992/1265/1311 993/1289/1312
f 991/1288/1310 994/1290/1313 995/1266/1314 992/1265/1311
f 994/1290/1313 996/1291/1315 997/1267/1316 995/1266/1314
f 996/1291/1315 998/1292/1317 999/1293/1318 997/1267/1316
f 993/1289/1312 992/1265/1311 1000/1294/1319 1001/1295/1320
f 992/1265/1311 995/1266/1314 1002/1296/1321 1000/1294/1319
f 995/1266/1314 997/1267/1316 1003/1297/1322 1002/1296/1321
f 997/1267/1316 999/1293/1318 1004/1298/1323 1003/1297/1322
s 2
f 975/1274/1324 980/1277/1325 981/1276/1326 976/1275/1327
f 976/1275/1327 981/1276/1326 982/1279/1328 977/1278/1329
f 977/1278/1329 982/1279/1328 983/1281/1330 978/1280/1331
f 978/1280/1331 983/1281/1330 984/1283/1332 979/1282/1333
f 980/1277/1325 985/1285/1334 986/1284/1335 981/1276/1326
f 981/1276/1326 986/1284/1335 987/1301/1336 982/1279/1328
f 982/1279/1328 987/1301/1336 988/1272/1337 983/1281/1330
f 983/1281/1330 988/1272/1337 989/1286/1338 984/1283/1332
s 3
f 975/1259/1339 976/1309/1340 991/1288/1341 990/1287/1342
s 4
f 980/1264/1343 975/1310/1344 990/1287/1345 993/1289/1346
s 3
f 976/1260/1340 977/1307/1347 994/1290/1348 991/1288/1341
f 977/1261/1347 978/1306/1349 996/1291/1350 994/1290/1348
f 978/1262/1349 979/1305/1351 998/1292/1352 996/1291/1350
f 979/1263/1351 984/1304/1353 999/1293/1354 998/1292/1352
s 5
f 986/1270/1355 985/1302/1356 1001/1295/1357 1000/1294/1358
s 4
f 985/1269/1359 980/1308/1343 993/1289/1346 1001/1295/1360
s 5
f 987/1271/1361 986/1303/1355 1000/1294/1358 1002/1296/1362
f 988/1272/1363 987/1301/1361 1002/1296/1362 1003/1297/1364
f 984/1268/1365 989/1299/1366 1004/1298/1367 999/1293/1368
f 989/1273/1366 988/1300/1363 1003/1297/1364 1004/1298/1367
g default
v -3.440470 20.276674 5.175001
v -3.183479 20.321274 5.445834
v -2.962263 20.466091 5.614740
v -2.741779 20.656212 5.691213
v -2.574464 20.810091 5.662617
v -3.459118 20.330284 5.119001
v -3.230999 20.481878 5.168393
v -3.041451 20.688564 5.303145
v -2.812979 20.861141 5.392281
v -2.464374 21.108873 5.533144
v -3.477765 20.383896 5.063002
v -3.323821 20.724766 5.024362
v -3.136588 20.967598 5.090558
v -2.901086 21.123468 5.193482
v -2.698911 21.167885 5.288879
v -3.457736 20.291803 5.195233
v -3.200745 20.336405 5.466066
v -3.248264 20.497007 5.188626
v -3.476383 20.345415 5.139234
v -2.979528 20.481218 5.634973
v -3.058717 20.703693 5.323378
v -2.759045 20.671341 5.711445
v -2.830244 20.876268 5.412514
v -2.591729 20.825220 5.682850
v -2.481639 21.124004 5.553377
v -3.341086 20.739895 5.044594
v -3.495029 20.399025 5.083234
v -3.153853 20.982727 5.110791
v -2.918351 21.138597 5.213715
v -2.716176 21.183014 5.309112
vt 0.714072 1.244082
vt 0.722664 1.249804
vt 0.727414 1.256989
vt 0.729610 1.265064
vt 0.729187 1.271330
vt 0.711454 1.244786
vt 0.713904 1.252495
vt 0.716705 1.260178
vt 0.719433 1.267633
vt 0.723584 1.279459
vt 0.709451 1.245529
vt 0.706211 1.255577
vt 0.707108 1.264063
vt 0.710448 1.271635
vt 0.714775 1.276341
vt 0.688781 1.256120
vt 0.687489 1.266088
vt 0.694467 1.261300
vt 0.690649 1.255086
vt 0.689693 1.274050
vt 0.698422 1.268462
vt 0.694021 1.280693
vt 0.702253 1.275415
vt 0.698779 1.284402
vt 0.707693 1.286008
vt 0.701629 1.258305
vt 0.692525 1.254063
vt 0.711069 1.277603
vt 0.713733 1.244816
vt 0.722090 1.250373
vt 0.711729 1.245545
vt 0.726654 1.257263
vt 0.728821 1.264891
vt 0.728493 1.270916
vt 0.723849 1.278695
vt 0.706944 1.255920
vt 0.709729 1.246287
vt 0.707916 1.264126
vt 0.711198 1.271330
vt 0.715292 1.275720
vt 0.715026 1.276483
vt 0.710681 1.271950
vt 0.707169 1.264429
vt 0.708997 1.245946
vt 0.706138 1.255857
vt 0.724543 1.279110
vt 0.729282 1.271090
vt 0.729582 1.264618
vt 0.727230 1.256694
vt 0.711445 1.244789
vt 0.722428 1.249638
vt 0.713452 1.244058
vn -0.591206 0.620107 0.515696
vn -0.721289 0.501057 0.478210
vn -0.660009 0.419053 0.623525
vn -0.552120 0.508115 0.661046
vn -0.688973 0.515015 0.509976
vn -0.667917 0.416181 0.616993
vn -0.611005 0.551932 0.567490
vn -0.586285 0.482416 0.650804
vn -0.566712 0.558741 0.605513
vn -0.556679 0.506002 0.658840
vn -0.633941 0.265310 0.726450
vn -0.483259 0.357476 0.799169
vn -0.610966 0.315420 0.726106
vn -0.556309 0.399516 0.728634
vn -0.541353 0.442343 0.715032
vn 0.591200 -0.620101 -0.515711
vn 0.552117 -0.508110 -0.661053
vn 0.660009 -0.419051 -0.623526
vn 0.721290 -0.501056 -0.478209
vn 0.667918 -0.416181 -0.616992
vn 0.688975 -0.515016 -0.509973
vn 0.586283 -0.482417 -0.650804
vn 0.611003 -0.551932 -0.567491
vn 0.556676 -0.506003 -0.658842
vn 0.566707 -0.558739 -0.605519
vn 0.483262 -0.357475 -0.799168
vn 0.633941 -0.265310 -0.726450
vn 0.610966 -0.315419 -0.726107
vn 0.556308 -0.399517 -0.728634
vn 0.541352 -0.442346 -0.715030
vn -0.280854 -0.868016 0.409475
vn -0.155553 -0.850165 0.503014
vn -0.120887 -0.841693 0.526251
vn -0.280854 -0.868016 0.409475
vn -0.791813 -0.550888 -0.263731
vn -0.791808 -0.550899 -0.263725
vn -0.791808 -0.550899 -0.263725
vn -0.791813 -0.550888 -0.263731
vn 0.156616 -0.722252 0.673664
vn 0.177392 -0.709590 0.681919
vn 0.394824 -0.541789 0.742010
vn 0.388034 -0.548116 0.740944
vn 0.689044 -0.159175 0.707023
vn 0.677220 -0.180917 0.713192
vn 0.760965 0.000757 0.648793
vn 0.760965 0.000757 0.648793
vn -0.571077 0.344668 -0.745034
vn -0.657597 0.215132 -0.722000
vn -0.657597 0.215132 -0.722000
vn -0.545239 0.378246 -0.748094
vn -0.791819 -0.550877 -0.263737
vn -0.791819 -0.550877 -0.263737
vn -0.307875 0.617102 -0.724153
vn -0.290194 0.631003 -0.719460
vn -0.062770 0.772843 -0.631486
vn -0.069709 0.769462 -0.634877
vn 0.464868 0.852091 -0.240498
vn 0.329136 0.869158 -0.369098
vn 0.313966 0.869172 -0.382055
vn 0.464868 0.852091 -0.240498
s 1
g Glass_Bottle Vines Leaf19
usemtl lambert10SG
f 1020/1339/1369 1021/1340/1370 1022/1317/1371 1023/1341/1372
f 1021/1340/1370 1024/1342/1373 1025/1318/1374 1022/1317/1371
f 1024/1342/1373 1026/1343/1375 1027/1319/1376 1025/1318/1374
f 1026/1343/1375 1028/1344/1377 1029/1345/1378 1027/1319/1376
f 1023/1341/1372 1022/1317/1371 1030/1346/1379 1031/1347/1380
f 1022/1317/1371 1025/1318/1374 1032/1348/1381 1030/1346/1379
f 1025/1318/1374 1027/1319/1376 1033/1349/1382 1032/1348/1381
f 1027/1319/1376 1029/1345/1378 1034/1350/1383 1033/1349/1382
s 2
f 1005/1326/1384 1010/1329/1385 1011/1328/1386 1006/1327/1387
f 1006/1327/1387 1011/1328/1386 1012/1331/1388 1007/1330/1389
f 1007/1330/1389 1012/1331/1388 1013/1333/1390 1008/1332/1391
f 1008/1332/1391 1013/1333/1390 1014/1335/1392 1009/1334/1393
f 1010/1329/1385 1015/1337/1394 1016/1336/1395 1011/1328/1386
f 1011/1328/1386 1016/1336/1395 1017/1353/1396 1012/1331/1388
f 1012/1331/1388 1017/1353/1396 1018/1324/1397 1013/1333/1390
f 1013/1333/1390 1018/1324/1397 1019/1338/1398 1014/1335/1392
s 3
f 1005/1311/1399 1006/1361/1400 1021/1340/1401 1020/1339/1402
s 4
f 1010/1316/1403 1005/1362/1404 1020/1339/1405 1023/1341/1406
s 3
f 1006/1312/1400 1007/1359/1407 1024/1342/1408 1021/1340/1401
f 1007/1313/1407 1008/1358/1409 1026/1343/1410 1024/1342/1408
f 1008/1314/1409 1009/1357/1411 1028/1344/1412 1026/1343/1410
f 1009/1315/1411 1014/1356/1413 1029/1345/1414 1028/1344/1412
s 5
f 1016/1322/1415 1015/1354/1416 1031/1347/1417 1030/1346/1418
s 4
f 1015/1321/1419 1010/1360/1403 1023/1341/1406 1031/1347/1420
s 5
f 1017/1323/1421 1016/1355/1415 1030/1346/1418 1032/1348/1422
f 1018/1324/1423 1017/1353/1421 1032/1348/1422 1033/1349/1424
f 1014/1320/1425 1019/1351/1426 1034/1350/1427 1029/1345/1428
f 1019/1325/1426 1018/1352/1423 1033/1349/1424 1034/1350/1427
g default
v -3.421729 20.439621 4.297913
v -3.504742 20.780556 4.162795
v -3.685482 21.019268 4.069055
v -3.923621 21.172878 3.967564
v -4.128017 21.208067 3.870222
v -3.474429 20.383699 4.319207
v -3.684228 20.511986 4.188879
v -3.917097 20.711727 4.137106
v -4.139604 20.878889 4.025413
v -4.463883 21.137661 3.850429
v -3.527128 20.327782 4.340501
v -3.901377 20.359680 4.323061
v -4.178560 20.495880 4.268067
v -4.385691 20.677395 4.147649
v -4.479730 20.834860 4.012336
v -3.426324 20.454073 4.324491
v -3.509338 20.795008 4.189373
v -3.688823 20.526438 4.215456
v -3.479024 20.398151 4.345784
v -3.690077 21.033718 4.095633
v -3.921692 20.726179 4.163684
v -3.928217 21.187328 3.994141
v -4.144199 20.893339 4.051990
v -4.132612 21.222517 3.896800
v -4.468479 21.152113 3.877007
v -3.905972 20.374130 4.349638
v -3.531723 20.342232 4.367078
v -4.183156 20.510332 4.294645
v -4.390286 20.691847 4.174226
v -4.484325 20.849312 4.038914
vt 0.041231 1.250440
vt 0.049824 1.256162
vt 0.054574 1.263347
vt 0.056769 1.271422
vt 0.056346 1.277688
vt 0.038614 1.251144
vt 0.041063 1.258852
vt 0.043864 1.266535
vt 0.046592 1.273991
vt 0.050743 1.285816
vt 0.036610 1.251887
vt 0.033371 1.261935
vt 0.034267 1.270421
vt 0.037607 1.277993
vt 0.041934 1.282699
vt 0.015940 1.262478
vt 0.014648 1.272446
vt 0.021626 1.267658
vt 0.017809 1.261444
vt 0.016852 1.280408
vt 0.025581 1.274819
vt 0.021180 1.287051
vt 0.029412 1.281773
vt 0.025938 1.290759
vt 0.034852 1.292366
vt 0.028788 1.264662
vt 0.019685 1.260421
vt 0.038228 1.283961
vt 0.040893 1.251174
vt 0.049249 1.256731
vt 0.038888 1.251903
vt 0.053814 1.263621
vt 0.055980 1.271249
vt 0.055652 1.277274
vt 0.051008 1.285053
vt 0.034103 1.262278
vt 0.036889 1.252645
vt 0.035075 1.270483
vt 0.038357 1.277687
vt 0.042451 1.282077
vt 0.042185 1.282840
vt 0.037841 1.278308
vt 0.034329 1.270787
vt 0.036156 1.252304
vt 0.033297 1.262215
vt 0.051702 1.285467
vt 0.056441 1.277448
vt 0.056741 1.270976
vt 0.054389 1.263052
vt 0.038604 1.251147
vt 0.049587 1.255996
vt 0.040611 1.250416
vn -0.281915 0.333089 0.899764
vn -0.133749 0.249292 0.959148
vn -0.054172 0.401735 0.914152
vn -0.167017 0.476775 0.863013
vn -0.152292 0.290466 0.944689
vn -0.049922 0.392864 0.918241
vn -0.203293 0.371902 0.905738
vn -0.133313 0.454705 0.880608
vn -0.218269 0.422430 0.879722
vn -0.163877 0.473113 0.865626
vn 0.096498 0.498786 0.861337
vn -0.027868 0.620993 0.783320
vn 0.042278 0.508633 0.859945
vn -0.053709 0.533254 0.844249
vn -0.100723 0.527589 0.843508
vn 0.281907 -0.333085 -0.899768
vn 0.167014 -0.476775 -0.863013
vn 0.054170 -0.401737 -0.914152
vn 0.133748 -0.249291 -0.959148
vn 0.049922 -0.392865 -0.918240
vn 0.152292 -0.290465 -0.944689
vn 0.133315 -0.454705 -0.880608
vn 0.203294 -0.371901 -0.905738
vn 0.163880 -0.473114 -0.865625
vn 0.218271 -0.422429 -0.879722
vn 0.027864 -0.621001 -0.783314
vn -0.096500 -0.498792 -0.861333
vn -0.042278 -0.508636 -0.859943
vn 0.053711 -0.533256 -0.844247
vn 0.100726 -0.527590 -0.843506
vn 0.968090 0.248512 0.032295
vn 0.924623 0.378131 -0.045715
vn 0.908879 0.411694 -0.066690
vn 0.968090 0.248512 0.032295
vn 0.735251 -0.533947 0.417500
vn 0.735259 -0.533931 0.417506
vn 0.735259 -0.533931 0.417506
vn 0.735251 -0.533947 0.417500
vn 0.728588 0.646714 -0.225657
vn 0.711181 0.661887 -0.236914
vn 0.491910 0.797782 -0.348667
vn 0.499902 0.794243 -0.345364
vn 0.031630 0.880377 -0.473219
vn 0.056827 0.881206 -0.469305
vn -0.150702 0.857304 -0.492259
vn -0.150702 0.857304 -0.492259
vn -0.249930 -0.868148 0.428782
vn -0.096672 -0.881349 0.462469
vn -0.096672 -0.881349 0.462469
vn -0.290328 -0.860882 0.417843
vn 0.735243 -0.533964 0.417494
vn 0.735243 -0.533964 0.417494
vn -0.588261 -0.748790 0.305388
vn -0.606359 -0.737908 0.296345
vn -0.800314 -0.573881 0.173657
vn -0.795395 -0.579499 0.177561
vn -0.987582 -0.030699 -0.154078
vn -0.978794 -0.194815 -0.063313
vn -0.975821 -0.211922 -0.053496
vn -0.987582 -0.030699 -0.154078
s 1
g Glass_Bottle Vines Leaf20
usemtl lambert10SG
f 1050/1391/1429 1051/1392/1430 1052/1369/1431 1053/1393/1432
f 1051/1392/1430 1054/1394/1433 1055/1370/1434 1052/1369/1431
f 1054/1394/1433 1056/1395/1435 1057/1371/1436 1055/1370/1434
f 1056/1395/1435 1058/1396/1437 1059/1397/1438 1057/1371/1436
f 1053/1393/1432 1052/1369/1431 1060/1398/1439 1061/1399/1440
f 1052/1369/1431 1055/1370/1434 1062/1400/1441 1060/1398/1439
f 1055/1370/1434 1057/1371/1436 1063/1401/1442 1062/1400/1441
f 1057/1371/1436 1059/1397/1438 1064/1402/1443 1063/1401/1442
s 2
f 1035/1378/1444 1040/1381/1445 1041/1380/1446 1036/1379/1447
f 1036/1379/1447 1041/1380/1446 1042/1383/1448 1037/1382/1449
f 1037/1382/1449 1042/1383/1448 1043/1385/1450 1038/1384/1451
f 1038/1384/1451 1043/1385/1450 1044/1387/1452 1039/1386/1453
f 1040/1381/1445 1045/1389/1454 1046/1388/1455 1041/1380/1446
f 1041/1380/1446 1046/1388/1455 1047/1405/1456 1042/1383/1448
f 1042/1383/1448 1047/1405/1456 1048/1376/1457 1043/1385/1450
f 1043/1385/1450 1048/1376/1457 1049/1390/1458 1044/1387/1452
s 3
f 1035/1363/1459 1036/1413/1460 1051/1392/1461 1050/1391/1462
s 4
f 1040/1368/1463 1035/1414/1464 1050/1391/1465 1053/1393/1466
s 3
f 1036/1364/1460 1037/1411/1467 1054/1394/1468 1051/1392/1461
f 1037/1365/1467 1038/1410/1469 1056/1395/1470 1054/1394/1468
f 1038/1366/1469 1039/1409/1471 1058/1396/1472 1056/1395/1470
f 1039/1367/1471 1044/1408/1473 1059/1397/1474 1058/1396/1472
s 5
f 1046/1374/1475 1045/1406/1476 1061/1399/1477 1060/1398/1478
s 4
f 1045/1373/1479 1040/1412/1463 1053/1393/1466 1061/1399/1480
s 5
f 1047/1375/1481 1046/1407/1475 1060/1398/1478 1062/1400/1482
f 1048/1376/1483 1047/1405/1481 1062/1400/1482 1063/1401/1484
f 1044/1372/1485 1049/1403/1486 1064/1402/1487 1059/1397/1488
f 1049/1377/1486 1048/1404/1483 1063/1401/1484 1064/1402/1487
g default
v -1.381451 -0.015441 9.480731
v -1.381451 0.597459 9.480731
v -0.430394 0.437457 9.171714
v -0.475519 0.550595 9.186376
v -0.584462 0.597459 9.221773
v -0.572434 0.437457 8.892945
v -0.610820 0.550595 8.920835
v -0.703491 0.597459 8.988164
v -0.793666 0.437457 8.671714
v -0.821555 0.550595 8.710100
v -0.888885 0.597459 8.802772
v -1.072434 0.437457 8.529674
v -1.087096 0.550595 8.574799
v -1.122494 0.597459 8.683741
v -1.381451 0.437556 8.480730
v -1.381451 0.550624 8.528102
v -1.381451 0.597459 8.642468
v -1.690468 0.349928 8.529675
v -1.676439 0.465593 8.572852
v -1.641691 0.520852 8.679797
v -1.969237 0.353359 8.671714
v -1.943137 0.466489 8.707638
v -1.878489 0.520537 8.796618
v -2.190469 0.353359 8.892945
v -2.154545 0.466489 8.919045
v -2.065565 0.520537 8.983693
v -2.332508 0.353359 9.171714
v -2.290277 0.466489 9.185435
v -2.185675 0.520537 9.219422
v -2.381452 0.353359 9.480731
v -2.337047 0.466489 9.480731
v -2.227062 0.520537 9.480731
v -2.332508 0.353359 9.789748
v -2.290277 0.466489 9.776027
v -2.185675 0.520537 9.742040
v -2.190468 0.349928 10.068517
v -2.153740 0.465593 10.041832
v -2.062767 0.520852 9.975736
v -1.969237 0.437556 10.289748
v -1.941392 0.550624 10.251424
v -1.874169 0.597459 10.158899
v -1.690468 0.435921 10.431787
v -1.675670 0.550146 10.386243
v -1.639944 0.597459 10.276289
v -1.381451 0.483696 10.480731
v -1.381451 0.596473 10.431747
v -1.381451 0.639101 10.315239
v -1.072434 0.483162 10.431787
v -1.087620 0.596307 10.385049
v -1.123741 0.639074 10.273881
v -0.793666 0.483162 10.289748
v -0.822552 0.596307 10.249990
v -0.891258 0.639074 10.155425
v -0.572434 0.483162 10.068517
v -0.612192 0.596307 10.039631
v -0.706758 0.639074 9.970925
v -0.430395 0.483696 9.789748
v -0.476981 0.596473 9.774611
v -0.587787 0.639101 9.738608
v -0.381451 0.435921 9.480731
v -0.429339 0.550146 9.480731
v -0.544952 0.597459 9.480731
v -0.500751 -0.015441 9.194574
v -0.451001 0.005959 9.178410
v -0.430394 0.057625 9.171714
v -0.632283 -0.015441 8.936428
v -0.589963 0.005959 8.905681
v -0.572434 0.057625 8.892945
v -0.837148 -0.015441 8.731563
v -0.806401 0.005959 8.689243
v -0.793666 0.057625 8.671714
v -1.095294 -0.015441 8.600030
v -1.079130 0.005959 8.550281
v -1.072434 0.057625 8.529674
v -1.381451 -0.015441 8.554708
v -1.381451 0.005959 8.502398
v -1.381451 0.057625 8.480730
v -1.667608 -0.015441 8.600031
v -1.683773 0.005959 8.550282
v -1.690468 0.057625 8.529675
v -1.925754 -0.015441 8.731563
v -1.956501 0.005959 8.689243
v -1.969237 0.057625 8.671714
v -2.130620 -0.015441 8.936428
v -2.172939 0.005959 8.905681
v -2.190469 0.057625 8.892945
v -2.262151 -0.015441 9.194574
v -2.311901 0.005959 9.178410
v -2.332508 0.057625 9.171714
v -2.307474 -0.015441 9.480731
v -2.359784 0.005959 9.480731
v -2.381452 0.057625 9.480731
v -2.262151 -0.015441 9.766888
v -2.311901 0.005959 9.783052
v -2.332508 0.057625 9.789748
v -2.130620 -0.015441 10.025034
v -2.172939 0.005959 10.055781
v -2.190468 0.057625 10.068517
v -1.925754 -0.015441 10.229899
v -1.956501 0.005959 10.272219
v -1.969237 0.057625 10.289748
v -1.667608 -0.015441 10.361431
v -1.683773 0.005959 10.411180
v -1.690468 0.057625 10.431787
v -1.381451 -0.015441 10.406754
v -1.381451 0.005959 10.459064
v -1.381451 0.057625 10.480731
v -1.095294 -0.015441 10.361431
v -1.079130 0.005959 10.411180
v -1.072434 0.057625 10.431787
v -0.837149 -0.015441 10.229899
v -0.806402 0.005959 10.272219
v -0.793666 0.057625 10.289748
v -0.632283 -0.015441 10.025034
v -0.589964 0.005959 10.055781
v -0.572434 0.057625 10.068517
v -0.500751 -0.015441 9.766888
v -0.451002 0.005959 9.783052
v -0.430395 0.057625 9.789748
v -0.455429 -0.015441 9.480731
v -0.403119 0.005959 9.480731
v -0.381451 0.057625 9.480731
vt 0.352776 1.596841
vt 0.352957 1.589356
vt 0.353217 1.581863
vt 0.353489 1.574356
vt 0.352332 1.566607
vt 0.352549 1.559131
vt 0.353062 1.551653
vt 0.353673 1.544183
vt 0.354365 1.536733
vt 0.355165 1.529332
vt 0.356107 1.522081
vt 0.356653 1.663189
vt 0.355261 1.656296
vt 0.355159 1.648923
vt 0.354525 1.641600
vt 0.354235 1.634207
vt 0.354007 1.626772
vt 0.353774 1.619306
vt 0.352860 1.611782
vt 0.352704 1.604318
vt 0.375024 1.613050
vt 0.346245 1.604339
vt 0.349460 1.604345
vt 0.349544 1.596807
vt 0.349726 1.589280
vt 0.350000 1.581762
vt 0.350319 1.574296
vt 0.348966 1.566561
vt 0.349337 1.558956
vt 0.349873 1.551417
vt 0.350495 1.543894
vt 0.351196 1.536371
vt 0.351948 1.528830
vt 0.352885 1.521155
vt 0.353352 1.664548
vt 0.351944 1.656986
vt 0.351997 1.649302
vt 0.351419 1.641880
vt 0.351027 1.634409
vt 0.350788 1.626923
vt 0.350576 1.619453
vt 0.349550 1.611913
vt 0.333232 1.604301
vt 0.333324 1.596559
vt 0.333516 1.588820
vt 0.333824 1.581087
vt 0.334261 1.573368
vt 0.334816 1.565683
vt 0.335373 1.558012
vt 0.335965 1.550336
vt 0.336634 1.542662
vt 0.337389 1.534994
vt 0.338194 1.527331
vt 0.338892 1.519675
vt 0.339014 1.511986
vt 0.335609 1.658729
vt 0.334944 1.650971
vt 0.334309 1.643169
vt 0.333804 1.635367
vt 0.333460 1.627576
vt 0.333269 1.619798
vt 0.309016 1.608221
vt 0.333217 1.612043
vt 0.336273 1.596595
vt 0.336463 1.588892
vt 0.346308 1.596753
vt 0.336765 1.581198
vt 0.346490 1.589183
vt 0.337197 1.573505
vt 0.346767 1.581627
vt 0.337785 1.565858
vt 0.347154 1.574065
vt 0.338327 1.558211
vt 0.345592 1.566337
vt 0.338903 1.550555
vt 0.346153 1.558749
vt 0.339563 1.542904
vt 0.346683 1.551162
vt 0.340309 1.535251
vt 0.347316 1.543591
vt 0.341116 1.527560
vt 0.348032 1.536014
vt 0.341848 1.519808
vt 0.348806 1.528386
vt 0.339040 1.666817
vt 0.349607 1.520545
vt 0.338591 1.658629
vt 0.352881 1.512872
vt 0.337848 1.650805
vt 0.348659 1.657655
vt 0.337216 1.642979
vt 0.348879 1.649750
vt 0.336718 1.635209
vt 0.348219 1.642163
vt 0.336386 1.627460
vt 0.347811 1.634593
vt 0.336202 1.619720
vt 0.347529 1.627041
vt 0.336176 1.612009
vt 0.347402 1.619487
vt 0.336187 1.604303
vt 0.346211 1.611926
vt 0.334708 1.604298
vt 0.334797 1.596573
vt 0.334988 1.588852
vt 0.335293 1.581138
vt 0.335727 1.573433
vt 0.336298 1.565767
vt 0.336848 1.558108
vt 0.337432 1.550442
vt 0.338097 1.542779
vt 0.338848 1.535118
vt 0.339655 1.527440
vt 0.340371 1.519730
vt 0.337418 1.666715
vt 0.337104 1.658687
vt 0.336396 1.650889
vt 0.335761 1.643073
vt 0.335259 1.635285
vt 0.334921 1.627514
vt 0.334734 1.619756
vt 0.334695 1.612023
vt 0.342170 1.511662
vt 0.349934 1.665536
vt 0.309070 1.600238
vt 0.309216 1.592205
vt 0.309475 1.584138
vt 0.309862 1.576054
vt 0.310375 1.568036
vt 0.310937 1.560264
vt 0.311521 1.552457
vt 0.312167 1.544577
vt 0.312896 1.536708
vt 0.313681 1.528984
vt 0.314397 1.521769
vt 0.314745 1.515866
vt 0.311499 1.662666
vt 0.311109 1.656261
vt 0.310467 1.648604
vt 0.309884 1.640586
vt 0.309443 1.632456
vt 0.309164 1.624307
vt 0.309036 1.616199
vt 0.335806 1.666466
vt 0.340581 1.511753
vt 0.375721 1.622496
vt 0.375940 1.629806
vt 0.376186 1.636883
vt 0.376552 1.642900
vt 0.377040 1.651649
vt 0.377293 1.654831
vt 0.377706 1.527767
vt 0.377584 1.528686
vt 0.376793 1.535792
vt 0.376096 1.542791
vt 0.375476 1.549937
vt 0.374942 1.557075
vt 0.374569 1.563994
vt 0.374761 1.567980
vt 0.375240 1.579154
vt 0.374975 1.586547
vt 0.374764 1.593771
vt 0.374646 1.600907
vt 0.374670 1.607837
vt 0.359200 1.515446
vt 0.356195 1.513799
vn 0.101815 0.994265 -0.032713
vn 0.086139 0.994316 -0.062584
vn -0.063423 0.997394 -0.034407
vn 0.062583 0.994316 -0.086139
vn 0.032927 0.994321 -0.101197
vn -0.142799 0.984565 -0.101194
vn -0.192572 0.971386 -0.139014
vn -0.110573 0.981960 -0.153391
vn -0.152174 0.982150 -0.110561
vn -0.178892 0.982150 -0.058125
vn -0.188098 0.982150 -0.000000
vn -0.179616 0.981960 0.059103
vn -0.237504 0.971386 -0.000726
vn -0.175134 0.984543 -0.001588
vn -0.108519 0.990942 0.079101
vn -0.079002 0.995149 0.058631
vn 0.018941 0.998145 0.057869
vn 0.035890 0.998134 0.049399
vn 0.049184 0.998144 0.035897
vn 0.080175 0.995149 -0.057018
vn 0.108818 0.990932 -0.078824
vn 0.947062 0.091702 -0.307674
vn 0.877429 0.386772 -0.283773
vn 0.921437 0.387831 -0.023279
vn 0.996511 0.083434 0.002130
vn 0.360360 0.925585 -0.115900
vn 0.378921 0.922699 -0.071032
vn 0.306336 0.925539 -0.222566
vn 0.805641 0.091252 -0.585333
vn 0.746065 0.386745 -0.542048
vn 0.222567 0.925539 -0.306336
vn 0.585333 0.091252 -0.805642
vn 0.542048 0.386745 -0.746064
vn 0.117171 0.925500 -0.360169
vn 0.307741 0.091200 -0.947089
vn 0.285095 0.386658 -0.877050
vn -0.137919 0.917159 -0.373895
vn -0.000707 0.106897 -0.994270
vn -0.035103 0.384008 -0.922662
vn -0.252659 0.889960 -0.379651
vn -0.304141 0.087798 -0.948572
vn -0.326805 0.367561 -0.870688
vn -0.257047 0.897624 -0.358047
vn -0.584385 0.104592 -0.804708
vn -0.544882 0.365481 -0.754671
vn -0.356808 0.897488 -0.259236
vn -0.804678 0.103432 -0.584633
vn -0.753083 0.365371 -0.547148
vn -0.419453 0.897488 -0.136288
vn -0.945956 0.103432 -0.307360
vn -0.885303 0.365371 -0.287652
vn -0.441039 0.897488 -0.000000
vn -0.994637 0.103432 0.000000
vn -0.930862 0.365371 0.000000
vn -0.418411 0.897624 0.138577
vn -0.945773 0.104592 0.307528
vn -0.884403 0.365482 0.290267
vn -0.427558 0.889960 0.158636
vn -0.803612 0.087797 0.588643
vn -0.776167 0.367560 0.512312
vn -0.330283 0.917368 0.222146
vn -0.584919 0.107410 0.803948
vn -0.569578 0.384063 0.726689
vn -0.184565 0.922667 0.338559
vn -0.305906 0.083386 0.948403
vn -0.306787 0.387752 0.869213
vn -0.075343 0.936861 0.341489
vn 0.000912 0.094249 0.995548
vn -0.021198 0.397094 0.917533
vn 0.106582 0.939095 0.326712
vn 0.307875 0.086134 0.947520
vn 0.283864 0.398366 0.872196
vn 0.201966 0.939114 0.277982
vn 0.585593 0.086283 0.806000
vn 0.539128 0.398385 0.742045
vn 0.277785 0.939095 0.202325
vn 0.806006 0.086134 0.585607
vn 0.741789 0.398366 0.539494
vn 0.348057 0.936861 0.033871
vn 0.946541 0.094249 0.308509
vn 0.879176 0.397094 0.263373
vn 0.040853 -0.998724 -0.029681
vn 0.048025 -0.998724 -0.015604
vn 0.000000 -1.000000 -0.000000
vn 0.029681 -0.998724 -0.040853
vn 0.015605 -0.998724 -0.048026
vn -0.000000 -0.998724 -0.050497
vn -0.015604 -0.998724 -0.048025
vn -0.029681 -0.998724 -0.040853
vn -0.040853 -0.998724 -0.029681
vn -0.048025 -0.998724 -0.015604
vn -0.050497 -0.998724 -0.000000
vn -0.048025 -0.998724 0.015604
vn -0.040853 -0.998724 0.029681
vn -0.029681 -0.998724 0.040853
vn -0.015604 -0.998724 0.048026
vn 0.000000 -0.998724 0.050497
vn 0.015604 -0.998724 0.048026
vn 0.029681 -0.998724 0.040853
vn 0.040853 -0.998724 0.029681
vn 0.048025 -0.998724 0.015604
vn 0.050497 -0.998724 0.000000
vn 0.949916 -0.048025 -0.308794
vn 0.808085 -0.047982 -0.587109
vn 0.587108 -0.047982 -0.808085
vn 0.308654 -0.047980 -0.949963
vn 0.008500 -0.050547 -0.998686
vn -0.299820 -0.056488 -0.952322
vn -0.587052 -0.059793 -0.807338
vn -0.807577 -0.059645 -0.586739
vn -0.949363 -0.059646 -0.308467
vn -0.998220 -0.059646 0.000000
vn -0.949477 -0.059794 0.308089
vn -0.802320 -0.056487 0.594216
vn -0.580248 -0.050595 0.812867
vn -0.304729 -0.046805 0.951288
vn 0.004034 -0.044450 0.999003
vn 0.308683 -0.043360 0.950176
vn 0.587232 -0.043372 0.808256
vn 0.808282 -0.043359 0.587197
vn 0.948862 -0.044450 0.312546
vn 0.998895 -0.046807 0.004160
vn 0.360118 -0.925540 -0.117009
vn 0.378651 -0.925540 0.000000
vn 0.877052 -0.386744 -0.284970
vn 0.922187 -0.386745 0.000001
vn 0.746065 -0.386743 -0.542049
vn 0.306334 -0.925540 -0.222565
vn 0.542048 -0.386743 -0.746065
vn 0.222567 -0.925539 -0.306336
vn 0.284974 -0.386744 -0.877052
vn 0.117011 -0.925539 -0.360120
vn -0.000001 -0.386744 -0.922187
vn -0.000001 -0.925539 -0.378652
vn -0.284974 -0.386744 -0.877051
vn -0.117011 -0.925539 -0.360120
vn -0.542048 -0.386741 -0.746066
vn -0.222566 -0.925539 -0.306336
vn -0.746066 -0.386740 -0.542050
vn -0.306333 -0.925541 -0.222564
vn -0.877053 -0.386742 -0.284971
vn -0.360116 -0.925541 -0.117009
vn -0.922187 -0.386744 -0.000000
vn -0.378650 -0.925540 -0.000000
vn -0.877053 -0.386742 0.284972
vn -0.360117 -0.925540 0.117009
vn -0.746066 -0.386741 0.542049
vn -0.306334 -0.925540 0.222565
vn -0.542048 -0.386743 0.746065
vn -0.222566 -0.925539 0.306336
vn -0.284972 -0.386744 0.877052
vn -0.117010 -0.925539 0.360120
vn 0.000000 -0.386744 0.922187
vn 0.000000 -0.925539 0.378652
vn 0.284972 -0.386744 0.877052
vn 0.117010 -0.925539 0.360120
vn 0.542048 -0.386743 0.746065
vn 0.222566 -0.925539 0.306336
vn 0.746066 -0.386742 0.542049
vn 0.306334 -0.925540 0.222565
vn 0.877053 -0.386743 0.284971
vn 0.360118 -0.925540 0.117010
s 1
g rock1 Outsidestuff
usemtl lambert14SG
f 1069/1434/1489 1072/1415/1490 1066/1577/1491
f 1072/1415/1490 1075/1416/1492 1066/1576/1491
f 1075/1416/1492 1078/1417/1493 1066/1575/1491
f 1078/1417/1493 1081/1418/1494 1066/1574/1491
f 1081/1418/1494 1084/1419/1495 1066/1573/1491
f 1084/1419/1495 1087/1420/1496 1066/1572/1491
f 1087/1420/1496 1090/1421/1497 1066/1571/1491
f 1090/1421/1497 1093/1422/1498 1066/1570/1491
f 1093/1422/1498 1096/1423/1499 1066/1569/1491
f 1096/1423/1499 1099/1424/1500 1066/1568/1491
f 1099/1424/1500 1102/1425/1501 1066/1567/1491
f 1102/1425/1501 1105/1579/1502 1066/1566/1491
f 1105/1426/1502 1108/1427/1503 1066/1565/1491
f 1108/1427/1503 1111/1428/1504 1066/1564/1491
f 1111/1428/1504 1114/1429/1505 1066/1563/1491
f 1114/1429/1505 1117/1430/1506 1066/1562/1491
f 1117/1430/1506 1120/1431/1507 1066/1561/1491
f 1120/1431/1507 1123/1432/1508 1066/1560/1491
f 1123/1432/1508 1126/1433/1509 1066/1435/1491
f 1126/1433/1509 1069/1434/1489 1066/1578/1491
s 2
f 1067/1436/1510 1068/1437/1511 1125/1456/1512 1124/1516/1513
s 1
f 1068/1437/1514 1069/1434/1489 1126/1433/1509 1125/1456/1515
f 1069/1434/1489 1068/1437/1514 1071/1438/1516 1072/1415/1490
s 2
f 1068/1437/1511 1067/1436/1510 1070/1480/1517 1071/1438/1518
s 1
f 1072/1415/1490 1071/1438/1516 1074/1439/1519 1075/1416/1492
s 2
f 1071/1438/1518 1070/1480/1517 1073/1482/1520 1074/1439/1521
s 1
f 1075/1416/1492 1074/1439/1519 1077/1440/1522 1078/1417/1493
s 2
f 1074/1439/1521 1073/1482/1520 1076/1484/1523 1077/1440/1524
s 1
f 1078/1417/1493 1077/1440/1522 1080/1441/1525 1081/1418/1494
s 2
f 1077/1440/1524 1076/1484/1523 1079/1486/1526 1080/1441/1527
s 1
f 1081/1418/1494 1080/1441/1525 1083/1442/1528 1084/1419/1495
s 2
f 1080/1441/1527 1079/1486/1526 1082/1488/1529 1083/1442/1530
s 1
f 1084/1419/1495 1083/1442/1528 1086/1443/1531 1087/1420/1496
s 2
f 1083/1442/1530 1082/1488/1529 1085/1490/1532 1086/1443/1533
s 1
f 1087/1420/1496 1086/1443/1531 1089/1444/1534 1090/1421/1497
s 2
f 1086/1443/1533 1085/1490/1532 1088/1492/1535 1089/1444/1536
s 1
f 1090/1421/1497 1089/1444/1534 1092/1445/1537 1093/1422/1498
s 2
f 1089/1444/1536 1088/1492/1535 1091/1494/1538 1092/1445/1539
s 1
f 1093/1422/1498 1092/1445/1537 1095/1446/1540 1096/1423/1499
s 2
f 1092/1445/1539 1091/1494/1538 1094/1496/1541 1095/1446/1542
s 1
f 1096/1423/1499 1095/1446/1540 1098/1447/1543 1099/1424/1500
s 2
f 1095/1446/1542 1094/1496/1541 1097/1498/1544 1098/1447/1545
s 1
f 1099/1424/1500 1098/1447/1543 1101/1448/1546 1102/1425/1501
s 2
f 1098/1447/1545 1097/1498/1544 1100/1500/1547 1101/1448/1548
s 1
f 1102/1425/1501 1101/1448/1546 1104/1580/1549 1105/1579/1502
s 2
f 1101/1448/1548 1100/1500/1547 1103/1502/1550 1104/1580/1551
s 1
f 1105/1426/1502 1104/1449/1549 1107/1450/1552 1108/1427/1503
s 2
f 1104/1449/1551 1103/1538/1550 1106/1504/1553 1107/1450/1554
s 1
f 1108/1427/1503 1107/1450/1552 1110/1451/1555 1111/1428/1504
s 2
f 1107/1450/1554 1106/1504/1553 1109/1506/1556 1110/1451/1557
s 1
f 1111/1428/1504 1110/1451/1555 1113/1452/1558 1114/1429/1505
s 2
f 1110/1451/1557 1109/1506/1556 1112/1508/1559 1113/1452/1560
s 1
f 1114/1429/1505 1113/1452/1558 1116/1453/1561 1117/1430/1506
s 2
f 1113/1452/1560 1112/1508/1559 1115/1510/1562 1116/1453/1563
s 1
f 1117/1430/1506 1116/1453/1561 1119/1454/1564 1120/1431/1507
s 2
f 1116/1453/1563 1115/1510/1562 1118/1512/1565 1119/1454/1566
s 1
f 1120/1431/1507 1119/1454/1564 1122/1455/1567 1123/1432/1508
s 2
f 1119/1454/1566 1118/1512/1565 1121/1514/1568 1122/1455/1569
s 1
f 1123/1432/1508 1122/1455/1567 1125/1456/1515 1126/1433/1509
s 2
f 1122/1455/1569 1121/1514/1568 1124/1516/1513 1125/1456/1512
s 3
f 1130/1458/1570 1127/1457/1571 1065/1539/1572
f 1133/1459/1573 1130/1458/1570 1065/1540/1572
f 1136/1460/1574 1133/1459/1573 1065/1541/1572
f 1139/1461/1575 1136/1460/1574 1065/1542/1572
f 1142/1462/1576 1139/1461/1575 1065/1543/1572
f 1145/1463/1577 1142/1462/1576 1065/1544/1572
f 1148/1464/1578 1145/1463/1577 1065/1545/1572
f 1151/1465/1579 1148/1464/1578 1065/1546/1572
f 1154/1466/1580 1151/1465/1579 1065/1547/1572
f 1157/1467/1581 1154/1466/1580 1065/1548/1572
f 1160/1468/1582 1157/1467/1581 1065/1549/1572
f 1163/1469/1583 1160/1468/1582 1065/1550/1572
f 1166/1470/1584 1163/1558/1583 1065/1551/1572
f 1169/1471/1585 1166/1470/1584 1065/1552/1572
f 1172/1472/1586 1169/1471/1585 1065/1553/1572
f 1175/1473/1587 1172/1472/1586 1065/1554/1572
f 1178/1474/1588 1175/1473/1587 1065/1555/1572
f 1181/1475/1589 1178/1474/1588 1065/1556/1572
f 1184/1477/1590 1181/1475/1589 1065/1557/1572
f 1127/1457/1571 1184/1477/1590 1065/1476/1572
s 2
f 1129/1515/1591 1132/1478/1592 1070/1480/1517 1067/1436/1510
f 1132/1478/1592 1135/1479/1593 1073/1482/1520 1070/1480/1517
f 1135/1479/1593 1138/1481/1594 1076/1484/1523 1073/1482/1520
f 1138/1481/1594 1141/1483/1595 1079/1486/1526 1076/1484/1523
f 1141/1483/1595 1144/1485/1596 1082/1488/1529 1079/1486/1526
f 1144/1485/1596 1147/1487/1597 1085/1490/1532 1082/1488/1529
f 1147/1487/1597 1150/1489/1598 1088/1492/1535 1085/1490/1532
f 1150/1489/1598 1153/1491/1599 1091/1494/1538 1088/1492/1535
f 1153/1491/1599 1156/1493/1600 1094/1496/1541 1091/1494/1538
f 1156/1493/1600 1159/1495/1601 1097/1498/1544 1094/1496/1541
f 1159/1495/1601 1162/1497/1602 1100/1500/1547 1097/1498/1544
f 1162/1497/1602 1165/1537/1603 1103/1502/1550 1100/1500/1547
f 1165/1499/1603 1168/1501/1604 1106/1504/1553 1103/1538/1550
f 1168/1501/1604 1171/1503/1605 1109/1506/1556 1106/1504/1553
f 1171/1503/1605 1174/1505/1606 1112/1508/1559 1109/1506/1556
f 1174/1505/1606 1177/1507/1607 1115/1510/1562 1112/1508/1559
f 1177/1507/1607 1180/1509/1608 1118/1512/1565 1115/1510/1562
f 1180/1509/1608 1183/1511/1609 1121/1514/1568 1118/1512/1565
f 1183/1511/1609 1186/1513/1610 1124/1516/1513 1121/1514/1568
f 1186/1513/1610 1129/1515/1591 1067/1436/1510 1124/1516/1513
s 3
f 1127/1457/1571 1128/1517/1611 1185/1536/1612 1184/1477/1590
s 2
f 1128/1517/1613 1129/1515/1591 1186/1513/1610 1185/1536/1614
f 1129/1515/1591 1128/1517/1613 1131/1518/1615 1132/1478/1592
s 3
f 1128/1517/1611 1127/1457/1571 1130/1458/1570 1131/1518/1616
s 2
f 1132/1478/1592 1131/1518/1615 1134/1519/1617 1135/1479/1593
s 3
f 1131/1518/1616 1130/1458/1570 1133/1459/1573 1134/1519/1618
s 2
f 1135/1479/1593 1134/1519/1617 1137/1520/1619 1138/1481/1594
s 3
f 1134/1519/1618 1133/1459/1573 1136/1460/1574 1137/1520/1620
s 2
f 1138/1481/1594 1137/1520/1619 1140/1521/1621 1141/1483/1595
s 3
f 1137/1520/1620 1136/1460/1574 1139/1461/1575 1140/1521/1622
s 2
f 1141/1483/1595 1140/1521/1621 1143/1522/1623 1144/1485/1596
s 3
f 1140/1521/1622 1139/1461/1575 1142/1462/1576 1143/1522/1624
s 2
f 1144/1485/1596 1143/1522/1623 1146/1523/1625 1147/1487/1597
s 3
f 1143/1522/1624 1142/1462/1576 1145/1463/1577 1146/1523/1626
s 2
f 1147/1487/1597 1146/1523/1625 1149/1524/1627 1150/1489/1598
s 3
f 1146/1523/1626 1145/1463/1577 1148/1464/1578 1149/1524/1628
s 2
f 1150/1489/1598 1149/1524/1627 1152/1525/1629 1153/1491/1599
s 3
f 1149/1524/1628 1148/1464/1578 1151/1465/1579 1152/1525/1630
s 2
f 1153/1491/1599 1152/1525/1629 1155/1526/1631 1156/1493/1600
s 3
f 1152/1525/1630 1151/1465/1579 1154/1466/1580 1155/1526/1632
s 2
f 1156/1493/1600 1155/1526/1631 1158/1527/1633 1159/1495/1601
s 3
f 1155/1526/1632 1154/1466/1580 1157/1467/1581 1158/1527/1634
s 2
f 1159/1495/1601 1158/1527/1633 1161/1528/1635 1162/1497/1602
s 3
f 1158/1527/1634 1157/1467/1581 1160/1468/1582 1161/1528/1636
s 2
f 1162/1497/1602 1161/1528/1635 1164/1559/1637 1165/1537/1603
s 3
f 1161/1528/1636 1160/1468/1582 1163/1469/1583 1164/1559/1638
s 2
f 1165/1499/1603 1164/1529/1637 1167/1530/1639 1168/1501/1604
s 3
f 1164/1529/1638 1163/1558/1583 1166/1470/1584 1167/1530/1640
s 2
f 1168/1501/1604 1167/1530/1639 1170/1531/1641 1171/1503/1605
s 3
f 1167/1530/1640 1166/1470/1584 1169/1471/1585 1170/1531/1642
s 2
f 1171/1503/1605 1170/1531/1641 1173/1532/1643 1174/1505/1606
s 3
f 1170/1531/1642 1169/1471/1585 1172/1472/1586 1173/1532/1644
s 2
f 1174/1505/1606 1173/1532/1643 1176/1533/1645 1177/1507/1607
s 3
f 1173/1532/1644 1172/1472/1586 1175/1473/1587 1176/1533/1646
s 2
f 1177/1507/1607 1176/1533/1645 1179/1534/1647 1180/1509/1608
s 3
f 1176/1533/1646 1175/1473/1587 1178/1474/1588 1179/1534/1648
s 2
f 1180/1509/1608 1179/1534/1647 1182/1535/1649 1183/1511/1609
s 3
f 1179/1534/1648 1178/1474/1588 1181/1475/1589 1182/1535/1650
s 2
f 1183/1511/1609 1182/1535/1649 1185/1536/1614 1186/1513/1610
s 3
f 1182/1535/1650 1181/1475/1589 1184/1477/1590 1185/1536/1612
g default
v -8.336671 0.267765 2.741291
v -8.407467 0.283828 2.708666
v -8.486029 0.289443 2.697262
v -8.564676 0.284058 2.708200
v -8.635708 0.268201 2.740407
v -8.692172 0.243424 2.790730
v -8.728536 0.212153 2.854243
v -8.741243 0.177449 2.924729
v -8.729052 0.142709 2.995288
v -8.693153 0.111333 3.059015
v -8.637061 0.086393 3.109670
v -8.566267 0.070330 3.142295
v -8.487701 0.064716 3.153697
v -8.409055 0.070101 3.142760
v -8.338021 0.085959 3.110552
v -8.281559 0.110735 3.060229
v -8.245194 0.142006 2.996716
v -8.232491 0.176709 2.926232
v -8.244680 0.211450 2.855672
v -8.280581 0.242825 2.791946
v -8.190169 0.409661 2.587945
v -8.330013 0.441392 2.523498
v -8.485214 0.452481 2.500977
v -8.640575 0.441842 2.522583
v -8.780887 0.410519 2.586203
v -8.892420 0.361576 2.685609
v -8.964254 0.299804 2.811072
v -8.989361 0.231250 2.950310
v -8.965281 0.162624 3.089694
v -8.894363 0.100646 3.215575
v -8.783564 0.051379 3.315639
v -8.643717 0.019649 3.380085
v -8.488517 0.008561 3.402606
v -8.333157 0.019199 3.381000
v -8.192842 0.050522 3.317379
v -8.081312 0.099465 3.217974
v -8.009476 0.161237 3.092511
v -7.984370 0.229791 2.953273
v -8.008453 0.298416 2.813891
v -8.079367 0.360395 2.688008
v -8.050976 0.581310 2.460382
v -8.256428 0.627926 2.365700
v -8.484438 0.644217 2.332612
v -8.712688 0.628588 2.364357
v -8.918825 0.582570 2.457822
v -9.082684 0.510666 2.603864
v -9.188219 0.419914 2.788187
v -9.225105 0.319197 2.992749
v -9.189718 0.218378 3.197518
v -9.085538 0.127322 3.382460
v -8.922752 0.054943 3.529466
v -8.717305 0.008325 3.624150
v -8.489292 -0.007965 3.657236
v -8.261045 0.007664 3.625493
v -8.054904 0.053683 3.532025
v -7.891049 0.125586 3.385985
v -7.785511 0.216338 3.201662
v -7.748629 0.317054 2.997102
v -7.784010 0.417874 2.792329
v -7.888195 0.508930 2.607390
v -7.922516 0.778485 2.361740
v -8.188517 0.838840 2.239155
v -8.483721 0.859933 2.196314
v -8.779236 0.839698 2.237413
v -9.046127 0.780117 2.358425
v -9.258277 0.687022 2.547508
v -9.394915 0.569524 2.786152
v -9.442665 0.439128 3.050996
v -9.396856 0.308595 3.316117
v -9.261975 0.190702 3.555564
v -9.051212 0.096994 3.745892
v -8.785213 0.036639 3.868477
v -8.490007 0.015546 3.911316
v -8.194494 0.035781 3.870219
v -7.927602 0.095362 3.749206
v -7.715454 0.188457 3.560124
v -7.578820 0.305953 3.321482
v -7.531064 0.436351 3.056635
v -7.576873 0.566884 2.791515
v -7.711760 0.684774 2.552072
v -7.807953 0.996331 2.294447
v -8.127953 1.068938 2.146977
v -8.483086 1.094312 2.095441
v -8.838587 1.069970 2.144881
v -9.159659 0.998294 2.290460
v -9.414877 0.886299 2.517928
v -9.579250 0.744951 2.805016
v -9.636698 0.588082 3.123626
v -9.581587 0.431052 3.442564
v -9.419324 0.289227 3.730619
v -9.165776 0.176496 3.959584
v -8.845779 0.103888 4.107056
v -8.490646 0.078514 4.158592
v -8.135145 0.102856 4.109152
v -7.814070 0.174533 3.963571
v -7.558855 0.286527 3.736105
v -7.394481 0.427875 3.449017
v -7.337035 0.584743 3.130408
v -7.392142 0.741775 2.811467
v -7.554413 0.883597 2.523417
v -7.710105 1.229485 2.260161
v -8.076225 1.312556 2.091438
v -8.482538 1.341588 2.032473
v -8.889277 1.313737 2.089039
v -9.256624 1.231731 2.255599
v -9.548624 1.103595 2.515851
v -9.736688 0.941875 2.844314
v -9.802412 0.762399 3.208842
v -9.739361 0.582736 3.573748
v -9.553711 0.420471 3.903318
v -9.263622 0.291493 4.165283
v -8.897505 0.208421 4.334007
v -8.491190 0.179389 4.392971
v -8.084454 0.207239 4.336406
v -7.717105 0.289246 4.169845
v -7.425107 0.417381 3.909595
v -7.237042 0.579102 3.581130
v -7.171319 0.758577 3.216603
v -7.234371 0.938240 2.851697
v -7.420025 1.100503 2.522130
v -7.631387 1.472204 2.259728
v -8.034610 1.563695 2.073905
v -8.482100 1.595669 2.008963
v -8.930061 1.564995 2.071263
v -9.334636 1.474679 2.254702
v -9.656225 1.333558 2.541327
v -9.863351 1.155448 2.903080
v -9.935740 0.957782 3.304553
v -9.866295 0.759912 3.706439
v -9.661831 0.581203 4.069409
v -9.342343 0.439152 4.357922
v -8.939125 0.347660 4.543748
v -8.491629 0.315688 4.608685
v -8.043670 0.346361 4.546386
v -7.639094 0.436679 4.362947
v -7.317505 0.577799 4.076322
v -7.110382 0.755908 3.714571
v -7.037996 0.953573 3.313100
v -7.107436 1.151445 2.911211
v -7.311906 1.330152 2.548244
v -7.573730 1.718515 2.293154
v -8.004128 1.816172 2.094806
v -8.481779 1.850300 2.025490
v -8.959929 1.817560 2.091987
v -9.391771 1.721155 2.287791
v -9.735041 1.570522 2.593736
v -9.956120 1.380410 2.979867
v -10.033382 1.169423 3.408394
v -9.959263 0.958216 3.837368
v -9.741016 0.767464 4.224799
v -9.400000 0.615839 4.532759
v -8.969601 0.518182 4.731105
v -8.491949 0.484054 4.800422
v -8.013805 0.516793 4.733928
v -7.581958 0.613199 4.538121
v -7.238694 0.763830 4.232179
v -7.017610 0.953944 3.846045
v -6.940348 1.164930 3.417520
v -7.014469 1.376136 2.988546
v -7.232717 1.566889 2.601115
v -7.538560 1.962349 2.359620
v -7.985536 2.063767 2.153634
v -8.481585 2.099211 2.081646
v -8.978153 2.065209 2.150707
v -9.426626 1.965092 2.354050
v -9.783112 1.808658 2.671777
v -10.012712 1.611221 3.072784
v -10.092950 1.392109 3.517816
v -10.015975 1.172767 3.963313
v -9.789318 0.974668 4.365664
v -9.435171 0.817202 4.685487
v -8.988194 0.715784 4.891474
v -8.492147 0.680341 4.963461
v -7.995579 0.714343 4.894402
v -7.547104 0.814460 4.691056
v -7.190621 0.970893 4.373332
v -6.961019 1.168330 3.972324
v -6.880781 1.387443 3.527293
v -6.957756 1.606785 3.081795
v -7.184412 1.804883 2.679444
v -7.526738 2.197705 2.457487
v -7.979288 2.300387 2.248934
v -8.481520 2.336272 2.176050
v -8.984274 2.301847 2.245968
v -9.438340 2.200482 2.451849
v -9.799271 2.042098 2.773536
v -10.031735 1.842199 3.179543
v -10.112974 1.620355 3.630123
v -10.035038 1.398279 4.081172
v -9.805555 1.197711 4.488539
v -9.446995 1.038282 4.812349
v -8.994448 0.935600 5.020904
v -8.492215 0.899715 5.093788
v -7.989456 0.934141 5.023866
v -7.535389 1.035507 4.817986
v -7.174461 1.193890 4.496299
v -6.942000 1.393787 4.090296
v -6.860761 1.615632 3.639716
v -6.938694 1.837708 3.188664
v -7.168176 2.038276 2.781298
v -7.538560 2.418786 2.584348
v -7.985536 2.520204 2.378362
v -8.481585 2.555648 2.306374
v -8.978153 2.521645 2.375435
v -9.426626 2.421529 2.578778
v -9.783112 2.265095 2.896505
v -10.012712 2.067658 3.297512
v -10.092950 1.848545 3.742544
v -10.015975 1.629203 4.188041
v -9.789318 1.431104 4.590392
v -9.435171 1.273638 4.910215
v -8.988194 1.172221 5.116201
v -8.492147 1.136777 5.188189
v -7.995579 1.170779 5.119129
v -7.547104 1.270897 4.915784
v -7.190621 1.427329 4.598060
v -6.961019 1.624767 4.197052
v -6.880781 1.843879 3.752021
v -6.957756 2.063221 3.306523
v -7.184412 2.261320 2.904172
v -7.573730 2.620149 2.737076
v -8.004128 2.717806 2.538729
v -8.481779 2.751935 2.469412
v -8.959929 2.719194 2.535910
v -9.391771 2.622790 2.731713
v -9.735041 2.472157 3.037658
v -9.956120 2.282044 3.423789
v -10.033382 2.071058 3.852316
v -9.959263 1.859851 4.281291
v -9.741016 1.669098 4.668722
v -9.400000 1.517474 4.976681
v -8.969601 1.419817 5.175028
v -8.491949 1.385689 5.244345
v -8.013805 1.418427 5.177850
v -7.581958 1.514833 4.982044
v -7.238694 1.665465 4.676102
v -7.017610 1.855579 4.289968
v -6.940348 2.066565 3.861443
v -7.014469 2.277771 3.432469
v -7.232717 2.468524 3.045037
v -7.631387 2.796836 2.911914
v -8.034610 2.888326 2.726091
v -8.482100 2.920300 2.661149
v -8.930061 2.889627 2.723449
v -9.334636 2.799310 2.906888
v -9.656225 2.658189 3.193513
v -9.863351 2.480079 3.555267
v -9.935740 2.282413 3.956739
v -9.866295 2.084543 4.358625
v -9.661831 1.905834 4.721595
v -9.342343 1.763784 5.010108
v -8.939125 1.672292 5.195934
v -8.491629 1.640320 5.260871
v -8.043670 1.670993 5.198572
v -7.639094 1.761310 5.015132
v -7.317505 1.902430 4.728508
v -7.110382 2.080540 4.366756
v -7.037996 2.278205 3.965286
v -7.107436 2.476076 3.563397
v -7.311906 2.654784 3.200431
v -7.710105 2.944496 3.104552
v -8.076225 3.027568 2.935829
v -8.482538 3.056599 2.876864
v -8.889277 3.028749 2.933430
v -9.256624 2.946742 3.099990
v -9.548624 2.818607 3.360241
v -9.736688 2.656887 3.688705
v -9.802412 2.477411 4.053233
v -9.739361 2.297748 4.418139
v -9.553711 2.135483 4.747709
v -9.263622 2.006504 5.009674
v -8.897505 1.923432 5.178398
v -8.491190 1.894401 5.237362
v -8.084454 1.922251 5.180797
v -7.717105 2.004258 5.014235
v -7.425107 2.132393 4.753985
v -7.237042 2.294114 4.425520
v -7.171319 2.473589 4.060994
v -7.234371 2.653252 3.696088
v -7.420025 2.815515 3.366521
v -7.807953 3.059493 3.310251
v -8.127953 3.132100 3.162781
v -8.483086 3.157474 3.111245
v -8.838587 3.133132 3.160684
v -9.159659 3.061456 3.306263
v -9.414877 2.949461 3.533732
v -9.579250 2.808113 3.820820
v -9.636698 2.651244 4.139429
v -9.581587 2.494214 4.458367
v -9.419324 2.352389 4.746423
v -9.165776 2.239658 4.975388
v -8.845779 2.167050 5.122859
v -8.490646 2.141676 5.174396
v -8.135145 2.166017 5.124956
v -7.814070 2.237694 4.979375
v -7.558855 2.349688 4.751909
v -7.394481 2.491037 4.464820
v -7.337035 2.647905 4.146211
v -7.392142 2.804937 3.827271
v -7.554413 2.946759 3.539220
v -8.409883 2.795043 4.097151
v -8.446171 2.803275 4.080431
v -8.486435 2.806154 4.074585
v -8.526751 2.803392 4.080194
v -8.563153 2.795266 4.096699
v -8.592093 2.782567 4.122491
v -8.610735 2.766538 4.155046
v -8.617245 2.748752 4.191172
v -8.610996 2.730946 4.227336
v -8.592598 2.714864 4.260000
v -8.563847 2.702082 4.285961
v -8.527563 2.693849 4.302683
v -8.487297 2.690970 4.308529
v -8.446983 2.693732 4.302922
v -8.410576 2.701859 4.286414
v -8.381639 2.714557 4.260624
v -8.362999 2.730586 4.228068
v -8.356489 2.748372 4.191943
v -8.362735 2.766179 4.155776
v -8.381134 2.782260 4.123114
v -8.486864 0.159118 2.916636
v -7.888041 3.073157 3.439003
v -7.911341 3.072964 3.474405
v -7.935991 3.064820 3.507952
v -7.961051 3.049038 3.538364
v -8.170293 3.137199 3.308929
v -8.182611 3.134514 3.349393
v -8.195639 3.123734 3.388292
v -8.208888 3.105272 3.424149
v -8.483530 3.159580 3.263471
v -8.483659 3.156025 3.305703
v -8.483796 3.144324 3.346474
v -8.483940 3.124923 3.384236
v -8.797096 3.138109 3.307080
v -8.785025 3.135390 3.347615
v -8.772255 3.124572 3.386591
v -8.759274 3.106071 3.422527
v -9.080293 3.074889 3.435484
v -9.057203 3.074628 3.471025
v -9.032776 3.066413 3.504715
v -9.007940 3.050559 3.535276
v -9.305401 2.976106 3.636118
v -9.273556 2.979689 3.663853
v -9.239864 2.975539 3.689286
v -9.205605 2.963820 3.711448
v -9.450386 2.851432 3.889340
v -9.412901 2.859864 3.907225
v -9.373240 2.860847 3.922233
v -9.332912 2.854346 3.933797
v -9.501057 2.713068 4.170365
v -9.461596 2.726886 4.177312
v -9.419847 2.733564 4.180752
v -9.377402 2.732852 4.180557
v -9.452446 2.574562 4.451680
v -9.414881 2.593767 4.447684
v -9.375132 2.606148 4.439543
v -9.334725 2.611231 4.427578
v -9.309322 2.449469 4.705752
v -9.277325 2.473541 4.691871
v -9.243467 2.491071 4.673271
v -9.209046 2.501391 4.650671
v -9.085688 2.350035 4.907709
v -9.062391 2.377976 4.885970
v -9.037740 2.399598 4.859058
v -9.012683 2.414078 4.828007
v -8.803440 2.285992 5.037784
v -8.791122 2.316426 5.010982
v -8.778090 2.340684 4.978717
v -8.764841 2.357846 4.942219
v -8.490199 2.263612 5.083240
v -8.490074 2.294915 5.054672
v -8.489937 2.320094 5.020537
v -8.489793 2.338193 4.982135
v -8.176634 2.285082 5.039632
v -8.188707 2.315551 5.012759
v -8.201477 2.339846 4.980419
v -8.214458 2.357047 4.943842
v -7.893437 2.348303 4.911226
v -7.916526 2.376313 4.889348
v -7.940953 2.398006 4.862293
v -7.965788 2.412559 4.831093
v -7.668330 2.447085 4.710593
v -7.700176 2.471252 4.696521
v -7.733869 2.488878 4.677725
v -7.768129 2.499297 4.654923
v -7.523344 2.571760 4.457371
v -7.560833 2.591076 4.453151
v -7.600493 2.603570 4.444778
v -7.640821 2.608771 4.432574
v -7.472676 2.710123 4.176348
v -7.512136 2.724054 4.183063
v -7.553882 2.730854 4.186257
v -7.596326 2.730266 4.185811
v -7.521283 2.848630 3.895031
v -7.558851 2.857172 3.912691
v -7.598599 2.858270 3.927467
v -7.639008 2.851885 3.938794
v -7.664411 2.973722 3.640960
v -7.696410 2.977398 3.668506
v -7.730265 2.973347 3.693738
v -7.764685 2.961726 3.715699
v -8.013224 3.008418 3.597855
v -8.037697 2.986628 3.624413
v -8.061226 2.960158 3.647231
v -8.083326 2.929551 3.665835
v -8.236469 3.059072 3.494973
v -8.249407 3.034666 3.526845
v -8.261847 3.005678 3.554775
v -8.273535 2.972706 3.578183
v -8.484228 3.076774 3.459019
v -8.484365 3.051453 3.492750
v -8.484498 3.021585 3.522467
v -8.484617 2.987790 3.547547
v -8.732243 3.059792 3.493511
v -8.719569 3.035347 3.525461
v -8.707375 3.006325 3.553462
v -8.695927 2.973320 3.576936
v -8.956238 3.009787 3.595073
v -8.931987 2.987927 3.621774
v -8.908669 2.961389 3.644730
v -8.886766 2.930718 3.663465
v -9.134293 2.931654 3.753767
v -9.100838 2.913832 3.772266
v -9.068678 2.891174 3.787342
v -9.038464 2.864150 3.798668
v -9.248964 2.833043 3.954052
v -9.209589 2.820315 3.962205
v -9.171727 2.802557 3.967328
v -9.136169 2.780132 3.969314
v -9.289043 2.723604 4.176330
v -9.247595 2.716531 4.172997
v -9.207747 2.704209 4.167079
v -9.170310 2.686893 4.158688
v -9.250599 2.614051 4.398839
v -9.211137 2.612638 4.384010
v -9.173191 2.605761 4.367034
v -9.137554 2.593555 4.348262
v -9.137394 2.515108 4.599798
v -9.103779 2.518808 4.574585
v -9.071460 2.516845 4.547626
v -9.041108 2.509256 4.519479
v -8.960510 2.436461 4.759536
v -8.936036 2.444223 4.726072
v -8.912502 2.446168 4.691176
v -8.890402 2.442250 4.655573
v -8.737263 2.385807 4.862417
v -8.724321 2.396187 4.823637
v -8.711886 2.400646 4.783634
v -8.700198 2.399093 4.743227
v -8.489502 2.368106 4.898370
v -8.489366 2.379399 4.857734
v -8.489235 2.384739 4.815942
v -8.489117 2.384010 4.773863
v -8.241491 2.385087 4.863880
v -8.254164 2.395504 4.825024
v -8.266359 2.399999 4.784948
v -8.277805 2.398480 4.744473
v -8.017491 2.435093 4.762315
v -8.041742 2.442925 4.728708
v -8.065061 2.444937 4.693676
v -8.086963 2.441083 4.657943
v -7.839441 2.513225 4.603624
v -7.872895 2.517019 4.578219
v -7.905056 2.515151 4.551067
v -7.935269 2.507650 4.522741
v -7.724767 2.611836 4.403338
v -7.764142 2.610537 4.388278
v -7.802005 2.603768 4.371081
v -7.837564 2.591667 4.352098
v -7.684689 2.721275 4.181061
v -7.726134 2.714321 4.177485
v -7.765987 2.702116 4.171330
v -7.803422 2.684906 4.162723
v -7.723135 2.830827 3.958553
v -7.762595 2.818213 3.966474
v -7.800537 2.800565 3.971373
v -7.836175 2.778245 3.973146
v -7.836341 2.929770 3.757594
v -7.869951 2.912044 3.775898
v -7.902271 2.889480 3.790782
v -7.932625 2.862543 3.801931
v -8.413196 2.842859 4.123869
v -8.415651 2.869985 4.142093
v -8.416116 2.888521 4.155908
v -8.415585 2.906672 4.170986
v -8.414274 2.924454 4.187506
v -8.412436 2.941848 4.205636
v -8.410378 2.958804 4.225526
v -8.408471 2.975243 4.247304
v -8.407153 2.991067 4.271055
v -8.406925 3.006147 4.296797
v -8.408335 3.020334 4.324444
v -8.411917 3.033471 4.353767
v -8.418156 3.045389 4.384356
v -8.426756 3.055741 4.414445
v -8.436720 3.064665 4.442589
v -8.447515 3.072901 4.469395
v -8.459011 3.081140 4.495941
v -8.471313 3.089980 4.523393
v -8.484627 3.099961 4.552858
v -8.499149 3.111595 4.585330
v -8.515045 3.125384 4.621697
v -8.532420 3.141824 4.662739
v -8.551342 3.161403 4.709171
v -8.571834 3.184602 4.761640
v -8.449922 2.849412 4.105867
v -8.453173 2.878383 4.125071
v -8.454441 2.899282 4.140516
v -8.454571 2.919514 4.157166
v -8.453827 2.939037 4.175107
v -8.452509 2.957797 4.194405
v -8.450974 2.975730 4.215121
v -8.449614 2.992769 4.237291
v -8.448862 3.008841 4.260918
v -8.449186 3.023862 4.285954
v -8.451057 3.037746 4.312266
v -8.454945 3.050402 4.339644
v -8.461218 3.061757 4.367736
v -8.469658 3.071630 4.395268
v -8.479456 3.080264 4.421279
v -8.490192 3.088360 4.446439
v -8.501797 3.096568 4.471789
v -8.514364 3.105463 4.498413
v -8.528083 3.115567 4.527343
v -8.543116 3.127384 4.559495
v -8.559596 3.141405 4.595698
v -8.577609 3.158117 4.636690
v -8.597190 3.178004 4.683141
v -8.618355 3.201537 4.735676
v -8.683565 3.059676 4.807531
v -8.490585 2.848895 4.097988
v -8.494555 2.878600 4.117604
v -8.496648 2.901404 4.134540
v -8.497475 2.923209 4.152544
v -8.497355 2.943921 4.171602
v -8.496634 2.963463 4.191678
v -8.495705 2.981767 4.212737
v -8.494976 2.998785 4.234722
v -8.494853 3.014486 4.257550
v -8.495759 3.028840 4.281119
v -8.498083 3.041832 4.305274
v -8.502184 3.053462 4.329825
v -8.508346 3.063750 4.354544
v -8.516427 3.072732 4.378768
v -8.525917 3.080760 4.402184
v -8.536554 3.088470 4.425508
v -8.548306 3.096455 4.449679
v -8.561260 3.105253 4.475655
v -8.575559 3.115361 4.504334
v -8.591307 3.127267 4.536522
v -8.608596 3.141448 4.572962
v -8.627464 3.158380 4.614316
v -8.647927 3.178530 4.661211
v -8.669977 3.202361 4.714229
v -8.531204 2.841358 4.101002
v -8.535744 2.870615 4.120423
v -8.538603 2.894676 4.138562
v -8.540097 2.917392 4.157570
v -8.540594 2.938628 4.177332
v -8.540487 2.958291 4.197722
v -8.540190 2.976322 4.218606
v -8.540109 2.992704 4.239843
v -8.540627 3.007447 4.261285
v -8.542089 3.020591 4.282771
v -8.544806 3.032193 4.304151
v -8.549019 3.042347 4.325279
v -8.554915 3.051175 4.346067
v -8.562491 3.058935 4.366569
v -8.571569 3.066101 4.387186
v -8.582058 3.073221 4.408651
v -8.593984 3.080815 4.431778
v -8.607410 3.089371 4.457348
v -8.622398 3.099366 4.486084
v -8.639001 3.111259 4.518664
v -8.657237 3.125514 4.555710
v -8.677103 3.142588 4.597811
v -8.698583 3.162931 4.645528
v -8.721642 3.186997 4.699401
v -8.567800 2.827542 4.114614
v -8.572709 2.855209 4.133251
v -8.576200 2.879761 4.152191
v -8.578266 2.902635 4.171754
v -8.579317 2.923676 4.191742
v -8.579780 2.942787 4.211946
v -8.580074 2.959931 4.232154
v -8.580599 2.975121 4.252157
v -8.581694 2.988418 4.271749
v -8.583640 2.999923 4.290747
v -8.586651 3.009774 4.309006
v -8.590857 3.018149 4.326446
v -8.596374 3.025261 4.343136
v -8.603333 3.031594 4.359859
v -8.611931 3.037724 4.377742
v -8.622254 3.044105 4.397522
v -8.634370 3.051175 4.419843
v -8.648293 3.059376 4.445281
v -8.664025 3.069145 4.474384
v -8.681531 3.080927 4.507667
v -8.700766 3.095160 4.545639
v -8.721672 3.112285 4.588792
v -8.744198 3.132736 4.637626
v -8.768293 3.156945 4.692639
v -8.596798 2.808795 4.137494
v -8.601831 2.833890 4.154834
v -8.605757 2.858116 4.174089
v -8.608248 2.880383 4.193706
v -8.609735 2.900528 4.213419
v -8.610664 2.918470 4.232958
v -8.611456 2.934196 4.252057
v -8.612482 2.947755 4.270458
v -8.614042 2.959257 4.287925
v -8.616348 2.968859 4.304266
v -8.619517 2.976768 4.319362
v -8.623608 2.983233 4.333215
v -8.628660 2.988545 4.346037
v -8.634962 2.993382 4.359297
v -8.643061 2.998404 4.374784
v -8.653208 3.003971 4.393208
v -8.665499 3.010438 4.415035
v -8.679914 3.018197 4.440640
v -8.696363 3.027656 4.470376
v -8.714736 3.039236 4.504610
v -8.734917 3.053357 4.543726
v -8.756804 3.070439 4.588139
v -8.780312 3.090898 4.638280
v -8.805363 3.115150 4.694607
v -8.615355 2.786955 4.167400
v -8.620258 2.808747 4.183055
v -8.624380 2.831862 4.202115
v -8.627100 2.852813 4.221276
v -8.628862 2.871452 4.240237
v -8.630113 2.887722 4.258697
v -8.631258 2.901638 4.276361
v -8.632639 2.913288 4.292953
v -8.634503 2.922822 4.308227
v -8.637005 2.930442 4.322004
v -8.640197 2.936407 4.334211
v -8.644063 2.941021 4.344923
v -8.648610 2.944626 4.354486
v -8.654278 2.948042 4.364939
v -8.661907 2.951995 4.378599
v -8.671890 2.956749 4.396134
v -8.684334 2.962593 4.417831
v -8.699175 2.969869 4.443878
v -8.716249 2.978962 4.474457
v -8.735363 2.990272 4.509790
v -8.756351 3.004200 4.550167
v -8.779068 3.021146 4.595921
v -8.803388 3.041514 4.647429
v -8.829231 3.065703 4.705119
v -8.621655 2.764159 4.201405
v -8.626188 2.782240 4.215156
v -8.630252 2.803568 4.233528
v -8.632986 2.822623 4.251770
v -8.634834 2.839292 4.269577
v -8.636229 2.853549 4.286650
v -8.637547 2.865443 4.302694
v -8.639090 2.875093 4.317440
v -8.641073 2.882676 4.330668
v -8.643589 2.888432 4.342225
v -8.646652 2.892644 4.352092
v -8.650222 2.895642 4.360423
v -8.654278 2.897797 4.367660
v -8.659393 2.900011 4.376235
v -8.666626 2.903037 4.388816
v -8.676464 2.907064 4.406010
v -8.689026 2.912323 4.427958
v -8.704187 2.919125 4.454678
v -8.721726 2.927832 4.486221
v -8.741396 2.938827 4.522705
v -8.762970 2.952498 4.564329
v -8.786270 2.969234 4.611370
v -8.811167 2.989419 4.664176
v -8.837549 3.013445 4.723135
v -8.615081 2.742638 4.236181
v -8.619040 2.756962 4.247994
v -8.622789 2.776004 4.265247
v -8.625325 2.792769 4.282199
v -8.627064 2.807196 4.298565
v -8.628410 2.819297 4.314076
v -8.629702 2.829154 4.328472
v -8.631212 2.836907 4.341525
v -8.633108 2.842752 4.353051
v -8.635467 2.846937 4.362954
v -8.638268 2.849758 4.371262
v -8.641481 2.851538 4.378198
v -8.645108 2.852641 4.384264
v -8.649803 2.853988 4.392073
v -8.656757 2.856318 4.404432
v -8.666492 2.859772 4.421870
v -8.679115 2.864545 4.444416
v -8.694471 2.870924 4.471983
v -8.712275 2.879263 4.504522
v -8.732241 2.889933 4.542082
v -8.754126 2.903310 4.584822
v -8.777727 2.919775 4.632981
v -8.802893 2.939706 4.686882
v -8.829515 2.963485 4.746902
v -8.596280 2.724498 4.268326
v -8.599514 2.735389 4.278353
v -8.602730 2.751866 4.294172
v -8.604866 2.766174 4.309585
v -8.606310 2.778308 4.324361
v -8.607420 2.788321 4.338292
v -8.608500 2.796323 4.351178
v -8.609775 2.802468 4.362849
v -8.611393 2.806955 4.373186
v -8.613421 2.810022 4.382154
v -8.615859 2.811948 4.389842
v -8.618701 2.813025 4.396510
v -8.622002 2.813581 4.402679
v -8.626453 2.814480 4.410907
v -8.633263 2.816417 4.423916
v -8.642948 2.819508 4.442164
v -8.655578 2.823938 4.465602
v -8.670966 2.829990 4.494098
v -8.688807 2.838015 4.527564
v -8.708800 2.848377 4.566032
v -8.730684 2.861454 4.609642
v -8.754253 2.877620 4.658631
v -8.779366 2.897248 4.713319
v -8.805908 2.920720 4.774086
v -8.567086 2.711517 4.294689
v -8.569520 2.719634 4.303261
v -8.572035 2.733519 4.317471
v -8.573612 2.745441 4.331244
v -8.574608 2.755452 4.344443
v -8.575317 2.763652 4.356926
v -8.576005 2.770165 4.368583
v -8.576870 2.775150 4.379322
v -8.578050 2.778791 4.389102
v -8.579611 2.781303 4.397949
v -8.581613 2.782918 4.406010
v -8.584102 2.783878 4.413562
v -8.587206 2.784443 4.421095
v -8.591625 2.785356 4.430894
v -8.598446 2.787240 4.445367
v -8.608131 2.790214 4.464901
v -8.620712 2.794479 4.489441
v -8.635974 2.800333 4.518856
v -8.653624 2.808125 4.553095
v -8.673362 2.818231 4.592208
v -8.694935 2.831029 4.636360
v -8.718163 2.846892 4.685815
v -8.742901 2.866199 4.740909
v -8.769045 2.889334 4.802032
v -8.530362 2.704963 4.312691
v -8.531999 2.711235 4.320284
v -8.533705 2.722760 4.332860
v -8.534626 2.732599 4.345064
v -8.535056 2.740870 4.356843
v -8.535243 2.747703 4.368158
v -8.535408 2.753238 4.378989
v -8.535727 2.757624 4.389336
v -8.536341 2.761017 4.399240
v -8.537355 2.763587 4.408797
v -8.538887 2.765506 4.418188
v -8.541075 2.766946 4.427688
v -8.544144 2.768074 4.437716
v -8.548723 2.769466 4.450074
v -8.555717 2.771638 4.466682
v -8.565456 2.774754 4.487859
v -8.577932 2.779049 4.513597
v -8.592928 2.784847 4.543840
v -8.610167 2.792519 4.578612
v -8.629395 2.802442 4.618046
v -8.650385 2.815008 4.662361
v -8.672977 2.830598 4.711868
v -8.697055 2.849597 4.766942
v -8.722523 2.872399 4.827996
v -8.489698 2.705481 4.320570
v -8.490614 2.711019 4.327748
v -8.491497 2.720639 4.338836
v -8.491722 2.728905 4.349686
v -8.491528 2.735986 4.360347
v -8.491117 2.742038 4.370883
v -8.490677 2.747203 4.381372
v -8.490369 2.751607 4.391908
v -8.490348 2.755373 4.402606
v -8.490778 2.758612 4.413628
v -8.491862 2.761421 4.425181
v -8.493835 2.763887 4.437506
v -8.497017 2.766082 4.450908
v -8.501955 2.768365 4.466574
v -8.509251 2.771144 4.485774
v -8.519096 2.774644 4.508792
v -8.531426 2.779161 4.535707
v -8.546034 2.785057 4.566599
v -8.562695 2.792724 4.601622
v -8.581203 2.802560 4.641017
v -8.601392 2.814963 4.685101
v -8.623127 2.830334 4.734244
v -8.646317 2.849072 4.788871
v -8.670903 2.871575 4.849444
v -8.449080 2.713017 4.317555
v -8.449428 2.719004 4.324932
v -8.449543 2.727366 4.334815
v -8.449102 2.734720 4.344663
v -8.448288 2.741278 4.354617
v -8.447266 2.747209 4.364841
v -8.446193 2.752646 4.375504
v -8.445232 2.757689 4.386784
v -8.444574 2.762411 4.398873
v -8.444447 2.766860 4.411976
v -8.445137 2.771060 4.426303
v -8.446999 2.775002 4.442052
v -8.450445 2.778656 4.459385
v -8.455890 2.782161 4.478773
v -8.463602 2.785803 4.500775
v -8.473589 2.789894 4.525647
v -8.485739 2.794803 4.553604
v -8.499882 2.800939 4.584905
v -8.515852 2.808720 4.619870
v -8.533507 2.818568 4.658875
v -8.552745 2.830899 4.702348
v -8.573483 2.846128 4.750747
v -8.595661 2.864669 4.804555
v -8.619238 2.886940 4.864274
v -8.412481 2.726833 4.303944
v -8.412462 2.734410 4.312103
v -8.411949 2.742281 4.321188
v -8.410933 2.749477 4.330478
v -8.409561 2.756232 4.340205
v -8.407972 2.762713 4.350616
v -8.406306 2.769038 4.361954
v -8.404741 2.775273 4.374469
v -8.403507 2.781441 4.388408
v -8.402895 2.787529 4.403999
v -8.403295 2.793479 4.421449
v -8.405161 2.799201 4.440885
v -8.408989 2.804570 4.462317
v -8.415047 2.809504 4.485483
v -8.423237 2.814180 4.510217
v -8.433395 2.819010 4.536777
v -8.445360 2.824442 4.565544
v -8.459000 2.830935 4.596972
v -8.474228 2.838941 4.631571
v -8.490980 2.848900 4.669873
v -8.509222 2.861251 4.712424
v -8.528915 2.876430 4.759768
v -8.550046 2.894865 4.812456
v -8.572588 2.916991 4.871035
v -8.383485 2.745580 4.281065
v -8.383341 2.755728 4.290522
v -8.382389 2.763926 4.299287
v -8.380951 2.771731 4.308525
v -8.379149 2.779377 4.318532
v -8.377090 2.787028 4.329606
v -8.374932 2.794771 4.342056
v -8.372859 2.802636 4.356170
v -8.371161 2.810600 4.372233
v -8.370191 2.818590 4.390481
v -8.370430 2.826482 4.411093
v -8.372414 2.834113 4.434116
v -8.376705 2.841283 4.459415
v -8.383419 2.847713 4.486043
v -8.392112 2.853496 4.513175
v -8.402444 2.859140 4.541091
v -8.414227 2.865177 4.570348
v -8.427382 2.872110 4.601614
v -8.441889 2.880426 4.635578
v -8.457777 2.890588 4.672931
v -8.475069 2.903052 4.714333
v -8.493785 2.918272 4.760420
v -8.513936 2.936700 4.811802
v -8.535519 2.958783 4.869067
v -8.364927 2.767421 4.251157
v -8.364910 2.780872 4.262297
v -8.363766 2.790180 4.271261
v -8.362098 2.799302 4.280953
v -8.360016 2.808455 4.291709
v -8.357639 2.817778 4.303865
v -8.355125 2.827330 4.317748
v -8.352703 2.837105 4.333673
v -8.350699 2.847037 4.351931
v -8.349534 2.857008 4.372743
v -8.349749 2.866845 4.396243
v -8.351954 2.876329 4.422408
v -8.356751 2.885206 4.450966
v -8.364102 2.893056 4.480402
v -8.373260 2.899910 4.509357
v -8.383761 2.906365 4.538165
v -8.395391 2.913025 4.567552
v -8.408114 2.920442 4.598372
v -8.422001 2.929123 4.631497
v -8.437145 2.939555 4.667749
v -8.453629 2.952214 4.707891
v -8.471518 2.967569 4.752636
v -8.490851 2.986089 4.802649
v -8.511646 3.008234 4.858553
v -8.358625 2.790218 4.217151
v -8.358983 2.807379 4.230197
v -8.357899 2.818473 4.239852
v -8.356215 2.829490 4.250463
v -8.354044 2.840616 4.262371
v -8.351528 2.851950 4.275916
v -8.348841 2.863524 4.291418
v -8.346249 2.875301 4.309186
v -8.344126 2.887182 4.329488
v -8.342947 2.899019 4.352522
v -8.343287 2.910609 4.378359
v -8.345794 2.921707 4.406907
v -8.351081 2.932036 4.437792
v -8.358986 2.941088 4.469107
v -8.368546 2.948868 4.499144
v -8.379187 2.956051 4.528290
v -8.390701 2.963295 4.557429
v -8.403101 2.971187 4.587574
v -8.416523 2.980254 4.619734
v -8.431119 2.990999 4.654840
v -8.447017 3.003914 4.693735
v -8.464314 3.019482 4.737188
v -8.483076 3.038184 4.785906
v -8.503330 3.060491 4.840538
v -8.365202 2.811738 4.182376
v -8.366130 2.832657 4.197360
v -8.365356 2.846039 4.208129
v -8.363874 2.859344 4.220034
v -8.361818 2.872710 4.233386
v -8.359344 2.886202 4.248487
v -8.356680 2.899814 4.265637
v -8.354128 2.913486 4.285101
v -8.352093 2.927106 4.307106
v -8.351076 2.940511 4.331798
v -8.351677 2.953495 4.359193
v -8.354536 2.965811 4.389133
v -8.360255 2.977189 4.421188
v -8.368577 2.987109 4.453268
v -8.378415 2.995584 4.483528
v -8.389159 3.003340 4.512429
v -8.400608 3.011072 4.540967
v -8.412823 3.019386 4.570270
v -8.425980 3.028822 4.601433
v -8.440269 3.039893 4.635458
v -8.455861 3.053100 4.673240
v -8.472864 3.068937 4.715580
v -8.491352 3.087895 4.763200
v -8.511362 3.110450 4.816770
v -8.384003 2.829878 4.150232
v -8.385657 2.854229 4.167002
v -8.385420 2.870175 4.179206
v -8.384333 2.885938 4.192648
v -8.382574 2.901598 4.207590
v -8.380337 2.917177 4.224274
v -8.377886 2.932644 4.242933
v -8.375568 2.947924 4.263778
v -8.373810 2.962902 4.286972
v -8.373122 2.977425 4.312596
v -8.374086 2.991303 4.340612
v -8.377322 3.004321 4.370823
v -8.383362 3.016249 4.402772
v -8.391928 3.026615 4.434433
v -8.401909 3.035484 4.464043
v -8.412704 3.043604 4.492136
v -8.424147 3.051679 4.519780
v -8.436327 3.060318 4.548155
v -8.449444 3.070070 4.578390
v -8.463715 3.081447 4.611510
v -8.479302 3.094955 4.648419
v -8.496330 3.111095 4.689926
v -8.514877 3.130352 4.736762
v -8.534970 3.153216 4.789587
v -8.585070 3.200979 4.797108
v -8.591286 3.202822 4.808133
v -8.599895 3.198000 4.816296
v -8.607834 3.188225 4.818692
v -8.647829 3.202290 4.796885
v -8.643312 3.213593 4.792560
v -8.637344 3.219603 4.782896
v -8.632053 3.218194 4.771345
v -8.691989 3.203102 4.779291
v -8.691430 3.214565 4.773375
v -8.688528 3.220707 4.762482
v -8.684322 3.219356 4.750504
v -8.736271 3.190478 4.767526
v -8.739686 3.200765 4.760560
v -8.739865 3.205999 4.748854
v -8.736746 3.204329 4.736585
v -8.776530 3.165559 4.762702
v -8.783461 3.173493 4.755351
v -8.786359 3.176905 4.743344
v -8.784203 3.174586 4.730962
v -8.808910 3.130601 4.765332
v -8.818513 3.135324 4.758281
v -8.823483 3.136247 4.746518
v -8.822050 3.133049 4.734213
v -8.830214 3.088880 4.775222
v -8.841402 3.089914 4.769103
v -8.847590 3.087986 4.758071
v -8.846590 3.083778 4.746029
v -8.838260 3.044382 4.791492
v -8.849833 3.041656 4.786802
v -8.856306 3.036829 4.776887
v -8.855405 3.031600 4.765245
v -8.832112 3.001458 4.812602
v -8.842897 2.995271 4.809670
v -8.848761 2.987781 4.801134
v -8.847643 2.981617 4.789988
v -8.812243 2.964389 4.836504
v -8.821211 2.955340 4.835485
v -8.825666 2.945659 4.828439
v -8.824049 2.938732 4.817829
v -8.780533 2.936932 4.860833
v -8.786856 2.925846 4.861703
v -8.789272 2.914610 4.856126
v -8.786943 2.907145 4.846049
v -8.740097 2.921899 4.883147
v -8.743200 2.909739 4.885725
v -8.743147 2.897691 4.881475
v -8.739950 2.889949 4.871878
v -8.694977 2.920854 4.901195
v -8.694567 2.908646 4.905165
v -8.691814 2.896575 4.901992
v -8.687677 2.888834 4.892788
v -8.649702 2.933881 4.913180
v -8.645777 2.922663 4.918100
v -8.640322 2.911355 4.915651
v -8.635235 2.903884 4.906698
v -8.608814 2.959679 4.917903
v -8.601656 2.950409 4.923244
v -8.593719 2.940588 4.921112
v -8.587764 2.933632 4.912257
v -8.576397 2.995643 4.914886
v -8.566582 2.989118 4.920097
v -8.556597 2.981395 4.917852
v -8.549917 2.975168 4.908943
v -8.555648 3.038126 4.904466
v -8.543991 3.034937 4.908985
v -8.532576 3.029769 4.906194
v -8.525387 3.024430 4.897078
v -8.548557 3.082847 4.887742
v -8.536077 3.083313 4.891038
v -8.524012 3.080948 4.887295
v -8.516593 3.076584 4.877836
v -8.555689 3.125373 4.866416
v -8.543541 3.129483 4.868049
v -8.531713 3.129921 4.863015
v -8.524373 3.126535 4.853095
v -8.576195 3.161576 4.842618
v -8.565573 3.168945 4.842293
v -8.554910 3.171896 4.835738
v -8.547968 3.169397 4.825278
v -8.253740 2.808784 3.866016
v -8.228697 2.813608 3.830236
v -8.203001 2.823689 3.796048
v -8.177057 2.838866 3.763993
v -8.151278 2.858900 3.734581
v -8.126072 2.883473 3.708275
v -8.363622 2.833716 3.815378
v -8.350382 2.841218 3.774158
v -8.336800 2.854047 3.734390
v -8.323084 2.871999 3.696700
v -8.309454 2.894790 3.661686
v -8.296130 2.922059 3.629905
v -8.485567 2.842429 3.797683
v -8.485430 2.850866 3.754562
v -8.485285 2.864656 3.712841
v -8.485140 2.883577 3.673182
v -8.484999 2.907331 3.636213
v -8.484856 2.935542 3.602517
v -8.607641 2.834070 3.814660
v -8.620616 2.841609 3.773363
v -8.633928 2.854477 3.733515
v -8.647367 2.872469 3.695743
v -8.660725 2.895299 3.660652
v -8.673781 2.922606 3.628793
v -8.717889 2.809458 3.864648
v -8.742706 2.814354 3.828720
v -8.768170 2.824509 3.794381
v -8.793880 2.839762 3.762174
v -8.819427 2.859870 3.732610
v -8.844406 2.884516 3.706155
v -8.805526 2.771001 3.942756
v -8.839756 2.771766 3.915219
v -8.874882 2.777683 3.889490
v -8.910343 2.788656 3.865975
v -8.945580 2.804512 3.845046
v -8.980036 2.825000 3.827039
v -8.861968 2.722465 4.041336
v -8.902262 2.718016 4.024389
v -8.943609 2.718582 4.009527
v -8.985353 2.724153 3.996982
v -9.026831 2.734642 3.986955
v -9.067389 2.749881 3.979607
v -8.881695 2.668599 4.150741
v -8.924109 2.658364 4.145546
v -8.967629 2.652993 4.142742
v -9.011566 2.652570 4.142372
v -9.055229 2.657102 4.144444
v -9.097918 2.666519 4.148923
v -8.862774 2.614678 4.260259
v -8.903154 2.598650 4.266829
v -8.944589 2.587335 4.276096
v -8.986423 2.580912 4.287916
v -9.027988 2.579482 4.302097
v -9.068634 2.583068 4.318418
v -8.807051 2.565979 4.359169
v -8.841448 2.544720 4.376365
v -8.876740 2.528038 4.396534
v -8.912371 2.516194 4.419360
v -8.947777 2.509379 4.444479
v -8.982398 2.507698 4.471495
v -8.719992 2.527268 4.437793
v -8.745037 2.501851 4.463435
v -8.770732 2.480901 4.492271
v -8.796677 2.464750 4.523848
v -8.822454 2.453655 4.557661
v -8.847660 2.447790 4.593178
v -8.610109 2.502337 4.488431
v -8.623348 2.474241 4.519512
v -8.636934 2.450543 4.553930
v -8.650648 2.431618 4.591140
v -8.664278 2.417765 4.630554
v -8.677602 2.409204 4.671546
v -8.488163 2.493624 4.506126
v -8.488302 2.464593 4.539107
v -8.488447 2.439934 4.575477
v -8.488591 2.420039 4.614657
v -8.488734 2.405223 4.656027
v -8.488877 2.395719 4.698933
v -8.366092 2.501982 4.489150
v -8.353117 2.473849 4.520308
v -8.339806 2.450112 4.554805
v -8.326365 2.431147 4.592096
v -8.313008 2.417255 4.631588
v -8.299950 2.408656 4.672659
v -8.255840 2.526595 4.439160
v -8.231024 2.501106 4.464949
v -8.205559 2.480082 4.493936
v -8.179849 2.463856 4.525664
v -8.154303 2.452685 4.559629
v -8.129323 2.446747 4.595294
v -8.168207 2.565051 4.361054
v -8.133977 2.543692 4.378452
v -8.098852 2.526907 4.398830
v -8.063389 2.514961 4.421865
v -8.028152 2.508043 4.447194
v -7.993696 2.506263 4.474413
v -8.111763 2.613587 4.262473
v -8.071470 2.597443 4.269282
v -8.030123 2.586008 4.278793
v -7.988380 2.579463 4.290857
v -7.946901 2.577912 4.305285
v -7.906343 2.581379 4.321845
v -8.092036 2.667453 4.153069
v -8.049623 2.657095 4.148125
v -8.006104 2.651597 4.145578
v -7.962164 2.651046 4.145468
v -7.918503 2.655452 4.147797
v -7.875813 2.664744 4.152529
v -8.110960 2.721374 4.043551
v -8.070580 2.716808 4.026842
v -8.029144 2.717254 4.012223
v -7.987313 2.722704 3.999926
v -7.945745 2.733073 3.990144
v -7.905100 2.748194 3.983035
v -8.166679 2.770073 3.944640
v -8.132284 2.770739 3.917305
v -8.096992 2.776553 3.891784
v -8.061359 2.787422 3.868479
v -8.025953 2.803176 3.847760
v -7.991333 2.823564 3.829955
vt 0.391077 1.027835
vt 0.391814 1.030316
vt 0.393658 1.032511
vt 0.396394 1.034339
vt 0.399827 1.035798
vt 0.403798 1.036924
vt 0.408179 1.037769
vt 0.412871 1.038382
vt 0.417793 1.038808
vt 0.422877 1.039080
vt 0.428060 1.039221
vt 0.433284 1.039236
vt 0.438487 1.039119
vt 0.443605 1.038848
vt 0.448564 1.038387
vt 0.453275 1.037686
vt 0.457629 1.036681
vt 0.461492 1.035298
vt 0.464687 1.033464
vt 0.466990 1.031127
vt 0.468124 1.028301
vt 0.379727 1.028653
vt 0.381278 1.033249
vt 0.384340 1.036997
vt 0.388444 1.039914
vt 0.393252 1.042112
vt 0.398529 1.043730
vt 0.404121 1.044899
vt 0.409927 1.045732
vt 0.415881 1.046316
vt 0.421938 1.046711
vt 0.428065 1.046958
vt 0.434237 1.047072
vt 0.440427 1.047049
vt 0.446607 1.046860
vt 0.452737 1.046446
vt 0.458763 1.045718
vt 0.464602 1.044546
vt 0.470123 1.042752
vt 0.475116 1.040109
vt 0.479237 1.036348
vt 0.481932 1.031203
vt 0.368450 1.031136
vt 0.371536 1.037392
vt 0.376158 1.042130
vt 0.381699 1.045620
vt 0.387780 1.048143
vt 0.394174 1.049945
vt 0.400748 1.051221
vt 0.407426 1.052123
vt 0.414169 1.052759
vt 0.420960 1.053208
vt 0.427793 1.053519
vt 0.434670 1.053716
vt 0.441593 1.053799
vt 0.448564 1.053742
vt 0.455582 1.053486
vt 0.462632 1.052933
vt 0.469682 1.051927
vt 0.476662 1.050239
vt 0.483435 1.047536
vt 0.489733 1.043350
vt 0.495048 1.037056
vt 0.357769 1.035493
vt 0.362900 1.042777
vt 0.369218 1.047964
vt 0.376137 1.051623
vt 0.383343 1.054190
vt 0.390669 1.055989
vt 0.398030 1.057250
vt 0.405388 1.058142
vt 0.412736 1.058782
vt 0.420080 1.059253
vt 0.427440 1.059607
vt 0.434838 1.059874
vt 0.442302 1.060060
vt 0.449858 1.060148
vt 0.457534 1.060088
vt 0.465353 1.059793
vt 0.473335 1.059115
vt 0.481485 1.057821
vt 0.489781 1.055549
vt 0.498138 1.051732
vt 0.506328 1.045484
vt 0.348071 1.041642
vt 0.355472 1.049233
vt 0.363449 1.054376
vt 0.371609 1.057886
vt 0.379771 1.060300
vt 0.387858 1.061972
vt 0.395842 1.063145
vt 0.403728 1.063981
vt 0.411535 1.064596
vt 0.419296 1.065070
vt 0.427047 1.065454
vt 0.434830 1.065782
vt 0.442690 1.066065
vt 0.450673 1.066297
vt 0.458830 1.066445
vt 0.467215 1.066441
vt 0.475889 1.066167
vt 0.484927 1.065425
vt 0.494420 1.063882
vt 0.504492 1.060985
vt 0.515293 1.055777
vt 0.339661 1.049381
vt 0.349303 1.056566
vt 0.358780 1.061244
vt 0.367997 1.064360
vt 0.376941 1.066476
vt 0.385630 1.067940
vt 0.394096 1.068974
vt 0.402380 1.069726
vt 0.410530 1.070300
vt 0.418595 1.070764
vt 0.426629 1.071170
vt 0.434687 1.071550
vt 0.442827 1.071923
vt 0.451111 1.072293
vt 0.459605 1.072647
vt 0.468387 1.072944
vt 0.477550 1.073106
vt 0.487218 1.072991
vt 0.497578 1.072346
vt 0.508930 1.070719
vt 0.521794 1.067269
vt 0.332781 1.058457
vt 0.344425 1.064590
vt 0.355158 1.068459
vt 0.365221 1.070995
vt 0.374769 1.072712
vt 0.383911 1.073910
vt 0.392731 1.074774
vt 0.401302 1.075424
vt 0.409692 1.075943
vt 0.417967 1.076391
vt 0.426191 1.076812
vt 0.434431 1.077237
vt 0.442754 1.077693
vt 0.451232 1.078194
vt 0.459943 1.078745
vt 0.468977 1.079337
vt 0.478449 1.079939
vt 0.488517 1.080478
vt 0.499426 1.080809
vt 0.511601 1.080645
vt 0.525840 1.079406
vt 0.327622 1.068591
vt 0.340860 1.073135
vt 0.352545 1.075929
vt 0.363225 1.077749
vt 0.373201 1.078997
vt 0.382654 1.079891
vt 0.391709 1.080564
vt 0.400465 1.081100
vt 0.409003 1.081558
vt 0.417403 1.081984
vt 0.425736 1.082413
vt 0.434075 1.082879
vt 0.442495 1.083409
vt 0.451072 1.084030
vt 0.459891 1.084767
vt 0.469050 1.085641
vt 0.478672 1.086669
vt 0.488929 1.087855
vt 0.500091 1.089175
vt 0.512638 1.090540
vt 0.527516 1.091727
vt 0.324335 1.079488
vt 0.338629 1.082038
vt 0.350918 1.083570
vt 0.361976 1.084586
vt 0.372202 1.085319
vt 0.381828 1.085888
vt 0.391006 1.086358
vt 0.399849 1.086772
vt 0.408451 1.087163
vt 0.416895 1.087562
vt 0.425261 1.087996
vt 0.433624 1.088496
vt 0.442061 1.089093
vt 0.450652 1.089824
vt 0.459481 1.090732
vt 0.468649 1.091867
vt 0.478275 1.093294
vt 0.488528 1.095093
vt 0.499668 1.097362
vt 0.512160 1.100224
vt 0.526943 1.103840
vt 0.323034 1.090832
vt 0.337754 1.091138
vt 0.350268 1.091304
vt 0.361455 1.091469
vt 0.371754 1.091668
vt 0.381417 1.091901
vt 0.390606 1.092162
vt 0.399443 1.092450
vt 0.408026 1.092773
vt 0.416441 1.093142
vt 0.424767 1.093577
vt 0.433081 1.094105
vt 0.441461 1.094760
vt 0.449983 1.095589
vt 0.458730 1.096649
vt 0.467797 1.098019
vt 0.477292 1.099808
vt 0.487363 1.102163
vt 0.498227 1.105301
vt 0.510270 1.109541
vt 0.524273 1.115399
vt 0.323797 1.102288
vt 0.338254 1.100276
vt 0.350600 1.099053
vt 0.361661 1.098365
vt 0.371852 1.098032
vt 0.381414 1.097930
vt 0.390505 1.097983
vt 0.399243 1.098146
vt 0.407726 1.098398
vt 0.416035 1.098735
vt 0.424250 1.099166
vt 0.432446 1.099717
vt 0.440693 1.100422
vt 0.449068 1.101334
vt 0.457645 1.102526
vt 0.466505 1.104100
vt 0.475742 1.106201
vt 0.485463 1.109039
vt 0.495821 1.112926
vt 0.507061 1.118344
vt 0.519681 1.126096
vt 0.326664 1.113494
vt 0.340152 1.109278
vt 0.351926 1.106738
vt 0.362602 1.105241
vt 0.372502 1.104400
vt 0.381823 1.103978
vt 0.390704 1.103830
vt 0.399250 1.103871
vt 0.407548 1.104052
vt 0.415677 1.104354
vt 0.423709 1.104779
vt 0.431713 1.105344
vt 0.439756 1.106089
vt 0.447903 1.107069
vt 0.456220 1.108370
vt 0.464773 1.110111
vt 0.473626 1.112465
vt 0.482843 1.115690
vt 0.492486 1.120169
vt 0.502621 1.126497
vt 0.513370 1.135645
vt 0.331623 1.124045
vt 0.343468 1.117957
vt 0.354277 1.114276
vt 0.364306 1.112064
vt 0.373725 1.110766
vt 0.382662 1.110050
vt 0.391216 1.109714
vt 0.399470 1.109638
vt 0.407497 1.109751
vt 0.415366 1.110017
vt 0.423138 1.110430
vt 0.430876 1.111004
vt 0.438637 1.111776
vt 0.446476 1.112808
vt 0.454444 1.114189
vt 0.462587 1.116052
vt 0.470937 1.118590
vt 0.479503 1.122086
vt 0.488248 1.126962
vt 0.497038 1.133861
vt 0.505579 1.143786
vt 0.338584 1.133485
vt 0.348214 1.126097
vt 0.357692 1.121574
vt 0.366815 1.118802
vt 0.375560 1.117127
vt 0.383961 1.116157
vt 0.392063 1.115654
vt 0.399919 1.115471
vt 0.407581 1.115517
vt 0.415103 1.115747
vt 0.422534 1.116143
vt 0.429925 1.116718
vt 0.437322 1.117504
vt 0.444765 1.118565
vt 0.452290 1.119994
vt 0.459918 1.121928
vt 0.467647 1.124567
vt 0.475426 1.128196
vt 0.483120 1.133237
vt 0.490404 1.140301
vt 0.496587 1.150272
vt 0.347311 1.141275
vt 0.441190 1.159024
vt 0.399398 1.027439
vt 0.399840 1.027547
vt 0.400957 1.027928
vt 0.402809 1.028454
vt 0.405351 1.029004
vt 0.408487 1.029505
vt 0.412112 1.029921
vt 0.416118 1.030242
vt 0.420409 1.030468
vt 0.424902 1.030604
vt 0.429486 1.030658
vt 0.434084 1.030624
vt 0.438603 1.030498
vt 0.442945 1.030269
vt 0.446999 1.029923
vt 0.450639 1.029451
vt 0.453728 1.028861
vt 0.456116 1.028192
vt 0.457676 1.027539
vt 0.458353 1.027066
vt 0.354393 1.133456
vt 0.353237 1.144807
vt 0.362230 1.128540
vt 0.358743 1.137401
vt 0.370196 1.125428
vt 0.365494 1.132506
vt 0.378068 1.123487
vt 0.372664 1.129317
vt 0.385769 1.122322
vt 0.379921 1.127281
vt 0.393284 1.121681
vt 0.387124 1.126033
vt 0.400624 1.121405
vt 0.394216 1.125328
vt 0.407816 1.121390
vt 0.401185 1.125005
vt 0.414892 1.121582
vt 0.408038 1.124958
vt 0.421889 1.121957
vt 0.414795 1.125127
vt 0.428842 1.122521
vt 0.421481 1.125486
vt 0.435782 1.123306
vt 0.428121 1.126038
vt 0.442735 1.124371
vt 0.434737 1.126813
vt 0.449716 1.125809
vt 0.441344 1.127866
vt 0.456719 1.127752
vt 0.447944 1.129287
vt 0.463707 1.130392
vt 0.454517 1.131201
vt 0.470577 1.133995
vt 0.461004 1.133787
vt 0.477104 1.138930
vt 0.467273 1.137288
vt 0.482822 1.145692
vt 0.473063 1.142018
vt 0.486739 1.154865
vt 0.477868 1.148361
vt 0.362767 1.140415
vt 0.362037 1.148781
vt 0.368607 1.135689
vt 0.365773 1.142413
vt 0.375065 1.132517
vt 0.370981 1.137870
vt 0.381755 1.130449
vt 0.376915 1.134754
vt 0.388490 1.129159
vt 0.383175 1.132689
vt 0.395184 1.128417
vt 0.389549 1.131384
vt 0.401799 1.128065
vt 0.395931 1.130623
vt 0.408328 1.127997
vt 0.402270 1.130253
vt 0.414778 1.128151
vt 0.408545 1.130170
vt 0.421163 1.128499
vt 0.414756 1.130313
vt 0.427501 1.129040
vt 0.420909 1.130649
vt 0.433805 1.129801
vt 0.427014 1.131179
vt 0.440080 1.130836
vt 0.433079 1.131926
vt 0.446318 1.132227
vt 0.439101 1.132940
vt 0.452487 1.134094
vt 0.445066 1.134301
vt 0.458511 1.136599
vt 0.450932 1.136121
vt 0.464238 1.139957
vt 0.456614 1.138549
vt 0.469391 1.144430
vt 0.461951 1.141778
vt 0.473472 1.150305
vt 0.466662 1.146033
vt 0.475642 1.157808
vt 0.470272 1.151536
vt 0.480681 1.156633
vt 0.358344 1.147248
vt 0.472037 1.158396
vt 0.367405 1.150687
vt 0.354920 1.145659
vt 0.479014 1.157064
vt 0.356623 1.146470
vt 0.477334 1.157453
vt 0.360047 1.138428
vt 0.361388 1.139433
vt 0.366493 1.133577
vt 0.367531 1.134638
vt 0.373431 1.130386
vt 0.374231 1.131453
vt 0.380505 1.128335
vt 0.381115 1.129391
vt 0.387557 1.127070
vt 0.388012 1.128112
vt 0.394522 1.126352
vt 0.394844 1.127381
vt 0.401377 1.126018
vt 0.401582 1.127037
vt 0.408127 1.125963
vt 0.408223 1.126976
vt 0.414786 1.126127
vt 0.414780 1.127135
vt 0.421376 1.126483
vt 0.421270 1.127486
vt 0.427919 1.127031
vt 0.427713 1.128031
vt 0.434435 1.127802
vt 0.434125 1.128798
vt 0.440935 1.128850
vt 0.440515 1.129840
vt 0.447419 1.130262
vt 0.446878 1.131242
vt 0.453862 1.132163
vt 0.453186 1.133127
vt 0.460198 1.134727
vt 0.459368 1.135663
vt 0.466290 1.138185
vt 0.465279 1.139074
vt 0.471868 1.142837
vt 0.470645 1.143640
vt 0.476426 1.149031
vt 0.474962 1.149679
vt 0.363812 1.149440
vt 0.470321 1.158644
vt 0.365601 1.150074
vt 0.468595 1.158870
vt 0.367258 1.143316
vt 0.368777 1.144195
vt 0.372175 1.138880
vt 0.373408 1.139876
vt 0.377858 1.135804
vt 0.378840 1.136850
vt 0.383907 1.133750
vt 0.384673 1.134815
vt 0.390103 1.132444
vt 0.390684 1.133512
vt 0.396330 1.131679
vt 0.396749 1.132744
vt 0.402529 1.131304
vt 0.402803 1.132366
vt 0.408676 1.131217
vt 0.408816 1.132275
vt 0.414765 1.131355
vt 0.414778 1.132410
vt 0.420799 1.131688
vt 0.420688 1.132738
vt 0.426785 1.132212
vt 0.426549 1.133256
vt 0.432727 1.132951
vt 0.432362 1.133987
vt 0.438620 1.133955
vt 0.438121 1.134978
vt 0.444446 1.135298
vt 0.443803 1.136302
vt 0.450160 1.137090
vt 0.449360 1.138063
vt 0.455671 1.139475
vt 0.454697 1.140399
vt 0.460818 1.142633
vt 0.459651 1.143478
vt 0.465318 1.146770
vt 0.463943 1.147490
vt 0.468714 1.152082
vt 0.467133 1.152604
vt 0.396780 1.156160
vt 0.397614 1.156741
vt 0.398098 1.157192
vt 0.398499 1.157684
vt 0.398824 1.158212
vt 0.399085 1.158777
vt 0.399293 1.159379
vt 0.399462 1.160018
vt 0.399608 1.160691
vt 0.399739 1.161404
vt 0.399872 1.162153
vt 0.400021 1.162936
vt 0.400200 1.163745
vt 0.400403 1.164538
vt 0.400612 1.165283
vt 0.400820 1.165999
vt 0.401021 1.166717
vt 0.401216 1.167473
vt 0.401400 1.168303
vt 0.401573 1.169240
vt 0.401720 1.170327
vt 0.401857 1.171594
vt 0.401996 1.173071
vt 0.402163 1.174786
vt 0.397674 1.155329
vt 0.398663 1.156037
vt 0.399248 1.156609
vt 0.399718 1.157210
vt 0.400091 1.157833
vt 0.400385 1.158476
vt 0.400616 1.159136
vt 0.400806 1.159809
vt 0.400964 1.160502
vt 0.401107 1.161212
vt 0.401250 1.161938
vt 0.401409 1.162679
vt 0.401593 1.163432
vt 0.401802 1.164170
vt 0.402021 1.164875
vt 0.402240 1.165568
vt 0.402458 1.166282
vt 0.402672 1.167050
vt 0.402878 1.167905
vt 0.403066 1.168882
vt 0.403243 1.170008
vt 0.403403 1.171311
vt 0.403559 1.172814
vt 0.398832 1.154562
vt 0.399879 1.155375
vt 0.400535 1.156068
vt 0.401050 1.156774
vt 0.401451 1.157482
vt 0.401762 1.158192
vt 0.402010 1.158896
vt 0.402204 1.159601
vt 0.402367 1.160303
vt 0.402516 1.161001
vt 0.402666 1.161697
vt 0.402829 1.162389
vt 0.403017 1.163077
vt 0.403228 1.163752
vt 0.403454 1.164411
vt 0.403686 1.165080
vt 0.403920 1.165789
vt 0.404151 1.166570
vt 0.404370 1.167456
vt 0.404579 1.168471
vt 0.404769 1.169641
vt 0.404941 1.170988
vt 0.405102 1.172531
vt 0.400286 1.153876
vt 0.401294 1.154797
vt 0.401983 1.155600
vt 0.402511 1.156397
vt 0.402923 1.157173
vt 0.403239 1.157934
vt 0.403481 1.158679
vt 0.403674 1.159401
vt 0.403838 1.160099
vt 0.403987 1.160774
vt 0.404138 1.161426
vt 0.404300 1.162057
vt 0.404485 1.162670
vt 0.404694 1.163272
vt 0.404922 1.163882
vt 0.405162 1.164528
vt 0.405409 1.165238
vt 0.405654 1.166041
vt 0.405888 1.166965
vt 0.406106 1.168028
vt 0.406300 1.169252
vt 0.406471 1.170654
vt 0.406626 1.172248
vt 0.402039 1.153320
vt 0.402933 1.154305
vt 0.403611 1.155200
vt 0.404129 1.156070
vt 0.404518 1.156914
vt 0.404818 1.157719
vt 0.405050 1.158484
vt 0.405236 1.159207
vt 0.405396 1.159887
vt 0.405543 1.160525
vt 0.405690 1.161121
vt 0.405846 1.161679
vt 0.406019 1.162205
vt 0.406216 1.162730
vt 0.406440 1.163293
vt 0.406684 1.163922
vt 0.406941 1.164643
vt 0.407191 1.165485
vt 0.407432 1.166457
vt 0.407649 1.167579
vt 0.407837 1.168867
vt 0.407997 1.170331
vt 0.408135 1.171982
vt 0.404088 1.152905
vt 0.404818 1.153901
vt 0.405431 1.154887
vt 0.405897 1.155822
vt 0.406253 1.156705
vt 0.406526 1.157533
vt 0.406741 1.158302
vt 0.406917 1.159012
vt 0.407069 1.159660
vt 0.407210 1.160248
vt 0.407348 1.160777
vt 0.407492 1.161254
vt 0.407645 1.161692
vt 0.407821 1.162141
vt 0.408032 1.162665
vt 0.408273 1.163290
vt 0.408527 1.164038
vt 0.408778 1.164926
vt 0.409011 1.165960
vt 0.409214 1.167152
vt 0.409383 1.168509
vt 0.409520 1.170039
vt 0.409632 1.171749
vt 0.406419 1.152652
vt 0.406947 1.153616
vt 0.407454 1.154661
vt 0.407844 1.155634
vt 0.408148 1.156537
vt 0.408387 1.157368
vt 0.408580 1.158124
vt 0.408742 1.158805
vt 0.408885 1.159409
vt 0.409016 1.159937
vt 0.409142 1.160395
vt 0.409266 1.160793
vt 0.409392 1.161147
vt 0.409540 1.161533
vt 0.409731 1.162031
vt 0.409956 1.162667
vt 0.410191 1.163462
vt 0.410424 1.164408
vt 0.410632 1.165513
vt 0.410804 1.166777
vt 0.410940 1.168203
vt 0.411042 1.169795
vt 0.411118 1.171560
vt 0.409001 1.152568
vt 0.409323 1.153457
vt 0.409690 1.154525
vt 0.409985 1.155505
vt 0.410226 1.156402
vt 0.410424 1.157213
vt 0.410592 1.157939
vt 0.410738 1.158578
vt 0.410868 1.159129
vt 0.410986 1.159597
vt 0.411094 1.159989
vt 0.411194 1.160319
vt 0.411291 1.160611
vt 0.411407 1.160955
vt 0.411566 1.161448
vt 0.411755 1.162115
vt 0.411955 1.162959
vt 0.412141 1.163973
vt 0.412298 1.165148
vt 0.412420 1.166481
vt 0.412506 1.167970
vt 0.412562 1.169615
vt 0.412597 1.171426
vt 0.411788 1.152649
vt 0.411931 1.153430
vt 0.412141 1.154478
vt 0.412331 1.155431
vt 0.412501 1.156293
vt 0.412655 1.157063
vt 0.412794 1.157742
vt 0.412920 1.158329
vt 0.413032 1.158827
vt 0.413131 1.159242
vt 0.413218 1.159585
vt 0.413293 1.159873
vt 0.413360 1.160133
vt 0.413442 1.160466
vt 0.413555 1.160980
vt 0.413685 1.161694
vt 0.413814 1.162593
vt 0.413923 1.163668
vt 0.414004 1.164904
vt 0.414055 1.166291
vt 0.414079 1.167826
vt 0.414082 1.169512
vt 0.414069 1.171355
vt 0.414723 1.152875
vt 0.414732 1.153532
vt 0.414791 1.154518
vt 0.414876 1.155409
vt 0.414975 1.156209
vt 0.415080 1.156919
vt 0.415184 1.157540
vt 0.415281 1.158076
vt 0.415369 1.158531
vt 0.415444 1.158913
vt 0.415504 1.159238
vt 0.415553 1.159522
vt 0.415591 1.159792
vt 0.415632 1.160146
vt 0.415679 1.160697
vt 0.415721 1.161455
vt 0.415746 1.162406
vt 0.415751 1.163529
vt 0.415734 1.164805
vt 0.415701 1.166224
vt 0.415654 1.167785
vt 0.415598 1.169490
vt 0.415536 1.171352
vt 0.417741 1.153216
vt 0.417666 1.153755
vt 0.417600 1.154641
vt 0.417592 1.155441
vt 0.417621 1.156158
vt 0.417672 1.156797
vt 0.417731 1.157360
vt 0.417791 1.157854
vt 0.417844 1.158284
vt 0.417886 1.158664
vt 0.417915 1.159002
vt 0.417930 1.159319
vt 0.417929 1.159637
vt 0.417911 1.160050
vt 0.417868 1.160653
vt 0.417795 1.161453
vt 0.417697 1.162435
vt 0.417583 1.163578
vt 0.417463 1.164869
vt 0.417341 1.166288
vt 0.417222 1.167849
vt 0.417108 1.169554
vt 0.416998 1.171407
vt 0.420781 1.153633
vt 0.420656 1.154080
vt 0.420501 1.154843
vt 0.420417 1.155535
vt 0.420379 1.156162
vt 0.420370 1.156729
vt 0.420375 1.157243
vt 0.420385 1.157713
vt 0.420391 1.158145
vt 0.420387 1.158546
vt 0.420369 1.158931
vt 0.420331 1.159315
vt 0.420267 1.159717
vt 0.420166 1.160210
vt 0.420014 1.160867
vt 0.419820 1.161693
vt 0.419602 1.162678
vt 0.419380 1.163812
vt 0.419163 1.165070
vt 0.418961 1.166478
vt 0.418778 1.168021
vt 0.418610 1.169706
vt 0.418454 1.171544
vt 0.423779 1.154095
vt 0.423613 1.154493
vt 0.423403 1.155129
vt 0.423258 1.155714
vt 0.423158 1.156256
vt 0.423085 1.156764
vt 0.423028 1.157247
vt 0.422974 1.157708
vt 0.422915 1.158157
vt 0.422845 1.158604
vt 0.422754 1.159057
vt 0.422636 1.159528
vt 0.422482 1.160030
vt 0.422279 1.160608
vt 0.422020 1.161308
vt 0.421723 1.162141
vt 0.421411 1.163105
vt 0.421104 1.164199
vt 0.420814 1.165426
vt 0.420550 1.166789
vt 0.420314 1.168290
vt 0.420101 1.169937
vt 0.419906 1.171742
vt 0.426667 1.154591
vt 0.426451 1.154977
vt 0.426205 1.155504
vt 0.426011 1.156000
vt 0.425851 1.156476
vt 0.425712 1.156945
vt 0.425581 1.157408
vt 0.425449 1.157876
vt 0.425308 1.158357
vt 0.425150 1.158856
vt 0.424966 1.159381
vt 0.424748 1.159938
vt 0.424490 1.160533
vt 0.424185 1.161185
vt 0.423839 1.161918
vt 0.423471 1.162745
vt 0.423101 1.163680
vt 0.422739 1.164718
vt 0.422406 1.165892
vt 0.422103 1.167196
vt 0.421830 1.168641
vt 0.421584 1.170237
vt 0.421356 1.171996
vt 0.429376 1.155118
vt 0.429088 1.155531
vt 0.428812 1.155975
vt 0.428574 1.156412
vt 0.428356 1.156848
vt 0.428145 1.157289
vt 0.427934 1.157747
vt 0.427714 1.158229
vt 0.427480 1.158740
vt 0.427224 1.159286
vt 0.426940 1.159871
vt 0.426622 1.160497
vt 0.426267 1.161166
vt 0.425881 1.161875
vt 0.425478 1.162628
vt 0.425071 1.163443
vt 0.424674 1.164339
vt 0.424294 1.165332
vt 0.423942 1.166442
vt 0.423621 1.167679
vt 0.423328 1.169059
vt 0.423059 1.170595
vt 0.422806 1.172299
vt 0.431845 1.155698
vt 0.431462 1.156156
vt 0.431156 1.156556
vt 0.430869 1.156952
vt 0.430588 1.157361
vt 0.430307 1.157791
vt 0.430015 1.158250
vt 0.429709 1.158744
vt 0.429385 1.159278
vt 0.429039 1.159856
vt 0.428667 1.160481
vt 0.428268 1.161153
vt 0.427842 1.161873
vt 0.427403 1.162622
vt 0.426971 1.163388
vt 0.426554 1.164189
vt 0.426156 1.165048
vt 0.425782 1.165992
vt 0.425433 1.167039
vt 0.425110 1.168210
vt 0.424811 1.169524
vt 0.424531 1.170996
vt 0.424262 1.172641
vt 0.434032 1.156345
vt 0.433538 1.156853
vt 0.433191 1.157224
vt 0.432853 1.157604
vt 0.432513 1.158002
vt 0.432165 1.158428
vt 0.431803 1.158888
vt 0.431425 1.159388
vt 0.431028 1.159933
vt 0.430614 1.160526
vt 0.430181 1.161170
vt 0.429729 1.161867
vt 0.429261 1.162615
vt 0.428798 1.163387
vt 0.428363 1.164157
vt 0.427958 1.164944
vt 0.427575 1.165768
vt 0.427222 1.166665
vt 0.426891 1.167656
vt 0.426580 1.168765
vt 0.426286 1.170014
vt 0.426005 1.171425
vt 0.425726 1.173013
vt 0.435912 1.157064
vt 0.435305 1.157606
vt 0.434912 1.157970
vt 0.434525 1.158345
vt 0.434134 1.158741
vt 0.433732 1.159164
vt 0.433318 1.159623
vt 0.432891 1.160122
vt 0.432450 1.160666
vt 0.431996 1.161260
vt 0.431530 1.161906
vt 0.431055 1.162608
vt 0.430573 1.163365
vt 0.430111 1.164142
vt 0.429693 1.164908
vt 0.429309 1.165674
vt 0.428961 1.166471
vt 0.428637 1.167325
vt 0.428332 1.168265
vt 0.428040 1.169319
vt 0.427759 1.170512
vt 0.427483 1.171867
vt 0.427202 1.173405
vt 0.437474 1.157852
vt 0.436777 1.158404
vt 0.436343 1.158768
vt 0.435916 1.159144
vt 0.435489 1.159539
vt 0.435055 1.159962
vt 0.434613 1.160416
vt 0.434162 1.160910
vt 0.433703 1.161446
vt 0.433236 1.162031
vt 0.432765 1.162667
vt 0.432292 1.163360
vt 0.431820 1.164104
vt 0.431379 1.164870
vt 0.430987 1.165619
vt 0.430644 1.166365
vt 0.430332 1.167131
vt 0.430041 1.167947
vt 0.429766 1.168843
vt 0.429499 1.169850
vt 0.429236 1.170996
vt 0.428972 1.172307
vt 0.428694 1.173803
vt 0.438719 1.158689
vt 0.437984 1.159228
vt 0.437527 1.159594
vt 0.437082 1.159973
vt 0.436640 1.160369
vt 0.436196 1.160790
vt 0.435749 1.161240
vt 0.435298 1.161725
vt 0.434842 1.162250
vt 0.434386 1.162820
vt 0.433928 1.163435
vt 0.433475 1.164102
vt 0.433035 1.164825
vt 0.432631 1.165565
vt 0.432281 1.166286
vt 0.431975 1.167000
vt 0.431700 1.167733
vt 0.431445 1.168513
vt 0.431200 1.169371
vt 0.430960 1.170340
vt 0.430720 1.171449
vt 0.430473 1.172725
vt 0.430205 1.174193
vt 0.439694 1.159616
vt 0.438984 1.160065
vt 0.438533 1.160424
vt 0.438093 1.160803
vt 0.437657 1.161201
vt 0.437222 1.161622
vt 0.436787 1.162069
vt 0.436352 1.162545
vt 0.435917 1.163056
vt 0.435484 1.163603
vt 0.435062 1.164200
vt 0.434646 1.164838
vt 0.434246 1.165522
vt 0.433886 1.166220
vt 0.433577 1.166900
vt 0.433311 1.167575
vt 0.433073 1.168269
vt 0.432851 1.169013
vt 0.432637 1.169836
vt 0.432426 1.170771
vt 0.432212 1.171850
vt 0.431987 1.173102
vt 0.431738 1.174557
vt 0.402622 1.177017
vt 0.403970 1.176805
vt 0.404144 1.181028
vt 0.405464 1.176583
vt 0.405444 1.180774
vt 0.406930 1.176387
vt 0.406729 1.180572
vt 0.408372 1.176215
vt 0.408004 1.180423
vt 0.409792 1.176075
vt 0.409267 1.180323
vt 0.411194 1.175968
vt 0.410527 1.180273
vt 0.412577 1.175899
vt 0.411787 1.180269
vt 0.413955 1.175868
vt 0.413063 1.180307
vt 0.415333 1.175879
vt 0.414357 1.180381
vt 0.416710 1.175939
vt 0.415647 1.180491
vt 0.418094 1.176042
vt 0.416981 1.180635
vt 0.419474 1.176185
vt 0.418333 1.180799
vt 0.420862 1.176361
vt 0.419709 1.180974
vt 0.422251 1.176568
vt 0.421109 1.181156
vt 0.423650 1.176809
vt 0.422499 1.181338
vt 0.425060 1.177082
vt 0.423887 1.181528
vt 0.426483 1.177384
vt 0.425274 1.181729
vt 0.427923 1.177711
vt 0.426659 1.181943
vt 0.429382 1.178059
vt 0.428038 1.182174
vt 0.430854 1.178431
vt 0.429365 1.182425
vt 0.403735 1.174536
vt 0.402307 1.175963
vt 0.405273 1.174285
vt 0.403872 1.175709
vt 0.406782 1.174046
vt 0.405395 1.175485
vt 0.408268 1.173832
vt 0.406887 1.175285
vt 0.409733 1.173650
vt 0.408352 1.175113
vt 0.411182 1.173508
vt 0.409795 1.174976
vt 0.412619 1.173411
vt 0.411219 1.174875
vt 0.414047 1.173364
vt 0.412627 1.174813
vt 0.415471 1.173370
vt 0.414028 1.174790
vt 0.416889 1.173433
vt 0.415425 1.174806
vt 0.418305 1.173552
vt 0.416818 1.174874
vt 0.419719 1.173719
vt 0.418211 1.174980
vt 0.421135 1.173932
vt 0.419600 1.175123
vt 0.422558 1.174185
vt 0.420995 1.175300
vt 0.423990 1.174475
vt 0.422398 1.175509
vt 0.425436 1.174795
vt 0.423814 1.175752
vt 0.426899 1.175140
vt 0.425244 1.176026
vt 0.428383 1.175502
vt 0.426693 1.176329
vt 0.429893 1.175872
vt 0.428164 1.176658
vt 0.431434 1.176239
vt 0.429660 1.177009
vt 0.404124 1.176770
vt 0.405595 1.176548
vt 0.407038 1.176353
vt 0.408458 1.176187
vt 0.409859 1.176054
vt 0.411242 1.175955
vt 0.412622 1.175894
vt 0.414003 1.175871
vt 0.415381 1.175890
vt 0.416761 1.175958
vt 0.418135 1.176067
vt 0.419519 1.176214
vt 0.420908 1.176396
vt 0.422309 1.176607
vt 0.423723 1.176850
vt 0.425151 1.177124
vt 0.426596 1.177426
vt 0.428060 1.177751
vt 0.431190 1.177391
vt 0.429537 1.178094
vt 0.431096 1.177743
vt 0.402381 1.176323
vt 0.430979 1.178088
vt 0.402493 1.176673
vt 0.404016 1.176420
vt 0.403953 1.176435
vt 0.403924 1.176069
vt 0.405508 1.176196
vt 0.405458 1.176213
vt 0.405437 1.175844
vt 0.406971 1.176000
vt 0.406935 1.176016
vt 0.406920 1.175646
vt 0.408410 1.175832
vt 0.408386 1.175846
vt 0.408377 1.175476
vt 0.409828 1.175697
vt 0.409815 1.175708
vt 0.409812 1.175340
vt 0.411226 1.175597
vt 0.411224 1.175605
vt 0.411227 1.175239
vt 0.412616 1.175535
vt 0.412615 1.175539
vt 0.412627 1.175176
vt 0.414003 1.175512
vt 0.414000 1.175513
vt 0.414020 1.175152
vt 0.415387 1.175530
vt 0.415383 1.175526
vt 0.415409 1.175168
vt 0.416771 1.175597
vt 0.416766 1.175589
vt 0.416797 1.175234
vt 0.418154 1.175703
vt 0.418151 1.175692
vt 0.418185 1.175340
vt 0.419533 1.175847
vt 0.419532 1.175834
vt 0.419567 1.175482
vt 0.420920 1.176027
vt 0.420919 1.176012
vt 0.420957 1.175660
vt 0.422320 1.176237
vt 0.422312 1.176218
vt 0.422355 1.175868
vt 0.423732 1.176480
vt 0.423716 1.176459
vt 0.423765 1.176110
vt 0.425159 1.176753
vt 0.425132 1.176732
vt 0.425190 1.176383
vt 0.426603 1.177055
vt 0.426565 1.177034
vt 0.426634 1.176686
vt 0.428069 1.177381
vt 0.428016 1.177362
vt 0.428098 1.177014
vt 0.429553 1.177727
vt 0.429489 1.177711
vt 0.429586 1.177363
vt 0.382287 1.150264
vt 0.394994 1.155443
vt 0.384877 1.147333
vt 0.395767 1.154366
vt 0.388285 1.145104
vt 0.397065 1.153446
vt 0.392241 1.143506
vt 0.398801 1.152717
vt 0.396549 1.142437
vt 0.400900 1.152195
vt 0.401067 1.141790
vt 0.403294 1.151882
vt 0.405702 1.141473
vt 0.405924 1.151765
vt 0.410385 1.141410
vt 0.408740 1.151820
vt 0.415071 1.141547
vt 0.411698 1.152012
vt 0.419727 1.141847
vt 0.414759 1.152295
vt 0.424332 1.142298
vt 0.417889 1.152618
vt 0.428865 1.142908
vt 0.421044 1.152951
vt 0.433306 1.143706
vt 0.424178 1.153266
vt 0.437616 1.144743
vt 0.427236 1.153584
vt 0.441729 1.146083
vt 0.430157 1.153949
vt 0.445544 1.147800
vt 0.432880 1.154414
vt 0.448916 1.149969
vt 0.435342 1.155022
vt 0.451655 1.152645
vt 0.437476 1.155798
vt 0.453521 1.155836
vt 0.439214 1.156747
vt 0.454255 1.159454
vt 0.440480 1.157850
vt 0.370329 1.145048
vt 0.370732 1.151693
vt 0.374681 1.140858
vt 0.373209 1.146522
vt 0.379860 1.137892
vt 0.377072 1.142599
vt 0.385473 1.135882
vt 0.381788 1.139769
vt 0.391294 1.134587
vt 0.386991 1.137822
vt 0.397191 1.133821
vt 0.392450 1.136553
vt 0.403093 1.133440
vt 0.398025 1.135795
vt 0.408966 1.133347
vt 0.403637 1.135414
vt 0.414795 1.133479
vt 0.409240 1.135317
vt 0.420574 1.133803
vt 0.414813 1.135441
vt 0.426305 1.134315
vt 0.420343 1.135755
vt 0.431984 1.135036
vt 0.425824 1.136253
vt 0.437603 1.136012
vt 0.431250 1.136952
vt 0.443136 1.137313
vt 0.436605 1.137895
vt 0.448531 1.139039
vt 0.441858 1.139148
vt 0.453691 1.141320
vt 0.446953 1.140800
vt 0.458450 1.144315
vt 0.451787 1.142970
vt 0.462537 1.148192
vt 0.456197 1.145793
vt 0.465531 1.153098
vt 0.459923 1.149409
vt 0.466859 1.159077
vt 0.462587 1.153920
vt 0.380842 1.153877
vt 0.463694 1.159318
vt 0.456176 1.159494
vt 0.378754 1.153504
vt 0.458082 1.159503
vt 0.376701 1.153105
vt 0.459971 1.159479
vt 0.374682 1.152673
vt 0.461841 1.159419
vt 0.372692 1.152204
vt 0.380378 1.149577
vt 0.378516 1.148858
vt 0.376702 1.148109
vt 0.374934 1.147331
vt 0.383203 1.146420
vt 0.381587 1.145490
vt 0.380029 1.144543
vt 0.378525 1.143580
vt 0.386868 1.144043
vt 0.385513 1.142980
vt 0.384217 1.141914
vt 0.382977 1.140844
vt 0.391081 1.142353
vt 0.389979 1.141209
vt 0.388933 1.140073
vt 0.387939 1.138945
vt 0.395633 1.141226
vt 0.394768 1.140034
vt 0.393952 1.138860
vt 0.393181 1.137701
vt 0.400380 1.140544
vt 0.399736 1.139324
vt 0.399131 1.138129
vt 0.398562 1.136953
vt 0.405229 1.140204
vt 0.404789 1.138969
vt 0.404379 1.137761
vt 0.403996 1.136577
vt 0.410116 1.140128
vt 0.409870 1.138883
vt 0.409643 1.137669
vt 0.409434 1.136482
vt 0.415000 1.140258
vt 0.414940 1.139009
vt 0.414890 1.137793
vt 0.414847 1.136606
vt 0.419853 1.140559
vt 0.419977 1.139312
vt 0.420100 1.138099
vt 0.420222 1.136915
vt 0.424655 1.141020
vt 0.424965 1.139783
vt 0.425262 1.138580
vt 0.425548 1.137405
vt 0.429390 1.141653
vt 0.429887 1.140436
vt 0.430362 1.139250
vt 0.430815 1.138090
vt 0.434034 1.142489
vt 0.434723 1.141305
vt 0.435379 1.140147
vt 0.436005 1.139012
vt 0.438549 1.143582
vt 0.439436 1.142445
vt 0.440280 1.141329
vt 0.441086 1.140231
vt 0.442871 1.144999
vt 0.443960 1.143932
vt 0.445000 1.142878
vt 0.445996 1.141835
vt 0.446897 1.146826
vt 0.448194 1.145857
vt 0.449439 1.144892
vt 0.450635 1.143930
vt 0.450477 1.149146
vt 0.451982 1.148318
vt 0.453435 1.147484
vt 0.454838 1.146642
vt 0.453403 1.152033
vt 0.455101 1.151403
vt 0.456752 1.150756
vt 0.458358 1.150092
vt 0.455406 1.155507
vt 0.457253 1.155152
vt 0.459064 1.154770
vt 0.460841 1.154359
vn 0.118300 -0.807535 -0.577835
vn 0.062541 -0.794883 -0.603531
vn 0.104123 -0.705784 -0.700734
vn 0.196959 -0.726849 -0.657950
vn 0.000660 -0.790460 -0.612513
vn 0.001096 -0.698422 -0.715685
vn -0.061289 -0.794702 -0.603897
vn -0.102038 -0.705484 -0.701342
vn -0.117235 -0.807191 -0.578532
vn -0.195184 -0.726277 -0.659109
vn -0.161707 -0.826706 -0.538895
vn -0.269224 -0.758768 -0.593119
vn -0.190350 -0.851337 -0.488868
vn -0.316910 -0.799774 -0.509833
vn -0.200358 -0.878671 -0.433352
vn -0.333574 -0.845283 -0.417403
vn -0.190755 -0.906034 -0.377776
vn -0.317588 -0.890841 -0.324870
vn -0.162480 -0.930747 -0.327582
vn -0.270513 -0.931984 -0.241305
vn -0.118300 -0.950390 -0.287687
vn -0.196961 -0.964688 -0.174882
vn -0.062540 -0.963042 -0.261989
vn -0.104122 -0.985753 -0.132100
vn -0.000659 -0.967465 -0.253006
vn -0.001095 -0.993114 -0.117147
vn 0.061288 -0.963222 -0.261622
vn 0.102038 -0.986052 -0.131490
vn 0.117235 -0.950733 -0.286989
vn 0.195184 -0.965258 -0.173724
vn 0.161707 -0.931219 -0.326623
vn 0.269224 -0.932768 -0.239714
vn 0.190351 -0.906587 -0.376652
vn 0.316911 -0.891761 -0.323000
vn 0.200358 -0.879253 -0.432171
vn 0.333575 -0.846253 -0.415432
vn 0.190756 -0.851891 -0.487743
vn 0.317587 -0.800697 -0.507960
vn 0.162480 -0.827180 -0.537935
vn 0.270513 -0.759553 -0.591525
vn 0.146941 -0.593978 -0.790948
vn 0.277955 -0.623706 -0.730570
vn 0.001546 -0.583591 -0.812047
vn -0.143998 -0.593557 -0.791805
vn -0.275448 -0.622901 -0.732204
vn -0.379935 -0.668752 -0.639077
vn -0.447232 -0.726620 -0.521543
vn -0.470752 -0.790844 -0.391099
vn -0.448189 -0.855135 -0.260521
vn -0.381754 -0.913198 -0.142592
vn -0.277954 -0.959352 -0.048850
vn -0.146943 -0.989078 0.011527
vn -0.001546 -0.999466 0.032625
vn 0.143998 -0.989501 0.012383
vn 0.275448 -0.960156 -0.047218
vn 0.379936 -0.914304 -0.140345
vn 0.447233 -0.856435 -0.257880
vn 0.470751 -0.792213 -0.388320
vn 0.448188 -0.727921 -0.518901
vn 0.381756 -0.669859 -0.636830
vn 0.187181 -0.466302 -0.864596
vn 0.354070 -0.504170 -0.787685
vn 0.001971 -0.453070 -0.891473
vn -0.183430 -0.465766 -0.865688
vn -0.350877 -0.503145 -0.789766
vn -0.483976 -0.561553 -0.671138
vn -0.569701 -0.635269 -0.521415
vn -0.599660 -0.717079 -0.355254
vn -0.570920 -0.798974 -0.188922
vn -0.486292 -0.872939 -0.038696
vn -0.354065 -0.931731 0.080718
vn -0.187181 -0.969597 0.157626
vn -0.001971 -0.982830 0.184503
vn 0.183430 -0.970135 0.158718
vn 0.350876 -0.932754 0.082796
vn 0.483977 -0.874347 -0.035833
vn 0.569701 -0.800631 -0.185554
vn 0.599660 -0.718822 -0.351713
vn 0.570920 -0.636925 -0.518052
vn 0.486295 -0.562962 -0.668275
vn 0.223283 -0.326737 -0.918361
vn 0.422361 -0.371908 -0.826617
vn 0.002352 -0.310951 -0.950423
vn -0.218810 -0.326095 -0.919665
vn -0.418554 -0.370685 -0.829099
vn -0.577327 -0.440359 -0.687588
vn -0.679587 -0.528294 -0.508986
vn -0.715324 -0.625883 -0.310776
vn -0.681042 -0.723572 -0.112363
vn -0.580091 -0.811805 0.066841
vn -0.422357 -0.881937 0.209287
vn -0.223285 -0.927106 0.301028
vn -0.002353 -0.942892 0.333089
vn 0.218810 -0.927749 0.302331
vn 0.418554 -0.883158 0.211765
vn 0.577327 -0.813485 0.070254
vn 0.679586 -0.725550 -0.108348
vn 0.715325 -0.627961 -0.306555
vn 0.681042 -0.530266 -0.504975
vn 0.580093 -0.442038 -0.684174
vn 0.254187 -0.178977 -0.950450
vn 0.480818 -0.230399 -0.846009
vn 0.002679 -0.161008 -0.986950
vn -0.249093 -0.178247 -0.951935
vn -0.476483 -0.229009 -0.848834
vn -0.657231 -0.308324 -0.687738
vn -0.773643 -0.408430 -0.484418
vn -0.814325 -0.519528 -0.258776
vn -0.775299 -0.630737 -0.032899
vn -0.660377 -0.731180 0.171106
vn -0.480812 -0.811020 0.333266
vn -0.254186 -0.862441 0.437703
vn -0.002677 -0.880411 0.474205
vn 0.249094 -0.863171 0.439191
vn 0.476483 -0.812409 0.336089
vn 0.657231 -0.733092 0.174993
vn 0.773645 -0.632985 -0.028328
vn 0.814329 -0.521889 -0.253970
vn 0.775299 -0.410678 -0.479849
vn 0.660380 -0.310238 -0.683850
vn 0.279067 -0.026742 -0.959899
vn 0.527878 -0.083197 -0.845236
vn 0.002939 -0.007012 -0.999971
vn -0.273476 -0.025938 -0.961529
vn -0.523121 -0.081669 -0.848337
vn -0.721558 -0.168749 -0.671475
vn -0.849366 -0.278652 -0.448252
vn -0.894032 -0.400621 -0.200522
vn -0.851185 -0.522715 0.047462
vn -0.725015 -0.632990 0.271434
vn -0.527875 -0.720645 0.449466
vn -0.279068 -0.777099 0.564127
vn -0.002940 -0.796829 0.604198
vn 0.273477 -0.777902 0.565756
vn 0.523120 -0.722171 0.452564
vn 0.721559 -0.635092 0.275701
vn 0.849366 -0.525189 0.052480
vn 0.894032 -0.403217 -0.195249
vn 0.851183 -0.281122 -0.443236
vn 0.725015 -0.170851 -0.667205
vn 0.297292 0.126237 -0.946405
vn 0.562350 0.066096 -0.824253
vn 0.003131 0.147255 -0.989094
vn -0.291333 0.127093 -0.948142
vn -0.557282 0.067722 -0.827557
vn -0.768680 -0.025045 -0.639143
vn -0.904833 -0.142125 -0.401344
vn -0.952416 -0.272056 -0.137439
vn -0.906771 -0.402124 0.126742
vn -0.772362 -0.519599 0.365341
vn -0.562348 -0.612978 0.554998
vn -0.297290 -0.673121 0.677146
vn -0.003132 -0.694140 0.719834
vn 0.291332 -0.673977 0.678882
vn 0.557282 -0.614606 0.558297
vn 0.768680 -0.521841 0.369883
vn 0.904833 -0.404761 0.132084
vn 0.952415 -0.274826 -0.131822
vn 0.906768 -0.144757 -0.396001
vn 0.772361 -0.027282 -0.634597
vn 0.308407 0.276242 -0.910261
vn 0.583376 0.213850 -0.783543
vn 0.003249 0.298045 -0.954546
vn -0.302229 0.277126 -0.912063
vn -0.578120 0.215536 -0.786970
vn -0.797420 0.119303 -0.591514
vn -0.938665 -0.002159 -0.344824
vn -0.988026 -0.136956 -0.071052
vn -0.940673 -0.271887 0.203009
vn -0.801240 -0.393751 0.450527
vn -0.583376 -0.490623 0.647273
vn -0.308406 -0.553015 0.773990
vn -0.003249 -0.574816 0.818277
vn 0.302229 -0.553896 0.775794
vn 0.578120 -0.492306 0.650702
vn 0.797421 -0.396071 0.455245
vn 0.938666 -0.274612 0.208555
vn 0.988027 -0.139820 -0.065220
vn 0.940673 -0.004888 -0.339279
vn 0.801240 0.116979 -0.586796
vn 0.312142 0.419646 -0.852329
vn 0.590443 0.356501 -0.724075
vn 0.003288 0.441714 -0.897150
vn -0.305887 0.420544 -0.854152
vn -0.585122 0.358207 -0.727543
vn -0.807080 0.260808 -0.529719
vn -0.950036 0.137879 -0.280039
vn -0.999995 0.001453 -0.002947
vn -0.952067 -0.135116 0.274431
vn -0.810946 -0.258458 0.524945
vn -0.590444 -0.356500 0.724074
vn -0.312144 -0.419646 0.852328
vn -0.003287 -0.441714 0.897150
vn 0.305889 -0.420544 0.854152
vn 0.585122 -0.358208 0.727543
vn 0.807081 -0.260808 0.529717
vn 0.950035 -0.137879 0.280040
vn 0.999995 -0.001453 0.002951
vn 0.952068 0.135116 -0.274429
vn 0.810945 0.258458 -0.524945
vn 0.308407 0.553007 -0.773995
vn 0.583376 0.490618 -0.647276
vn 0.003248 0.574811 -0.818280
vn -0.302229 0.553895 -0.775795
vn -0.578120 0.492305 -0.650702
vn -0.797421 0.396071 -0.455245
vn -0.938665 0.274616 -0.208551
vn -0.988025 0.139827 0.065223
vn -0.940672 0.004891 0.339281
vn -0.801240 -0.116979 0.586797
vn -0.583375 -0.213845 0.783546
vn -0.308406 -0.276232 0.910265
vn -0.003249 -0.298040 0.954548
vn 0.302229 -0.277126 0.912063
vn 0.578119 -0.215536 0.786970
vn 0.797420 -0.119303 0.591513
vn 0.938666 0.002156 0.344821
vn 0.988027 0.136951 0.071049
vn 0.940673 0.271885 -0.203009
vn 0.801240 0.393750 -0.450527
vn 0.297292 0.673122 -0.677144
vn 0.562350 0.612981 -0.554993
vn 0.003131 0.694140 -0.719833
vn -0.291333 0.673977 -0.678882
vn -0.557282 0.614607 -0.558297
vn -0.768680 0.521842 -0.369882
vn -0.904833 0.404760 -0.132085
vn -0.952416 0.274824 0.131819
vn -0.906770 0.144753 0.395998
vn -0.772362 0.027278 0.634597
vn -0.562349 -0.066100 0.824254
vn -0.297290 -0.126239 0.946405
vn -0.003132 -0.147256 0.989094
vn 0.291332 -0.127093 0.948142
vn 0.557282 -0.067723 0.827557
vn 0.768680 0.025044 0.639143
vn 0.904833 0.142125 0.401346
vn 0.952414 0.272061 0.137440
vn 0.906768 0.402130 -0.126740
vn 0.772362 0.519602 -0.365337
vn 0.279067 0.777099 -0.564126
vn 0.527878 0.720645 -0.449462
vn 0.002940 0.796829 -0.604198
vn -0.273476 0.777901 -0.565756
vn -0.523121 0.722171 -0.452564
vn -0.721557 0.635094 -0.275701
vn -0.849367 0.525187 -0.052480
vn -0.894033 0.403216 0.195249
vn -0.851185 0.281120 0.443233
vn -0.725015 0.170847 0.667207
vn -0.527875 0.083193 0.845238
vn -0.279068 0.026740 0.959899
vn -0.002939 0.007011 0.999971
vn 0.273477 0.025938 0.961529
vn 0.523120 0.081668 0.848337
vn 0.721559 0.168748 0.671473
vn 0.849366 0.278651 0.448253
vn 0.894032 0.400621 0.200523
vn 0.851183 0.522719 -0.047463
vn 0.725016 0.632991 -0.271431
vn 0.254188 0.862440 -0.437706
vn 0.480818 0.811017 -0.333265
vn 0.002679 0.880411 -0.474204
vn -0.249094 0.863171 -0.439190
vn -0.476484 0.812409 -0.336089
vn -0.657231 0.733092 -0.174993
vn -0.773644 0.632987 0.028327
vn -0.814326 0.521893 0.253971
vn -0.775299 0.410681 0.479847
vn -0.660377 0.310238 0.683852
vn -0.480812 0.230399 0.846012
vn -0.254187 0.178979 0.950450
vn -0.002677 0.161006 0.986950
vn 0.249095 0.178245 0.951935
vn 0.476484 0.229009 0.848834
vn 0.657232 0.308325 0.687737
vn 0.773646 0.408429 0.484416
vn 0.814329 0.519524 0.258774
vn 0.775299 0.630737 0.032894
vn 0.660380 0.731178 -0.171106
vn 0.211231 0.944507 -0.251572
vn 0.399562 0.901775 -0.164780
vn 0.002225 0.959440 -0.281902
vn -0.206999 0.945114 -0.252806
vn -0.395961 0.902930 -0.167128
vn -0.546163 0.837018 -0.033256
vn -0.642903 0.753830 0.135704
vn -0.676713 0.661507 0.323215
vn -0.644279 0.569092 0.510920
vn -0.548778 0.485624 0.680450
vn -0.399559 0.419275 0.815206
vn -0.211233 0.376542 0.901996
vn -0.002227 0.361610 0.932327
vn 0.206999 0.375937 0.903229
vn 0.395962 0.418121 0.817551
vn 0.546163 0.484033 0.683680
vn 0.642903 0.567221 0.514719
vn 0.676713 0.659541 0.327207
vn 0.644280 0.751960 0.139498
vn 0.548780 0.835427 -0.030026
vn -0.000000 -0.897155 -0.441716
vn 0.136942 0.990312 0.023003
vn 0.259039 0.962608 0.079273
vn 0.001443 0.999993 0.003339
vn -0.134200 0.990706 0.022205
vn -0.256704 0.963358 0.077750
vn -0.354082 0.920627 0.164539
vn -0.416801 0.866695 0.274076
vn -0.438719 0.806840 0.395644
vn -0.417692 0.746927 0.517334
vn -0.355777 0.692815 0.627240
vn -0.259039 0.649800 0.714604
vn -0.136944 0.622097 0.770871
vn -0.001441 0.612416 0.790534
vn 0.134201 0.621705 0.771669
vn 0.256704 0.649052 0.716124
vn 0.354081 0.691783 0.629336
vn 0.416798 0.745716 0.519796
vn 0.438716 0.805568 0.398232
vn 0.417689 0.865484 0.276539
vn 0.355778 0.919595 0.166633
vn -0.045388 0.867095 0.496071
vn -0.023994 0.862242 0.505928
vn -0.041554 0.833303 0.551252
vn -0.078603 0.841711 0.534177
vn -0.000252 0.860545 0.509374
vn -0.000437 0.830365 0.557220
vn 0.023514 0.862173 0.506068
vn 0.040720 0.833184 0.551494
vn 0.044979 0.866965 0.496336
vn 0.077894 0.841483 0.534639
vn 0.062041 0.874451 0.481130
vn 0.107444 0.854449 0.508303
vn 0.073030 0.883901 0.461936
vn 0.126474 0.870814 0.475065
vn 0.076871 0.894388 0.440636
vn 0.133124 0.888976 0.438177
vn 0.073187 0.904886 0.419315
vn 0.126744 0.907157 0.401250
vn 0.062340 0.914368 0.400056
vn 0.107957 0.923577 0.367900
vn 0.045387 0.921906 0.384746
vn 0.078601 0.936628 0.341393
vn 0.023993 0.926760 0.374888
vn 0.041553 0.945035 0.324319
vn 0.000253 0.928454 0.371447
vn 0.000438 0.947973 0.318351
vn -0.023514 0.926827 0.374751
vn -0.040720 0.945154 0.324075
vn -0.044978 0.922035 0.384484
vn -0.077894 0.936856 0.340931
vn -0.062040 0.914548 0.399691
vn -0.107444 0.923889 0.367267
vn -0.073028 0.905099 0.418882
vn -0.126475 0.907524 0.400504
vn -0.076869 0.894612 0.440183
vn -0.133125 0.889363 0.437392
vn -0.073187 0.884113 0.461506
vn -0.126746 0.871181 0.474319
vn -0.062340 0.874631 0.480764
vn -0.107959 0.854761 0.507669
vn 0.054438 0.926203 0.373074
vn 0.074767 0.917163 0.391437
vn 0.167229 0.961389 0.218553
vn 0.229684 0.933621 0.274951
vn 0.028781 0.932025 0.361250
vn 0.088407 0.979274 0.182226
vn 0.000304 0.934058 0.357121
vn 0.000932 0.985525 0.169526
vn -0.028202 0.932106 0.361086
vn -0.086637 0.979529 0.181705
vn -0.053946 0.926358 0.372760
vn -0.165725 0.961873 0.217568
vn -0.074411 0.917378 0.390999
vn -0.228596 0.934285 0.273597
vn -0.087590 0.906046 0.414016
vn -0.269087 0.899467 0.344314
vn -0.092196 0.893468 0.439562
vn -0.283227 0.860829 0.422795
vn -0.087778 0.880875 0.465140
vn -0.269649 0.822152 0.501354
vn -0.074766 0.869503 0.488236
vn -0.229681 0.787218 0.572306
vn -0.054436 0.860466 0.506591
vn -0.167229 0.759449 0.628707
vn -0.028778 0.854644 0.518417
vn -0.088409 0.741562 0.665033
vn -0.000302 0.852608 0.522550
vn -0.000933 0.735309 0.677731
vn 0.028202 0.854561 0.518586
vn 0.086637 0.741308 0.665550
vn 0.053945 0.860308 0.506913
vn 0.165724 0.758963 0.629691
vn 0.074408 0.869288 0.488674
vn 0.228589 0.786549 0.573662
vn 0.087590 0.880622 0.465654
vn 0.269080 0.821365 0.502947
vn 0.092199 0.893200 0.440105
vn 0.283231 0.860006 0.424464
vn 0.087779 0.905791 0.414532
vn 0.269656 0.898687 0.345902
vn -0.226687 0.691531 0.685856
vn -0.216189 0.704321 0.676162
vn -0.296930 0.740217 0.603251
vn -0.311345 0.729171 0.609405
vn -0.145816 0.781326 0.606850
vn -0.200271 0.805537 0.557675
vn -0.119839 0.667291 0.735093
vn -0.114289 0.681201 0.723120
vn -0.077086 0.765731 0.638525
vn -0.001259 0.658812 0.752306
vn -0.001206 0.673116 0.739536
vn -0.000811 0.760282 0.649593
vn 0.117437 0.666937 0.735802
vn 0.112002 0.680867 0.723792
vn 0.075545 0.765509 0.638976
vn 0.224645 0.690874 0.687189
vn 0.214242 0.703695 0.677431
vn 0.144503 0.780900 0.607713
vn 0.309864 0.728270 0.611234
vn 0.295509 0.739359 0.604998
vn 0.199315 0.804956 0.558856
vn 0.364751 0.775459 0.515384
vn 0.347854 0.784371 0.513576
vn 0.234621 0.835315 0.497194
vn 0.383926 0.827843 0.408995
vn 0.366146 0.834322 0.412121
vn 0.246956 0.869006 0.428768
vn 0.365525 0.880274 0.302504
vn 0.348607 0.884323 0.310559
vn 0.235110 0.902735 0.360268
vn 0.311347 0.927628 0.206325
vn 0.296940 0.929485 0.218826
vn 0.200256 0.933194 0.298406
vn 0.226687 0.965270 0.129870
vn 0.216192 0.965386 0.145917
vn 0.145810 0.957406 0.249227
vn 0.119844 0.989513 0.080630
vn 0.114291 0.988506 0.098961
vn 0.077084 0.973002 0.217544
vn 0.001260 0.997986 0.063416
vn 0.001205 0.996586 0.082550
vn 0.000811 0.978453 0.206469
vn -0.117436 0.989859 0.079930
vn -0.112004 0.988834 0.098297
vn -0.075547 0.973224 0.217090
vn -0.224646 0.965925 0.128541
vn -0.214242 0.966011 0.144651
vn -0.144504 0.957829 0.248358
vn -0.309866 0.928529 0.204493
vn -0.295512 0.930348 0.217084
vn -0.199318 0.933776 0.297212
vn -0.364748 0.881334 0.300349
vn -0.347858 0.885335 0.308507
vn -0.234625 0.903415 0.358877
vn -0.383923 0.828957 0.406735
vn -0.366144 0.835387 0.409960
vn -0.246963 0.869723 0.427307
vn -0.365521 0.776528 0.513224
vn -0.348597 0.785382 0.511522
vn -0.235126 0.835997 0.495808
vn 0.591335 0.424156 -0.685868
vn 0.320969 0.477055 -0.818167
vn 0.309683 0.507200 -0.804267
vn 0.583904 0.450447 -0.675391
vn 0.292108 0.563514 -0.772739
vn 0.569789 0.496098 -0.655154
vn 0.283752 0.595862 -0.751288
vn 0.563585 0.510509 -0.649425
vn 0.281165 0.627405 -0.726161
vn 0.560923 0.530314 -0.635715
vn 0.281185 0.661259 -0.695465
vn 0.560454 0.555155 -0.614568
vn 0.283583 0.696569 -0.659069
vn 0.562198 0.584092 -0.585466
vn 0.287709 0.732565 -0.616905
vn 0.565731 0.616264 -0.547875
vn 0.292698 0.768378 -0.569142
vn 0.570243 0.650613 -0.501523
vn 0.297451 0.803299 -0.515978
vn 0.574500 0.686079 -0.446369
vn 0.300662 0.836542 -0.458039
vn 0.576923 0.721525 -0.382833
vn 0.301009 0.867321 -0.396419
vn 0.575753 0.755753 -0.312005
vn 0.297236 0.894905 -0.332860
vn 0.569373 0.787497 -0.235929
vn 0.288870 0.917419 -0.273671
vn 0.557360 0.814220 -0.162468
vn 0.277985 0.933149 -0.227944
vn 0.542685 0.833612 -0.102879
vn 0.268744 0.942166 -0.200251
vn 0.530233 0.845450 -0.063767
vn 0.263744 0.945952 -0.188714
vn 0.523016 0.851167 -0.044376
vn 0.263034 0.946095 -0.188991
vn 0.521163 0.852521 -0.039970
vn 0.265722 0.943714 -0.196964
vn 0.523515 0.850788 -0.045726
vn 0.270698 0.939546 -0.209704
vn 0.528677 0.846846 -0.057902
vn 0.277062 0.934069 -0.225280
vn 0.535548 0.841256 -0.074001
vn 0.284077 0.927661 -0.242377
vn 0.543253 0.834474 -0.092355
vn 0.291250 0.920606 -0.260113
vn 0.551196 0.826858 -0.111750
vn 0.298236 0.913169 -0.277807
vn 0.558990 0.818701 -0.131375
vn 0.303983 0.906526 -0.292926
vn 0.565467 0.811330 -0.148293
vn 0.020106 0.481397 -0.876272
vn 0.006011 0.511053 -0.859528
vn -0.012788 0.570407 -0.821263
vn -0.022873 0.615520 -0.787790
vn -0.025508 0.656599 -0.753809
vn -0.025236 0.697066 -0.716562
vn -0.022558 0.736133 -0.676461
vn -0.018229 0.773191 -0.633911
vn -0.013108 0.807655 -0.589510
vn -0.008005 0.839198 -0.543767
vn -0.003874 0.867529 -0.497371
vn -0.001493 0.892390 -0.451262
vn -0.001531 0.913579 -0.406658
vn -0.004817 0.929992 -0.367549
vn -0.010534 0.940461 -0.339738
vn -0.015731 0.945502 -0.325237
vn -0.018340 0.946716 -0.321548
vn -0.018191 0.945427 -0.325327
vn -0.015766 0.942507 -0.333816
vn -0.011762 0.938470 -0.345160
vn -0.006783 0.933652 -0.358118
vn -0.001363 0.928285 -0.371867
vn 0.004131 0.922570 -0.385808
vn 0.009432 0.916678 -0.399515
vn 0.013754 0.911471 -0.411134
vn -0.283297 0.434793 -0.854809
vn -0.298067 0.460313 -0.836222
vn -0.315790 0.516859 -0.795697
vn -0.326699 0.568931 -0.754708
vn -0.329568 0.616107 -0.715401
vn -0.329343 0.659840 -0.675385
vn -0.326783 0.699400 -0.635651
vn -0.322686 0.734345 -0.597169
vn -0.317769 0.764491 -0.560871
vn -0.312574 0.789909 -0.527582
vn -0.307416 0.810846 -0.498021
vn -0.302484 0.827617 -0.472814
vn -0.297814 0.840638 -0.452364
vn -0.294741 0.849578 -0.437430
vn -0.294440 0.853850 -0.429238
vn -0.295341 0.854470 -0.427380
vn -0.295667 0.853028 -0.430028
vn -0.294984 0.850459 -0.435550
vn -0.293301 0.847292 -0.442799
vn -0.290858 0.843809 -0.450985
vn -0.287986 0.840156 -0.459568
vn -0.284921 0.836419 -0.468214
vn -0.281866 0.832684 -0.476643
vn -0.278963 0.829005 -0.484697
vn -0.276639 0.825836 -0.491392
vn -0.560019 0.338559 -0.756145
vn -0.573061 0.357819 -0.737269
vn -0.587959 0.408055 -0.698423
vn -0.598612 0.461443 -0.654778
vn -0.601787 0.510449 -0.614243
vn -0.601887 0.553491 -0.575656
vn -0.599834 0.589921 -0.540548
vn -0.596383 0.619528 -0.510404
vn -0.592032 0.642494 -0.486518
vn -0.586841 0.659328 -0.470005
vn -0.580508 0.670766 -0.461610
vn -0.572449 0.677741 -0.461486
vn -0.562009 0.681365 -0.468921
vn -0.551541 0.682140 -0.480092
vn -0.545099 0.680399 -0.489821
vn -0.542349 0.677239 -0.497197
vn -0.540974 0.673753 -0.503392
vn -0.540155 0.670412 -0.508704
vn -0.539556 0.667475 -0.513183
vn -0.539128 0.664970 -0.516871
vn -0.538835 0.662912 -0.519811
vn -0.538660 0.661248 -0.522108
vn -0.538577 0.659933 -0.523855
vn -0.538573 0.658912 -0.525142
vn -0.538677 0.658167 -0.525969
vn -0.782206 0.197547 -0.590871
vn -0.791714 0.210763 -0.573383
vn -0.803134 0.253948 -0.538968
vn -0.812635 0.303736 -0.497362
vn -0.816100 0.349927 -0.459925
vn -0.816705 0.388162 -0.426993
vn -0.815420 0.417906 -0.400555
vn -0.812883 0.439210 -0.382512
vn -0.809251 0.452548 -0.374583
vn -0.804049 0.458777 -0.378193
vn -0.796171 0.459126 -0.394102
vn -0.784059 0.455174 -0.421980
vn -0.766439 0.448675 -0.459632
vn -0.747648 0.441635 -0.495964
vn -0.736553 0.435704 -0.517350
vn -0.732113 0.430667 -0.527765
vn -0.730042 0.426366 -0.534089
vn -0.729527 0.423031 -0.537434
vn -0.730315 0.420807 -0.538110
vn -0.732150 0.419674 -0.536498
vn -0.734720 0.419505 -0.533107
vn -0.737702 0.420155 -0.528456
vn -0.740856 0.421456 -0.522979
vn -0.743998 0.423251 -0.517035
vn -0.746709 0.425063 -0.511612
vn -0.925956 0.019831 -0.377111
vn -0.931628 0.030248 -0.362152
vn -0.940375 0.068406 -0.333189
vn -0.948242 0.110864 -0.297566
vn -0.951883 0.149695 -0.267415
vn -0.953058 0.179255 -0.244023
vn -0.952648 0.199219 -0.229726
vn -0.951077 0.209848 -0.226752
vn -0.948087 0.211766 -0.237248
vn -0.942505 0.206141 -0.263040
vn -0.932238 0.194569 -0.305083
vn -0.914553 0.179124 -0.362639
vn -0.887474 0.162627 -0.431211
vn -0.860123 0.149774 -0.487602
vn -0.848663 0.143330 -0.509145
vn -0.845785 0.139014 -0.515095
vn -0.844241 0.135220 -0.518626
vn -0.844495 0.132677 -0.518870
vn -0.846875 0.131621 -0.515247
vn -0.851102 0.132092 -0.508111
vn -0.856588 0.133932 -0.498317
vn -0.862735 0.136888 -0.486776
vn -0.869082 0.140726 -0.474229
vn -0.875279 0.145231 -0.461296
vn -0.880514 0.149492 -0.449831
vn -0.973469 -0.182084 -0.138574
vn -0.977501 -0.168920 -0.126323
vn -0.985986 -0.132107 -0.101881
vn -0.992252 -0.099128 -0.074901
vn -0.995876 -0.071592 -0.055736
vn -0.997532 -0.053784 -0.045127
vn -0.997909 -0.045869 -0.045535
vn -0.997105 -0.047399 -0.059454
vn -0.994316 -0.057625 -0.089526
vn -0.987582 -0.075247 -0.137913
vn -0.973625 -0.098271 -0.205908
vn -0.948222 -0.124136 -0.292346
vn -0.909168 -0.148655 -0.388994
vn -0.875796 -0.163171 -0.454264
vn -0.870931 -0.166477 -0.462346
vn -0.872493 -0.168389 -0.458695
vn -0.872335 -0.170771 -0.458115
vn -0.873767 -0.172045 -0.454897
vn -0.877924 -0.171639 -0.446978
vn -0.884518 -0.169505 -0.434621
vn -0.892740 -0.165792 -0.418960
vn -0.901762 -0.160744 -0.401230
vn -0.910935 -0.154666 -0.382461
vn -0.919809 -0.147866 -0.363437
vn -0.927226 -0.141512 -0.346736
vn -0.916860 -0.386399 0.100315
vn -0.923553 -0.367549 0.109350
vn -0.934839 -0.329960 0.131161
vn -0.940084 -0.306886 0.148537
vn -0.943464 -0.293612 0.153844
vn -0.945425 -0.289543 0.149451
vn -0.946309 -0.294674 0.132912
vn -0.945808 -0.308414 0.101623
vn -0.942525 -0.329938 0.052797
vn -0.933676 -0.357764 -0.015946
vn -0.915011 -0.389371 -0.105572
vn -0.881490 -0.421214 -0.213433
vn -0.832416 -0.447998 -0.326163
vn -0.799975 -0.460250 -0.384981
vn -0.804659 -0.460666 -0.374582
vn -0.810241 -0.460516 -0.362539
vn -0.811641 -0.461291 -0.358399
vn -0.814552 -0.461124 -0.351952
vn -0.820589 -0.459290 -0.340128
vn -0.829379 -0.455658 -0.323274
vn -0.839916 -0.450380 -0.302820
vn -0.851245 -0.443707 -0.280188
vn -0.862604 -0.435962 -0.256615
vn -0.873488 -0.427467 -0.233004
vn -0.882518 -0.419574 -0.212412
vn -0.764952 -0.556901 0.323589
vn -0.775986 -0.541437 0.323561
vn -0.790999 -0.507714 0.341390
vn -0.796231 -0.493465 0.350012
vn -0.799164 -0.495948 0.339666
vn -0.801184 -0.506106 0.319313
vn -0.802200 -0.523667 0.286789
vn -0.801422 -0.547944 0.239750
vn -0.796993 -0.577778 0.175994
vn -0.785806 -0.611292 0.093972
vn -0.763748 -0.645491 -0.005488
vn -0.727422 -0.676251 -0.116371
vn -0.679617 -0.699187 -0.221942
vn -0.652828 -0.709068 -0.266529
vn -0.659362 -0.709252 -0.249406
vn -0.665480 -0.708240 -0.235654
vn -0.668128 -0.707770 -0.229495
vn -0.672747 -0.706338 -0.220224
vn -0.680613 -0.703338 -0.205140
vn -0.691209 -0.698598 -0.184910
vn -0.703443 -0.692246 -0.161130
vn -0.716281 -0.684560 -0.135345
vn -0.728950 -0.675853 -0.108879
vn -0.740979 -0.666424 -0.082640
vn -0.750882 -0.657715 -0.059896
vn -0.541317 -0.656401 0.525465
vn -0.552720 -0.663843 0.503799
vn -0.567731 -0.649028 0.506404
vn -0.573952 -0.641977 0.508375
vn -0.576380 -0.659904 0.481987
vn -0.578305 -0.682845 0.446415
vn -0.579131 -0.710203 0.400273
vn -0.577667 -0.741134 0.342083
vn -0.572057 -0.774097 0.271153
vn -0.559803 -0.806942 0.188326
vn -0.538335 -0.837125 0.097043
vn -0.507107 -0.861869 0.004968
vn -0.469897 -0.879524 -0.075067
vn -0.447182 -0.887667 -0.109891
vn -0.448001 -0.888257 -0.101462
vn -0.452235 -0.887170 -0.091718
vn -0.455995 -0.885961 -0.084508
vn -0.462361 -0.883701 -0.072770
vn -0.471821 -0.879963 -0.055230
vn -0.483613 -0.874660 -0.032988
vn -0.496710 -0.867883 -0.007644
vn -0.510101 -0.859899 0.019241
vn -0.523087 -0.851015 0.046404
vn -0.535254 -0.841524 0.073083
vn -0.545183 -0.832800 0.096021
vn -0.266715 -0.675589 0.687344
vn -0.276671 -0.714169 0.642975
vn -0.286915 -0.738952 0.609614
vn -0.294348 -0.738722 0.606341
vn -0.296446 -0.769649 0.565474
vn -0.298258 -0.801827 0.517799
vn -0.298782 -0.834409 0.463133
vn -0.296754 -0.866433 0.401535
vn -0.290600 -0.896580 0.334210
vn -0.278916 -0.923391 0.263733
vn -0.260835 -0.945708 0.193913
vn -0.237140 -0.962761 0.129833
vn -0.210419 -0.974589 0.076813
vn -0.191625 -0.980255 0.048790
vn -0.188122 -0.981005 0.047319
vn -0.191011 -0.980146 0.053182
vn -0.196095 -0.978628 0.061915
vn -0.204075 -0.976007 0.075915
vn -0.214649 -0.972058 0.095018
vn -0.226877 -0.966774 0.117796
vn -0.239852 -0.960256 0.142760
vn -0.252752 -0.952732 0.168578
vn -0.264982 -0.944490 0.194227
vn -0.276248 -0.935784 0.219078
vn -0.285364 -0.927832 0.240198
vn 0.037520 -0.631682 0.774319
vn 0.028952 -0.688722 0.724447
vn 0.022981 -0.764636 0.644052
vn 0.015244 -0.773793 0.633255
vn 0.013072 -0.813082 0.582002
vn 0.011194 -0.849154 0.528027
vn 0.010885 -0.881356 0.472327
vn 0.013289 -0.909185 0.416181
vn 0.019386 -0.932211 0.361396
vn 0.029688 -0.950267 0.310020
vn 0.044013 -0.963503 0.264055
vn 0.061207 -0.972351 0.225359
vn 0.079568 -0.977529 0.195208
vn 0.092973 -0.979568 0.178335
vn 0.096150 -0.979569 0.176635
vn 0.092739 -0.978648 0.183434
vn 0.086050 -0.976989 0.195163
vn 0.076810 -0.974385 0.211364
vn 0.065845 -0.970716 0.231030
vn 0.054041 -0.966012 0.252787
vn 0.042183 -0.960381 0.275480
vn 0.030823 -0.954014 0.298174
vn 0.020320 -0.947139 0.320179
vn 0.010852 -0.939975 0.341070
vn 0.003273 -0.933510 0.358538
vn 0.341008 -0.543598 0.766951
vn 0.335222 -0.601292 0.725310
vn 0.330845 -0.717612 0.612841
vn 0.323876 -0.741277 0.587888
vn 0.321276 -0.782961 0.532686
vn 0.319296 -0.817260 0.479726
vn 0.319173 -0.844359 0.430334
vn 0.321746 -0.864718 0.385670
vn 0.327404 -0.878949 0.346778
vn 0.335937 -0.887799 0.314578
vn 0.346664 -0.892080 0.289858
vn 0.358433 -0.892690 0.273187
vn 0.369727 -0.890649 0.264662
vn 0.376811 -0.887655 0.264730
vn 0.376681 -0.885290 0.272714
vn 0.371120 -0.883473 0.285913
vn 0.362747 -0.881524 0.302207
vn 0.352806 -0.879124 0.320419
vn 0.342265 -0.876094 0.339578
vn 0.331839 -0.872425 0.358827
vn 0.322019 -0.868191 0.377556
vn 0.313075 -0.863537 0.395332
vn 0.305131 -0.858628 0.411890
vn 0.298193 -0.853615 0.427108
vn 0.292740 -0.849210 0.439483
vn 0.612208 -0.422529 0.668335
vn 0.609505 -0.470551 0.638033
vn 0.607002 -0.598692 0.522606
vn 0.600385 -0.640468 0.478892
vn 0.597500 -0.678981 0.426590
vn 0.595565 -0.707476 0.380499
vn 0.595567 -0.727114 0.341474
vn 0.597994 -0.739120 0.310008
vn 0.602759 -0.744661 0.286639
vn 0.609333 -0.744829 0.271925
vn 0.616879 -0.740575 0.266476
vn 0.624035 -0.733005 0.270711
vn 0.629233 -0.723372 0.284251
vn 0.630039 -0.714274 0.304737
vn 0.625314 -0.708085 0.328020
vn 0.616875 -0.704381 0.351158
vn 0.607013 -0.701793 0.372857
vn 0.597046 -0.699587 0.392574
vn 0.587755 -0.697373 0.410141
vn 0.579530 -0.695019 0.425550
vn 0.572499 -0.692519 0.438933
vn 0.566603 -0.689968 0.450450
vn 0.561770 -0.687417 0.460296
vn 0.557829 -0.684964 0.468671
vn 0.554882 -0.682974 0.475028
vn 0.824238 -0.276941 0.493899
vn 0.823679 -0.311586 0.473780
vn 0.823934 -0.422340 0.377837
vn 0.817523 -0.478404 0.320601
vn 0.814557 -0.510341 0.275769
vn 0.812592 -0.531463 0.239250
vn 0.812510 -0.543231 0.211488
vn 0.814421 -0.547269 0.192915
vn 0.818177 -0.544682 0.184139
vn 0.823049 -0.536685 0.185905
vn 0.828009 -0.524256 0.198887
vn 0.831434 -0.508720 0.223430
vn 0.831539 -0.491571 0.258652
vn 0.826675 -0.476091 0.299911
vn 0.817291 -0.465345 0.339838
vn 0.805954 -0.459061 0.373767
vn 0.795056 -0.455436 0.400579
vn 0.785739 -0.453282 0.420892
vn 0.778383 -0.451915 0.435766
vn 0.772939 -0.450973 0.446305
vn 0.769123 -0.450370 0.453449
vn 0.766621 -0.450073 0.457958
vn 0.765114 -0.450060 0.460485
vn 0.764330 -0.450330 0.461522
vn 0.763995 -0.450875 0.461546
vn 0.957073 -0.116738 0.265300
vn 0.957484 -0.137082 0.253838
vn 0.959149 -0.213119 0.186049
vn 0.953788 -0.271951 0.127795
vn 0.950700 -0.296000 0.092481
vn 0.948646 -0.309291 0.066406
vn 0.948289 -0.313435 0.050071
vn 0.949772 -0.309822 0.044084
vn 0.952804 -0.299527 0.049486
vn 0.956558 -0.283730 0.067040
vn 0.959696 -0.263650 0.097330
vn 0.960363 -0.240767 0.140482
vn 0.956496 -0.216850 0.195169
vn 0.947014 -0.195584 0.254779
vn 0.933668 -0.180390 0.309391
vn 0.919981 -0.171305 0.352548
vn 0.908626 -0.166432 0.383014
vn 0.900510 -0.164194 0.402644
vn 0.895526 -0.163557 0.413862
vn 0.893096 -0.163968 0.418921
vn 0.892591 -0.165214 0.419506
vn 0.893435 -0.167141 0.416938
vn 0.895134 -0.169623 0.412265
vn 0.897343 -0.172532 0.406212
vn 0.899465 -0.175477 0.400213
vn 0.998905 0.046157 0.007623
vn 0.999193 0.040026 0.003404
vn 0.999331 0.002993 -0.036457
vn 0.995389 -0.045577 -0.084398
vn 0.992209 -0.060661 -0.108820
vn 0.990152 -0.065596 -0.123676
vn 0.989817 -0.061855 -0.128201
vn 0.991293 -0.050577 -0.121575
vn 0.994179 -0.032779 -0.102639
vn 0.997452 -0.009766 -0.070676
vn 0.999534 0.017000 -0.025357
vn 0.998396 0.045946 0.033075
vn 0.991838 0.075193 0.102977
vn 0.979156 0.100922 0.176264
vn 0.963046 0.119689 0.241280
vn 0.947895 0.131176 0.290325
vn 0.936716 0.137191 0.322089
vn 0.930162 0.139589 0.339579
vn 0.927617 0.139626 0.346456
vn 0.928062 0.137993 0.345918
vn 0.930571 0.135086 0.340279
vn 0.934365 0.131198 0.331284
vn 0.938846 0.126536 0.320246
vn 0.943601 0.121299 0.308065
vn 0.947782 0.116295 0.296960
vn 0.946837 0.198769 -0.252965
vn 0.945774 0.205872 -0.251253
vn 0.941862 0.204197 -0.266833
vn 0.938413 0.174716 -0.298086
vn 0.935314 0.170151 -0.310219
vn 0.933575 0.174522 -0.313017
vn 0.933701 0.186705 -0.305522
vn 0.935676 0.205720 -0.286686
vn 0.938900 0.230457 -0.255648
vn 0.942212 0.259520 -0.211864
vn 0.943924 0.291393 -0.155236
vn 0.941928 0.324520 -0.086363
vn 0.934051 0.357066 -0.007216
vn 0.919831 0.385380 0.073443
vn 0.902487 0.406249 0.143103
vn 0.887004 0.419236 0.193558
vn 0.876624 0.425956 0.223813
vn 0.871746 0.428385 0.237794
vn 0.871387 0.427867 0.240030
vn 0.874222 0.425218 0.234362
vn 0.879101 0.420973 0.223525
vn 0.885145 0.415514 0.209442
vn 0.891702 0.409161 0.193535
vn 0.898331 0.402186 0.176774
vn 0.903996 0.395678 0.161957
vn 0.806552 0.328476 -0.491506
vn 0.802812 0.346784 -0.485009
vn 0.793638 0.373127 -0.480537
vn 0.789292 0.366032 -0.492989
vn 0.786442 0.373351 -0.492055
vn 0.785314 0.387948 -0.482471
vn 0.786201 0.408824 -0.463412
vn 0.788942 0.435088 -0.433899
vn 0.792800 0.465553 -0.393356
vn 0.796526 0.498912 -0.341515
vn 0.798407 0.533818 -0.278541
vn 0.796430 0.568813 -0.205307
vn 0.788626 0.602248 -0.123959
vn 0.774637 0.630930 -0.043178
vn 0.757767 0.652058 0.024665
vn 0.743186 0.665233 0.071698
vn 0.734148 0.671931 0.097654
vn 0.730881 0.674053 0.107073
vn 0.732204 0.672960 0.104892
vn 0.736648 0.669545 0.095178
vn 0.743016 0.664388 0.080715
vn 0.750413 0.657922 0.063399
vn 0.758154 0.650546 0.044630
vn 0.765814 0.642564 0.025307
vn 0.772262 0.635247 0.008482
vn -0.424572 0.236755 0.873891
vn -0.289373 0.441708 0.849210
vn -0.312234 0.446983 0.838282
vn -0.382327 0.218592 0.897799
vn 0.092948 0.809600 0.579576
vn 0.096460 0.807609 0.581776
vn -0.070921 0.867341 0.492636
vn -0.073599 0.867796 0.491440
vn 0.446487 0.888659 0.104569
vn 0.546247 0.831728 -0.099211
vn 0.284767 0.927360 -0.242716
vn 0.194928 0.980311 -0.031528
vn -0.336063 0.370859 0.865751
vn -0.333654 0.216538 0.917489
vn -0.284756 0.230719 0.930421
vn -0.241308 0.259467 0.935119
vn -0.208200 0.299003 0.931262
vn -0.188669 0.344548 0.919614
vn -0.184061 0.390969 0.901812
vn -0.193989 0.433556 0.879998
vn -0.216637 0.468583 0.856446
vn -0.249308 0.493344 0.833341
vn -0.288812 0.506207 0.812614
vn -0.331720 0.506504 0.795874
vn -0.374597 0.494274 0.784455
vn -0.413849 0.470564 0.779293
vn -0.446159 0.437205 0.780894
vn -0.468678 0.396540 0.789365
vn -0.478853 0.351893 0.804282
vn -0.474961 0.307390 0.824575
vn -0.456580 0.267266 0.848589
vn -0.005742 0.933230 -0.359233
vn -0.296751 0.848776 -0.437628
vn -0.559783 0.682398 -0.470080
vn -0.769047 0.450531 -0.453418
vn -0.904140 0.175983 -0.389310
vn -0.951952 -0.114297 -0.284119
vn -0.907974 -0.391948 -0.148186
vn -0.776596 -0.629977 0.005277
vn -0.570686 -0.805167 0.161323
vn -0.310277 -0.900480 0.304736
vn -0.020819 -0.906597 0.421483
vn 0.269573 -0.822936 0.500107
vn 0.532603 -0.657526 0.532911
vn 0.742470 -0.426400 0.516645
vn 0.878544 -0.152102 0.452797
vn 0.927356 0.138557 0.347583
vn 0.884002 0.416969 0.211370
vn 0.752728 0.655827 0.057369
vn -0.084046 0.986347 -0.141620
vn -0.334943 0.445697 0.830161
vn -0.254930 0.870439 0.421125
vn -0.255818 0.870321 0.420830
vn -0.363454 0.906126 -0.216416
vn -0.357638 0.439941 0.823740
vn -0.439163 0.818178 0.371108
vn -0.438118 0.818639 0.371326
vn -0.616375 0.747466 -0.247742
vn -0.379653 0.428749 0.819779
vn -0.606717 0.714366 0.348675
vn -0.604358 0.716307 0.348793
vn -0.818438 0.525639 -0.232084
vn -0.399392 0.411540 0.819220
vn -0.741479 0.568032 0.357141
vn -0.738836 0.571808 0.356590
vn -0.949807 0.262187 -0.170659
vn -0.414358 0.388878 0.822849
vn -0.829751 0.393051 0.396263
vn -0.827987 0.398245 0.394764
vn -0.997445 -0.017251 -0.069325
vn -0.422223 0.362513 0.830850
vn -0.862194 0.206665 0.462506
vn -0.862081 0.212336 0.460141
vn -0.956423 -0.285327 0.061993
vn -0.421234 0.335267 0.842709
vn -0.835007 0.027661 0.549543
vn -0.836679 0.032738 0.546715
vn -0.830534 -0.515621 0.210591
vn -0.410567 0.310638 0.857286
vn -0.750770 -0.125779 0.648478
vn -0.753676 -0.122181 0.645790
vn -0.632056 -0.685213 0.361923
vn -0.391085 0.291928 0.872829
vn -0.617981 -0.238119 0.749265
vn -0.621143 -0.236292 0.747226
vn -0.380418 -0.777374 0.500970
vn -0.365120 0.281721 0.887311
vn -0.450155 -0.298128 0.841713
vn -0.452502 -0.297711 0.840601
vn -0.100333 -0.783085 0.613768
vn -0.335926 0.281308 0.898899
vn -0.264183 -0.300624 0.916424
vn -0.265035 -0.300742 0.916139
vn 0.180733 -0.701953 0.688910
vn -0.306901 0.290261 0.906399
vn -0.078087 -0.246221 0.966063
vn -0.077272 -0.245852 0.966223
vn 0.435074 -0.542010 0.718982
vn -0.281085 0.307429 0.909109
vn 0.090254 -0.140209 0.986000
vn 0.092309 -0.138479 0.986054
vn 0.637469 -0.318920 0.701373
vn -0.261607 0.331136 0.906593
vn 0.224243 0.007585 0.974504
vn 0.226611 0.011080 0.973922
vn 0.768066 -0.054677 0.638032
vn -0.250732 0.358329 0.899297
vn 0.310490 0.182766 0.932841
vn 0.312071 0.187742 0.931324
vn 0.814270 0.224749 0.535212
vn -0.249089 0.385553 0.888428
vn 0.340502 0.367925 0.865269
vn 0.340487 0.373556 0.862859
vn 0.771634 0.491891 0.403267
vn -0.256246 0.409792 0.875447
vn 0.311548 0.544733 0.778591
vn 0.309716 0.549911 0.775676
vn 0.645053 0.720407 0.254796
vn -0.269925 0.428799 0.862132
vn 0.228086 0.695908 0.680947
vn 0.225030 0.699653 0.678121
vn 0.181605 0.963315 0.197594
vn 0.096009 0.982737 0.158145
vn 0.100335 0.984434 0.144304
vn 0.189788 0.964137 0.185530
vn 0.001011 0.989525 0.144357
vn 0.001057 0.991527 0.129897
vn -0.094084 0.983014 0.157582
vn -0.098324 0.984722 0.143718
vn -0.179972 0.963840 0.196525
vn -0.188080 0.964685 0.184414
vn -0.248242 0.933883 0.257370
vn -0.259425 0.933378 0.248000
vn -0.292212 0.896072 0.334167
vn -0.305377 0.893863 0.328259
vn -0.307577 0.854110 0.419396
vn -0.321436 0.850010 0.417327
vn -0.292833 0.812105 0.504712
vn -0.306031 0.806112 0.506487
vn -0.249427 0.774166 0.581767
vn -0.260668 0.766463 0.587015
vn -0.181604 0.744013 0.643012
vn -0.189788 0.734952 0.651019
vn -0.096008 0.724590 0.682460
vn -0.100336 0.714656 0.692243
vn -0.001011 0.717801 0.696248
vn -0.001058 0.707559 0.706653
vn 0.094087 0.724312 0.683023
vn 0.098327 0.714363 0.692833
vn 0.179971 0.743485 0.644081
vn 0.188081 0.734400 0.652136
vn 0.248243 0.773442 0.583235
vn 0.259427 0.765709 0.588547
vn 0.292212 0.811253 0.506439
vn 0.305378 0.805223 0.508291
vn 0.307578 0.853216 0.421211
vn 0.321436 0.849076 0.419224
vn 0.292836 0.895221 0.335898
vn 0.306031 0.892973 0.330069
vn 0.249429 0.933159 0.258842
vn 0.260669 0.932621 0.249539
vn -0.087286 0.744018 0.662434
vn -0.165104 0.761676 0.626570
vn -0.000920 0.737849 0.674965
vn 0.085536 0.743766 0.662945
vn 0.163619 0.761198 0.627540
vn 0.225685 0.788435 0.572221
vn 0.265659 0.822810 0.502403
vn 0.279632 0.860960 0.424916
vn 0.266232 0.899146 0.347358
vn 0.226765 0.933637 0.277307
vn 0.165105 0.961054 0.221618
vn 0.087286 0.978711 0.185756
vn 0.000919 0.984882 0.173224
vn -0.085537 0.978962 0.185248
vn -0.163618 0.961531 0.220652
vn -0.225684 0.934295 0.275971
vn -0.265657 0.899921 0.345788
vn -0.279629 0.861771 0.423272
vn -0.266229 0.823583 0.500832
vn -0.226765 0.789094 0.570884
vn -0.108689 0.816196 0.567461
vn -0.057460 0.804575 0.591065
vn -0.035116 0.874364 0.483999
vn -0.018564 0.870609 0.491626
vn 0.039071 0.918779 0.392834
vn 0.020655 0.922958 0.384347
vn 0.112710 0.948710 0.295373
vn 0.059585 0.960764 0.270890
vn -0.000605 0.800516 0.599311
vn -0.000196 0.869297 0.494291
vn 0.000217 0.924418 0.381380
vn 0.000625 0.964977 0.262334
vn 0.056308 0.804412 0.591398
vn 0.018191 0.870555 0.491734
vn -0.020242 0.923018 0.384224
vn -0.058392 0.960935 0.270543
vn 0.107708 0.815886 0.568092
vn 0.034800 0.874263 0.484204
vn -0.038719 0.918894 0.392601
vn -0.111695 0.949036 0.294711
vn 0.148565 0.833815 0.531678
vn 0.048000 0.880056 0.472438
vn -0.053407 0.912448 0.405693
vn -0.154065 0.930443 0.332474
vn 0.174878 0.856444 0.485718
vn 0.056499 0.887367 0.457589
vn -0.062871 0.904312 0.422217
vn -0.181353 0.906977 0.380136
vn 0.184079 0.881558 0.434708
vn 0.059474 0.895481 0.441109
vn -0.066177 0.895284 0.440553
vn -0.190891 0.880935 0.433030
vn 0.175257 0.906696 0.383651
vn 0.056628 0.903603 0.424611
vn -0.063002 0.886247 0.458909
vn -0.181742 0.854863 0.485983
vn 0.149274 0.929401 0.337538
vn 0.048231 0.910937 0.409716
vn -0.053666 0.878084 0.475487
vn -0.154803 0.831319 0.533803
vn 0.108688 0.947449 0.300878
vn 0.035118 0.916770 0.397869
vn -0.039074 0.871598 0.488661
vn -0.112710 0.812606 0.571811
vn 0.057461 0.959072 0.277273
vn 0.018565 0.920525 0.390242
vn -0.020655 0.867421 0.497147
vn -0.059582 0.800550 0.596296
vn 0.000604 0.963133 0.269024
vn 0.000196 0.921836 0.387580
vn -0.000218 0.865959 0.500115
vn -0.000627 0.796338 0.604851
vn -0.056309 0.959237 0.276936
vn -0.018192 0.920577 0.390137
vn 0.020241 0.867359 0.497271
vn 0.058391 0.800379 0.596644
vn -0.107711 0.947763 0.300241
vn -0.034798 0.916871 0.397664
vn 0.038721 0.871485 0.488892
vn 0.111695 0.812276 0.572478
vn -0.148567 0.929833 0.336659
vn -0.048000 0.911077 0.409431
vn 0.053410 0.877930 0.475802
vn 0.154065 0.830870 0.534715
vn -0.174880 0.907204 0.382619
vn -0.056503 0.903766 0.424281
vn 0.062870 0.886062 0.459284
vn 0.181352 0.854337 0.487053
vn -0.184080 0.882090 0.433626
vn -0.059476 0.895652 0.440760
vn 0.066176 0.895091 0.440946
vn 0.190890 0.880380 0.434156
vn -0.175258 0.856949 0.484689
vn -0.056623 0.887530 0.457257
vn 0.063002 0.904130 0.422587
vn 0.181741 0.906449 0.381209
vn -0.149278 0.834245 0.530803
vn -0.048228 0.880195 0.472156
vn 0.053664 0.912292 0.406010
vn 0.154801 0.929995 0.333386
s 1
g Outsidestuff blurberyy Blueberry1 Fruit
usemtl lambert14SG
f 1187/1581/1651 1188/1582/1652 1208/1603/1653 1207/1602/1654
f 1188/1582/1652 1189/1583/1655 1209/1604/1656 1208/1603/1653
f 1189/1583/1655 1190/1584/1657 1210/1605/1658 1209/1604/1656
f 1190/1584/1657 1191/1585/1659 1211/1606/1660 1210/1605/1658
f 1191/1585/1659 1192/1586/1661 1212/1607/1662 1211/1606/1660
f 1192/1586/1661 1193/1587/1663 1213/1608/1664 1212/1607/1662
f 1193/1587/1663 1194/1588/1665 1214/1609/1666 1213/1608/1664
f 1194/1588/1665 1195/1589/1667 1215/1610/1668 1214/1609/1666
f 1195/1589/1667 1196/1590/1669 1216/1611/1670 1215/1610/1668
f 1196/1590/1669 1197/1591/1671 1217/1612/1672 1216/1611/1670
f 1197/1591/1671 1198/1592/1673 1218/1613/1674 1217/1612/1672
f 1198/1592/1673 1199/1593/1675 1219/1614/1676 1218/1613/1674
f 1199/1593/1675 1200/1594/1677 1220/1615/1678 1219/1614/1676
f 1200/1594/1677 1201/1595/1679 1221/1616/1680 1220/1615/1678
f 1201/1595/1679 1202/1596/1681 1222/1617/1682 1221/1616/1680
f 1202/1596/1681 1203/1597/1683 1223/1618/1684 1222/1617/1682
f 1203/1597/1683 1204/1598/1685 1224/1619/1686 1223/1618/1684
f 1204/1598/1685 1205/1599/1687 1225/1620/1688 1224/1619/1686
f 1205/1599/1687 1206/1600/1689 1226/1621/1690 1225/1620/1688
f 1206/1600/1689 1187/1601/1651 1207/1622/1654 1226/1621/1690
f 1207/1602/1654 1208/1603/1653 1228/1624/1691 1227/1623/1692
f 1208/1603/1653 1209/1604/1656 1229/1625/1693 1228/1624/1691
f 1209/1604/1656 1210/1605/1658 1230/1626/1694 1229/1625/1693
f 1210/1605/1658 1211/1606/1660 1231/1627/1695 1230/1626/1694
f 1211/1606/1660 1212/1607/1662 1232/1628/1696 1231/1627/1695
f 1212/1607/1662 1213/1608/1664 1233/1629/1697 1232/1628/1696
f 1213/1608/1664 1214/1609/1666 1234/1630/1698 1233/1629/1697
f 1214/1609/1666 1215/1610/1668 1235/1631/1699 1234/1630/1698
f 1215/1610/1668 1216/1611/1670 1236/1632/1700 1235/1631/1699
f 1216/1611/1670 1217/1612/1672 1237/1633/1701 1236/1632/1700
f 1217/1612/1672 1218/1613/1674 1238/1634/1702 1237/1633/1701
f 1218/1613/1674 1219/1614/1676 1239/1635/1703 1238/1634/1702
f 1219/1614/1676 1220/1615/1678 1240/1636/1704 1239/1635/1703
f 1220/1615/1678 1221/1616/1680 1241/1637/1705 1240/1636/1704
f 1221/1616/1680 1222/1617/1682 1242/1638/1706 1241/1637/1705
f 1222/1617/1682 1223/1618/1684 1243/1639/1707 1242/1638/1706
f 1223/1618/1684 1224/1619/1686 1244/1640/1708 1243/1639/1707
f 1224/1619/1686 1225/1620/1688 1245/1641/1709 1244/1640/1708
f 1225/1620/1688 1226/1621/1690 1246/1642/1710 1245/1641/1709
f 1226/1621/1690 1207/1622/1654 1227/1643/1692 1246/1642/1710
f 1227/1623/1692 1228/1624/1691 1248/1645/1711 1247/1644/1712
f 1228/1624/1691 1229/1625/1693 1249/1646/1713 1248/1645/1711
f 1229/1625/1693 1230/1626/1694 1250/1647/1714 1249/1646/1713
f 1230/1626/1694 1231/1627/1695 1251/1648/1715 1250/1647/1714
f 1231/1627/1695 1232/1628/1696 1252/1649/1716 1251/1648/1715
f 1232/1628/1696 1233/1629/1697 1253/1650/1717 1252/1649/1716
f 1233/1629/1697 1234/1630/1698 1254/1651/1718 1253/1650/1717
f 1234/1630/1698 1235/1631/1699 1255/1652/1719 1254/1651/1718
f 1235/1631/1699 1236/1632/1700 1256/1653/1720 1255/1652/1719
f 1236/1632/1700 1237/1633/1701 1257/1654/1721 1256/1653/1720
f 1237/1633/1701 1238/1634/1702 1258/1655/1722 1257/1654/1721
f 1238/1634/1702 1239/1635/1703 1259/1656/1723 1258/1655/1722
f 1239/1635/1703 1240/1636/1704 1260/1657/1724 1259/1656/1723
f 1240/1636/1704 1241/1637/1705 1261/1658/1725 1260/1657/1724
f 1241/1637/1705 1242/1638/1706 1262/1659/1726 1261/1658/1725
f 1242/1638/1706 1243/1639/1707 1263/1660/1727 1262/1659/1726
f 1243/1639/1707 1244/1640/1708 1264/1661/1728 1263/1660/1727
f 1244/1640/1708 1245/1641/1709 1265/1662/1729 1264/1661/1728
f 1245/1641/1709 1246/1642/1710 1266/1663/1730 1265/1662/1729
f 1246/1642/1710 1227/1643/1692 1247/1664/1712 1266/1663/1730
f 1247/1644/1712 1248/1645/1711 1268/1666/1731 1267/1665/1732
f 1248/1645/1711 1249/1646/1713 1269/1667/1733 1268/1666/1731
f 1249/1646/1713 1250/1647/1714 1270/1668/1734 1269/1667/1733
f 1250/1647/1714 1251/1648/1715 1271/1669/1735 1270/1668/1734
f 1251/1648/1715 1252/1649/1716 1272/1670/1736 1271/1669/1735
f 1252/1649/1716 1253/1650/1717 1273/1671/1737 1272/1670/1736
f 1253/1650/1717 1254/1651/1718 1274/1672/1738 1273/1671/1737
f 1254/1651/1718 1255/1652/1719 1275/1673/1739 1274/1672/1738
f 1255/1652/1719 1256/1653/1720 1276/1674/1740 1275/1673/1739
f 1256/1653/1720 1257/1654/1721 1277/1675/1741 1276/1674/1740
f 1257/1654/1721 1258/1655/1722 1278/1676/1742 1277/1675/1741
f 1258/1655/1722 1259/1656/1723 1279/1677/1743 1278/1676/1742
f 1259/1656/1723 1260/1657/1724 1280/1678/1744 1279/1677/1743
f 1260/1657/1724 1261/1658/1725 1281/1679/1745 1280/1678/1744
f 1261/1658/1725 1262/1659/1726 1282/1680/1746 1281/1679/1745
f 1262/1659/1726 1263/1660/1727 1283/1681/1747 1282/1680/1746
f 1263/1660/1727 1264/1661/1728 1284/1682/1748 1283/1681/1747
f 1264/1661/1728 1265/1662/1729 1285/1683/1749 1284/1682/1748
f 1265/1662/1729 1266/1663/1730 1286/1684/1750 1285/1683/1749
f 1266/1663/1730 1247/1664/1712 1267/1685/1732 1286/1684/1750
f 1267/1665/1732 1268/1666/1731 1288/1687/1751 1287/1686/1752
f 1268/1666/1731 1269/1667/1733 1289/1688/1753 1288/1687/1751
f 1269/1667/1733 1270/1668/1734 1290/1689/1754 1289/1688/1753
f 1270/1668/1734 1271/1669/1735 1291/1690/1755 1290/1689/1754
f 1271/1669/1735 1272/1670/1736 1292/1691/1756 1291/1690/1755
f 1272/1670/1736 1273/1671/1737 1293/1692/1757 1292/1691/1756
f 1273/1671/1737 1274/1672/1738 1294/1693/1758 1293/1692/1757
f 1274/1672/1738 1275/1673/1739 1295/1694/1759 1294/1693/1758
f 1275/1673/1739 1276/1674/1740 1296/1695/1760 1295/1694/1759
f 1276/1674/1740 1277/1675/1741 1297/1696/1761 1296/1695/1760
f 1277/1675/1741 1278/1676/1742 1298/1697/1762 1297/1696/1761
f 1278/1676/1742 1279/1677/1743 1299/1698/1763 1298/1697/1762
f 1279/1677/1743 1280/1678/1744 1300/1699/1764 1299/1698/1763
f 1280/1678/1744 1281/1679/1745 1301/1700/1765 1300/1699/1764
f 1281/1679/1745 1282/1680/1746 1302/1701/1766 1301/1700/1765
f 1282/1680/1746 1283/1681/1747 1303/1702/1767 1302/1701/1766
f 1283/1681/1747 1284/1682/1748 1304/1703/1768 1303/1702/1767
f 1284/1682/1748 1285/1683/1749 1305/1704/1769 1304/1703/1768
f 1285/1683/1749 1286/1684/1750 1306/1705/1770 1305/1704/1769
f 1286/1684/1750 1267/1685/1732 1287/1706/1752 1306/1705/1770
f 1287/1686/1752 1288/1687/1751 1308/1708/1771 1307/1707/1772
f 1288/1687/1751 1289/1688/1753 1309/1709/1773 1308/1708/1771
f 1289/1688/1753 1290/1689/1754 1310/1710/1774 1309/1709/1773
f 1290/1689/1754 1291/1690/1755 1311/1711/1775 1310/1710/1774
f 1291/1690/1755 1292/1691/1756 1312/1712/1776 1311/1711/1775
f 1292/1691/1756 1293/1692/1757 1313/1713/1777 1312/1712/1776
f 1293/1692/1757 1294/1693/1758 1314/1714/1778 1313/1713/1777
f 1294/1693/1758 1295/1694/1759 1315/1715/1779 1314/1714/1778
f 1295/1694/1759 1296/1695/1760 1316/1716/1780 1315/1715/1779
f 1296/1695/1760 1297/1696/1761 1317/1717/1781 1316/1716/1780
f 1297/1696/1761 1298/1697/1762 1318/1718/1782 1317/1717/1781
f 1298/1697/1762 1299/1698/1763 1319/1719/1783 1318/1718/1782
f 1299/1698/1763 1300/1699/1764 1320/1720/1784 1319/1719/1783
f 1300/1699/1764 1301/1700/1765 1321/1721/1785 1320/1720/1784
f 1301/1700/1765 1302/1701/1766 1322/1722/1786 1321/1721/1785
f 1302/1701/1766 1303/1702/1767 1323/1723/1787 1322/1722/1786
f 1303/1702/1767 1304/1703/1768 1324/1724/1788 1323/1723/1787
f 1304/1703/1768 1305/1704/1769 1325/1725/1789 1324/1724/1788
f 1305/1704/1769 1306/1705/1770 1326/1726/1790 1325/1725/1789
f 1306/1705/1770 1287/1706/1752 1307/1727/1772 1326/1726/1790
f 1307/1707/1772 1308/1708/1771 1328/1729/1791 1327/1728/1792
f 1308/1708/1771 1309/1709/1773 1329/1730/1793 1328/1729/1791
f 1309/1709/1773 1310/1710/1774 1330/1731/1794 1329/1730/1793
f 1310/1710/1774 1311/1711/1775 1331/1732/1795 1330/1731/1794
f 1311/1711/1775 1312/1712/1776 1332/1733/1796 1331/1732/1795
f 1312/1712/1776 1313/1713/1777 1333/1734/1797 1332/1733/1796
f 1313/1713/1777 1314/1714/1778 1334/1735/1798 1333/1734/1797
f 1314/1714/1778 1315/1715/1779 1335/1736/1799 1334/1735/1798
f 1315/1715/1779 1316/1716/1780 1336/1737/1800 1335/1736/1799
f 1316/1716/1780 1317/1717/1781 1337/1738/1801 1336/1737/1800
f 1317/1717/1781 1318/1718/1782 1338/1739/1802 1337/1738/1801
f 1318/1718/1782 1319/1719/1783 1339/1740/1803 1338/1739/1802
f 1319/1719/1783 1320/1720/1784 1340/1741/1804 1339/1740/1803
f 1320/1720/1784 1321/1721/1785 1341/1742/1805 1340/1741/1804
f 1321/1721/1785 1322/1722/1786 1342/1743/1806 1341/1742/1805
f 1322/1722/1786 1323/1723/1787 1343/1744/1807 1342/1743/1806
f 1323/1723/1787 1324/1724/1788 1344/1745/1808 1343/1744/1807
f 1324/1724/1788 1325/1725/1789 1345/1746/1809 1344/1745/1808
f 1325/1725/1789 1326/1726/1790 1346/1747/1810 1345/1746/1809
f 1326/1726/1790 1307/1727/1772 1327/1748/1792 1346/1747/1810
f 1327/1728/1792 1328/1729/1791 1348/1750/1811 1347/1749/1812
f 1328/1729/1791 1329/1730/1793 1349/1751/1813 1348/1750/1811
f 1329/1730/1793 1330/1731/1794 1350/1752/1814 1349/1751/1813
f 1330/1731/1794 1331/1732/1795 1351/1753/1815 1350/1752/1814
f 1331/1732/1795 1332/1733/1796 1352/1754/1816 1351/1753/1815
f 1332/1733/1796 1333/1734/1797 1353/1755/1817 1352/1754/1816
f 1333/1734/1797 1334/1735/1798 1354/1756/1818 1353/1755/1817
f 1334/1735/1798 1335/1736/1799 1355/1757/1819 1354/1756/1818
f 1335/1736/1799 1336/1737/1800 1356/1758/1820 1355/1757/1819
f 1336/1737/1800 1337/1738/1801 1357/1759/1821 1356/1758/1820
f 1337/1738/1801 1338/1739/1802 1358/1760/1822 1357/1759/1821
f 1338/1739/1802 1339/1740/1803 1359/1761/1823 1358/1760/1822
f 1339/1740/1803 1340/1741/1804 1360/1762/1824 1359/1761/1823
f 1340/1741/1804 1341/1742/1805 1361/1763/1825 1360/1762/1824
f 1341/1742/1805 1342/1743/1806 1362/1764/1826 1361/1763/1825
f 1342/1743/1806 1343/1744/1807 1363/1765/1827 1362/1764/1826
f 1343/1744/1807 1344/1745/1808 1364/1766/1828 1363/1765/1827
f 1344/1745/1808 1345/1746/1809 1365/1767/1829 1364/1766/1828
f 1345/1746/1809 1346/1747/1810 1366/1768/1830 1365/1767/1829
f 1346/1747/1810 1327/1748/1792 1347/1769/1812 1366/1768/1830
f 1347/1749/1812 1348/1750/1811 1368/1771/1831 1367/1770/1832
f 1348/1750/1811 1349/1751/1813 1369/1772/1833 1368/1771/1831
f 1349/1751/1813 1350/1752/1814 1370/1773/1834 1369/1772/1833
f 1350/1752/1814 1351/1753/1815 1371/1774/1835 1370/1773/1834
f 1351/1753/1815 1352/1754/1816 1372/1775/1836 1371/1774/1835
f 1352/1754/1816 1353/1755/1817 1373/1776/1837 1372/1775/1836
f 1353/1755/1817 1354/1756/1818 1374/1777/1838 1373/1776/1837
f 1354/1756/1818 1355/1757/1819 1375/1778/1839 1374/1777/1838
f 1355/1757/1819 1356/1758/1820 1376/1779/1840 1375/1778/1839
f 1356/1758/1820 1357/1759/1821 1377/1780/1841 1376/1779/1840
f 1357/1759/1821 1358/1760/1822 1378/1781/1842 1377/1780/1841
f 1358/1760/1822 1359/1761/1823 1379/1782/1843 1378/1781/1842
f 1359/1761/1823 1360/1762/1824 1380/1783/1844 1379/1782/1843
f 1360/1762/1824 1361/1763/1825 1381/1784/1845 1380/1783/1844
f 1361/1763/1825 1362/1764/1826 1382/1785/1846 1381/1784/1845
f 1362/1764/1826 1363/1765/1827 1383/1786/1847 1382/1785/1846
f 1363/1765/1827 1364/1766/1828 1384/1787/1848 1383/1786/1847
f 1364/1766/1828 1365/1767/1829 1385/1788/1849 1384/1787/1848
f 1365/1767/1829 1366/1768/1830 1386/1789/1850 1385/1788/1849
f 1366/1768/1830 1347/1769/1812 1367/1790/1832 1386/1789/1850
f 1367/1770/1832 1368/1771/1831 1388/1792/1851 1387/1791/1852
f 1368/1771/1831 1369/1772/1833 1389/1793/1853 1388/1792/1851
f 1369/1772/1833 1370/1773/1834 1390/1794/1854 1389/1793/1853
f 1370/1773/1834 1371/1774/1835 1391/1795/1855 1390/1794/1854
f 1371/1774/1835 1372/1775/1836 1392/1796/1856 1391/1795/1855
f 1372/1775/1836 1373/1776/1837 1393/1797/1857 1392/1796/1856
f 1373/1776/1837 1374/1777/1838 1394/1798/1858 1393/1797/1857
f 1374/1777/1838 1375/1778/1839 1395/1799/1859 1394/1798/1858
f 1375/1778/1839 1376/1779/1840 1396/1800/1860 1395/1799/1859
f 1376/1779/1840 1377/1780/1841 1397/1801/1861 1396/1800/1860
f 1377/1780/1841 1378/1781/1842 1398/1802/1862 1397/1801/1861
f 1378/1781/1842 1379/1782/1843 1399/1803/1863 1398/1802/1862
f 1379/1782/1843 1380/1783/1844 1400/1804/1864 1399/1803/1863
f 1380/1783/1844 1381/1784/1845 1401/1805/1865 1400/1804/1864
f 1381/1784/1845 1382/1785/1846 1402/1806/1866 1401/1805/1865
f 1382/1785/1846 1383/1786/1847 1403/1807/1867 1402/1806/1866
f 1383/1786/1847 1384/1787/1848 1404/1808/1868 1403/1807/1867
f 1384/1787/1848 1385/1788/1849 1405/1809/1869 1404/1808/1868
f 1385/1788/1849 1386/1789/1850 1406/1810/1870 1405/1809/1869
f 1386/1789/1850 1367/1790/1832 1387/1811/1852 1406/1810/1870
f 1387/1791/1852 1388/1792/1851 1408/1813/1871 1407/1812/1872
f 1388/1792/1851 1389/1793/1853 1409/1814/1873 1408/1813/1871
f 1389/1793/1853 1390/1794/1854 1410/1815/1874 1409/1814/1873
f 1390/1794/1854 1391/1795/1855 1411/1816/1875 1410/1815/1874
f 1391/1795/1855 1392/1796/1856 1412/1817/1876 1411/1816/1875
f 1392/1796/1856 1393/1797/1857 1413/1818/1877 1412/1817/1876
f 1393/1797/1857 1394/1798/1858 1414/1819/1878 1413/1818/1877
f 1394/1798/1858 1395/1799/1859 1415/1820/1879 1414/1819/1878
f 1395/1799/1859 1396/1800/1860 1416/1821/1880 1415/1820/1879
f 1396/1800/1860 1397/1801/1861 1417/1822/1881 1416/1821/1880
f 1397/1801/1861 1398/1802/1862 1418/1823/1882 1417/1822/1881
f 1398/1802/1862 1399/1803/1863 1419/1824/1883 1418/1823/1882
f 1399/1803/1863 1400/1804/1864 1420/1825/1884 1419/1824/1883
f 1400/1804/1864 1401/1805/1865 1421/1826/1885 1420/1825/1884
f 1401/1805/1865 1402/1806/1866 1422/1827/1886 1421/1826/1885
f 1402/1806/1866 1403/1807/1867 1423/1828/1887 1422/1827/1886
f 1403/1807/1867 1404/1808/1868 1424/1829/1888 1423/1828/1887
f 1404/1808/1868 1405/1809/1869 1425/1830/1889 1424/1829/1888
f 1405/1809/1869 1406/1810/1870 1426/1831/1890 1425/1830/1889
f 1406/1810/1870 1387/1811/1852 1407/1832/1872 1426/1831/1890
f 1407/1812/1872 1408/1813/1871 1428/1834/1891 1427/1833/1892
f 1408/1813/1871 1409/1814/1873 1429/1835/1893 1428/1834/1891
f 1409/1814/1873 1410/1815/1874 1430/1836/1894 1429/1835/1893
f 1410/1815/1874 1411/1816/1875 1431/1837/1895 1430/1836/1894
f 1411/1816/1875 1412/1817/1876 1432/1838/1896 1431/1837/1895
f 1412/1817/1876 1413/1818/1877 1433/1839/1897 1432/1838/1896
f 1413/1818/1877 1414/1819/1878 1434/1840/1898 1433/1839/1897
f 1414/1819/1878 1415/1820/1879 1435/1841/1899 1434/1840/1898
f 1415/1820/1879 1416/1821/1880 1436/1842/1900 1435/1841/1899
f 1416/1821/1880 1417/1822/1881 1437/1843/1901 1436/1842/1900
f 1417/1822/1881 1418/1823/1882 1438/1844/1902 1437/1843/1901
f 1418/1823/1882 1419/1824/1883 1439/1845/1903 1438/1844/1902
f 1419/1824/1883 1420/1825/1884 1440/1846/1904 1439/1845/1903
f 1420/1825/1884 1421/1826/1885 1441/1847/1905 1440/1846/1904
f 1421/1826/1885 1422/1827/1886 1442/1848/1906 1441/1847/1905
f 1422/1827/1886 1423/1828/1887 1443/1849/1907 1442/1848/1906
f 1423/1828/1887 1424/1829/1888 1444/1850/1908 1443/1849/1907
f 1424/1829/1888 1425/1830/1889 1445/1851/1909 1444/1850/1908
f 1425/1830/1889 1426/1831/1890 1446/1852/1910 1445/1851/1909
f 1426/1831/1890 1407/1832/1872 1427/1853/1892 1446/1852/1910
f 1427/1833/1892 1428/1834/1891 1448/1855/1911 1447/1854/1912
f 1428/1834/1891 1429/1835/1893 1449/1856/1913 1448/1855/1911
f 1429/1835/1893 1430/1836/1894 1450/1857/1914 1449/1856/1913
f 1430/1836/1894 1431/1837/1895 1451/1858/1915 1450/1857/1914
f 1431/1837/1895 1432/1838/1896 1452/1859/1916 1451/1858/1915
f 1432/1838/1896 1433/1839/1897 1453/1860/1917 1452/1859/1916
f 1433/1839/1897 1434/1840/1898 1454/1861/1918 1453/1860/1917
f 1434/1840/1898 1435/1841/1899 1455/1862/1919 1454/1861/1918
f 1435/1841/1899 1436/1842/1900 1456/1863/1920 1455/1862/1919
f 1436/1842/1900 1437/1843/1901 1457/1864/1921 1456/1863/1920
f 1437/1843/1901 1438/1844/1902 1458/1865/1922 1457/1864/1921
f 1438/1844/1902 1439/1845/1903 1459/1866/1923 1458/1865/1922
f 1439/1845/1903 1440/1846/1904 1460/1867/1924 1459/1866/1923
f 1440/1846/1904 1441/1847/1905 1461/1868/1925 1460/1867/1924
f 1441/1847/1905 1442/1848/1906 1462/1869/1926 1461/1868/1925
f 1442/1848/1906 1443/1849/1907 1463/1870/1927 1462/1869/1926
f 1443/1849/1907 1444/1850/1908 1464/1871/1928 1463/1870/1927
f 1444/1850/1908 1445/1851/1909 1465/1872/1929 1464/1871/1928
f 1445/1851/1909 1446/1852/1910 1466/1873/1930 1465/1872/1929
f 1446/1852/1910 1427/1853/1892 1447/1874/1912 1466/1873/1930
f 1447/1854/1912 1448/1855/1911 1468/1897/1931 1467/1875/1932
f 1448/1855/1911 1449/1856/1913 1469/1899/1933 1468/1897/1931
f 1449/1856/1913 1450/1857/1914 1470/1901/1934 1469/1899/1933
f 1450/1857/1914 1451/1858/1915 1471/1903/1935 1470/1901/1934
f 1451/1858/1915 1452/1859/1916 1472/1905/1936 1471/1903/1935
f 1452/1859/1916 1453/1860/1917 1473/1907/1937 1472/1905/1936
f 1453/1860/1917 1454/1861/1918 1474/1909/1938 1473/1907/1937
f 1454/1861/1918 1455/1862/1919 1475/1911/1939 1474/1909/1938
f 1455/1862/1919 1456/1863/1920 1476/1913/1940 1475/1911/1939
f 1456/1863/1920 1457/1864/1921 1477/1915/1941 1476/1913/1940
f 1457/1864/1921 1458/1865/1922 1478/1917/1942 1477/1915/1941
f 1458/1865/1922 1459/1866/1923 1479/1919/1943 1478/1917/1942
f 1459/1866/1923 1460/1867/1924 1480/1921/1944 1479/1919/1943
f 1460/1867/1924 1461/1868/1925 1481/1923/1945 1480/1921/1944
f 1461/1868/1925 1462/1869/1926 1482/1925/1946 1481/1923/1945
f 1462/1869/1926 1463/1870/1927 1483/1927/1947 1482/1925/1946
f 1463/1870/1927 1464/1871/1928 1484/1929/1948 1483/1927/1947
f 1464/1871/1928 1465/1872/1929 1485/1931/1949 1484/1929/1948
f 1465/1872/1929 1466/1873/1930 1486/1933/1950 1485/1931/1949
f 1466/1873/1930 1447/1874/1912 1467/1935/1932 1486/1933/1950
f 1188/1582/1652 1187/1581/1651 1507/1877/1951
f 1189/1583/1655 1188/1582/1652 1507/1878/1951
f 1190/1584/1657 1189/1583/1655 1507/1879/1951
f 1191/1585/1659 1190/1584/1657 1507/1880/1951
f 1192/1586/1661 1191/1585/1659 1507/1881/1951
f 1193/1587/1663 1192/1586/1661 1507/1882/1951
f 1194/1588/1665 1193/1587/1663 1507/1883/1951
f 1195/1589/1667 1194/1588/1665 1507/1884/1951
f 1196/1590/1669 1195/1589/1667 1507/1885/1951
f 1197/1591/1671 1196/1590/1669 1507/1886/1951
f 1198/1592/1673 1197/1591/1671 1507/1887/1951
f 1199/1593/1675 1198/1592/1673 1507/1888/1951
f 1200/1594/1677 1199/1593/1675 1507/1889/1951
f 1201/1595/1679 1200/1594/1677 1507/1890/1951
f 1202/1596/1681 1201/1595/1679 1507/1891/1951
f 1203/1597/1683 1202/1596/1681 1507/1892/1951
f 1204/1598/1685 1203/1597/1683 1507/1893/1951
f 1205/1599/1687 1204/1598/1685 1507/1894/1951
f 1206/1600/1689 1205/1599/1687 1507/1895/1951
f 1187/1601/1651 1206/1600/1689 1507/1896/1951
f 1467/1875/1932 1468/1897/1931 1512/1900/1952 1508/1898/1953
f 1468/1897/1931 1469/1899/1933 1516/1902/1954 1512/1900/1952
f 1469/1899/1933 1470/1901/1934 1520/1904/1955 1516/1902/1954
f 1470/1901/1934 1471/1903/1935 1524/1906/1956 1520/1904/1955
f 1471/1903/1935 1472/1905/1936 1528/1908/1957 1524/1906/1956
f 1472/1905/1936 1473/1907/1937 1532/1910/1958 1528/1908/1957
f 1473/1907/1937 1474/1909/1938 1536/1912/1959 1532/1910/1958
f 1474/1909/1938 1475/1911/1939 1540/1914/1960 1536/1912/1959
f 1475/1911/1939 1476/1913/1940 1544/1916/1961 1540/1914/1960
f 1476/1913/1940 1477/1915/1941 1548/1918/1962 1544/1916/1961
f 1477/1915/1941 1478/1917/1942 1552/1920/1963 1548/1918/1962
f 1478/1917/1942 1479/1919/1943 1556/1922/1964 1552/1920/1963
f 1479/1919/1943 1480/1921/1944 1560/1924/1965 1556/1922/1964
f 1480/1921/1944 1481/1923/1945 1564/1926/1966 1560/1924/1965
f 1481/1923/1945 1482/1925/1946 1568/1928/1967 1564/1926/1966
f 1482/1925/1946 1483/1927/1947 1572/1930/1968 1568/1928/1967
f 1483/1927/1947 1484/1929/1948 1576/1932/1969 1572/1930/1968
f 1484/1929/1948 1485/1931/1949 1580/1934/1970 1576/1932/1969
f 1485/1931/1949 1486/1933/1950 1584/1936/1971 1580/1934/1970
f 1486/1933/1950 1467/1935/1932 1508/1977/1953 1584/1936/1971
f 1511/1978/1972 1515/1937/1973 1592/1940/1974 1588/1938/1975
f 1515/1937/1973 1519/1939/1976 1596/1942/1977 1592/1940/1974
f 1519/1939/1976 1523/1941/1978 1600/1944/1979 1596/1942/1977
f 1523/1941/1978 1527/1943/1980 1604/1946/1981 1600/1944/1979
f 1527/1943/1980 1531/1945/1982 1608/1948/1983 1604/1946/1981
f 1531/1945/1982 1535/1947/1984 1612/1950/1985 1608/1948/1983
f 1535/1947/1984 1539/1949/1986 1616/1952/1987 1612/1950/1985
f 1539/1949/1986 1543/1951/1988 1620/1954/1989 1616/1952/1987
f 1543/1951/1988 1547/1953/1990 1624/1956/1991 1620/1954/1989
f 1547/1953/1990 1551/1955/1992 1628/1958/1993 1624/1956/1991
f 1551/1955/1992 1555/1957/1994 1632/1960/1995 1628/1958/1993
f 1555/1957/1994 1559/1959/1996 1636/1962/1997 1632/1960/1995
f 1559/1959/1996 1563/1961/1998 1640/1964/1999 1636/1962/1997
f 1563/1961/1998 1567/1963/2000 1644/1966/2001 1640/1964/1999
f 1567/1963/2000 1571/1965/2002 1648/1968/2003 1644/1966/2001
f 1571/1965/2002 1575/1967/2004 1652/1970/2005 1648/1968/2003
f 1575/1967/2004 1579/1969/2006 1656/1972/2007 1652/1970/2005
f 1579/1969/2006 1583/1971/2008 1660/1974/2009 1656/1972/2007
f 1583/1971/2008 1587/1973/2010 1664/1976/2011 1660/1974/2009
f 1587/1973/2010 1511/1975/1972 1588/1979/1975 1664/1976/2011
f 1510/1984/2012 1511/1975/1972 1587/1973/2010 1586/2022/2013
f 1508/1977/1953 1509/1982/2014 1585/2021/2015 1584/1936/1971
f 1509/1982/2014 1510/1984/2012 1586/2022/2013 1585/2021/2015
f 1511/1978/1972 1510/1983/2012 1514/1986/2016 1515/1937/1973
f 1510/1983/2012 1509/1981/2014 1513/1985/2017 1514/1986/2016
f 1509/1981/2014 1508/1898/1953 1512/1900/1952 1513/1985/2017
f 1515/1937/1973 1514/1986/2016 1518/1988/2018 1519/1939/1976
f 1514/1986/2016 1513/1985/2017 1517/1987/2019 1518/1988/2018
f 1513/1985/2017 1512/1900/1952 1516/1902/1954 1517/1987/2019
f 1519/1939/1976 1518/1988/2018 1522/1990/2020 1523/1941/1978
f 1518/1988/2018 1517/1987/2019 1521/1989/2021 1522/1990/2020
f 1517/1987/2019 1516/1902/1954 1520/1904/1955 1521/1989/2021
f 1523/1941/1978 1522/1990/2020 1526/1992/2022 1527/1943/1980
f 1522/1990/2020 1521/1989/2021 1525/1991/2023 1526/1992/2022
f 1521/1989/2021 1520/1904/1955 1524/1906/1956 1525/1991/2023
f 1527/1943/1980 1526/1992/2022 1530/1994/2024 1531/1945/1982
f 1526/1992/2022 1525/1991/2023 1529/1993/2025 1530/1994/2024
f 1525/1991/2023 1524/1906/1956 1528/1908/1957 1529/1993/2025
f 1531/1945/1982 1530/1994/2024 1534/1996/2026 1535/1947/1984
f 1530/1994/2024 1529/1993/2025 1533/1995/2027 1534/1996/2026
f 1529/1993/2025 1528/1908/1957 1532/1910/1958 1533/1995/2027
f 1535/1947/1984 1534/1996/2026 1538/1998/2028 1539/1949/1986
f 1534/1996/2026 1533/1995/2027 1537/1997/2029 1538/1998/2028
f 1533/1995/2027 1532/1910/1958 1536/1912/1959 1537/1997/2029
f 1539/1949/1986 1538/1998/2028 1542/2000/2030 1543/1951/1988
f 1538/1998/2028 1537/1997/2029 1541/1999/2031 1542/2000/2030
f 1537/1997/2029 1536/1912/1959 1540/1914/1960 1541/1999/2031
f 1543/1951/1988 1542/2000/2030 1546/2002/2032 1547/1953/1990
f 1542/2000/2030 1541/1999/2031 1545/2001/2033 1546/2002/2032
f 1541/1999/2031 1540/1914/1960 1544/1916/1961 1545/2001/2033
f 1547/1953/1990 1546/2002/2032 1550/2004/2034 1551/1955/1992
f 1546/2002/2032 1545/2001/2033 1549/2003/2035 1550/2004/2034
f 1545/2001/2033 1544/1916/1961 1548/1918/1962 1549/2003/2035
f 1551/1955/1992 1550/2004/2034 1554/2006/2036 1555/1957/1994
f 1550/2004/2034 1549/2003/2035 1553/2005/2037 1554/2006/2036
f 1549/2003/2035 1548/1918/1962 1552/1920/1963 1553/2005/2037
f 1555/1957/1994 1554/2006/2036 1558/2008/2038 1559/1959/1996
f 1554/2006/2036 1553/2005/2037 1557/2007/2039 1558/2008/2038
f 1553/2005/2037 1552/1920/1963 1556/1922/1964 1557/2007/2039
f 1559/1959/1996 1558/2008/2038 1562/2010/2040 1563/1961/1998
f 1558/2008/2038 1557/2007/2039 1561/2009/2041 1562/2010/2040
f 1557/2007/2039 1556/1922/1964 1560/1924/1965 1561/2009/2041
f 1563/1961/1998 1562/2010/2040 1566/2012/2042 1567/1963/2000
f 1562/2010/2040 1561/2009/2041 1565/2011/2043 1566/2012/2042
f 1561/2009/2041 1560/1924/1965 1564/1926/1966 1565/2011/2043
f 1567/1963/2000 1566/2012/2042 1570/2014/2044 1571/1965/2002
f 1566/2012/2042 1565/2011/2043 1569/2013/2045 1570/2014/2044
f 1565/2011/2043 1564/1926/1966 1568/1928/1967 1569/2013/2045
f 1571/1965/2002 1570/2014/2044 1574/2016/2046 1575/1967/2004
f 1570/2014/2044 1569/2013/2045 1573/2015/2047 1574/2016/2046
f 1569/2013/2045 1568/1928/1967 1572/1930/1968 1573/2015/2047
f 1575/1967/2004 1574/2016/2046 1578/2018/2048 1579/1969/2006
f 1574/2016/2046 1573/2015/2047 1577/2017/2049 1578/2018/2048
f 1573/2015/2047 1572/1930/1968 1576/1932/1969 1577/2017/2049
f 1579/1969/2006 1578/2018/2048 1582/2020/2050 1583/1971/2008
f 1578/2018/2048 1577/2017/2049 1581/2019/2051 1582/2020/2050
f 1577/2017/2049 1576/1932/1969 1580/1934/1970 1581/2019/2051
f 1583/1971/2008 1582/2020/2050 1586/2022/2013 1587/1973/2010
f 1582/2020/2050 1581/2019/2051 1585/2021/2015 1586/2022/2013
f 1581/2019/2051 1580/1934/1970 1584/1936/1971 1585/2021/2015
f 1590/2026/2052 1591/2789/2053 1667/2787/2054 1666/2064/2055
f 1588/1979/1975 1589/2024/2056 1665/2063/2057 1664/1976/2011
f 1589/2024/2056 1590/2026/2052 1666/2064/2055 1665/2063/2057
f 1591/1980/2053 1590/2025/2052 1594/2028/2058 1595/2751/2059
f 1590/2025/2052 1589/2023/2056 1593/2027/2060 1594/2028/2058
f 1589/2023/2056 1588/1938/1975 1592/1940/1974 1593/2027/2060
f 1595/2751/2059 1594/2028/2058 1598/2030/2061 1599/2753/2062
f 1594/2028/2058 1593/2027/2060 1597/2029/2063 1598/2030/2061
f 1593/2027/2060 1592/1940/1974 1596/1942/1977 1597/2029/2063
f 1599/2753/2062 1598/2030/2061 1602/2032/2064 1603/2755/2065
f 1598/2030/2061 1597/2029/2063 1601/2031/2066 1602/2032/2064
f 1597/2029/2063 1596/1942/1977 1600/1944/1979 1601/2031/2066
f 1603/2755/2065 1602/2032/2064 1606/2034/2067 1607/2757/2068
f 1602/2032/2064 1601/2031/2066 1605/2033/2069 1606/2034/2067
f 1601/2031/2066 1600/1944/1979 1604/1946/1981 1605/2033/2069
f 1607/2757/2068 1606/2034/2067 1610/2036/2070 1611/2759/2071
f 1606/2034/2067 1605/2033/2069 1609/2035/2072 1610/2036/2070
f 1605/2033/2069 1604/1946/1981 1608/1948/1983 1609/2035/2072
f 1611/2759/2071 1610/2036/2070 1614/2038/2073 1615/2761/2074
f 1610/2036/2070 1609/2035/2072 1613/2037/2075 1614/2038/2073
f 1609/2035/2072 1608/1948/1983 1612/1950/1985 1613/2037/2075
f 1615/2761/2074 1614/2038/2073 1618/2040/2076 1619/2763/2077
f 1614/2038/2073 1613/2037/2075 1617/2039/2078 1618/2040/2076
f 1613/2037/2075 1612/1950/1985 1616/1952/1987 1617/2039/2078
f 1619/2763/2077 1618/2040/2076 1622/2042/2079 1623/2765/2080
f 1618/2040/2076 1617/2039/2078 1621/2041/2081 1622/2042/2079
f 1617/2039/2078 1616/1952/1987 1620/1954/1989 1621/2041/2081
f 1623/2765/2080 1622/2042/2079 1626/2044/2082 1627/2767/2083
f 1622/2042/2079 1621/2041/2081 1625/2043/2084 1626/2044/2082
f 1621/2041/2081 1620/1954/1989 1624/1956/1991 1625/2043/2084
f 1627/2767/2083 1626/2044/2082 1630/2046/2085 1631/2769/2086
f 1626/2044/2082 1625/2043/2084 1629/2045/2087 1630/2046/2085
f 1625/2043/2084 1624/1956/1991 1628/1958/1993 1629/2045/2087
f 1631/2769/2086 1630/2046/2085 1634/2048/2088 1635/2771/2089
f 1630/2046/2085 1629/2045/2087 1633/2047/2090 1634/2048/2088
f 1629/2045/2087 1628/1958/1993 1632/1960/1995 1633/2047/2090
f 1635/2771/2089 1634/2048/2088 1638/2050/2091 1639/2773/2092
f 1634/2048/2088 1633/2047/2090 1637/2049/2093 1638/2050/2091
f 1633/2047/2090 1632/1960/1995 1636/1962/1997 1637/2049/2093
f 1639/2773/2092 1638/2050/2091 1642/2052/2094 1643/2775/2095
f 1638/2050/2091 1637/2049/2093 1641/2051/2096 1642/2052/2094
f 1637/2049/2093 1636/1962/1997 1640/1964/1999 1641/2051/2096
f 1643/2775/2095 1642/2052/2094 1646/2054/2097 1647/2777/2098
f 1642/2052/2094 1641/2051/2096 1645/2053/2099 1646/2054/2097
f 1641/2051/2096 1640/1964/1999 1644/1966/2001 1645/2053/2099
f 1647/2777/2098 1646/2054/2097 1650/2056/2100 1651/2779/2101
f 1646/2054/2097 1645/2053/2099 1649/2055/2102 1650/2056/2100
f 1645/2053/2099 1644/1966/2001 1648/1968/2003 1649/2055/2102
f 1651/2779/2101 1650/2056/2100 1654/2058/2103 1655/2781/2104
f 1650/2056/2100 1649/2055/2102 1653/2057/2105 1654/2058/2103
f 1649/2055/2102 1648/1968/2003 1652/1970/2005 1653/2057/2105
f 1655/2781/2104 1654/2058/2103 1658/2060/2106 1659/2783/2107
f 1654/2058/2103 1653/2057/2105 1657/2059/2108 1658/2060/2106
f 1653/2057/2105 1652/1970/2005 1656/1972/2007 1657/2059/2108
f 1659/2783/2107 1658/2060/2106 1662/2062/2109 1663/2785/2110
f 1658/2060/2106 1657/2059/2108 1661/2061/2111 1662/2062/2109
f 1657/2059/2108 1656/1972/2007 1660/1974/2009 1661/2061/2111
f 1663/2785/2110 1662/2062/2109 1666/2064/2055 1667/2787/2054
f 1662/2062/2109 1661/2061/2111 1665/2063/2057 1666/2064/2055
f 1661/2061/2111 1660/1974/2009 1664/1976/2011 1665/2063/2057
s 4
f 1487/2712/2112 1488/2714/2113 1692/2089/2114 1668/2065/2115
f 1668/2065/2115 1692/2089/2114 1693/2090/2116 1669/2066/2117
f 1669/2066/2117 1693/2090/2116 1694/2091/2118 1670/2067/2119
f 1670/2067/2119 1694/2091/2118 1695/2092/2120 1671/2068/2121
f 1671/2068/2121 1695/2092/2120 1696/2093/2122 1672/2069/2123
f 1672/2069/2123 1696/2093/2122 1697/2094/2124 1673/2070/2125
f 1673/2070/2125 1697/2094/2124 1698/2095/2126 1674/2071/2127
f 1674/2071/2127 1698/2095/2126 1699/2096/2128 1675/2072/2129
f 1675/2072/2129 1699/2096/2128 1700/2097/2130 1676/2073/2131
f 1676/2073/2131 1700/2097/2130 1701/2098/2132 1677/2074/2133
f 1677/2074/2133 1701/2098/2132 1702/2099/2134 1678/2075/2135
f 1678/2075/2135 1702/2099/2134 1703/2100/2136 1679/2076/2137
f 1679/2076/2137 1703/2100/2136 1704/2101/2138 1680/2077/2139
f 1680/2077/2139 1704/2101/2138 1705/2102/2140 1681/2078/2141
f 1681/2078/2141 1705/2102/2140 1706/2103/2142 1682/2079/2143
f 1682/2079/2143 1706/2103/2142 1707/2104/2144 1683/2080/2145
f 1683/2080/2145 1707/2104/2144 1708/2105/2146 1684/2081/2147
f 1684/2081/2147 1708/2105/2146 1709/2106/2148 1685/2082/2149
f 1685/2082/2149 1709/2106/2148 1710/2107/2150 1686/2083/2151
f 1686/2083/2151 1710/2107/2150 1711/2108/2152 1687/2084/2153
f 1687/2084/2153 1711/2108/2152 1712/2109/2154 1688/2085/2155
f 1688/2085/2155 1712/2109/2154 1713/2110/2156 1689/2086/2157
f 1689/2086/2157 1713/2110/2156 1714/2111/2158 1690/2087/2159
f 1690/2087/2159 1714/2111/2158 1715/2590/2160 1691/2088/2161
f 1488/2714/2113 1489/2716/2162 1717/2112/2163 1692/2089/2114
f 1692/2089/2114 1717/2112/2163 1718/2113/2164 1693/2090/2116
f 1693/2090/2116 1718/2113/2164 1719/2114/2165 1694/2091/2118
f 1694/2091/2118 1719/2114/2165 1720/2115/2166 1695/2092/2120
f 1695/2092/2120 1720/2115/2166 1721/2116/2167 1696/2093/2122
f 1696/2093/2122 1721/2116/2167 1722/2117/2168 1697/2094/2124
f 1697/2094/2124 1722/2117/2168 1723/2118/2169 1698/2095/2126
f 1698/2095/2126 1723/2118/2169 1724/2119/2170 1699/2096/2128
f 1699/2096/2128 1724/2119/2170 1725/2120/2171 1700/2097/2130
f 1700/2097/2130 1725/2120/2171 1726/2121/2172 1701/2098/2132
f 1701/2098/2132 1726/2121/2172 1727/2122/2173 1702/2099/2134
f 1702/2099/2134 1727/2122/2173 1728/2123/2174 1703/2100/2136
f 1703/2100/2136 1728/2123/2174 1729/2124/2175 1704/2101/2138
f 1704/2101/2138 1729/2124/2175 1730/2125/2176 1705/2102/2140
f 1705/2102/2140 1730/2125/2176 1731/2126/2177 1706/2103/2142
f 1706/2103/2142 1731/2126/2177 1732/2127/2178 1707/2104/2144
f 1707/2104/2144 1732/2127/2178 1733/2128/2179 1708/2105/2146
f 1708/2105/2146 1733/2128/2179 1734/2129/2180 1709/2106/2148
f 1709/2106/2148 1734/2129/2180 1735/2130/2181 1710/2107/2150
f 1710/2107/2150 1735/2130/2181 1736/2131/2182 1711/2108/2152
f 1711/2108/2152 1736/2131/2182 1737/2132/2183 1712/2109/2154
f 1712/2109/2154 1737/2132/2183 1738/2133/2184 1713/2110/2156
f 1713/2110/2156 1738/2133/2184 1739/2134/2185 1714/2111/2158
f 1714/2111/2158 1739/2134/2185 1740/2592/2186 1715/2590/2160
f 1489/2716/2162 1490/2718/2187 1741/2135/2188 1717/2112/2163
f 1717/2112/2163 1741/2135/2188 1742/2136/2189 1718/2113/2164
f 1718/2113/2164 1742/2136/2189 1743/2137/2190 1719/2114/2165
f 1719/2114/2165 1743/2137/2190 1744/2138/2191 1720/2115/2166
f 1720/2115/2166 1744/2138/2191 1745/2139/2192 1721/2116/2167
f 1721/2116/2167 1745/2139/2192 1746/2140/2193 1722/2117/2168
f 1722/2117/2168 1746/2140/2193 1747/2141/2194 1723/2118/2169
f 1723/2118/2169 1747/2141/2194 1748/2142/2195 1724/2119/2170
f 1724/2119/2170 1748/2142/2195 1749/2143/2196 1725/2120/2171
f 1725/2120/2171 1749/2143/2196 1750/2144/2197 1726/2121/2172
f 1726/2121/2172 1750/2144/2197 1751/2145/2198 1727/2122/2173
f 1727/2122/2173 1751/2145/2198 1752/2146/2199 1728/2123/2174
f 1728/2123/2174 1752/2146/2199 1753/2147/2200 1729/2124/2175
f 1729/2124/2175 1753/2147/2200 1754/2148/2201 1730/2125/2176
f 1730/2125/2176 1754/2148/2201 1755/2149/2202 1731/2126/2177
f 1731/2126/2177 1755/2149/2202 1756/2150/2203 1732/2127/2178
f 1732/2127/2178 1756/2150/2203 1757/2151/2204 1733/2128/2179
f 1733/2128/2179 1757/2151/2204 1758/2152/2205 1734/2129/2180
f 1734/2129/2180 1758/2152/2205 1759/2153/2206 1735/2130/2181
f 1735/2130/2181 1759/2153/2206 1760/2154/2207 1736/2131/2182
f 1736/2131/2182 1760/2154/2207 1761/2155/2208 1737/2132/2183
f 1737/2132/2183 1761/2155/2208 1762/2156/2209 1738/2133/2184
f 1738/2133/2184 1762/2156/2209 1763/2157/2210 1739/2134/2185
f 1739/2134/2185 1763/2157/2210 1764/2594/2211 1740/2592/2186
f 1490/2718/2187 1491/2720/2212 1765/2158/2213 1741/2135/2188
f 1741/2135/2188 1765/2158/2213 1766/2159/2214 1742/2136/2189
f 1742/2136/2189 1766/2159/2214 1767/2160/2215 1743/2137/2190
f 1743/2137/2190 1767/2160/2215 1768/2161/2216 1744/2138/2191
f 1744/2138/2191 1768/2161/2216 1769/2162/2217 1745/2139/2192
f 1745/2139/2192 1769/2162/2217 1770/2163/2218 1746/2140/2193
f 1746/2140/2193 1770/2163/2218 1771/2164/2219 1747/2141/2194
f 1747/2141/2194 1771/2164/2219 1772/2165/2220 1748/2142/2195
f 1748/2142/2195 1772/2165/2220 1773/2166/2221 1749/2143/2196
f 1749/2143/2196 1773/2166/2221 1774/2167/2222 1750/2144/2197
f 1750/2144/2197 1774/2167/2222 1775/2168/2223 1751/2145/2198
f 1751/2145/2198 1775/2168/2223 1776/2169/2224 1752/2146/2199
f 1752/2146/2199 1776/2169/2224 1777/2170/2225 1753/2147/2200
f 1753/2147/2200 1777/2170/2225 1778/2171/2226 1754/2148/2201
f 1754/2148/2201 1778/2171/2226 1779/2172/2227 1755/2149/2202
f 1755/2149/2202 1779/2172/2227 1780/2173/2228 1756/2150/2203
f 1756/2150/2203 1780/2173/2228 1781/2174/2229 1757/2151/2204
f 1757/2151/2204 1781/2174/2229 1782/2175/2230 1758/2152/2205
f 1758/2152/2205 1782/2175/2230 1783/2176/2231 1759/2153/2206
f 1759/2153/2206 1783/2176/2231 1784/2177/2232 1760/2154/2207
f 1760/2154/2207 1784/2177/2232 1785/2178/2233 1761/2155/2208
f 1761/2155/2208 1785/2178/2233 1786/2179/2234 1762/2156/2209
f 1762/2156/2209 1786/2179/2234 1787/2180/2235 1763/2157/2210
f 1763/2157/2210 1787/2180/2235 1788/2596/2236 1764/2594/2211
f 1491/2720/2212 1492/2722/2237 1789/2181/2238 1765/2158/2213
f 1765/2158/2213 1789/2181/2238 1790/2182/2239 1766/2159/2214
f 1766/2159/2214 1790/2182/2239 1791/2183/2240 1767/2160/2215
f 1767/2160/2215 1791/2183/2240 1792/2184/2241 1768/2161/2216
f 1768/2161/2216 1792/2184/2241 1793/2185/2242 1769/2162/2217
f 1769/2162/2217 1793/2185/2242 1794/2186/2243 1770/2163/2218
f 1770/2163/2218 1794/2186/2243 1795/2187/2244 1771/2164/2219
f 1771/2164/2219 1795/2187/2244 1796/2188/2245 1772/2165/2220
f 1772/2165/2220 1796/2188/2245 1797/2189/2246 1773/2166/2221
f 1773/2166/2221 1797/2189/2246 1798/2190/2247 1774/2167/2222
f 1774/2167/2222 1798/2190/2247 1799/2191/2248 1775/2168/2223
f 1775/2168/2223 1799/2191/2248 1800/2192/2249 1776/2169/2224
f 1776/2169/2224 1800/2192/2249 1801/2193/2250 1777/2170/2225
f 1777/2170/2225 1801/2193/2250 1802/2194/2251 1778/2171/2226
f 1778/2171/2226 1802/2194/2251 1803/2195/2252 1779/2172/2227
f 1779/2172/2227 1803/2195/2252 1804/2196/2253 1780/2173/2228
f 1780/2173/2228 1804/2196/2253 1805/2197/2254 1781/2174/2229
f 1781/2174/2229 1805/2197/2254 1806/2198/2255 1782/2175/2230
f 1782/2175/2230 1806/2198/2255 1807/2199/2256 1783/2176/2231
f 1783/2176/2231 1807/2199/2256 1808/2200/2257 1784/2177/2232
f 1784/2177/2232 1808/2200/2257 1809/2201/2258 1785/2178/2233
f 1785/2178/2233 1809/2201/2258 1810/2202/2259 1786/2179/2234
f 1786/2179/2234 1810/2202/2259 1811/2203/2260 1787/2180/2235
f 1787/2180/2235 1811/2203/2260 1812/2598/2261 1788/2596/2236
f 1492/2722/2237 1493/2724/2262 1813/2204/2263 1789/2181/2238
f 1789/2181/2238 1813/2204/2263 1814/2205/2264 1790/2182/2239
f 1790/2182/2239 1814/2205/2264 1815/2206/2265 1791/2183/2240
f 1791/2183/2240 1815/2206/2265 1816/2207/2266 1792/2184/2241
f 1792/2184/2241 1816/2207/2266 1817/2208/2267 1793/2185/2242
f 1793/2185/2242 1817/2208/2267 1818/2209/2268 1794/2186/2243
f 1794/2186/2243 1818/2209/2268 1819/2210/2269 1795/2187/2244
f 1795/2187/2244 1819/2210/2269 1820/2211/2270 1796/2188/2245
f 1796/2188/2245 1820/2211/2270 1821/2212/2271 1797/2189/2246
f 1797/2189/2246 1821/2212/2271 1822/2213/2272 1798/2190/2247
f 1798/2190/2247 1822/2213/2272 1823/2214/2273 1799/2191/2248
f 1799/2191/2248 1823/2214/2273 1824/2215/2274 1800/2192/2249
f 1800/2192/2249 1824/2215/2274 1825/2216/2275 1801/2193/2250
f 1801/2193/2250 1825/2216/2275 1826/2217/2276 1802/2194/2251
f 1802/2194/2251 1826/2217/2276 1827/2218/2277 1803/2195/2252
f 1803/2195/2252 1827/2218/2277 1828/2219/2278 1804/2196/2253
f 1804/2196/2253 1828/2219/2278 1829/2220/2279 1805/2197/2254
f 1805/2197/2254 1829/2220/2279 1830/2221/2280 1806/2198/2255
f 1806/2198/2255 1830/2221/2280 1831/2222/2281 1807/2199/2256
f 1807/2199/2256 1831/2222/2281 1832/2223/2282 1808/2200/2257
f 1808/2200/2257 1832/2223/2282 1833/2224/2283 1809/2201/2258
f 1809/2201/2258 1833/2224/2283 1834/2225/2284 1810/2202/2259
f 1810/2202/2259 1834/2225/2284 1835/2226/2285 1811/2203/2260
f 1811/2203/2260 1835/2226/2285 1836/2600/2286 1812/2598/2261
f 1493/2724/2262 1494/2726/2287 1837/2227/2288 1813/2204/2263
f 1813/2204/2263 1837/2227/2288 1838/2228/2289 1814/2205/2264
f 1814/2205/2264 1838/2228/2289 1839/2229/2290 1815/2206/2265
f 1815/2206/2265 1839/2229/2290 1840/2230/2291 1816/2207/2266
f 1816/2207/2266 1840/2230/2291 1841/2231/2292 1817/2208/2267
f 1817/2208/2267 1841/2231/2292 1842/2232/2293 1818/2209/2268
f 1818/2209/2268 1842/2232/2293 1843/2233/2294 1819/2210/2269
f 1819/2210/2269 1843/2233/2294 1844/2234/2295 1820/2211/2270
f 1820/2211/2270 1844/2234/2295 1845/2235/2296 1821/2212/2271
f 1821/2212/2271 1845/2235/2296 1846/2236/2297 1822/2213/2272
f 1822/2213/2272 1846/2236/2297 1847/2237/2298 1823/2214/2273
f 1823/2214/2273 1847/2237/2298 1848/2238/2299 1824/2215/2274
f 1824/2215/2274 1848/2238/2299 1849/2239/2300 1825/2216/2275
f 1825/2216/2275 1849/2239/2300 1850/2240/2301 1826/2217/2276
f 1826/2217/2276 1850/2240/2301 1851/2241/2302 1827/2218/2277
f 1827/2218/2277 1851/2241/2302 1852/2242/2303 1828/2219/2278
f 1828/2219/2278 1852/2242/2303 1853/2243/2304 1829/2220/2279
f 1829/2220/2279 1853/2243/2304 1854/2244/2305 1830/2221/2280
f 1830/2221/2280 1854/2244/2305 1855/2245/2306 1831/2222/2281
f 1831/2222/2281 1855/2245/2306 1856/2246/2307 1832/2223/2282
f 1832/2223/2282 1856/2246/2307 1857/2247/2308 1833/2224/2283
f 1833/2224/2283 1857/2247/2308 1858/2248/2309 1834/2225/2284
f 1834/2225/2284 1858/2248/2309 1859/2249/2310 1835/2226/2285
f 1835/2226/2285 1859/2249/2310 1860/2602/2311 1836/2600/2286
f 1494/2726/2287 1495/2728/2312 1861/2250/2313 1837/2227/2288
f 1837/2227/2288 1861/2250/2313 1862/2251/2314 1838/2228/2289
f 1838/2228/2289 1862/2251/2314 1863/2252/2315 1839/2229/2290
f 1839/2229/2290 1863/2252/2315 1864/2253/2316 1840/2230/2291
f 1840/2230/2291 1864/2253/2316 1865/2254/2317 1841/2231/2292
f 1841/2231/2292 1865/2254/2317 1866/2255/2318 1842/2232/2293
f 1842/2232/2293 1866/2255/2318 1867/2256/2319 1843/2233/2294
f 1843/2233/2294 1867/2256/2319 1868/2257/2320 1844/2234/2295
f 1844/2234/2295 1868/2257/2320 1869/2258/2321 1845/2235/2296
f 1845/2235/2296 1869/2258/2321 1870/2259/2322 1846/2236/2297
f 1846/2236/2297 1870/2259/2322 1871/2260/2323 1847/2237/2298
f 1847/2237/2298 1871/2260/2323 1872/2261/2324 1848/2238/2299
f 1848/2238/2299 1872/2261/2324 1873/2262/2325 1849/2239/2300
f 1849/2239/2300 1873/2262/2325 1874/2263/2326 1850/2240/2301
f 1850/2240/2301 1874/2263/2326 1875/2264/2327 1851/2241/2302
f 1851/2241/2302 1875/2264/2327 1876/2265/2328 1852/2242/2303
f 1852/2242/2303 1876/2265/2328 1877/2266/2329 1853/2243/2304
f 1853/2243/2304 1877/2266/2329 1878/2267/2330 1854/2244/2305
f 1854/2244/2305 1878/2267/2330 1879/2268/2331 1855/2245/2306
f 1855/2245/2306 1879/2268/2331 1880/2269/2332 1856/2246/2307
f 1856/2246/2307 1880/2269/2332 1881/2270/2333 1857/2247/2308
f 1857/2247/2308 1881/2270/2333 1882/2271/2334 1858/2248/2309
f 1858/2248/2309 1882/2271/2334 1883/2272/2335 1859/2249/2310
f 1859/2249/2310 1883/2272/2335 1884/2604/2336 1860/2602/2311
f 1495/2728/2312 1496/2730/2337 1885/2273/2338 1861/2250/2313
f 1861/2250/2313 1885/2273/2338 1886/2274/2339 1862/2251/2314
f 1862/2251/2314 1886/2274/2339 1887/2275/2340 1863/2252/2315
f 1863/2252/2315 1887/2275/2340 1888/2276/2341 1864/2253/2316
f 1864/2253/2316 1888/2276/2341 1889/2277/2342 1865/2254/2317
f 1865/2254/2317 1889/2277/2342 1890/2278/2343 1866/2255/2318
f 1866/2255/2318 1890/2278/2343 1891/2279/2344 1867/2256/2319
f 1867/2256/2319 1891/2279/2344 1892/2280/2345 1868/2257/2320
f 1868/2257/2320 1892/2280/2345 1893/2281/2346 1869/2258/2321
f 1869/2258/2321 1893/2281/2346 1894/2282/2347 1870/2259/2322
f 1870/2259/2322 1894/2282/2347 1895/2283/2348 1871/2260/2323
f 1871/2260/2323 1895/2283/2348 1896/2284/2349 1872/2261/2324
f 1872/2261/2324 1896/2284/2349 1897/2285/2350 1873/2262/2325
f 1873/2262/2325 1897/2285/2350 1898/2286/2351 1874/2263/2326
f 1874/2263/2326 1898/2286/2351 1899/2287/2352 1875/2264/2327
f 1875/2264/2327 1899/2287/2352 1900/2288/2353 1876/2265/2328
f 1876/2265/2328 1900/2288/2353 1901/2289/2354 1877/2266/2329
f 1877/2266/2329 1901/2289/2354 1902/2290/2355 1878/2267/2330
f 1878/2267/2330 1902/2290/2355 1903/2291/2356 1879/2268/2331
f 1879/2268/2331 1903/2291/2356 1904/2292/2357 1880/2269/2332
f 1880/2269/2332 1904/2292/2357 1905/2293/2358 1881/2270/2333
f 1881/2270/2333 1905/2293/2358 1906/2294/2359 1882/2271/2334
f 1882/2271/2334 1906/2294/2359 1907/2295/2360 1883/2272/2335
f 1883/2272/2335 1907/2295/2360 1908/2606/2361 1884/2604/2336
f 1496/2730/2337 1497/2732/2362 1909/2296/2363 1885/2273/2338
f 1885/2273/2338 1909/2296/2363 1910/2297/2364 1886/2274/2339
f 1886/2274/2339 1910/2297/2364 1911/2298/2365 1887/2275/2340
f 1887/2275/2340 1911/2298/2365 1912/2299/2366 1888/2276/2341
f 1888/2276/2341 1912/2299/2366 1913/2300/2367 1889/2277/2342
f 1889/2277/2342 1913/2300/2367 1914/2301/2368 1890/2278/2343
f 1890/2278/2343 1914/2301/2368 1915/2302/2369 1891/2279/2344
f 1891/2279/2344 1915/2302/2369 1916/2303/2370 1892/2280/2345
f 1892/2280/2345 1916/2303/2370 1917/2304/2371 1893/2281/2346
f 1893/2281/2346 1917/2304/2371 1918/2305/2372 1894/2282/2347
f 1894/2282/2347 1918/2305/2372 1919/2306/2373 1895/2283/2348
f 1895/2283/2348 1919/2306/2373 1920/2307/2374 1896/2284/2349
f 1896/2284/2349 1920/2307/2374 1921/2308/2375 1897/2285/2350
f 1897/2285/2350 1921/2308/2375 1922/2309/2376 1898/2286/2351
f 1898/2286/2351 1922/2309/2376 1923/2310/2377 1899/2287/2352
f 1899/2287/2352 1923/2310/2377 1924/2311/2378 1900/2288/2353
f 1900/2288/2353 1924/2311/2378 1925/2312/2379 1901/2289/2354
f 1901/2289/2354 1925/2312/2379 1926/2313/2380 1902/2290/2355
f 1902/2290/2355 1926/2313/2380 1927/2314/2381 1903/2291/2356
f 1903/2291/2356 1927/2314/2381 1928/2315/2382 1904/2292/2357
f 1904/2292/2357 1928/2315/2382 1929/2316/2383 1905/2293/2358
f 1905/2293/2358 1929/2316/2383 1930/2317/2384 1906/2294/2359
f 1906/2294/2359 1930/2317/2384 1931/2318/2385 1907/2295/2360
f 1907/2295/2360 1931/2318/2385 1932/2608/2386 1908/2606/2361
f 1497/2732/2362 1498/2734/2387 1933/2319/2388 1909/2296/2363
f 1909/2296/2363 1933/2319/2388 1934/2320/2389 1910/2297/2364
f 1910/2297/2364 1934/2320/2389 1935/2321/2390 1911/2298/2365
f 1911/2298/2365 1935/2321/2390 1936/2322/2391 1912/2299/2366
f 1912/2299/2366 1936/2322/2391 1937/2323/2392 1913/2300/2367
f 1913/2300/2367 1937/2323/2392 1938/2324/2393 1914/2301/2368
f 1914/2301/2368 1938/2324/2393 1939/2325/2394 1915/2302/2369
f 1915/2302/2369 1939/2325/2394 1940/2326/2395 1916/2303/2370
f 1916/2303/2370 1940/2326/2395 1941/2327/2396 1917/2304/2371
f 1917/2304/2371 1941/2327/2396 1942/2328/2397 1918/2305/2372
f 1918/2305/2372 1942/2328/2397 1943/2329/2398 1919/2306/2373
f 1919/2306/2373 1943/2329/2398 1944/2330/2399 1920/2307/2374
f 1920/2307/2374 1944/2330/2399 1945/2331/2400 1921/2308/2375
f 1921/2308/2375 1945/2331/2400 1946/2332/2401 1922/2309/2376
f 1922/2309/2376 1946/2332/2401 1947/2333/2402 1923/2310/2377
f 1923/2310/2377 1947/2333/2402 1948/2334/2403 1924/2311/2378
f 1924/2311/2378 1948/2334/2403 1949/2335/2404 1925/2312/2379
f 1925/2312/2379 1949/2335/2404 1950/2336/2405 1926/2313/2380
f 1926/2313/2380 1950/2336/2405 1951/2337/2406 1927/2314/2381
f 1927/2314/2381 1951/2337/2406 1952/2338/2407 1928/2315/2382
f 1928/2315/2382 1952/2338/2407 1953/2339/2408 1929/2316/2383
f 1929/2316/2383 1953/2339/2408 1954/2340/2409 1930/2317/2384
f 1930/2317/2384 1954/2340/2409 1955/2341/2410 1931/2318/2385
f 1931/2318/2385 1955/2341/2410 1956/2610/2411 1932/2608/2386
f 1498/2734/2387 1499/2736/2412 1957/2342/2413 1933/2319/2388
f 1933/2319/2388 1957/2342/2413 1958/2343/2414 1934/2320/2389
f 1934/2320/2389 1958/2343/2414 1959/2344/2415 1935/2321/2390
f 1935/2321/2390 1959/2344/2415 1960/2345/2416 1936/2322/2391
f 1936/2322/2391 1960/2345/2416 1961/2346/2417 1937/2323/2392
f 1937/2323/2392 1961/2346/2417 1962/2347/2418 1938/2324/2393
f 1938/2324/2393 1962/2347/2418 1963/2348/2419 1939/2325/2394
f 1939/2325/2394 1963/2348/2419 1964/2349/2420 1940/2326/2395
f 1940/2326/2395 1964/2349/2420 1965/2350/2421 1941/2327/2396
f 1941/2327/2396 1965/2350/2421 1966/2351/2422 1942/2328/2397
f 1942/2328/2397 1966/2351/2422 1967/2352/2423 1943/2329/2398
f 1943/2329/2398 1967/2352/2423 1968/2353/2424 1944/2330/2399
f 1944/2330/2399 1968/2353/2424 1969/2354/2425 1945/2331/2400
f 1945/2331/2400 1969/2354/2425 1970/2355/2426 1946/2332/2401
f 1946/2332/2401 1970/2355/2426 1971/2356/2427 1947/2333/2402
f 1947/2333/2402 1971/2356/2427 1972/2357/2428 1948/2334/2403
f 1948/2334/2403 1972/2357/2428 1973/2358/2429 1949/2335/2404
f 1949/2335/2404 1973/2358/2429 1974/2359/2430 1950/2336/2405
f 1950/2336/2405 1974/2359/2430 1975/2360/2431 1951/2337/2406
f 1951/2337/2406 1975/2360/2431 1976/2361/2432 1952/2338/2407
f 1952/2338/2407 1976/2361/2432 1977/2362/2433 1953/2339/2408
f 1953/2339/2408 1977/2362/2433 1978/2363/2434 1954/2340/2409
f 1954/2340/2409 1978/2363/2434 1979/2364/2435 1955/2341/2410
f 1955/2341/2410 1979/2364/2435 1980/2612/2436 1956/2610/2411
f 1499/2736/2412 1500/2738/2437 1981/2365/2438 1957/2342/2413
f 1957/2342/2413 1981/2365/2438 1982/2366/2439 1958/2343/2414
f 1958/2343/2414 1982/2366/2439 1983/2367/2440 1959/2344/2415
f 1959/2344/2415 1983/2367/2440 1984/2368/2441 1960/2345/2416
f 1960/2345/2416 1984/2368/2441 1985/2369/2442 1961/2346/2417
f 1961/2346/2417 1985/2369/2442 1986/2370/2443 1962/2347/2418
f 1962/2347/2418 1986/2370/2443 1987/2371/2444 1963/2348/2419
f 1963/2348/2419 1987/2371/2444 1988/2372/2445 1964/2349/2420
f 1964/2349/2420 1988/2372/2445 1989/2373/2446 1965/2350/2421
f 1965/2350/2421 1989/2373/2446 1990/2374/2447 1966/2351/2422
f 1966/2351/2422 1990/2374/2447 1991/2375/2448 1967/2352/2423
f 1967/2352/2423 1991/2375/2448 1992/2376/2449 1968/2353/2424
f 1968/2353/2424 1992/2376/2449 1993/2377/2450 1969/2354/2425
f 1969/2354/2425 1993/2377/2450 1994/2378/2451 1970/2355/2426
f 1970/2355/2426 1994/2378/2451 1995/2379/2452 1971/2356/2427
f 1971/2356/2427 1995/2379/2452 1996/2380/2453 1972/2357/2428
f 1972/2357/2428 1996/2380/2453 1997/2381/2454 1973/2358/2429
f 1973/2358/2429 1997/2381/2454 1998/2382/2455 1974/2359/2430
f 1974/2359/2430 1998/2382/2455 1999/2383/2456 1975/2360/2431
f 1975/2360/2431 1999/2383/2456 2000/2384/2457 1976/2361/2432
f 1976/2361/2432 2000/2384/2457 2001/2385/2458 1977/2362/2433
f 1977/2362/2433 2001/2385/2458 2002/2386/2459 1978/2363/2434
f 1978/2363/2434 2002/2386/2459 2003/2387/2460 1979/2364/2435
f 1979/2364/2435 2003/2387/2460 2004/2614/2461 1980/2612/2436
f 1500/2738/2437 1501/2740/2462 2005/2388/2463 1981/2365/2438
f 1981/2365/2438 2005/2388/2463 2006/2389/2464 1982/2366/2439
f 1982/2366/2439 2006/2389/2464 2007/2390/2465 1983/2367/2440
f 1983/2367/2440 2007/2390/2465 2008/2391/2466 1984/2368/2441
f 1984/2368/2441 2008/2391/2466 2009/2392/2467 1985/2369/2442
f 1985/2369/2442 2009/2392/2467 2010/2393/2468 1986/2370/2443
f 1986/2370/2443 2010/2393/2468 2011/2394/2469 1987/2371/2444
f 1987/2371/2444 2011/2394/2469 2012/2395/2470 1988/2372/2445
f 1988/2372/2445 2012/2395/2470 2013/2396/2471 1989/2373/2446
f 1989/2373/2446 2013/2396/2471 2014/2397/2472 1990/2374/2447
f 1990/2374/2447 2014/2397/2472 2015/2398/2473 1991/2375/2448
f 1991/2375/2448 2015/2398/2473 2016/2399/2474 1992/2376/2449
f 1992/2376/2449 2016/2399/2474 2017/2400/2475 1993/2377/2450
f 1993/2377/2450 2017/2400/2475 2018/2401/2476 1994/2378/2451
f 1994/2378/2451 2018/2401/2476 2019/2402/2477 1995/2379/2452
f 1995/2379/2452 2019/2402/2477 2020/2403/2478 1996/2380/2453
f 1996/2380/2453 2020/2403/2478 2021/2404/2479 1997/2381/2454
f 1997/2381/2454 2021/2404/2479 2022/2405/2480 1998/2382/2455
f 1998/2382/2455 2022/2405/2480 2023/2406/2481 1999/2383/2456
f 1999/2383/2456 2023/2406/2481 2024/2407/2482 2000/2384/2457
f 2000/2384/2457 2024/2407/2482 2025/2408/2483 2001/2385/2458
f 2001/2385/2458 2025/2408/2483 2026/2409/2484 2002/2386/2459
f 2002/2386/2459 2026/2409/2484 2027/2410/2485 2003/2387/2460
f 2003/2387/2460 2027/2410/2485 2028/2616/2486 2004/2614/2461
f 1501/2740/2462 1502/2742/2487 2029/2411/2488 2005/2388/2463
f 2005/2388/2463 2029/2411/2488 2030/2412/2489 2006/2389/2464
f 2006/2389/2464 2030/2412/2489 2031/2413/2490 2007/2390/2465
f 2007/2390/2465 2031/2413/2490 2032/2414/2491 2008/2391/2466
f 2008/2391/2466 2032/2414/2491 2033/2415/2492 2009/2392/2467
f 2009/2392/2467 2033/2415/2492 2034/2416/2493 2010/2393/2468
f 2010/2393/2468 2034/2416/2493 2035/2417/2494 2011/2394/2469
f 2011/2394/2469 2035/2417/2494 2036/2418/2495 2012/2395/2470
f 2012/2395/2470 2036/2418/2495 2037/2419/2496 2013/2396/2471
f 2013/2396/2471 2037/2419/2496 2038/2420/2497 2014/2397/2472
f 2014/2397/2472 2038/2420/2497 2039/2421/2498 2015/2398/2473
f 2015/2398/2473 2039/2421/2498 2040/2422/2499 2016/2399/2474
f 2016/2399/2474 2040/2422/2499 2041/2423/2500 2017/2400/2475
f 2017/2400/2475 2041/2423/2500 2042/2424/2501 2018/2401/2476
f 2018/2401/2476 2042/2424/2501 2043/2425/2502 2019/2402/2477
f 2019/2402/2477 2043/2425/2502 2044/2426/2503 2020/2403/2478
f 2020/2403/2478 2044/2426/2503 2045/2427/2504 2021/2404/2479
f 2021/2404/2479 2045/2427/2504 2046/2428/2505 2022/2405/2480
f 2022/2405/2480 2046/2428/2505 2047/2429/2506 2023/2406/2481
f 2023/2406/2481 2047/2429/2506 2048/2430/2507 2024/2407/2482
f 2024/2407/2482 2048/2430/2507 2049/2431/2508 2025/2408/2483
f 2025/2408/2483 2049/2431/2508 2050/2432/2509 2026/2409/2484
f 2026/2409/2484 2050/2432/2509 2051/2433/2510 2027/2410/2485
f 2027/2410/2485 2051/2433/2510 2052/2618/2511 2028/2616/2486
f 1502/2742/2487 1503/2744/2512 2053/2434/2513 2029/2411/2488
f 2029/2411/2488 2053/2434/2513 2054/2435/2514 2030/2412/2489
f 2030/2412/2489 2054/2435/2514 2055/2436/2515 2031/2413/2490
f 2031/2413/2490 2055/2436/2515 2056/2437/2516 2032/2414/2491
f 2032/2414/2491 2056/2437/2516 2057/2438/2517 2033/2415/2492
f 2033/2415/2492 2057/2438/2517 2058/2439/2518 2034/2416/2493
f 2034/2416/2493 2058/2439/2518 2059/2440/2519 2035/2417/2494
f 2035/2417/2494 2059/2440/2519 2060/2441/2520 2036/2418/2495
f 2036/2418/2495 2060/2441/2520 2061/2442/2521 2037/2419/2496
f 2037/2419/2496 2061/2442/2521 2062/2443/2522 2038/2420/2497
f 2038/2420/2497 2062/2443/2522 2063/2444/2523 2039/2421/2498
f 2039/2421/2498 2063/2444/2523 2064/2445/2524 2040/2422/2499
f 2040/2422/2499 2064/2445/2524 2065/2446/2525 2041/2423/2500
f 2041/2423/2500 2065/2446/2525 2066/2447/2526 2042/2424/2501
f 2042/2424/2501 2066/2447/2526 2067/2448/2527 2043/2425/2502
f 2043/2425/2502 2067/2448/2527 2068/2449/2528 2044/2426/2503
f 2044/2426/2503 2068/2449/2528 2069/2450/2529 2045/2427/2504
f 2045/2427/2504 2069/2450/2529 2070/2451/2530 2046/2428/2505
f 2046/2428/2505 2070/2451/2530 2071/2452/2531 2047/2429/2506
f 2047/2429/2506 2071/2452/2531 2072/2453/2532 2048/2430/2507
f 2048/2430/2507 2072/2453/2532 2073/2454/2533 2049/2431/2508
f 2049/2431/2508 2073/2454/2533 2074/2455/2534 2050/2432/2509
f 2050/2432/2509 2074/2455/2534 2075/2456/2535 2051/2433/2510
f 2051/2433/2510 2075/2456/2535 2076/2620/2536 2052/2618/2511
f 1503/2744/2512 1504/2746/2537 2077/2457/2538 2053/2434/2513
f 2053/2434/2513 2077/2457/2538 2078/2458/2539 2054/2435/2514
f 2054/2435/2514 2078/2458/2539 2079/2459/2540 2055/2436/2515
f 2055/2436/2515 2079/2459/2540 2080/2460/2541 2056/2437/2516
f 2056/2437/2516 2080/2460/2541 2081/2461/2542 2057/2438/2517
f 2057/2438/2517 2081/2461/2542 2082/2462/2543 2058/2439/2518
f 2058/2439/2518 2082/2462/2543 2083/2463/2544 2059/2440/2519
f 2059/2440/2519 2083/2463/2544 2084/2464/2545 2060/2441/2520
f 2060/2441/2520 2084/2464/2545 2085/2465/2546 2061/2442/2521
f 2061/2442/2521 2085/2465/2546 2086/2466/2547 2062/2443/2522
f 2062/2443/2522 2086/2466/2547 2087/2467/2548 2063/2444/2523
f 2063/2444/2523 2087/2467/2548 2088/2468/2549 2064/2445/2524
f 2064/2445/2524 2088/2468/2549 2089/2469/2550 2065/2446/2525
f 2065/2446/2525 2089/2469/2550 2090/2470/2551 2066/2447/2526
f 2066/2447/2526 2090/2470/2551 2091/2471/2552 2067/2448/2527
f 2067/2448/2527 2091/2471/2552 2092/2472/2553 2068/2449/2528
f 2068/2449/2528 2092/2472/2553 2093/2473/2554 2069/2450/2529
f 2069/2450/2529 2093/2473/2554 2094/2474/2555 2070/2451/2530
f 2070/2451/2530 2094/2474/2555 2095/2475/2556 2071/2452/2531
f 2071/2452/2531 2095/2475/2556 2096/2476/2557 2072/2453/2532
f 2072/2453/2532 2096/2476/2557 2097/2477/2558 2073/2454/2533
f 2073/2454/2533 2097/2477/2558 2098/2478/2559 2074/2455/2534
f 2074/2455/2534 2098/2478/2559 2099/2479/2560 2075/2456/2535
f 2075/2456/2535 2099/2479/2560 2100/2622/2561 2076/2620/2536
f 1504/2746/2537 1505/2748/2562 2101/2480/2563 2077/2457/2538
f 2077/2457/2538 2101/2480/2563 2102/2481/2564 2078/2458/2539
f 2078/2458/2539 2102/2481/2564 2103/2482/2565 2079/2459/2540
f 2079/2459/2540 2103/2482/2565 2104/2483/2566 2080/2460/2541
f 2080/2460/2541 2104/2483/2566 2105/2484/2567 2081/2461/2542
f 2081/2461/2542 2105/2484/2567 2106/2485/2568 2082/2462/2543
f 2082/2462/2543 2106/2485/2568 2107/2486/2569 2083/2463/2544
f 2083/2463/2544 2107/2486/2569 2108/2487/2570 2084/2464/2545
f 2084/2464/2545 2108/2487/2570 2109/2488/2571 2085/2465/2546
f 2085/2465/2546 2109/2488/2571 2110/2489/2572 2086/2466/2547
f 2086/2466/2547 2110/2489/2572 2111/2490/2573 2087/2467/2548
f 2087/2467/2548 2111/2490/2573 2112/2491/2574 2088/2468/2549
f 2088/2468/2549 2112/2491/2574 2113/2492/2575 2089/2469/2550
f 2089/2469/2550 2113/2492/2575 2114/2493/2576 2090/2470/2551
f 2090/2470/2551 2114/2493/2576 2115/2494/2577 2091/2471/2552
f 2091/2471/2552 2115/2494/2577 2116/2495/2578 2092/2472/2553
f 2092/2472/2553 2116/2495/2578 2117/2496/2579 2093/2473/2554
f 2093/2473/2554 2117/2496/2579 2118/2497/2580 2094/2474/2555
f 2094/2474/2555 2118/2497/2580 2119/2498/2581 2095/2475/2556
f 2095/2475/2556 2119/2498/2581 2120/2499/2582 2096/2476/2557
f 2096/2476/2557 2120/2499/2582 2121/2500/2583 2097/2477/2558
f 2097/2477/2558 2121/2500/2583 2122/2501/2584 2098/2478/2559
f 2098/2478/2559 2122/2501/2584 2123/2502/2585 2099/2479/2560
f 2099/2479/2560 2123/2502/2585 2124/2624/2586 2100/2622/2561
f 1505/2748/2562 1506/2750/2587 2125/2503/2588 2101/2480/2563
f 2101/2480/2563 2125/2503/2588 2126/2504/2589 2102/2481/2564
f 2102/2481/2564 2126/2504/2589 2127/2505/2590 2103/2482/2565
f 2103/2482/2565 2127/2505/2590 2128/2506/2591 2104/2483/2566
f 2104/2483/2566 2128/2506/2591 2129/2507/2592 2105/2484/2567
f 2105/2484/2567 2129/2507/2592 2130/2508/2593 2106/2485/2568
f 2106/2485/2568 2130/2508/2593 2131/2509/2594 2107/2486/2569
f 2107/2486/2569 2131/2509/2594 2132/2510/2595 2108/2487/2570
f 2108/2487/2570 2132/2510/2595 2133/2511/2596 2109/2488/2571
f 2109/2488/2571 2133/2511/2596 2134/2512/2597 2110/2489/2572
f 2110/2489/2572 2134/2512/2597 2135/2513/2598 2111/2490/2573
f 2111/2490/2573 2135/2513/2598 2136/2514/2599 2112/2491/2574
f 2112/2491/2574 2136/2514/2599 2137/2515/2600 2113/2492/2575
f 2113/2492/2575 2137/2515/2600 2138/2516/2601 2114/2493/2576
f 2114/2493/2576 2138/2516/2601 2139/2517/2602 2115/2494/2577
f 2115/2494/2577 2139/2517/2602 2140/2518/2603 2116/2495/2578
f 2116/2495/2578 2140/2518/2603 2141/2519/2604 2117/2496/2579
f 2117/2496/2579 2141/2519/2604 2142/2520/2605 2118/2497/2580
f 2118/2497/2580 2142/2520/2605 2143/2521/2606 2119/2498/2581
f 2119/2498/2581 2143/2521/2606 2144/2522/2607 2120/2499/2582
f 2120/2499/2582 2144/2522/2607 2145/2523/2608 2121/2500/2583
f 2121/2500/2583 2145/2523/2608 2146/2524/2609 2122/2501/2584
f 2122/2501/2584 2146/2524/2609 2147/2525/2610 2123/2502/2585
f 2123/2502/2585 2147/2525/2610 2148/2626/2611 2124/2624/2586
f 1506/2750/2587 1487/1876/2112 1668/2526/2115 2125/2503/2588
f 2125/2503/2588 1668/2526/2115 1669/2527/2117 2126/2504/2589
f 2126/2504/2589 1669/2527/2117 1670/2528/2119 2127/2505/2590
f 2127/2505/2590 1670/2528/2119 1671/2529/2121 2128/2506/2591
f 2128/2506/2591 1671/2529/2121 1672/2530/2123 2129/2507/2592
f 2129/2507/2592 1672/2530/2123 1673/2531/2125 2130/2508/2593
f 2130/2508/2593 1673/2531/2125 1674/2532/2127 2131/2509/2594
f 2131/2509/2594 1674/2532/2127 1675/2533/2129 2132/2510/2595
f 2132/2510/2595 1675/2533/2129 1676/2534/2131 2133/2511/2596
f 2133/2511/2596 1676/2534/2131 1677/2535/2133 2134/2512/2597
f 2134/2512/2597 1677/2535/2133 1678/2536/2135 2135/2513/2598
f 2135/2513/2598 1678/2536/2135 1679/2537/2137 2136/2514/2599
f 2136/2514/2599 1679/2537/2137 1680/2538/2139 2137/2515/2600
f 2137/2515/2600 1680/2538/2139 1681/2539/2141 2138/2516/2601
f 2138/2516/2601 1681/2539/2141 1682/2540/2143 2139/2517/2602
f 2139/2517/2602 1682/2540/2143 1683/2541/2145 2140/2518/2603
f 2140/2518/2603 1683/2541/2145 1684/2542/2147 2141/2519/2604
f 2141/2519/2604 1684/2542/2147 1685/2543/2149 2142/2520/2605
f 2142/2520/2605 1685/2543/2149 1686/2544/2151 2143/2521/2606
f 2143/2521/2606 1686/2544/2151 1687/2545/2153 2144/2522/2607
f 2144/2522/2607 1687/2545/2153 1688/2546/2155 2145/2523/2608
f 2145/2523/2608 1688/2546/2155 1689/2547/2157 2146/2524/2609
f 2146/2524/2609 1689/2547/2157 1690/2548/2159 2147/2525/2610
f 2147/2525/2610 1690/2548/2159 1691/2628/2161 2148/2626/2611
s 5
f 2152/2549/2612 2151/2653/2613 2154/2655/2614 2153/2550/2615
s 6
f 2151/2653/2616 2150/2651/2617 2155/2656/2618 2154/2655/2619
s 4
f 2150/2651/2620 2149/2591/2621 2156/2593/2622 2155/2656/2623
s 5
f 2152/2549/2612 2153/2550/2615 1716/2551/2624
f 2153/2630/2615 2157/2552/2625 1716/2553/2624
f 2157/2631/2625 2161/2554/2626 1716/2555/2624
f 2161/2632/2626 2165/2556/2627 1716/2557/2624
f 2165/2633/2627 2169/2558/2628 1716/2559/2624
f 2169/2634/2628 2173/2560/2629 1716/2561/2624
f 2173/2635/2629 2177/2562/2630 1716/2563/2624
f 2177/2636/2630 2181/2564/2631 1716/2565/2624
f 2181/2637/2631 2185/2566/2632 1716/2567/2624
f 2185/2638/2632 2189/2568/2633 1716/2569/2624
f 2189/2639/2633 2193/2570/2634 1716/2571/2624
f 2193/2640/2634 2197/2572/2635 1716/2573/2624
f 2197/2641/2635 2201/2574/2636 1716/2575/2624
f 2201/2642/2636 2205/2576/2637 1716/2577/2624
f 2205/2643/2637 2209/2578/2638 1716/2579/2624
f 2209/2644/2638 2213/2580/2639 1716/2581/2624
f 2213/2645/2639 2217/2582/2640 1716/2583/2624
f 2217/2646/2640 2221/2584/2641 1716/2585/2624
f 2221/2647/2641 2225/2586/2642 1716/2587/2624
f 2225/2649/2642 2152/2588/2612 1716/2589/2624
s 4
f 1691/2088/2161 1715/2590/2160 2156/2593/2622 2149/2591/2621
f 1715/2590/2160 1740/2592/2186 2160/2595/2643 2156/2593/2622
f 1740/2592/2186 1764/2594/2211 2164/2597/2644 2160/2595/2643
f 1764/2594/2211 1788/2596/2236 2168/2599/2645 2164/2597/2644
f 1788/2596/2236 1812/2598/2261 2172/2601/2646 2168/2599/2645
f 1812/2598/2261 1836/2600/2286 2176/2603/2647 2172/2601/2646
f 1836/2600/2286 1860/2602/2311 2180/2605/2648 2176/2603/2647
f 1860/2602/2311 1884/2604/2336 2184/2607/2649 2180/2605/2648
f 1884/2604/2336 1908/2606/2361 2188/2609/2650 2184/2607/2649
f 1908/2606/2361 1932/2608/2386 2192/2611/2651 2188/2609/2650
f 1932/2608/2386 1956/2610/2411 2196/2613/2652 2192/2611/2651
f 1956/2610/2411 1980/2612/2436 2200/2615/2653 2196/2613/2652
f 1980/2612/2436 2004/2614/2461 2204/2617/2654 2200/2615/2653
f 2004/2614/2461 2028/2616/2486 2208/2619/2655 2204/2617/2654
f 2028/2616/2486 2052/2618/2511 2212/2621/2656 2208/2619/2655
f 2052/2618/2511 2076/2620/2536 2216/2623/2657 2212/2621/2656
f 2076/2620/2536 2100/2622/2561 2220/2625/2658 2216/2623/2657
f 2100/2622/2561 2124/2624/2586 2224/2627/2659 2220/2625/2658
f 2124/2624/2586 2148/2626/2611 2228/2629/2660 2224/2627/2659
f 2148/2626/2611 1691/2628/2161 2149/2648/2621 2228/2629/2660
f 2155/2656/2623 2156/2593/2622 2160/2595/2643 2159/2659/2661
s 5
f 2153/2630/2615 2154/2654/2614 2158/2658/2662 2157/2552/2625
s 6
f 2154/2654/2619 2155/2656/2618 2159/2659/2663 2158/2658/2664
s 4
f 2159/2659/2661 2160/2595/2643 2164/2597/2644 2163/2662/2665
s 5
f 2157/2631/2625 2158/2657/2662 2162/2661/2666 2161/2554/2626
s 6
f 2158/2657/2664 2159/2659/2663 2163/2662/2667 2162/2661/2668
s 4
f 2163/2662/2665 2164/2597/2644 2168/2599/2645 2167/2665/2669
s 5
f 2161/2632/2626 2162/2660/2666 2166/2664/2670 2165/2556/2627
s 6
f 2162/2660/2668 2163/2662/2667 2167/2665/2671 2166/2664/2672
s 4
f 2167/2665/2669 2168/2599/2645 2172/2601/2646 2171/2668/2673
s 5
f 2165/2633/2627 2166/2663/2670 2170/2667/2674 2169/2558/2628
s 6
f 2166/2663/2672 2167/2665/2671 2171/2668/2675 2170/2667/2676
s 4
f 2171/2668/2673 2172/2601/2646 2176/2603/2647 2175/2671/2677
s 5
f 2169/2634/2628 2170/2666/2674 2174/2670/2678 2173/2560/2629
s 6
f 2170/2666/2676 2171/2668/2675 2175/2671/2679 2174/2670/2680
s 4
f 2175/2671/2677 2176/2603/2647 2180/2605/2648 2179/2674/2681
s 5
f 2173/2635/2629 2174/2669/2678 2178/2673/2682 2177/2562/2630
s 6
f 2174/2669/2680 2175/2671/2679 2179/2674/2683 2178/2673/2684
s 4
f 2179/2674/2681 2180/2605/2648 2184/2607/2649 2183/2677/2685
s 5
f 2177/2636/2630 2178/2672/2682 2182/2676/2686 2181/2564/2631
s 6
f 2178/2672/2684 2179/2674/2683 2183/2677/2687 2182/2676/2688
s 4
f 2183/2677/2685 2184/2607/2649 2188/2609/2650 2187/2680/2689
s 5
f 2181/2637/2631 2182/2675/2686 2186/2679/2690 2185/2566/2632
s 6
f 2182/2675/2688 2183/2677/2687 2187/2680/2691 2186/2679/2692
s 4
f 2187/2680/2689 2188/2609/2650 2192/2611/2651 2191/2683/2693
s 5
f 2185/2638/2632 2186/2678/2690 2190/2682/2694 2189/2568/2633
s 6
f 2186/2678/2692 2187/2680/2691 2191/2683/2695 2190/2682/2696
s 4
f 2191/2683/2693 2192/2611/2651 2196/2613/2652 2195/2686/2697
s 5
f 2189/2639/2633 2190/2681/2694 2194/2685/2698 2193/2570/2634
s 6
f 2190/2681/2696 2191/2683/2695 2195/2686/2699 2194/2685/2700
s 4
f 2195/2686/2697 2196/2613/2652 2200/2615/2653 2199/2689/2701
s 5
f 2193/2640/2634 2194/2684/2698 2198/2688/2702 2197/2572/2635
s 6
f 2194/2684/2700 2195/2686/2699 2199/2689/2703 2198/2688/2704
s 4
f 2199/2689/2701 2200/2615/2653 2204/2617/2654 2203/2692/2705
s 5
f 2197/2641/2635 2198/2687/2702 2202/2691/2706 2201/2574/2636
s 6
f 2198/2687/2704 2199/2689/2703 2203/2692/2707 2202/2691/2708
s 4
f 2203/2692/2705 2204/2617/2654 2208/2619/2655 2207/2695/2709
s 5
f 2201/2642/2636 2202/2690/2706 2206/2694/2710 2205/2576/2637
s 6
f 2202/2690/2708 2203/2692/2707 2207/2695/2711 2206/2694/2712
s 4
f 2207/2695/2709 2208/2619/2655 2212/2621/2656 2211/2698/2713
s 5
f 2205/2643/2637 2206/2693/2710 2210/2697/2714 2209/2578/2638
s 6
f 2206/2693/2712 2207/2695/2711 2211/2698/2715 2210/2697/2716
s 4
f 2211/2698/2713 2212/2621/2656 2216/2623/2657 2215/2701/2717
s 5
f 2209/2644/2638 2210/2696/2714 2214/2700/2718 2213/2580/2639
s 6
f 2210/2696/2716 2211/2698/2715 2215/2701/2719 2214/2700/2720
s 4
f 2215/2701/2717 2216/2623/2657 2220/2625/2658 2219/2704/2721
s 5
f 2213/2645/2639 2214/2699/2718 2218/2703/2722 2217/2582/2640
s 6
f 2214/2699/2720 2215/2701/2719 2219/2704/2723 2218/2703/2724
s 4
f 2219/2704/2721 2220/2625/2658 2224/2627/2659 2223/2707/2725
s 5
f 2217/2646/2640 2218/2702/2722 2222/2706/2726 2221/2584/2641
s 6
f 2218/2702/2724 2219/2704/2723 2223/2707/2727 2222/2706/2728
s 4
f 2223/2707/2725 2224/2627/2659 2228/2629/2660 2227/2710/2729
s 5
f 2221/2647/2641 2222/2705/2726 2226/2709/2730 2225/2586/2642
s 6
f 2222/2705/2728 2223/2707/2727 2227/2710/2731 2226/2709/2732
s 4
f 2149/2648/2621 2150/2650/2620 2227/2710/2729 2228/2629/2660
s 6
f 2150/2650/2617 2151/2652/2616 2226/2708/2732 2227/2710/2731
s 5
f 2151/2652/2613 2152/2588/2612 2225/2649/2642 2226/2708/2730
s 1
f 2229/2791/2733 2235/2711/2734 1488/2714/2735 1487/2712/2736
f 2235/2711/2734 2241/2713/2737 1489/2716/2738 1488/2714/2735
f 2241/2713/2737 2247/2715/2739 1490/2718/2740 1489/2716/2738
f 2247/2715/2739 2253/2717/2741 1491/2720/2742 1490/2718/2740
f 2253/2717/2741 2259/2719/2743 1492/2722/2744 1491/2720/2742
f 2259/2719/2743 2265/2721/2745 1493/2724/2746 1492/2722/2744
f 2265/2721/2745 2271/2723/2747 1494/2726/2748 1493/2724/2746
f 2271/2723/2747 2277/2725/2749 1495/2728/2750 1494/2726/2748
f 2277/2725/2749 2283/2727/2751 1496/2730/2752 1495/2728/2750
f 2283/2727/2751 2289/2729/2753 1497/2732/2754 1496/2730/2752
f 2289/2729/2753 2295/2731/2755 1498/2734/2756 1497/2732/2754
f 2295/2731/2755 2301/2733/2757 1499/2736/2758 1498/2734/2756
f 2301/2733/2757 2307/2735/2759 1500/2738/2760 1499/2736/2758
f 2307/2735/2759 2313/2737/2761 1501/2740/2762 1500/2738/2760
f 2313/2737/2761 2319/2739/2763 1502/2742/2764 1501/2740/2762
f 2319/2739/2763 2325/2741/2765 1503/2744/2766 1502/2742/2764
f 2325/2741/2765 2331/2743/2767 1504/2746/2768 1503/2744/2766
f 2331/2743/2767 2337/2745/2769 1505/2748/2770 1504/2746/2768
f 2337/2745/2769 2343/2747/2771 1506/2750/2772 1505/2748/2770
f 2343/2747/2771 2229/2749/2733 1487/1876/2736 1506/2750/2772
f 1591/1980/2053 1595/2751/2059 2240/2754/2773 2234/2752/2774
f 1595/2751/2059 1599/2753/2062 2246/2756/2775 2240/2754/2773
f 1599/2753/2062 1603/2755/2065 2252/2758/2776 2246/2756/2775
f 1603/2755/2065 1607/2757/2068 2258/2760/2777 2252/2758/2776
f 1607/2757/2068 1611/2759/2071 2264/2762/2778 2258/2760/2777
f 1611/2759/2071 1615/2761/2074 2270/2764/2779 2264/2762/2778
f 1615/2761/2074 1619/2763/2077 2276/2766/2780 2270/2764/2779
f 1619/2763/2077 1623/2765/2080 2282/2768/2781 2276/2766/2780
f 1623/2765/2080 1627/2767/2083 2288/2770/2782 2282/2768/2781
f 1627/2767/2083 1631/2769/2086 2294/2772/2783 2288/2770/2782
f 1631/2769/2086 1635/2771/2089 2300/2774/2784 2294/2772/2783
f 1635/2771/2089 1639/2773/2092 2306/2776/2785 2300/2774/2784
f 1639/2773/2092 1643/2775/2095 2312/2778/2786 2306/2776/2785
f 1643/2775/2095 1647/2777/2098 2318/2780/2787 2312/2778/2786
f 1647/2777/2098 1651/2779/2101 2324/2782/2788 2318/2780/2787
f 1651/2779/2101 1655/2781/2104 2330/2784/2789 2324/2782/2788
f 1655/2781/2104 1659/2783/2107 2336/2786/2790 2330/2784/2789
f 1659/2783/2107 1663/2785/2110 2342/2788/2791 2336/2786/2790
f 1663/2785/2110 1667/2787/2054 2348/2790/2792 2342/2788/2791
f 1667/2787/2054 1591/2789/2053 2234/2792/2774 2348/2790/2792
f 2233/2800/2793 2234/2752/2774 2240/2754/2773 2239/2804/2794
f 2232/2798/2795 2233/2800/2793 2239/2804/2794 2238/2803/2796
f 2231/2796/2797 2232/2798/2795 2238/2803/2796 2237/2802/2798
f 2229/2791/2733 2230/2794/2799 2236/2801/2800 2235/2711/2734
f 2230/2794/2799 2231/2796/2797 2237/2802/2798 2236/2801/2800
f 2239/2804/2794 2240/2754/2773 2246/2756/2775 2245/2808/2801
f 2238/2803/2796 2239/2804/2794 2245/2808/2801 2244/2807/2802
f 2237/2802/2798 2238/2803/2796 2244/2807/2802 2243/2806/2803
f 2235/2711/2734 2236/2801/2800 2242/2805/2804 2241/2713/2737
f 2236/2801/2800 2237/2802/2798 2243/2806/2803 2242/2805/2804
f 2245/2808/2801 2246/2756/2775 2252/2758/2776 2251/2812/2805
f 2244/2807/2802 2245/2808/2801 2251/2812/2805 2250/2811/2806
f 2243/2806/2803 2244/2807/2802 2250/2811/2806 2249/2810/2807
f 2241/2713/2737 2242/2805/2804 2248/2809/2808 2247/2715/2739
f 2242/2805/2804 2243/2806/2803 2249/2810/2807 2248/2809/2808
f 2251/2812/2805 2252/2758/2776 2258/2760/2777 2257/2816/2809
f 2250/2811/2806 2251/2812/2805 2257/2816/2809 2256/2815/2810
f 2249/2810/2807 2250/2811/2806 2256/2815/2810 2255/2814/2811
f 2247/2715/2739 2248/2809/2808 2254/2813/2812 2253/2717/2741
f 2248/2809/2808 2249/2810/2807 2255/2814/2811 2254/2813/2812
f 2257/2816/2809 2258/2760/2777 2264/2762/2778 2263/2820/2813
f 2256/2815/2810 2257/2816/2809 2263/2820/2813 2262/2819/2814
f 2255/2814/2811 2256/2815/2810 2262/2819/2814 2261/2818/2815
f 2253/2717/2741 2254/2813/2812 2260/2817/2816 2259/2719/2743
f 2254/2813/2812 2255/2814/2811 2261/2818/2815 2260/2817/2816
f 2263/2820/2813 2264/2762/2778 2270/2764/2779 2269/2824/2817
f 2262/2819/2814 2263/2820/2813 2269/2824/2817 2268/2823/2818
f 2261/2818/2815 2262/2819/2814 2268/2823/2818 2267/2822/2819
f 2259/2719/2743 2260/2817/2816 2266/2821/2820 2265/2721/2745
f 2260/2817/2816 2261/2818/2815 2267/2822/2819 2266/2821/2820
f 2269/2824/2817 2270/2764/2779 2276/2766/2780 2275/2828/2821
f 2268/2823/2818 2269/2824/2817 2275/2828/2821 2274/2827/2822
f 2267/2822/2819 2268/2823/2818 2274/2827/2822 2273/2826/2823
f 2265/2721/2745 2266/2821/2820 2272/2825/2824 2271/2723/2747
f 2266/2821/2820 2267/2822/2819 2273/2826/2823 2272/2825/2824
f 2275/2828/2821 2276/2766/2780 2282/2768/2781 2281/2832/2825
f 2274/2827/2822 2275/2828/2821 2281/2832/2825 2280/2831/2826
f 2273/2826/2823 2274/2827/2822 2280/2831/2826 2279/2830/2827
f 2271/2723/2747 2272/2825/2824 2278/2829/2828 2277/2725/2749
f 2272/2825/2824 2273/2826/2823 2279/2830/2827 2278/2829/2828
f 2281/2832/2825 2282/2768/2781 2288/2770/2782 2287/2836/2829
f 2280/2831/2826 2281/2832/2825 2287/2836/2829 2286/2835/2830
f 2279/2830/2827 2280/2831/2826 2286/2835/2830 2285/2834/2831
f 2277/2725/2749 2278/2829/2828 2284/2833/2832 2283/2727/2751
f 2278/2829/2828 2279/2830/2827 2285/2834/2831 2284/2833/2832
f 2287/2836/2829 2288/2770/2782 2294/2772/2783 2293/2840/2833
f 2286/2835/2830 2287/2836/2829 2293/2840/2833 2292/2839/2834
f 2285/2834/2831 2286/2835/2830 2292/2839/2834 2291/2838/2835
f 2283/2727/2751 2284/2833/2832 2290/2837/2836 2289/2729/2753
f 2284/2833/2832 2285/2834/2831 2291/2838/2835 2290/2837/2836
f 2293/2840/2833 2294/2772/2783 2300/2774/2784 2299/2844/2837
f 2292/2839/2834 2293/2840/2833 2299/2844/2837 2298/2843/2838
f 2291/2838/2835 2292/2839/2834 2298/2843/2838 2297/2842/2839
f 2289/2729/2753 2290/2837/2836 2296/2841/2840 2295/2731/2755
f 2290/2837/2836 2291/2838/2835 2297/2842/2839 2296/2841/2840
f 2299/2844/2837 2300/2774/2784 2306/2776/2785 2305/2848/2841
f 2298/2843/2838 2299/2844/2837 2305/2848/2841 2304/2847/2842
f 2297/2842/2839 2298/2843/2838 2304/2847/2842 2303/2846/2843
f 2295/2731/2755 2296/2841/2840 2302/2845/2844 2301/2733/2757
f 2296/2841/2840 2297/2842/2839 2303/2846/2843 2302/2845/2844
f 2305/2848/2841 2306/2776/2785 2312/2778/2786 2311/2852/2845
f 2304/2847/2842 2305/2848/2841 2311/2852/2845 2310/2851/2846
f 2303/2846/2843 2304/2847/2842 2310/2851/2846 2309/2850/2847
f 2301/2733/2757 2302/2845/2844 2308/2849/2848 2307/2735/2759
f 2302/2845/2844 2303/2846/2843 2309/2850/2847 2308/2849/2848
f 2311/2852/2845 2312/2778/2786 2318/2780/2787 2317/2856/2849
f 2310/2851/2846 2311/2852/2845 2317/2856/2849 2316/2855/2850
f 2309/2850/2847 2310/2851/2846 2316/2855/2850 2315/2854/2851
f 2307/2735/2759 2308/2849/2848 2314/2853/2852 2313/2737/2761
f 2308/2849/2848 2309/2850/2847 2315/2854/2851 2314/2853/2852
f 2317/2856/2849 2318/2780/2787 2324/2782/2788 2323/2860/2853
f 2316/2855/2850 2317/2856/2849 2323/2860/2853 2322/2859/2854
f 2315/2854/2851 2316/2855/2850 2322/2859/2854 2321/2858/2855
f 2313/2737/2761 2314/2853/2852 2320/2857/2856 2319/2739/2763
f 2314/2853/2852 2315/2854/2851 2321/2858/2855 2320/2857/2856
f 2323/2860/2853 2324/2782/2788 2330/2784/2789 2329/2864/2857
f 2322/2859/2854 2323/2860/2853 2329/2864/2857 2328/2863/2858
f 2321/2858/2855 2322/2859/2854 2328/2863/2858 2327/2862/2859
f 2319/2739/2763 2320/2857/2856 2326/2861/2860 2325/2741/2765
f 2320/2857/2856 2321/2858/2855 2327/2862/2859 2326/2861/2860
f 2329/2864/2857 2330/2784/2789 2336/2786/2790 2335/2868/2861
f 2328/2863/2858 2329/2864/2857 2335/2868/2861 2334/2867/2862
f 2327/2862/2859 2328/2863/2858 2334/2867/2862 2333/2866/2863
f 2325/2741/2765 2326/2861/2860 2332/2865/2864 2331/2743/2767
f 2326/2861/2860 2327/2862/2859 2333/2866/2863 2332/2865/2864
f 2335/2868/2861 2336/2786/2790 2342/2788/2791 2341/2872/2865
f 2334/2867/2862 2335/2868/2861 2341/2872/2865 2340/2871/2866
f 2333/2866/2863 2334/2867/2862 2340/2871/2866 2339/2870/2867
f 2331/2743/2767 2332/2865/2864 2338/2869/2868 2337/2745/2769
f 2332/2865/2864 2333/2866/2863 2339/2870/2867 2338/2869/2868
f 2341/2872/2865 2342/2788/2791 2348/2790/2792 2347/2876/2869
f 2340/2871/2866 2341/2872/2865 2347/2876/2869 2346/2875/2870
f 2339/2870/2867 2340/2871/2866 2346/2875/2870 2345/2874/2871
f 2337/2745/2769 2338/2869/2868 2344/2873/2872 2343/2747/2771
f 2338/2869/2868 2339/2870/2867 2345/2874/2871 2344/2873/2872
f 2234/2792/2774 2233/2799/2793 2347/2876/2869 2348/2790/2792
f 2233/2799/2793 2232/2797/2795 2346/2875/2870 2347/2876/2869
f 2232/2797/2795 2231/2795/2797 2345/2874/2871 2346/2875/2870
f 2231/2795/2797 2230/2793/2799 2344/2873/2872 2345/2874/2871
f 2230/2793/2799 2229/2749/2733 2343/2747/2771 2344/2873/2872
g default
v -8.414947 2.709954 4.131608
v -8.020195 3.027267 4.024947
v -7.809287 3.351537 3.832891
v -7.703286 3.638332 3.553259
v -7.695824 3.787106 3.275284
v -8.513988 2.712384 4.084368
v -8.392903 2.935667 3.797575
v -8.281969 3.289446 3.583194
v -8.146216 3.570481 3.313038
v -7.923663 3.987670 2.912322
v -8.613029 2.714815 4.037129
v -8.765612 3.045559 3.669407
v -8.735934 3.373989 3.390640
v -8.571043 3.651059 3.131336
v -8.356816 3.803328 2.960011
v -8.425955 2.742218 4.156346
v -8.031202 3.059531 4.049685
v -8.403912 2.967931 3.822313
v -8.524996 2.744648 4.109107
v -7.820294 3.383801 3.857629
v -8.292976 3.321710 3.607932
v -7.714293 3.670596 3.577997
v -8.157224 3.602746 3.337776
v -7.706831 3.819371 3.300022
v -7.934670 4.019935 2.937060
v -8.776619 3.077824 3.694145
v -8.624036 2.747079 4.061867
v -8.746943 3.406253 3.415378
v -8.582050 3.683324 3.156075
v -8.367824 3.835592 2.984750
vt 0.346777 1.245402
vt 0.339453 1.233644
vt 0.337051 1.222388
vt 0.337849 1.211198
vt 0.341127 1.203319
vt 0.350396 1.246077
vt 0.352002 1.234933
vt 0.352328 1.223463
vt 0.352338 1.212469
vt 0.352123 1.195338
vt 0.355040 1.245998
vt 0.363464 1.234435
vt 0.366602 1.223112
vt 0.365787 1.211489
vt 0.362247 1.203311
vt 0.382251 1.232373
vt 0.379950 1.221151
vt 0.378088 1.210346
vt 0.347622 1.244678
vt 0.340480 1.233219
vt 0.352086 1.245078
vt 0.338164 1.222393
vt 0.338796 1.211784
vt 0.341836 1.204179
vt 0.351442 1.196217
vt 0.362655 1.233670
vt 0.354974 1.244885
vt 0.365602 1.222621
vt 0.364680 1.211540
vt 0.361302 1.203898
vt 0.367818 1.203384
vt 0.365622 1.210938
vt 0.366718 1.222574
vt 0.381048 1.242687
vt 0.355788 1.245642
vt 0.371538 1.232979
vt 0.363658 1.234151
vt 0.351235 1.195980
vt 0.376307 1.193919
vt 0.350512 1.195139
vt 0.386980 1.200372
vt 0.340882 1.203607
vt 0.391288 1.207337
vt 0.337685 1.211793
vt 0.393715 1.217665
vt 0.337141 1.222831
vt 0.350501 1.244971
vt 0.385480 1.241993
vt 0.383922 1.242381
vt 0.352164 1.246184
vt 0.393300 1.228696
vt 0.339647 1.233960
vt 0.388268 1.241207
vt 0.347521 1.245788
vt 0.376237 1.194147
vt 0.361971 1.203009
vn -0.427316 0.761945 0.486664
vn -0.464775 0.638918 0.613000
vn -0.301196 0.677948 0.670573
vn -0.261288 0.776998 0.572716
vn -0.434545 0.672635 0.598943
vn -0.308206 0.670925 0.674440
vn -0.373928 0.743773 0.554057
vn -0.274389 0.748589 0.603594
vn -0.328793 0.777131 0.536621
vn -0.264217 0.773639 0.575910
vn -0.143916 0.632846 0.760785
vn -0.059346 0.760511 0.646607
vn -0.157050 0.671719 0.723968
vn -0.167241 0.740153 0.651310
vn -0.188751 0.764252 0.616678
vn 0.427315 -0.761945 -0.486663
vn 0.261287 -0.776998 -0.572716
vn 0.301196 -0.677948 -0.670573
vn 0.464775 -0.638918 -0.612999
vn 0.308206 -0.670925 -0.674440
vn 0.434545 -0.672635 -0.598943
vn 0.274389 -0.748588 -0.603594
vn 0.373928 -0.743773 -0.554058
vn 0.264218 -0.773638 -0.575910
vn 0.328794 -0.777131 -0.536621
vn 0.059345 -0.760510 -0.646609
vn 0.143916 -0.632846 -0.760785
vn 0.157050 -0.671719 -0.723968
vn 0.167241 -0.740152 -0.651311
vn 0.188752 -0.764251 -0.616679
vn 0.523782 -0.398552 0.752867
vn 0.644519 -0.314468 0.696925
vn 0.674530 -0.290310 0.678771
vn 0.523782 -0.398552 0.752867
vn -0.342690 -0.642461 0.685425
vn -0.342691 -0.642465 0.685421
vn -0.342691 -0.642465 0.685421
vn -0.342690 -0.642461 0.685425
vn 0.865219 -0.083843 0.494335
vn 0.875928 -0.067438 0.477704
vn 0.954189 0.113176 0.276973
vn 0.952787 0.107259 0.284066
vn 0.910873 0.397045 -0.112539
vn 0.918721 0.384025 -0.092064
vn 0.836562 0.483277 -0.258082
vn 0.836562 0.483277 -0.258083
vn -0.959017 -0.275079 -0.067955
vn -0.929939 -0.362869 0.059490
vn -0.929939 -0.362869 0.059490
vn -0.962802 -0.250158 -0.102145
vn -0.342689 -0.642458 0.685428
vn -0.342689 -0.642458 0.685428
vn -0.930789 -0.038862 -0.363486
vn -0.924672 -0.024113 -0.380000
vn -0.810538 0.156260 -0.564456
vn -0.814928 0.150998 -0.559547
vn -0.306027 0.511324 -0.803054
vn -0.471745 0.429490 -0.770061
vn -0.488449 0.419864 -0.764939
vn -0.306027 0.511324 -0.803054
s 1
g Outsidestuff Blueberry1 Fruit Leaf
usemtl lambert14SG
f 2364/2895/2873 2365/2896/2874 2366/2883/2875 2367/2923/2876
f 2365/2896/2874 2368/2898/2877 2369/2884/2878 2366/2883/2875
f 2368/2898/2877 2370/2899/2879 2371/2885/2880 2369/2884/2878
f 2370/2899/2879 2372/2900/2881 2373/2914/2882 2371/2885/2880
f 2367/2897/2876 2366/2883/2875 2374/2902/2883 2375/2903/2884
f 2366/2883/2875 2369/2884/2878 2376/2904/2885 2374/2902/2883
f 2369/2884/2878 2371/2885/2880 2377/2905/2886 2376/2904/2885
f 2371/2885/2880 2373/2901/2882 2378/2906/2887 2377/2905/2886
s 2
f 2349/2929/2888 2354/2924/2889 2355/2892/2890 2350/2927/2891
f 2350/2927/2891 2355/2892/2890 2356/2893/2892 2351/2921/2893
f 2351/2921/2893 2356/2893/2892 2357/2894/2894 2352/2919/2895
f 2352/2919/2895 2357/2894/2894 2358/2915/2896 2353/2917/2897
f 2354/2925/2889 2359/2910/2898 2360/2912/2899 2355/2892/2890
f 2355/2892/2890 2360/2912/2899 2361/2909/2900 2356/2893/2892
f 2356/2893/2892 2361/2909/2900 2362/2890/2901 2357/2894/2894
f 2357/2894/2894 2362/2890/2901 2363/2907/2902 2358/2931/2896
s 3
f 2349/2877/2903 2350/2928/2904 2365/2896/2905 2364/2895/2906
s 4
f 2354/2882/2907 2349/2930/2908 2364/2895/2909 2367/2923/2910
s 3
f 2350/2878/2904 2351/2922/2911 2368/2898/2912 2365/2896/2905
f 2351/2879/2911 2352/2920/2913 2370/2899/2914 2368/2898/2912
f 2352/2880/2913 2353/2918/2915 2372/2900/2916 2370/2899/2914
f 2353/2881/2915 2358/2916/2917 2373/2914/2918 2372/2900/2916
s 5
f 2360/2888/2919 2359/2911/2920 2375/2903/2921 2374/2902/2922
s 4
f 2359/2887/2923 2354/2926/2907 2367/2897/2910 2375/2903/2924
s 5
f 2361/2889/2925 2360/2913/2919 2374/2902/2922 2376/2904/2926
f 2362/2890/2927 2361/2909/2925 2376/2904/2926 2377/2905/2928
f 2358/2886/2929 2363/2932/2930 2378/2906/2931 2373/2901/2932
f 2363/2891/2930 2362/2908/2927 2377/2905/2928 2378/2906/2931
g default
v -8.692974 2.667424 3.997615
v -8.676444 3.011285 3.611119
v -8.788321 3.359578 3.381566
v -9.013581 3.672153 3.229132
v -9.270772 3.842271 3.163007
v -8.763425 2.668597 4.081769
v -8.995785 2.919235 3.908690
v -9.152588 3.293681 3.772205
v -9.361555 3.601262 3.592982
v -9.666142 4.058876 3.306685
v -8.833876 2.669769 4.165924
v -9.206679 3.020108 4.244493
v -9.447748 3.370280 4.168843
v -9.639132 3.674517 3.963886
v -9.740953 3.850095 3.724646
v -8.669838 2.697081 4.016572
v -8.653308 3.040942 3.630074
v -8.972649 2.948892 3.927647
v -8.740289 2.698253 4.100726
v -8.765184 3.389235 3.400522
v -9.129452 3.323338 3.791160
v -8.990446 3.701809 3.248088
v -9.338418 3.630919 3.611937
v -9.247636 3.871928 3.181962
v -9.643005 4.088533 3.325640
v -9.183542 3.049765 4.263448
v -8.810739 2.699426 4.184879
v -9.424612 3.399937 4.187800
v -9.615996 3.704174 3.982841
v -9.717817 3.879752 3.743602
vt 0.454245 1.243508
vt 0.446921 1.231750
vt 0.444519 1.220494
vt 0.445317 1.209304
vt 0.448594 1.201425
vt 0.457863 1.244183
vt 0.459470 1.233039
vt 0.459796 1.221569
vt 0.459806 1.210575
vt 0.459591 1.193444
vt 0.462507 1.244105
vt 0.470932 1.232541
vt 0.474070 1.221218
vt 0.473254 1.209595
vt 0.469715 1.201418
vt 0.489719 1.230479
vt 0.487417 1.219257
vt 0.485556 1.208452
vt 0.455090 1.242785
vt 0.447948 1.231325
vt 0.459554 1.243184
vt 0.445632 1.220499
vt 0.446264 1.209890
vt 0.449303 1.202285
vt 0.458909 1.194323
vt 0.470123 1.231776
vt 0.462441 1.242991
vt 0.473069 1.220728
vt 0.472148 1.209646
vt 0.468770 1.202004
vt 0.475285 1.201490
vt 0.473089 1.209044
vt 0.474185 1.220680
vt 0.488515 1.240793
vt 0.463255 1.243749
vt 0.479005 1.231085
vt 0.471126 1.232257
vt 0.458702 1.194086
vt 0.483775 1.192025
vt 0.457979 1.193245
vt 0.494448 1.198479
vt 0.448350 1.201713
vt 0.498755 1.205443
vt 0.445153 1.209900
vt 0.501183 1.215771
vt 0.444609 1.220937
vt 0.457969 1.243078
vt 0.492948 1.240099
vt 0.491390 1.240487
vt 0.459632 1.244290
vt 0.500768 1.226802
vt 0.447114 1.232067
vt 0.495735 1.239313
vt 0.454989 1.243894
vt 0.483704 1.192254
vt 0.469439 1.201116
vn 0.409959 0.699639 0.585183
vn 0.514774 0.565455 0.644413
vn 0.614089 0.607970 0.503257
vn 0.535886 0.716187 0.447104
vn 0.510945 0.601624 0.613990
vn 0.615614 0.600328 0.510516
vn 0.487365 0.678958 0.549083
vn 0.560614 0.684847 0.465507
vn 0.484012 0.715769 0.503395
vn 0.538022 0.712446 0.450503
vn 0.738049 0.563861 0.370600
vn 0.657151 0.704060 0.269169
vn 0.701625 0.604777 0.376785
vn 0.633193 0.678060 0.373232
vn 0.595838 0.703680 0.387055
vn -0.409959 -0.699639 -0.585183
vn -0.535885 -0.716187 -0.447106
vn -0.614089 -0.607969 -0.503258
vn -0.514774 -0.565454 -0.644414
vn -0.615614 -0.600327 -0.510517
vn -0.510945 -0.601623 -0.613991
vn -0.560614 -0.684847 -0.465508
vn -0.487364 -0.678958 -0.549084
vn -0.538022 -0.712447 -0.450503
vn -0.484010 -0.715770 -0.503396
vn -0.657149 -0.704060 -0.269174
vn -0.738049 -0.563860 -0.370602
vn -0.701626 -0.604776 -0.376786
vn -0.633193 -0.678060 -0.373231
vn -0.595839 -0.703680 -0.387054
vn 0.834099 -0.429355 -0.346313
vn 0.815824 -0.335286 -0.471185
vn 0.807382 -0.308329 -0.503058
vn 0.834099 -0.429355 -0.346313
vn 0.535044 -0.710028 0.457808
vn 0.535045 -0.710025 0.457812
vn 0.535045 -0.710025 0.457812
vn 0.535044 -0.710028 0.457808
vn 0.690372 -0.078939 -0.719135
vn 0.678046 -0.060779 -0.732502
vn 0.515306 0.138553 -0.845732
vn 0.521428 0.132042 -0.843017
vn 0.146081 0.449343 -0.881335
vn 0.167016 0.435175 -0.884720
vn -0.007791 0.542831 -0.839805
vn -0.007791 0.542831 -0.839805
vn -0.324859 -0.316262 0.891316
vn -0.199973 -0.412140 0.888905
vn -0.199973 -0.412140 0.888905
vn -0.357261 -0.288980 0.888175
vn 0.535043 -0.710031 0.457805
vn 0.535043 -0.710031 0.457805
vn -0.588267 -0.056688 0.806677
vn -0.601744 -0.040416 0.797666
vn -0.739736 0.159195 0.653794
vn -0.736434 0.153355 0.658899
vn -0.820541 0.556363 0.131045
vn -0.835635 0.464080 0.293845
vn -0.835507 0.453267 0.310608
vn -0.820541 0.556363 0.131045
s 1
g Outsidestuff Blueberry1 Fruit Leaf13
usemtl lambert14SG
f 2394/2951/2933 2395/2952/2934 2396/2939/2935 2397/2979/2936
f 2395/2952/2934 2398/2954/2937 2399/2940/2938 2396/2939/2935
f 2398/2954/2937 2400/2955/2939 2401/2941/2940 2399/2940/2938
f 2400/2955/2939 2402/2956/2941 2403/2970/2942 2401/2941/2940
f 2397/2953/2936 2396/2939/2935 2404/2958/2943 2405/2959/2944
f 2396/2939/2935 2399/2940/2938 2406/2960/2945 2404/2958/2943
f 2399/2940/2938 2401/2941/2940 2407/2961/2946 2406/2960/2945
f 2401/2941/2940 2403/2957/2942 2408/2962/2947 2407/2961/2946
s 2
f 2379/2985/2948 2384/2980/2949 2385/2948/2950 2380/2983/2951
f 2380/2983/2951 2385/2948/2950 2386/2949/2952 2381/2977/2953
f 2381/2977/2953 2386/2949/2952 2387/2950/2954 2382/2975/2955
f 2382/2975/2955 2387/2950/2954 2388/2971/2956 2383/2973/2957
f 2384/2981/2949 2389/2966/2958 2390/2968/2959 2385/2948/2950
f 2385/2948/2950 2390/2968/2959 2391/2965/2960 2386/2949/2952
f 2386/2949/2952 2391/2965/2960 2392/2946/2961 2387/2950/2954
f 2387/2950/2954 2392/2946/2961 2393/2963/2962 2388/2987/2956
s 3
f 2379/2933/2963 2380/2984/2964 2395/2952/2965 2394/2951/2966
s 4
f 2384/2938/2967 2379/2986/2968 2394/2951/2969 2397/2979/2970
s 3
f 2380/2934/2964 2381/2978/2971 2398/2954/2972 2395/2952/2965
f 2381/2935/2971 2382/2976/2973 2400/2955/2974 2398/2954/2972
f 2382/2936/2973 2383/2974/2975 2402/2956/2976 2400/2955/2974
f 2383/2937/2975 2388/2972/2977 2403/2970/2978 2402/2956/2976
s 5
f 2390/2944/2979 2389/2967/2980 2405/2959/2981 2404/2958/2982
s 4
f 2389/2943/2983 2384/2982/2967 2397/2953/2970 2405/2959/2984
s 5
f 2391/2945/2985 2390/2969/2979 2404/2958/2982 2406/2960/2986
f 2392/2946/2987 2391/2965/2985 2406/2960/2986 2407/2961/2988
f 2388/2942/2989 2393/2988/2990 2408/2962/2991 2403/2957/2992
f 2393/2947/2990 2392/2964/2987 2407/2961/2988 2408/2962/2991
g default
v -7.970538 -0.256145 -0.309560
v -8.026564 -0.257145 -0.386905
v -8.103235 -0.263902 -0.443443
v -8.193067 -0.275757 -0.473635
v -8.287256 -0.291550 -0.474529
v -8.376587 -0.309734 -0.446037
v -8.452306 -0.328529 -0.390948
v -8.507009 -0.346095 -0.314654
v -8.535338 -0.360714 -0.224624
v -8.534523 -0.370953 -0.129669
v -8.504642 -0.375811 -0.039086
v -8.448619 -0.374812 0.038260
v -8.371941 -0.368054 0.094795
v -8.282111 -0.356199 0.124989
v -8.187920 -0.340406 0.125882
v -8.098592 -0.322222 0.097390
v -8.022871 -0.303427 0.042301
v -7.968174 -0.285861 -0.033992
v -7.939841 -0.271243 -0.124022
v -7.940659 -0.261004 -0.218977
v -7.721878 -0.127703 -0.433810
v -7.832543 -0.129677 -0.586595
v -7.984018 -0.143027 -0.698276
v -8.161469 -0.166446 -0.757918
v -8.347526 -0.197642 -0.759684
v -8.523981 -0.233563 -0.703402
v -8.673558 -0.270690 -0.594580
v -8.781620 -0.305391 -0.443870
v -8.837589 -0.334268 -0.266026
v -8.835972 -0.354494 -0.078456
v -8.776951 -0.364091 0.100481
v -8.666281 -0.362117 0.253266
v -8.514807 -0.348767 0.364946
v -8.337357 -0.325348 0.424589
v -8.151298 -0.294151 0.426355
v -7.974845 -0.258232 0.370072
v -7.825266 -0.221104 0.261251
v -7.717204 -0.186403 0.110541
v -7.661241 -0.157526 -0.067303
v -7.662851 -0.137300 -0.254873
v -7.493771 0.042630 -0.546584
v -7.656354 0.039731 -0.771048
v -7.878891 0.020118 -0.935122
v -8.139595 -0.014290 -1.022746
v -8.412936 -0.060121 -1.025341
v -8.672174 -0.112893 -0.942654
v -8.891926 -0.167438 -0.782779
v -9.050688 -0.218419 -0.561364
v -9.132900 -0.260842 -0.300086
v -9.130535 -0.290558 -0.024519
v -9.043816 -0.304656 0.238364
v -8.881237 -0.301758 0.462830
v -8.658697 -0.282144 0.626902
v -8.397997 -0.247738 0.714526
v -8.124649 -0.201906 0.717121
v -7.865416 -0.149135 0.634435
v -7.645660 -0.094589 0.474560
v -7.486905 -0.043609 0.253145
v -7.404685 -0.001184 -0.008133
v -7.407055 0.028531 -0.283701
v -7.291828 0.250661 -0.645107
v -7.502327 0.246908 -0.935723
v -7.790443 0.221515 -1.148151
v -8.127977 0.176968 -1.261599
v -8.481879 0.117629 -1.264958
v -8.817517 0.049305 -1.157903
v -9.102034 -0.021316 -0.950911
v -9.307573 -0.087320 -0.664244
v -9.414023 -0.142247 -0.325965
v -9.410966 -0.180721 0.030816
v -9.298683 -0.198973 0.371171
v -9.088185 -0.195220 0.661787
v -8.800068 -0.169827 0.874215
v -8.462537 -0.125280 0.987662
v -8.108632 -0.065941 0.991022
v -7.772996 0.002383 0.883967
v -7.488486 0.073002 0.676976
v -7.282938 0.139008 0.390309
v -7.176489 0.193935 0.052029
v -7.179555 0.232407 -0.304750
v -7.121023 0.491266 -0.726954
v -7.374254 0.486751 -1.076566
v -7.720860 0.456203 -1.332117
v -8.126909 0.402614 -1.468595
v -8.552657 0.331228 -1.472636
v -8.956434 0.249034 -1.343848
v -9.298702 0.164078 -1.094836
v -9.545973 0.084674 -0.749976
v -9.674028 0.018597 -0.343026
v -9.670349 -0.027687 0.086183
v -9.535274 -0.049644 0.495631
v -9.282046 -0.045130 0.845243
v -8.935440 -0.014582 1.100794
v -8.529392 0.039007 1.237272
v -8.103640 0.110393 1.241313
v -7.699867 0.192587 1.112525
v -7.357598 0.277543 0.863513
v -7.110329 0.356947 0.518653
v -6.982269 0.423025 0.111702
v -6.985958 0.469307 -0.317504
v -6.985560 0.758523 -0.790109
v -7.275290 0.753356 -1.190107
v -7.671846 0.718406 -1.482489
v -8.136417 0.657093 -1.638636
v -8.623527 0.575420 -1.643260
v -9.085493 0.481379 -1.495911
v -9.477093 0.384179 -1.211011
v -9.759998 0.293332 -0.816449
v -9.906511 0.217731 -0.350847
v -9.902302 0.164776 0.140220
v -9.747759 0.139654 0.608680
v -9.458035 0.144820 1.008678
v -9.061475 0.179770 1.301060
v -8.596907 0.241083 1.457206
v -8.109795 0.322757 1.461830
v -7.647830 0.416797 1.314481
v -7.256229 0.513998 1.029581
v -6.973326 0.604844 0.635019
v -6.826813 0.680445 0.169418
v -6.831030 0.733398 -0.321648
v -6.888780 1.045848 -0.833015
v -7.207870 1.040159 -1.273552
v -7.644613 1.001667 -1.595566
v -8.156269 0.934140 -1.767536
v -8.692742 0.844189 -1.772630
v -9.201525 0.740619 -1.610347
v -9.632813 0.633567 -1.296575
v -9.944395 0.533512 -0.862025
v -10.105751 0.450251 -0.349237
v -10.101114 0.391930 0.191596
v -9.930910 0.364261 0.707532
v -9.611828 0.369950 1.148069
v -9.175075 0.408443 1.470082
v -8.663422 0.475970 1.642052
v -8.126946 0.565921 1.647146
v -7.618166 0.669491 1.484863
v -7.186881 0.776542 1.171091
v -6.875304 0.876596 0.736542
v -6.713940 0.959859 0.223753
v -6.718585 1.018178 -0.317079
v -6.833056 1.346170 -0.854619
v -7.173650 1.340097 -1.324846
v -7.639832 1.299010 -1.668562
v -8.185969 1.226933 -1.852123
v -8.758599 1.130920 -1.857559
v -9.301680 1.020368 -1.684339
v -9.762027 0.906102 -1.349419
v -10.094601 0.799305 -0.885584
v -10.266840 0.710431 -0.338236
v -10.261887 0.648180 0.239047
v -10.080215 0.618646 0.789754
v -9.739622 0.624720 1.259981
v -9.273438 0.665806 1.603697
v -8.727310 0.737882 1.787259
v -8.154672 0.833897 1.792694
v -7.611600 0.944447 1.619475
v -7.151244 1.058714 1.284555
v -6.818674 1.165510 0.820720
v -6.646436 1.254384 0.273372
v -6.651390 1.316635 -0.303911
v -6.819770 1.652091 -0.854386
v -7.173483 1.645784 -1.342725
v -7.657619 1.603115 -1.699681
v -8.224795 1.528261 -1.890310
v -8.819479 1.428550 -1.895957
v -9.383469 1.313741 -1.716065
v -9.861557 1.195073 -1.368245
v -10.206938 1.084163 -0.886544
v -10.385812 0.991866 -0.318113
v -10.380663 0.927218 0.281404
v -10.191999 0.896546 0.853323
v -9.838285 0.902853 1.341662
v -9.354151 0.945521 1.698617
v -8.786976 1.020376 1.889247
v -8.192289 1.120087 1.894893
v -7.628303 1.234895 1.715002
v -7.150213 1.353563 1.367182
v -6.804832 1.464473 0.885482
v -6.625958 1.556771 0.317051
v -6.631108 1.621419 -0.282466
v -6.849241 1.956079 -0.832323
v -7.207366 1.949693 -1.326749
v -7.697538 1.906492 -1.688153
v -8.271777 1.830706 -1.881161
v -8.873878 1.729752 -1.886877
v -9.444901 1.613512 -1.704743
v -9.928950 1.493364 -1.352587
v -10.278639 1.381071 -0.864881
v -10.459738 1.287624 -0.289366
v -10.454525 1.222170 0.317625
v -10.263512 1.191115 0.896673
v -9.905392 1.197501 1.391100
v -9.415217 1.240701 1.752504
v -8.840971 1.316489 1.945510
v -8.238871 1.417444 1.951226
v -7.667851 1.533683 1.769092
v -7.183808 1.653830 1.416938
v -6.834119 1.766123 0.929232
v -6.653014 1.859571 0.353715
v -6.658227 1.925025 -0.253274
v -6.920752 2.250649 -0.788974
v -7.274465 2.244342 -1.277312
v -7.758601 2.201673 -1.634269
v -8.325777 2.126819 -1.824898
v -8.920460 2.027108 -1.830545
v -9.484450 1.912299 -1.650653
v -9.962538 1.793631 -1.302833
v -10.307920 1.682721 -0.821131
v -10.486793 1.590424 -0.252701
v -10.481644 1.525776 0.346816
v -10.292981 1.495104 0.918736
v -9.939267 1.501411 1.407074
v -9.455132 1.544080 1.764029
v -8.887957 1.618934 1.954659
v -8.293270 1.718645 1.960305
v -7.729284 1.833453 1.780415
v -7.251195 1.952121 1.432594
v -6.905814 2.063032 0.950894
v -6.726939 2.155329 0.382463
v -6.732090 2.219977 -0.217054
v -7.032533 2.528548 -0.725405
v -7.373126 2.522475 -1.195632
v -7.839309 2.481389 -1.539348
v -8.385446 2.409312 -1.722909
v -8.958076 2.313298 -1.728345
v -9.501156 2.202746 -1.555125
v -9.961504 2.088481 -1.220206
v -10.294077 1.981684 -0.756370
v -10.466316 1.892810 -0.209022
v -10.461363 1.830559 0.368260
v -10.279692 1.801025 0.918968
v -9.939098 1.807099 1.389195
v -9.472916 1.848185 1.732911
v -8.926786 1.920261 1.916472
v -8.354149 2.016276 1.921908
v -7.811077 2.126826 1.748688
v -7.350721 2.241093 1.413769
v -7.018151 2.347889 0.949934
v -6.845913 2.436763 0.402586
v -6.850866 2.499014 -0.174697
v -7.181840 2.782933 -0.643182
v -7.500929 2.777243 -1.083718
v -7.937674 2.738752 -1.405733
v -8.449329 2.671225 -1.577703
v -8.985803 2.581274 -1.582796
v -9.494585 2.477704 -1.420514
v -9.925874 2.370652 -1.106741
v -10.237453 2.270597 -0.672191
v -10.398811 2.187336 -0.159404
v -10.394175 2.129015 0.381429
v -10.223970 2.101346 0.897365
v -9.904888 2.107035 1.337902
v -9.468135 2.145528 1.659915
v -8.956481 2.213055 1.831885
v -8.420007 2.303006 1.836979
v -7.911226 2.406576 1.674696
v -7.479940 2.513627 1.360924
v -7.168365 2.613681 0.926375
v -7.007000 2.696944 0.413587
v -7.011644 2.755264 -0.127245
v -7.364987 3.007541 -0.544330
v -7.654716 3.002375 -0.944328
v -8.051273 2.967425 -1.236710
v -8.515844 2.906112 -1.392857
v -9.002954 2.824438 -1.397481
v -9.464922 2.730398 -1.250132
v -9.856521 2.633198 -0.965232
v -10.139425 2.542351 -0.570670
v -10.285938 2.466750 -0.105068
v -10.281729 2.413795 0.385999
v -10.127186 2.388673 0.854458
v -9.837461 2.393839 1.254457
v -9.440903 2.428789 1.546839
v -8.976334 2.490102 1.702985
v -8.489223 2.571776 1.707609
v -8.027257 2.665816 1.560260
v -7.635656 2.763017 1.275360
v -7.352754 2.853863 0.880798
v -7.206241 2.929464 0.415197
v -7.210457 2.982417 -0.075869
v -7.577476 3.196840 -0.431282
v -7.830706 3.192324 -0.780893
v -8.177312 3.161777 -1.036445
v -8.583361 3.108187 -1.172922
v -9.009109 3.036802 -1.176963
v -9.412886 2.954607 -1.048175
v -9.755156 2.869651 -0.799163
v -10.002425 2.790247 -0.454303
v -10.130480 2.724171 -0.047353
v -10.126801 2.677886 0.381855
v -9.991725 2.655929 0.791303
v -9.738498 2.660444 1.140916
v -9.391891 2.690992 1.396467
v -8.985844 2.744581 1.532944
v -8.560091 2.815967 1.536985
v -8.156319 2.898161 1.408198
v -7.814050 2.983117 1.159186
v -7.566780 3.062521 0.814326
v -7.438721 3.128598 0.407375
v -7.442410 3.174881 -0.021832
v -8.669625 3.086861 0.124882
v -8.698342 3.086348 0.085241
v -8.737638 3.082885 0.056262
v -8.783686 3.076808 0.040788
v -8.831958 3.068714 0.040329
v -8.877743 3.059394 0.054932
v -8.916557 3.049760 0.083168
v -8.944590 3.040757 0.122272
v -8.959110 3.033265 0.168416
v -8.958695 3.028016 0.217085
v -8.943377 3.025527 0.263512
v -8.914663 3.026039 0.303154
v -8.875366 3.029501 0.332132
v -8.829320 3.035579 0.347607
v -8.781043 3.043674 0.348065
v -8.735264 3.052993 0.333463
v -8.696449 3.062627 0.305226
v -8.668417 3.071629 0.266123
v -8.653892 3.079123 0.219978
v -8.654309 3.084371 0.171310
v -8.233614 -0.339532 -0.176897
v -7.733597 3.246268 -0.350281
v -7.778092 3.255180 -0.327315
v -7.823412 3.254198 -0.304154
v -7.867825 3.243362 -0.281683
v -7.956956 3.242285 -0.658651
v -7.992763 3.251352 -0.623686
v -8.028883 3.250535 -0.587833
v -8.063951 3.239865 -0.552456
v -8.262671 3.215341 -0.884056
v -8.286581 3.225457 -0.840321
v -8.310121 3.225748 -0.795190
v -8.332400 3.216205 -0.750379
v -8.620823 3.168073 -1.004432
v -8.630796 3.180029 -0.956015
v -8.639594 3.182265 -0.905929
v -8.646883 3.174700 -0.856079
v -8.996346 3.105109 -1.007999
v -8.991711 3.119514 -0.959441
v -8.985050 3.124342 -0.909208
v -8.976619 3.119414 -0.859210
v -9.352487 3.032611 -0.894402
v -9.333998 3.049836 -0.850265
v -9.312679 3.057648 -0.804708
v -9.289339 3.055755 -0.759465
v -9.654383 2.957676 -0.674766
v -9.624151 2.977817 -0.639172
v -9.590405 2.988714 -0.602657
v -9.554428 2.989956 -0.566606
v -9.872484 2.887640 -0.370588
v -9.833759 2.910506 -0.346830
v -9.791033 2.924286 -0.322835
v -9.745934 2.928459 -0.299513
v -9.985434 2.829358 -0.011643
v -9.942318 2.854491 -0.001852
v -9.894940 2.870671 0.007369
v -9.845121 2.877281 0.015669
v -9.982183 2.788534 0.366931
v -9.939196 2.815256 0.361994
v -9.891951 2.833116 0.355630
v -9.842261 2.841436 0.348087
v -9.863047 2.769166 0.728080
v -9.824694 2.796641 0.709091
v -9.782354 2.815299 0.687861
v -9.737657 2.824428 0.665204
v -9.639692 2.773148 1.036450
v -9.610025 2.800469 1.005461
v -9.576880 2.818962 0.971540
v -9.541525 2.827926 0.935975
v -9.333972 2.800093 1.261854
v -9.316207 2.826365 1.222097
v -9.295650 2.843748 1.178898
v -9.273082 2.851585 1.133899
v -8.975822 2.847360 1.382232
v -8.971989 2.871794 1.337790
v -8.966173 2.887231 1.289635
v -8.958597 2.893090 1.239600
v -8.600297 2.910325 1.385797
v -8.611072 2.932309 1.341215
v -8.620714 2.945155 1.292914
v -8.628857 2.948378 1.242731
v -8.244159 2.982822 1.272201
v -8.268787 3.001986 1.232041
v -8.293089 3.011847 1.188415
v -8.316142 3.012035 1.142986
v -7.942261 3.057757 1.052565
v -7.978638 3.074005 1.020949
v -8.015366 3.080782 0.986364
v -8.051056 3.077834 0.950127
v -7.724164 3.127793 0.748387
v -7.769027 3.141316 0.728607
v -7.814732 3.145211 0.706542
v -7.859541 3.139333 0.683034
v -7.611211 3.186076 0.389442
v -7.660468 3.197331 0.383628
v -7.710826 3.198826 0.376339
v -7.760361 3.190509 0.367852
v -7.614465 3.226899 0.010867
v -7.663595 3.236566 0.019783
v -7.713817 3.236380 0.028076
v -7.763218 3.226355 0.035434
v -7.958573 3.210620 -0.236013
v -8.000534 3.191673 -0.214985
v -8.039658 3.166218 -0.195555
v -8.075134 3.134776 -0.178128
v -8.135239 3.207469 -0.479919
v -8.168070 3.188686 -0.446288
v -8.198420 3.163387 -0.414741
v -8.225658 3.132091 -0.385932
v -8.377048 3.186158 -0.658204
v -8.397387 3.168475 -0.615361
v -8.415725 3.144234 -0.574957
v -8.431669 3.113935 -0.537831
v -8.660327 3.148772 -0.753416
v -8.666035 3.133020 -0.705654
v -8.670291 3.110638 -0.660520
v -8.673025 3.082081 -0.618950
v -8.957349 3.098970 -0.756236
v -8.947704 3.085792 -0.708329
v -8.937210 3.065883 -0.663055
v -8.926083 3.039651 -0.621353
v -9.239044 3.041626 -0.666387
v -9.214840 3.031412 -0.623123
v -9.190357 3.014351 -0.582311
v -9.166080 2.990796 -0.544804
v -9.477823 2.982357 -0.492665
v -9.441290 2.975205 -0.458376
v -9.404937 2.961089 -0.426196
v -9.369528 2.940298 -0.396792
v -9.650334 2.926961 -0.252074
v -9.604881 2.922671 -0.230216
v -9.559965 2.911307 -0.209988
v -9.516495 2.893102 -0.191812
v -9.739676 2.880862 0.031835
v -9.689609 2.878954 0.039024
v -9.640244 2.869882 0.045147
v -9.592611 2.853827 0.050075
v -9.737105 2.848573 0.331269
v -9.687168 2.848333 0.322988
v -9.637934 2.840865 0.314235
v -9.590425 2.826316 0.305191
v -9.642874 2.833254 0.616921
v -9.597809 2.833805 0.593881
v -9.553253 2.827098 0.570937
v -9.510138 2.813265 0.548562
v -9.466208 2.836404 0.860826
v -9.430267 2.836793 0.825185
v -9.394499 2.829928 0.790124
v -9.359620 2.815948 0.756367
v -9.224395 2.857716 1.039110
v -9.200953 2.857003 0.994258
v -9.177192 2.849080 0.950338
v -9.153608 2.834105 0.908264
v -8.941120 2.895102 1.134323
v -8.932308 2.892458 1.084552
v -8.922626 2.882677 1.035902
v -8.912251 2.865959 0.989384
v -8.644093 2.944905 1.137142
v -8.650634 2.939687 1.087225
v -8.655702 2.927433 1.038436
v -8.659191 2.908389 0.991787
v -8.362402 3.002247 1.047294
v -8.383503 2.994066 1.002021
v -8.402560 2.978963 0.957693
v -8.419197 2.957244 0.915237
v -8.123619 3.061517 0.873572
v -8.157051 3.050273 0.837273
v -8.187980 3.032225 0.801578
v -8.215752 3.007742 0.767227
v -7.951112 3.116912 0.632981
v -7.993456 3.102808 0.609112
v -8.032951 3.082007 0.585370
v -8.068785 3.054937 0.562248
v -7.861773 3.163011 0.349073
v -7.908733 3.146524 0.339873
v -7.952667 3.123434 0.330235
v -7.992662 3.094213 0.320359
v -7.864344 3.195300 0.049638
v -7.911170 3.177145 0.055908
v -7.954981 3.152450 0.061147
v -7.994853 3.121724 0.065243
v -8.685491 3.150239 0.133119
v -8.696815 3.187156 0.140565
v -8.704027 3.212986 0.147691
v -8.710908 3.238918 0.156771
v -8.717788 3.265005 0.167861
v -8.725027 3.291251 0.181000
v -8.733040 3.317613 0.196187
v -8.742296 3.344002 0.213376
v -8.753310 3.370278 0.232446
v -8.766634 3.396242 0.253188
v -8.782804 3.421628 0.275266
v -8.802273 3.446117 0.298213
v -8.825332 3.469318 0.321409
v -8.850702 3.490277 0.343359
v -8.876507 3.508782 0.363105
v -8.902486 3.525949 0.381290
v -8.929060 3.542949 0.398829
v -8.956966 3.560847 0.416625
v -8.987007 3.580609 0.435494
v -9.019920 3.603133 0.456147
v -9.056351 3.629271 0.479210
v -9.096817 3.659844 0.505238
v -9.141768 3.695642 0.534741
v -9.191557 3.737432 0.568189
v -8.714047 3.147318 0.092537
v -8.726664 3.186585 0.099883
v -8.735514 3.215575 0.107378
v -8.743862 3.244341 0.116946
v -8.752041 3.272833 0.128542
v -8.760412 3.300975 0.142091
v -8.769388 3.328673 0.157479
v -8.779410 3.355816 0.174551
v -8.790943 3.382267 0.193099
v -8.804461 3.407860 0.212847
v -8.820393 3.432395 0.233435
v -8.839124 3.455642 0.254424
v -8.860855 3.477355 0.275284
v -8.884653 3.496923 0.294914
v -8.909107 3.514398 0.312705
v -8.934113 3.530859 0.329313
v -8.960136 3.547408 0.345598
v -8.987858 3.565059 0.362396
v -9.018023 3.584733 0.380459
v -9.051291 3.607298 0.400446
v -9.088235 3.633577 0.422941
v -9.129336 3.664369 0.448474
v -9.174978 3.700448 0.477526
v -9.225503 3.742562 0.510554
v -9.342421 3.596428 0.597248
v -8.752813 3.139234 0.062489
v -8.766383 3.179394 0.069599
v -8.776836 3.210970 0.077471
v -8.786596 3.241910 0.087466
v -8.795999 3.272067 0.099427
v -8.805395 3.301296 0.113157
v -8.815186 3.329462 0.128426
v -8.825775 3.356443 0.144974
v -8.837549 3.382126 0.162503
v -8.850901 3.406392 0.180690
v -8.866156 3.429125 0.199170
v -8.883591 3.450220 0.217556
v -8.903378 3.469590 0.235455
v -8.924995 3.487066 0.252263
v -8.947708 3.503011 0.267822
v -8.971601 3.518423 0.282771
v -8.997135 3.534304 0.297866
v -9.024910 3.551579 0.313833
v -9.055551 3.571104 0.331325
v -9.089592 3.593698 0.350924
v -9.127519 3.620145 0.373158
v -9.169718 3.651208 0.398508
v -9.216530 3.687632 0.427432
v -9.268246 3.730145 0.460356
v -8.797993 3.126777 0.045919
v -8.812082 3.166289 0.052678
v -8.823952 3.199619 0.060898
v -8.834931 3.231862 0.071218
v -8.845354 3.262782 0.083365
v -8.855570 3.292181 0.097032
v -8.865948 3.319901 0.111875
v -8.876841 3.345824 0.127538
v -8.888571 3.369867 0.143657
v -8.901416 3.391979 0.159867
v -8.915613 3.412140 0.175827
v -8.931334 3.430380 0.191223
v -8.948724 3.446785 0.205822
v -8.967792 3.461671 0.219588
v -8.988549 3.475734 0.232856
v -9.011280 3.489864 0.246223
v -9.036438 3.504924 0.260307
v -9.064500 3.521730 0.275692
v -9.095909 3.541063 0.292903
v -9.131076 3.563672 0.312433
v -9.170342 3.590294 0.334733
v -9.214008 3.621652 0.360239
v -9.262348 3.658454 0.389365
v -9.315599 3.701403 0.422515
v -8.845158 3.111168 0.044447
v -8.859287 3.148551 0.050774
v -8.872250 3.182637 0.059281
v -8.884136 3.215180 0.069791
v -8.895282 3.245886 0.081931
v -8.906029 3.274524 0.095293
v -8.916704 3.300928 0.109444
v -8.927614 3.324999 0.123952
v -8.939003 3.346694 0.138401
v -8.951057 3.366034 0.152417
v -8.963919 3.383104 0.165689
v -8.977669 3.398066 0.178001
v -8.992459 3.411172 0.189283
v -9.008841 3.423224 0.200083
v -9.027617 3.435239 0.211226
v -9.049272 3.447974 0.223245
v -9.074208 3.462141 0.236599
v -9.102743 3.478435 0.251704
v -9.135159 3.497545 0.268956
v -9.171681 3.520154 0.288739
v -9.212524 3.546944 0.311432
v -9.257881 3.578592 0.337409
v -9.307948 3.615768 0.367049
v -9.362928 3.659142 0.400730
v -8.889704 3.093932 0.058216
v -8.903378 3.127918 0.064075
v -8.916993 3.161685 0.072779
v -8.929394 3.193498 0.083324
v -8.940898 3.223034 0.095263
v -8.951830 3.250053 0.108111
v -8.962491 3.274400 0.121373
v -8.973127 3.296004 0.134567
v -8.983917 3.314872 0.147253
v -8.994972 3.331095 0.159066
v -9.006339 3.344858 0.169749
v -9.018066 3.356438 0.179184
v -9.030300 3.366235 0.187459
v -9.044131 3.375487 0.195659
v -9.061101 3.385486 0.205051
v -9.081854 3.396853 0.216088
v -9.106734 3.410142 0.229061
v -9.135908 3.425928 0.244221
v -9.169455 3.444810 0.261827
v -9.207438 3.467404 0.282163
v -9.249931 3.494339 0.305530
v -9.297033 3.526243 0.332254
v -9.348871 3.563752 0.362671
v -9.405596 3.607502 0.397135
v -8.927259 3.076758 0.085880
v -8.940035 3.106409 0.091279
v -8.953809 3.138813 0.100068
v -8.966269 3.168939 0.110492
v -8.977725 3.196463 0.122055
v -8.988485 3.221164 0.134230
v -8.998816 3.242915 0.146490
v -9.008921 3.261679 0.158341
v -9.018916 3.277518 0.169345
v -9.028852 3.290586 0.179167
v -9.038735 3.301146 0.187612
v -9.048571 3.309575 0.194657
v -9.058541 3.316381 0.200530
v -9.070208 3.323136 0.206749
v -9.085716 3.331352 0.214935
v -9.105843 3.341508 0.225454
v -9.130845 3.354021 0.238431
v -9.160743 3.369352 0.253972
v -9.195444 3.388023 0.272215
v -9.234842 3.410590 0.293348
v -9.278905 3.437631 0.317611
v -9.327643 3.469732 0.345279
v -9.381111 3.507499 0.376660
v -9.439442 3.551542 0.412085
v -8.954155 3.061327 0.124730
v -8.965672 3.086129 0.129721
v -8.979096 3.116261 0.138481
v -8.991160 3.143904 0.148640
v -9.002170 3.168773 0.159688
v -9.012417 3.190684 0.171096
v -9.022135 3.209552 0.182343
v -9.031487 3.225386 0.192950
v -9.040571 3.238287 0.202517
v -9.049385 3.248469 0.210751
v -9.057919 3.256250 0.217527
v -9.066195 3.262062 0.222907
v -9.074424 3.266482 0.227215
v -9.084520 3.271294 0.232269
v -9.099055 3.278132 0.239914
v -9.118876 3.287358 0.250423
v -9.144176 3.299271 0.263795
v -9.174815 3.314247 0.280007
v -9.210567 3.332745 0.299102
v -9.251215 3.355272 0.321201
v -9.296610 3.382368 0.346489
v -9.346697 3.414592 0.375209
v -9.401510 3.452517 0.407646
v -9.461130 3.496736 0.444113
v -8.967755 3.049149 0.170964
v -8.977782 3.069064 0.175642
v -8.990372 3.096238 0.184253
v -9.001627 3.120847 0.194029
v -9.011835 3.142675 0.204476
v -9.021276 3.161596 0.215099
v -9.030155 3.177579 0.225418
v -9.038630 3.190672 0.235005
v -9.046764 3.201021 0.243518
v -9.054570 3.208866 0.250726
v -9.062030 3.214559 0.256566
v -9.069216 3.218549 0.261165
v -9.076391 3.221422 0.264900
v -9.085661 3.225032 0.269718
v -9.099813 3.231031 0.277537
v -9.119693 3.239696 0.288552
v -9.145416 3.251245 0.302664
v -9.176758 3.265998 0.319772
v -9.213366 3.284378 0.339855
v -9.254946 3.306859 0.362990
v -9.301311 3.333957 0.389337
v -9.352356 3.366211 0.419114
v -9.408081 3.404181 0.452595
v -9.468561 3.448445 0.490087
v -8.966733 3.041416 0.220057
v -8.975178 3.056883 0.224545
v -8.986538 3.080700 0.232908
v -8.996643 3.102023 0.242218
v -9.005774 3.120724 0.252034
v -9.014193 3.136751 0.261930
v -9.022102 3.150125 0.271498
v -9.029643 3.160939 0.280391
v -9.036891 3.169365 0.288337
v -9.043886 3.175654 0.295178
v -9.050661 3.180156 0.300908
v -9.057342 3.183295 0.305689
v -9.064259 3.185613 0.309899
v -9.073526 3.188881 0.315432
v -9.087910 3.194666 0.324123
v -9.108210 3.203191 0.336109
v -9.134457 3.214648 0.351238
v -9.166368 3.229335 0.369378
v -9.203550 3.247662 0.390486
v -9.245685 3.270094 0.414630
v -9.292549 3.297140 0.441959
v -9.344040 3.329334 0.472695
v -9.400164 3.367228 0.507106
v -9.460993 3.411401 0.545502
v -8.951180 3.038887 0.267201
v -8.958113 3.050781 0.271641
v -8.967970 3.071170 0.279681
v -8.976694 3.089275 0.288488
v -8.984583 3.105066 0.297709
v -8.991865 3.118576 0.307005
v -8.998755 3.129877 0.316075
v -9.005402 3.139098 0.324663
v -9.011918 3.146420 0.332586
v -9.018379 3.152087 0.339758
v -9.024918 3.156410 0.346213
v -9.031723 3.159754 0.352118
v -9.039192 3.162565 0.357806
v -9.049303 3.166382 0.364936
v -9.064518 3.172596 0.375114
v -9.085541 3.181422 0.388437
v -9.112362 3.193065 0.404762
v -9.144663 3.207849 0.423967
v -9.182087 3.226192 0.446041
v -9.224324 3.248578 0.471064
v -9.271177 3.275523 0.499209
v -9.322581 3.307568 0.530708
v -9.378551 3.345275 0.565847
v -9.439175 3.389230 0.604938
v -8.922625 3.041806 0.307782
v -8.928264 3.051351 0.312323
v -8.936478 3.068583 0.319993
v -8.943741 3.083851 0.328313
v -8.950331 3.097239 0.337028
v -8.956480 3.108852 0.345915
v -8.962406 3.118817 0.354785
v -8.968287 3.127285 0.363488
v -8.974285 3.134430 0.371934
v -8.980560 3.140469 0.380100
v -8.987326 3.145645 0.388045
v -8.994873 3.150229 0.395910
v -9.003669 3.154529 0.403933
v -9.015353 3.159736 0.413383
v -9.031929 3.166978 0.425516
v -9.053919 3.176512 0.440416
v -9.081295 3.188605 0.457994
v -9.113779 3.203636 0.478199
v -9.151072 3.222069 0.501077
v -9.192957 3.244413 0.526768
v -9.239294 3.271218 0.555479
v -9.290070 3.303042 0.587476
v -9.345344 3.340469 0.623064
v -9.405229 3.384099 0.662575
v -8.883858 3.049891 0.337829
v -8.888540 3.058542 0.342606
v -8.895153 3.073188 0.349900
v -8.901005 3.086282 0.357792
v -8.906372 3.098005 0.366143
v -8.911495 3.108532 0.374848
v -8.916607 3.118030 0.383836
v -8.921927 3.126656 0.393066
v -8.927676 3.134572 0.402529
v -8.934113 3.141939 0.412255
v -8.941564 3.148915 0.422310
v -8.950407 3.155652 0.432777
v -8.961147 3.162295 0.443761
v -8.975012 3.169593 0.456033
v -8.993322 3.178367 0.470398
v -9.016432 3.188947 0.486958
v -9.044299 3.201708 0.505725
v -9.076729 3.217115 0.526762
v -9.113548 3.235697 0.550212
v -9.154654 3.258013 0.576289
v -9.200019 3.284649 0.605263
v -9.249693 3.316203 0.637440
v -9.303791 3.353285 0.673157
v -9.362488 3.396516 0.712771
v -8.838678 3.062348 0.354399
v -8.842847 3.071647 0.359529
v -8.848038 3.084538 0.366473
v -8.852676 3.096330 0.374043
v -8.857018 3.107289 0.382205
v -8.861322 3.117646 0.390975
v -8.865848 3.127589 0.400388
v -8.870856 3.137275 0.410501
v -8.876656 3.146831 0.421377
v -8.883598 3.156351 0.433078
v -8.892105 3.165900 0.445654
v -8.902662 3.175493 0.459110
v -8.915800 3.185099 0.473396
v -8.932214 3.194988 0.488709
v -8.952485 3.205643 0.505366
v -8.976748 3.217508 0.523507
v -9.004986 3.231090 0.543284
v -9.037136 3.246965 0.564903
v -9.073185 3.265739 0.588633
v -9.113167 3.288040 0.614781
v -9.157187 3.314501 0.643686
v -9.205395 3.345760 0.675710
v -9.257973 3.382463 0.711226
v -9.315136 3.425260 0.750615
v -8.791512 3.077957 0.355873
v -8.795641 3.089385 0.361432
v -8.799747 3.101520 0.368090
v -8.803471 3.113012 0.375469
v -8.807084 3.124186 0.383639
v -8.810863 3.135303 0.392712
v -8.815087 3.146562 0.402819
v -8.820081 3.158102 0.414086
v -8.826223 3.170004 0.426631
v -8.833952 3.182297 0.440528
v -8.843801 3.194936 0.455791
v -8.856327 3.207808 0.472332
v -8.872068 3.220713 0.489934
v -8.891165 3.233437 0.508214
v -8.913412 3.246139 0.526995
v -8.938761 3.259398 0.546483
v -8.967226 3.273872 0.566993
v -8.998896 3.290260 0.588891
v -9.033939 3.309257 0.612579
v -9.072563 3.331557 0.638474
v -9.115012 3.357849 0.666989
v -9.161526 3.388821 0.698540
v -9.212373 3.425149 0.733540
v -9.267807 3.467520 0.772399
v -8.746969 3.095194 0.342103
v -8.751553 3.110018 0.348131
v -8.754997 3.122473 0.354593
v -8.758211 3.134694 0.361935
v -8.761477 3.147037 0.370308
v -8.765065 3.159773 0.379896
v -8.769312 3.173088 0.390892
v -8.774571 3.187095 0.403473
v -8.781311 3.201824 0.417780
v -8.790043 3.217232 0.433878
v -8.801382 3.233179 0.451731
v -8.815933 3.249431 0.471149
v -8.834227 3.265645 0.491757
v -8.855873 3.281170 0.512637
v -8.879934 3.295887 0.533169
v -8.906180 3.310513 0.553640
v -8.934692 3.325868 0.574530
v -8.965733 3.342763 0.596374
v -8.999643 3.361988 0.619709
v -9.036810 3.384303 0.645050
v -9.077602 3.410452 0.672889
v -9.122375 3.441164 0.703695
v -9.171454 3.477162 0.737918
v -9.225142 3.519155 0.775994
v -8.709410 3.112367 0.314439
v -8.714891 3.131528 0.320927
v -8.718182 3.145344 0.327302
v -8.721334 3.159255 0.334765
v -8.724642 3.173609 0.343514
v -8.728407 3.188662 0.353775
v -8.732979 3.204576 0.365772
v -8.738777 3.221421 0.379697
v -8.746313 3.239180 0.395687
v -8.756163 3.257744 0.413778
v -8.768984 3.276893 0.433867
v -8.785424 3.296298 0.455675
v -8.805984 3.315504 0.478687
v -8.829797 3.333524 0.501547
v -8.855312 3.350027 0.523283
v -8.882192 3.365862 0.544274
v -8.910582 3.381993 0.565159
v -8.940889 3.399343 0.586621
v -8.973652 3.418778 0.609321
v -9.009401 3.441121 0.633866
v -9.048621 3.467165 0.660808
v -9.091760 3.497680 0.690669
v -9.139202 3.533420 0.723928
v -9.191290 3.575120 0.761043
v -8.682512 3.127799 0.275588
v -8.689256 3.151807 0.282484
v -8.692901 3.167896 0.288892
v -8.696447 3.184288 0.296620
v -8.700197 3.201299 0.305882
v -8.704482 3.219141 0.316910
v -8.709665 3.237937 0.329920
v -8.716206 3.257715 0.345088
v -8.724652 3.278410 0.362516
v -8.735628 3.299860 0.382195
v -8.749794 3.321791 0.403952
v -8.767797 3.343811 0.427427
v -8.790097 3.365404 0.452003
v -8.815483 3.385367 0.476028
v -8.841980 3.403246 0.498307
v -8.869158 3.420013 0.519306
v -8.897255 3.436744 0.539798
v -8.926819 3.454449 0.560589
v -8.958527 3.474057 0.582435
v -8.993037 3.496439 0.606014
v -9.030928 3.522427 0.631932
v -9.072704 3.552820 0.660740
v -9.118809 3.588402 0.692944
v -9.169603 3.629925 0.729016
v -8.668916 3.139976 0.229354
v -8.677144 3.168873 0.236564
v -8.681619 3.187920 0.243118
v -8.685980 3.207346 0.251231
v -8.690536 3.227396 0.261096
v -8.695621 3.248229 0.272908
v -8.701639 3.269911 0.286846
v -8.709066 3.292427 0.303033
v -8.718462 3.315676 0.321515
v -8.730453 3.339462 0.342221
v -8.745691 3.363481 0.364915
v -8.764780 3.387323 0.389169
v -8.788135 3.410461 0.414316
v -8.814343 3.431627 0.438578
v -8.841222 3.450344 0.460683
v -8.868341 3.467673 0.481177
v -8.896008 3.484768 0.500926
v -8.924881 3.502695 0.520822
v -8.955732 3.522423 0.541680
v -8.989298 3.544851 0.564222
v -9.026225 3.570835 0.589084
v -9.067055 3.601198 0.616836
v -9.112241 3.636736 0.647994
v -9.162170 3.678216 0.683042
v -8.669939 3.147709 0.180263
v -8.679750 3.181053 0.187662
v -8.685457 3.203457 0.194464
v -8.690964 3.226169 0.203042
v -8.696600 3.249347 0.213536
v -8.702706 3.273075 0.226077
v -8.709696 3.297365 0.240765
v -8.718056 3.322159 0.257647
v -8.728337 3.347331 0.276697
v -8.741137 3.372672 0.297769
v -8.757058 3.397883 0.320572
v -8.776662 3.422574 0.344645
v -8.800268 3.446269 0.369316
v -8.826479 3.467775 0.392864
v -8.853124 3.486709 0.414097
v -8.879826 3.504177 0.433620
v -8.906968 3.521364 0.452352
v -8.935270 3.539357 0.471217
v -8.965546 3.559138 0.491050
v -8.998566 3.581614 0.512583
v -9.034986 3.607651 0.536461
v -9.075361 3.638078 0.563253
v -9.120155 3.673687 0.593483
v -9.169741 3.715260 0.627627
v -9.224525 3.766549 0.590892
v -9.237176 3.771630 0.597943
v -9.251125 3.767825 0.603148
v -9.261412 3.756486 0.604660
v -9.290908 3.760504 0.555803
v -9.283094 3.772538 0.549932
v -9.271046 3.776883 0.541348
v -9.259058 3.772013 0.533107
v -9.327888 3.750259 0.513582
v -9.323376 3.761468 0.503883
v -9.313885 3.765187 0.492332
v -9.302808 3.760112 0.483047
v -9.368973 3.726565 0.481907
v -9.368154 3.735600 0.469387
v -9.361526 3.737639 0.455648
v -9.351456 3.731970 0.445585
v -9.410327 3.691597 0.463768
v -9.413147 3.697389 0.449763
v -9.409335 3.696915 0.434874
v -9.400258 3.690350 0.424397
v -9.448023 3.648573 0.460999
v -9.454019 3.650469 0.446965
v -9.452673 3.646978 0.432063
v -9.444454 3.639345 0.421579
v -9.478384 3.601560 0.474004
v -9.486782 3.599355 0.461341
v -9.487289 3.592698 0.447513
v -9.479729 3.583945 0.437412
v -9.498393 3.555091 0.501682
v -9.508198 3.549012 0.491575
v -9.509789 3.539376 0.479740
v -9.502612 3.529576 0.470348
v -9.505963 3.513743 0.541464
v -9.516100 3.504383 0.534780
v -9.517956 3.492232 0.525607
v -9.510877 3.481554 0.517164
v -9.500222 3.481677 0.589514
v -9.509653 3.469898 0.586764
v -9.510963 3.455905 0.580637
v -9.503695 3.444592 0.573277
v -9.481640 3.462177 0.641095
v -9.489429 3.449014 0.642417
v -9.489481 3.433977 0.639436
v -9.481785 3.422311 0.633194
v -9.452011 3.457273 0.691047
v -9.457396 3.443837 0.696233
v -9.455612 3.428610 0.696230
v -9.447277 3.416893 0.691043
v -9.414278 3.467518 0.734334
v -9.416716 3.454915 0.742864
v -9.412672 3.440345 0.745435
v -9.403559 3.428872 0.741159
v -9.372242 3.491866 0.766632
v -9.371426 3.481136 0.777698
v -9.364880 3.468006 0.782210
v -9.354885 3.457039 0.778614
v -9.330116 3.527882 0.784704
v -9.326004 3.519910 0.797280
v -9.316919 3.508885 0.802946
v -9.306031 3.498646 0.799742
v -9.292111 3.571933 0.786747
v -9.284960 3.567378 0.799680
v -9.273527 3.558963 0.805616
v -9.261802 3.549627 0.802498
v -9.262001 3.619574 0.772636
v -9.252330 3.618829 0.784705
v -9.238937 3.613327 0.789973
v -9.226509 3.605000 0.786613
v -9.242741 3.666032 0.743898
v -9.231318 3.669161 0.753896
v -9.216553 3.666629 0.757573
v -9.203635 3.659330 0.753649
v -9.236115 3.706734 0.703500
v -9.223919 3.713440 0.710355
v -9.208538 3.713657 0.711612
v -9.195393 3.707314 0.706835
v -9.242636 3.737768 0.655511
v -9.230791 3.747367 0.658407
v -9.215661 3.749813 0.656606
v -9.202590 3.744257 0.650754
v -8.374180 3.043450 -0.027250
v -8.327374 3.039923 -0.051274
v -8.280484 3.043033 -0.075191
v -8.234247 3.052730 -0.098620
v -8.189400 3.068860 -0.121190
v -8.146653 3.091168 -0.142545
v -8.461135 3.041899 -0.147300
v -8.423670 3.038206 -0.184220
v -8.386366 3.041145 -0.221369
v -8.349807 3.050669 -0.258158
v -8.314573 3.066628 -0.294004
v -8.281228 3.088769 -0.328340
v -8.580153 3.031410 -0.235050
v -8.555475 3.026589 -0.281397
v -8.531286 3.028373 -0.328218
v -8.507971 3.036729 -0.374772
v -8.485903 3.051528 -0.420323
v -8.465422 3.072533 -0.464145
v -8.719584 3.013008 -0.281915
v -8.709884 3.006211 -0.333295
v -8.701065 3.005966 -0.385281
v -8.693266 3.012275 -0.437051
v -8.686615 3.025038 -0.487783
v -8.681211 3.044055 -0.536673
v -8.865774 2.988496 -0.283302
v -8.871778 2.979066 -0.334833
v -8.879072 2.976119 -0.386971
v -8.887545 2.979700 -0.438896
v -8.897058 2.989753 -0.489781
v -8.907462 3.006118 -0.538822
v -9.004423 2.960272 -0.239079
v -9.025320 2.947810 -0.285858
v -9.047897 2.941752 -0.333123
v -9.071798 2.942193 -0.380125
v -9.096642 2.949125 -0.426122
v -9.122040 2.962439 -0.470380
v -9.121951 2.931100 -0.153573
v -9.155474 2.915505 -0.191167
v -9.191008 2.906230 -0.229006
v -9.227987 2.903424 -0.266494
v -9.265829 2.907130 -0.303034
v -9.303932 2.917289 -0.338046
v -9.206860 2.903834 -0.035155
v -9.249505 2.885310 -0.060029
v -9.294395 2.873030 -0.084815
v -9.340822 2.867190 -0.109124
v -9.388056 2.867881 -0.132571
v -9.435338 2.875094 -0.154781
v -9.250835 2.881144 0.104583
v -9.298203 2.860182 0.094722
v -9.347940 2.845402 0.085337
v -9.399265 2.837036 0.076579
v -9.451355 2.835220 0.068586
v -9.503395 2.839979 0.061485
v -9.249565 2.865252 0.251965
v -9.296799 2.842583 0.257934
v -9.346395 2.826051 0.264794
v -9.397576 2.815917 0.272439
v -9.449530 2.812341 0.280743
v -9.501433 2.815381 0.289577
v -9.203190 2.857711 0.392562
v -9.245440 2.834232 0.413634
v -9.289926 2.816869 0.435993
v -9.335947 2.805896 0.459283
v -9.382771 2.801487 0.483134
v -9.429657 2.803713 0.507172
v -9.116233 2.859262 0.512611
v -9.149141 2.835950 0.546581
v -9.184044 2.818757 0.582170
v -9.220387 2.807957 0.618820
v -9.257597 2.803719 0.655947
v -9.295080 2.806112 0.692964
v -8.997213 2.869752 0.600361
v -9.017336 2.847566 0.643756
v -9.039122 2.831530 0.689020
v -9.062221 2.821897 0.735435
v -9.086267 2.818819 0.782266
v -9.110888 2.822345 0.828769
v -8.857785 2.888153 0.647225
v -8.862930 2.867944 0.695655
v -8.869345 2.853937 0.746083
v -8.876927 2.846351 0.797714
v -8.885555 2.845309 0.849726
v -8.895098 2.850826 0.901299
v -8.711590 2.912666 0.648613
v -8.701032 2.895090 0.697192
v -8.691332 2.883784 0.747773
v -8.682644 2.878927 0.799558
v -8.675109 2.880594 0.851724
v -8.668842 2.888762 0.903446
v -8.572947 2.940889 0.604390
v -8.547495 2.926345 0.648218
v -8.522512 2.918150 0.693926
v -8.498394 2.916433 0.740788
v -8.475527 2.921222 0.788065
v -8.454269 2.932441 0.835005
v -8.455416 2.970062 0.518884
v -8.417339 2.958651 0.553527
v -8.379400 2.953672 0.589810
v -8.342205 2.955202 0.627156
v -8.306341 2.963216 0.664978
v -8.272377 2.977588 0.702672
v -8.370508 2.997327 0.400467
v -8.323309 2.988846 0.422388
v -8.276014 2.986872 0.445619
v -8.229368 2.991436 0.469788
v -8.184114 3.002466 0.494515
v -8.140970 3.019787 0.519406
v -8.326536 3.020017 0.260728
v -8.274612 3.013973 0.267638
v -8.222469 3.014500 0.275466
v -8.170933 3.021589 0.284084
v -8.120816 3.035128 0.293357
v -8.072918 3.054902 0.303140
v -8.327803 3.035909 0.113347
v -8.276014 3.031573 0.104425
v -8.224011 3.033852 0.096008
v -8.172615 3.042709 0.088225
v -8.122637 3.058005 0.081200
v -8.074873 3.079499 0.075047
vt 0.096303 1.027986
vt 0.097187 1.030964
vt 0.099400 1.033598
vt 0.102683 1.035792
vt 0.106803 1.037543
vt 0.111568 1.038894
vt 0.116825 1.039908
vt 0.122456 1.040644
vt 0.128363 1.041155
vt 0.134464 1.041481
vt 0.140684 1.041651
vt 0.146953 1.041669
vt 0.153197 1.041528
vt 0.159339 1.041202
vt 0.165289 1.040650
vt 0.170942 1.039809
vt 0.176168 1.038602
vt 0.180803 1.036943
vt 0.184637 1.034741
vt 0.187401 1.031937
vt 0.188762 1.028546
vt 0.082683 1.028968
vt 0.084543 1.034484
vt 0.088218 1.038981
vt 0.093143 1.042482
vt 0.098912 1.045120
vt 0.105245 1.047061
vt 0.111956 1.048465
vt 0.118924 1.049464
vt 0.126069 1.050164
vt 0.133337 1.050638
vt 0.140690 1.050935
vt 0.148097 1.051072
vt 0.155525 1.051045
vt 0.162940 1.050817
vt 0.170297 1.050320
vt 0.177528 1.049447
vt 0.184535 1.048041
vt 0.191161 1.045888
vt 0.197153 1.042716
vt 0.202098 1.038203
vt 0.205332 1.032028
vt 0.069149 1.031947
vt 0.072853 1.039455
vt 0.078399 1.045141
vt 0.085049 1.049329
vt 0.092346 1.052357
vt 0.100020 1.054520
vt 0.107908 1.056051
vt 0.115922 1.057133
vt 0.124015 1.057897
vt 0.132164 1.058435
vt 0.140364 1.058809
vt 0.148616 1.059045
vt 0.156923 1.059145
vt 0.165290 1.059076
vt 0.173711 1.058769
vt 0.182172 1.058105
vt 0.190632 1.056898
vt 0.199008 1.054872
vt 0.207136 1.051628
vt 0.214694 1.046605
vt 0.221072 1.039052
vt 0.056332 1.037177
vt 0.062489 1.045917
vt 0.070071 1.052142
vt 0.078374 1.056533
vt 0.087022 1.059614
vt 0.095814 1.061772
vt 0.104647 1.063286
vt 0.113477 1.064356
vt 0.122294 1.065124
vt 0.131107 1.065689
vt 0.139939 1.066114
vt 0.148817 1.066434
vt 0.157774 1.066658
vt 0.166842 1.066763
vt 0.176053 1.066691
vt 0.185437 1.066337
vt 0.195016 1.065523
vt 0.204796 1.063971
vt 0.214751 1.061245
vt 0.224780 1.056664
vt 0.234608 1.049167
vt 0.044694 1.044556
vt 0.053576 1.053665
vt 0.063148 1.059837
vt 0.072940 1.064049
vt 0.082735 1.066946
vt 0.092440 1.068953
vt 0.102021 1.070359
vt 0.111484 1.071363
vt 0.120854 1.072102
vt 0.130166 1.072670
vt 0.139468 1.073131
vt 0.148808 1.073524
vt 0.158240 1.073864
vt 0.167820 1.074142
vt 0.177609 1.074319
vt 0.187671 1.074315
vt 0.198081 1.073987
vt 0.208926 1.073095
vt 0.220318 1.071245
vt 0.232405 1.067768
vt 0.245366 1.061519
vt 0.034601 1.053843
vt 0.046173 1.062464
vt 0.057546 1.068078
vt 0.068606 1.071818
vt 0.079339 1.074357
vt 0.089766 1.076114
vt 0.099925 1.077355
vt 0.109867 1.078258
vt 0.119647 1.078946
vt 0.129326 1.079503
vt 0.138967 1.079990
vt 0.148636 1.080446
vt 0.158405 1.080894
vt 0.168346 1.081338
vt 0.178540 1.081763
vt 0.189078 1.082119
vt 0.200074 1.082313
vt 0.211676 1.082175
vt 0.224108 1.081402
vt 0.237731 1.079449
vt 0.253168 1.075309
vt 0.026345 1.064734
vt 0.040318 1.072095
vt 0.053199 1.076737
vt 0.065274 1.079780
vt 0.076733 1.081840
vt 0.087703 1.083278
vt 0.098288 1.084315
vt 0.108574 1.085095
vt 0.118642 1.085719
vt 0.128572 1.086256
vt 0.138441 1.086760
vt 0.148330 1.087271
vt 0.158318 1.087818
vt 0.168491 1.088419
vt 0.178944 1.089080
vt 0.189786 1.089791
vt 0.201152 1.090513
vt 0.213234 1.091161
vt 0.226325 1.091558
vt 0.240936 1.091360
vt 0.258024 1.089874
vt 0.020154 1.076896
vt 0.036040 1.082349
vt 0.050062 1.085701
vt 0.062879 1.087886
vt 0.074851 1.089383
vt 0.086195 1.090456
vt 0.097062 1.091264
vt 0.107568 1.091907
vt 0.117815 1.092456
vt 0.127895 1.092967
vt 0.137894 1.093482
vt 0.147902 1.094041
vt 0.158006 1.094678
vt 0.168299 1.095423
vt 0.178882 1.096307
vt 0.189874 1.097356
vt 0.201420 1.098590
vt 0.213729 1.100013
vt 0.227123 1.101596
vt 0.242181 1.103235
vt 0.260035 1.104660
vt 0.016210 1.089972
vt 0.033363 1.093032
vt 0.048110 1.094871
vt 0.061380 1.096090
vt 0.073653 1.096970
vt 0.085204 1.097652
vt 0.096217 1.098216
vt 0.106829 1.098713
vt 0.117152 1.099183
vt 0.127286 1.099661
vt 0.137325 1.100183
vt 0.147361 1.100782
vt 0.157486 1.101499
vt 0.167795 1.102376
vt 0.178391 1.103465
vt 0.189392 1.104827
vt 0.200944 1.106540
vt 0.213248 1.108698
vt 0.226616 1.111422
vt 0.241607 1.114857
vt 0.259347 1.119195
vt 0.014648 1.103585
vt 0.032313 1.103953
vt 0.047331 1.104152
vt 0.060756 1.104350
vt 0.073115 1.104589
vt 0.084710 1.104868
vt 0.095738 1.105181
vt 0.106343 1.105527
vt 0.116643 1.105914
vt 0.126740 1.106357
vt 0.136732 1.106879
vt 0.146710 1.107513
vt 0.156765 1.108299
vt 0.166992 1.109294
vt 0.177490 1.110566
vt 0.188370 1.112210
vt 0.199764 1.114356
vt 0.211849 1.117183
vt 0.224887 1.120949
vt 0.239339 1.126036
vt 0.256143 1.133067
vt 0.015565 1.117334
vt 0.032913 1.114918
vt 0.047728 1.113451
vt 0.061002 1.112626
vt 0.073232 1.112225
vt 0.084706 1.112103
vt 0.095616 1.112167
vt 0.106103 1.112363
vt 0.116282 1.112665
vt 0.126254 1.113069
vt 0.136112 1.113587
vt 0.145947 1.114247
vt 0.155844 1.115093
vt 0.165894 1.116188
vt 0.176186 1.117619
vt 0.186820 1.119508
vt 0.197903 1.122029
vt 0.209570 1.125434
vt 0.221999 1.130099
vt 0.235488 1.136601
vt 0.250632 1.145903
vt 0.019005 1.130780
vt 0.035191 1.125721
vt 0.049321 1.122674
vt 0.062132 1.120877
vt 0.074012 1.119868
vt 0.085198 1.119361
vt 0.095856 1.119183
vt 0.106111 1.119232
vt 0.116069 1.119450
vt 0.125824 1.119813
vt 0.135462 1.120322
vt 0.145067 1.121001
vt 0.154719 1.121894
vt 0.164496 1.123071
vt 0.174477 1.124632
vt 0.184741 1.126720
vt 0.195365 1.129546
vt 0.206426 1.133416
vt 0.217997 1.138790
vt 0.230160 1.146385
vt 0.243059 1.157363
vt 0.024956 1.143442
vt 0.039170 1.136136
vt 0.052141 1.131719
vt 0.064176 1.129065
vt 0.075480 1.127507
vt 0.086205 1.126647
vt 0.096470 1.126245
vt 0.106375 1.126153
vt 0.116008 1.126288
vt 0.125450 1.126608
vt 0.134778 1.127103
vt 0.144063 1.127792
vt 0.153377 1.128719
vt 0.162784 1.129957
vt 0.172346 1.131614
vt 0.182118 1.133850
vt 0.192138 1.136896
vt 0.202418 1.141091
vt 0.212911 1.146943
vt 0.223460 1.155222
vt 0.233709 1.167132
vt 0.033309 1.154771
vt 0.044865 1.145905
vt 0.056240 1.140477
vt 0.067188 1.137151
vt 0.077682 1.135140
vt 0.087763 1.133976
vt 0.097486 1.133373
vt 0.106913 1.133153
vt 0.116109 1.133209
vt 0.125134 1.133484
vt 0.134053 1.133960
vt 0.142922 1.134649
vt 0.151798 1.135593
vt 0.160731 1.136867
vt 0.169761 1.138581
vt 0.178915 1.140902
vt 0.188189 1.144068
vt 0.197525 1.148424
vt 0.206757 1.154473
vt 0.215499 1.162949
vt 0.222919 1.174916
vt 0.043782 1.164119
vt 0.156440 1.185418
vt 0.106289 1.027511
vt 0.106819 1.027641
vt 0.108159 1.028099
vt 0.110382 1.028729
vt 0.113432 1.029389
vt 0.117196 1.029990
vt 0.121545 1.030490
vt 0.126353 1.030875
vt 0.131502 1.031146
vt 0.136894 1.031310
vt 0.142395 1.031374
vt 0.147913 1.031334
vt 0.153336 1.031183
vt 0.158546 1.030907
vt 0.163411 1.030492
vt 0.167780 1.029927
vt 0.171486 1.029218
vt 0.174352 1.028415
vt 0.176224 1.027632
vt 0.177036 1.027064
vt 0.052281 1.154736
vt 0.050893 1.168357
vt 0.061685 1.148836
vt 0.057501 1.159470
vt 0.071245 1.145102
vt 0.065602 1.153596
vt 0.080692 1.142772
vt 0.074207 1.149768
vt 0.089934 1.141374
vt 0.082915 1.147326
vt 0.098951 1.140606
vt 0.091559 1.145828
vt 0.107760 1.140274
vt 0.100070 1.144982
vt 0.116390 1.140257
vt 0.108432 1.144594
vt 0.124882 1.140487
vt 0.116656 1.144538
vt 0.133279 1.140937
vt 0.124765 1.144741
vt 0.141622 1.141613
vt 0.132788 1.145172
vt 0.149951 1.142555
vt 0.140757 1.145834
vt 0.158294 1.143834
vt 0.148696 1.146764
vt 0.166671 1.145559
vt 0.156625 1.148028
vt 0.175076 1.147891
vt 0.164545 1.149732
vt 0.183462 1.151059
vt 0.172433 1.152030
vt 0.191706 1.155383
vt 0.180218 1.155133
vt 0.199538 1.161305
vt 0.187740 1.159334
vt 0.206400 1.169420
vt 0.194689 1.165010
vt 0.211101 1.180428
vt 0.200455 1.172622
vt 0.062330 1.163087
vt 0.061454 1.173127
vt 0.069339 1.157416
vt 0.065937 1.165484
vt 0.077088 1.153609
vt 0.072187 1.160033
vt 0.085116 1.151128
vt 0.079308 1.156293
vt 0.093199 1.149580
vt 0.086820 1.153815
vt 0.101231 1.148689
vt 0.094470 1.152249
vt 0.109169 1.148266
vt 0.102128 1.151336
vt 0.117004 1.148185
vt 0.109735 1.150892
vt 0.124745 1.148370
vt 0.117266 1.150793
vt 0.132408 1.148787
vt 0.124719 1.150964
vt 0.140013 1.149436
vt 0.132103 1.151368
vt 0.147578 1.150349
vt 0.139429 1.152003
vt 0.155108 1.151591
vt 0.146706 1.152899
vt 0.162595 1.153261
vt 0.153933 1.154117
vt 0.169997 1.155501
vt 0.161092 1.155750
vt 0.177226 1.158508
vt 0.168131 1.157934
vt 0.184098 1.162537
vt 0.174949 1.160848
vt 0.190282 1.167905
vt 0.181354 1.164723
vt 0.195180 1.174955
vt 0.187008 1.169829
vt 0.197784 1.183959
vt 0.191339 1.176432
vt 0.203831 1.182548
vt 0.057022 1.171287
vt 0.193457 1.184664
vt 0.067896 1.175414
vt 0.052913 1.169380
vt 0.201831 1.183066
vt 0.054957 1.170354
vt 0.199815 1.183533
vt 0.059066 1.160702
vt 0.060675 1.161908
vt 0.066801 1.154881
vt 0.068046 1.156155
vt 0.075127 1.151052
vt 0.076086 1.152332
vt 0.083616 1.148590
vt 0.084348 1.149857
vt 0.092079 1.147073
vt 0.092625 1.148323
vt 0.100437 1.146210
vt 0.100823 1.147445
vt 0.108664 1.145810
vt 0.108909 1.147033
vt 0.116763 1.145744
vt 0.116879 1.146960
vt 0.124754 1.145941
vt 0.124747 1.147150
vt 0.132663 1.146368
vt 0.132536 1.147572
vt 0.140515 1.147026
vt 0.140267 1.148226
vt 0.148334 1.147951
vt 0.147962 1.149145
vt 0.156135 1.149209
vt 0.155630 1.150396
vt 0.163916 1.150903
vt 0.163266 1.152079
vt 0.171647 1.153185
vt 0.170836 1.154341
vt 0.179251 1.156260
vt 0.178255 1.157385
vt 0.186561 1.160410
vt 0.185348 1.161478
vt 0.193256 1.165993
vt 0.191787 1.166957
vt 0.198725 1.173427
vt 0.196967 1.174204
vt 0.063584 1.173917
vt 0.191398 1.184963
vt 0.065731 1.174678
vt 0.189327 1.185234
vt 0.067719 1.166568
vt 0.069542 1.167623
vt 0.073619 1.161245
vt 0.075100 1.162440
vt 0.080440 1.157553
vt 0.081617 1.158809
vt 0.087699 1.155089
vt 0.088618 1.156366
vt 0.095134 1.153522
vt 0.095832 1.154803
vt 0.102606 1.152603
vt 0.103110 1.153882
vt 0.110046 1.152153
vt 0.110375 1.153427
vt 0.117423 1.152049
vt 0.117591 1.153319
vt 0.124730 1.152215
vt 0.124745 1.153481
vt 0.131971 1.152614
vt 0.131837 1.153874
vt 0.139154 1.153242
vt 0.138870 1.154496
vt 0.146284 1.154130
vt 0.145846 1.155373
vt 0.153356 1.155334
vt 0.152757 1.156562
vt 0.160348 1.156947
vt 0.159576 1.158151
vt 0.167204 1.159097
vt 0.166244 1.160264
vt 0.173818 1.161959
vt 0.172649 1.163067
vt 0.179994 1.165748
vt 0.178594 1.166763
vt 0.185395 1.170714
vt 0.183745 1.171578
vt 0.189470 1.177088
vt 0.187573 1.177713
vt 0.103147 1.181981
vt 0.104147 1.182679
vt 0.104728 1.183221
vt 0.105209 1.183810
vt 0.105600 1.184444
vt 0.105913 1.185122
vt 0.106163 1.185845
vt 0.106365 1.186611
vt 0.106540 1.187419
vt 0.106697 1.188274
vt 0.106857 1.189174
vt 0.107036 1.190113
vt 0.107250 1.191084
vt 0.107494 1.192036
vt 0.107746 1.192929
vt 0.107995 1.193788
vt 0.108237 1.194650
vt 0.108470 1.195557
vt 0.108691 1.196553
vt 0.108898 1.197678
vt 0.109074 1.198983
vt 0.109240 1.200503
vt 0.109406 1.202276
vt 0.109606 1.204333
vt 0.104220 1.180984
vt 0.105407 1.181834
vt 0.106109 1.182520
vt 0.106672 1.183241
vt 0.107120 1.183989
vt 0.107473 1.184761
vt 0.107750 1.185553
vt 0.107978 1.186361
vt 0.108167 1.187192
vt 0.108339 1.188044
vt 0.108511 1.188915
vt 0.108701 1.189805
vt 0.108923 1.190708
vt 0.109174 1.191594
vt 0.109435 1.192439
vt 0.109699 1.193272
vt 0.109961 1.194128
vt 0.110217 1.195050
vt 0.110464 1.196076
vt 0.110690 1.197249
vt 0.110902 1.198600
vt 0.111095 1.200163
vt 0.111282 1.201967
vt 0.105609 1.180064
vt 0.106865 1.181039
vt 0.107652 1.181872
vt 0.108270 1.182718
vt 0.108753 1.183568
vt 0.109125 1.184420
vt 0.109423 1.185264
vt 0.109656 1.186111
vt 0.109852 1.186953
vt 0.110030 1.187791
vt 0.110210 1.188625
vt 0.110405 1.189456
vt 0.110631 1.190282
vt 0.110885 1.191092
vt 0.111156 1.191883
vt 0.111434 1.192686
vt 0.111715 1.193536
vt 0.111993 1.194473
vt 0.112255 1.195537
vt 0.112506 1.196755
vt 0.112734 1.198159
vt 0.112940 1.199775
vt 0.113133 1.201627
vt 0.107354 1.179241
vt 0.108563 1.180346
vt 0.109390 1.181309
vt 0.110024 1.182265
vt 0.110518 1.183197
vt 0.110898 1.184110
vt 0.111188 1.185004
vt 0.111419 1.185870
vt 0.111616 1.186708
vt 0.111796 1.187518
vt 0.111976 1.188300
vt 0.112171 1.189058
vt 0.112393 1.189793
vt 0.112643 1.190516
vt 0.112917 1.191248
vt 0.113206 1.192023
vt 0.113502 1.192876
vt 0.113796 1.193840
vt 0.114077 1.194947
vt 0.114338 1.196223
vt 0.114571 1.197692
vt 0.114776 1.199375
vt 0.114962 1.201287
vt 0.109457 1.178573
vt 0.110531 1.179756
vt 0.111344 1.180830
vt 0.111966 1.181873
vt 0.112433 1.182886
vt 0.112792 1.183852
vt 0.113071 1.184770
vt 0.113295 1.185638
vt 0.113486 1.186454
vt 0.113663 1.187219
vt 0.113839 1.187934
vt 0.114026 1.188604
vt 0.114234 1.189236
vt 0.114470 1.189866
vt 0.114739 1.190541
vt 0.115032 1.191296
vt 0.115340 1.192161
vt 0.115640 1.193172
vt 0.115929 1.194338
vt 0.116190 1.195685
vt 0.116416 1.197230
vt 0.116607 1.198987
vt 0.116773 1.200968
vt 0.111917 1.178076
vt 0.112792 1.179270
vt 0.113528 1.180453
vt 0.114088 1.181576
vt 0.114514 1.182636
vt 0.114842 1.183629
vt 0.115100 1.184552
vt 0.115311 1.185404
vt 0.115494 1.186182
vt 0.115663 1.186887
vt 0.115829 1.187522
vt 0.116001 1.188094
vt 0.116185 1.188620
vt 0.116396 1.189159
vt 0.116650 1.189788
vt 0.116938 1.190538
vt 0.117243 1.191436
vt 0.117545 1.192500
vt 0.117824 1.193742
vt 0.118068 1.195173
vt 0.118271 1.196801
vt 0.118435 1.198636
vt 0.118569 1.200688
vt 0.114714 1.177771
vt 0.115348 1.178928
vt 0.115956 1.180182
vt 0.116424 1.181351
vt 0.116789 1.182434
vt 0.117076 1.183431
vt 0.117307 1.184339
vt 0.117502 1.185156
vt 0.117673 1.185880
vt 0.117830 1.186514
vt 0.117981 1.187064
vt 0.118130 1.187541
vt 0.118282 1.187967
vt 0.118460 1.188430
vt 0.118688 1.189027
vt 0.118958 1.189790
vt 0.119241 1.190745
vt 0.119520 1.191879
vt 0.119769 1.193205
vt 0.119976 1.194722
vt 0.120139 1.196434
vt 0.120261 1.198344
vt 0.120353 1.200462
vt 0.117812 1.177671
vt 0.118199 1.178738
vt 0.118639 1.180019
vt 0.118994 1.181196
vt 0.119282 1.182271
vt 0.119520 1.183245
vt 0.119722 1.184117
vt 0.119897 1.184883
vt 0.120053 1.185545
vt 0.120194 1.186106
vt 0.120324 1.186576
vt 0.120444 1.186973
vt 0.120560 1.187323
vt 0.120700 1.187735
vt 0.120890 1.188328
vt 0.121117 1.189128
vt 0.121357 1.190141
vt 0.121580 1.191357
vt 0.121769 1.192768
vt 0.121915 1.194368
vt 0.122018 1.196153
vt 0.122086 1.198128
vt 0.122127 1.200301
vt 0.121157 1.177768
vt 0.121328 1.178705
vt 0.121580 1.179963
vt 0.121808 1.181107
vt 0.122013 1.182141
vt 0.122197 1.183065
vt 0.122364 1.183880
vt 0.122515 1.184584
vt 0.122650 1.185182
vt 0.122769 1.185680
vt 0.122873 1.186092
vt 0.122963 1.186438
vt 0.123044 1.186749
vt 0.123142 1.187148
vt 0.123277 1.187765
vt 0.123433 1.188623
vt 0.123588 1.189701
vt 0.123719 1.190991
vt 0.123816 1.192475
vt 0.123877 1.194139
vt 0.123906 1.195981
vt 0.123910 1.198004
vt 0.123894 1.200215
vt 0.124678 1.178040
vt 0.124689 1.178828
vt 0.124760 1.180011
vt 0.124863 1.181081
vt 0.124981 1.182040
vt 0.125107 1.182892
vt 0.125232 1.183638
vt 0.125349 1.184281
vt 0.125454 1.184826
vt 0.125544 1.185285
vt 0.125617 1.185675
vt 0.125674 1.186016
vt 0.125720 1.186340
vt 0.125770 1.186765
vt 0.125827 1.187426
vt 0.125876 1.188336
vt 0.125907 1.189477
vt 0.125912 1.190824
vt 0.125892 1.192356
vt 0.125852 1.194059
vt 0.125796 1.195931
vt 0.125729 1.197978
vt 0.125655 1.200212
vt 0.128301 1.178449
vt 0.128211 1.179095
vt 0.128131 1.180158
vt 0.128122 1.181118
vt 0.128157 1.181979
vt 0.128217 1.182745
vt 0.128289 1.183421
vt 0.128361 1.184014
vt 0.128424 1.184530
vt 0.128474 1.184986
vt 0.128509 1.185392
vt 0.128527 1.185772
vt 0.128526 1.186154
vt 0.128505 1.186649
vt 0.128453 1.187373
vt 0.128365 1.188334
vt 0.128248 1.189511
vt 0.128111 1.190883
vt 0.127967 1.192433
vt 0.127821 1.194136
vt 0.127678 1.196009
vt 0.127541 1.198054
vt 0.127409 1.200279
vt 0.131949 1.178949
vt 0.131799 1.179485
vt 0.131613 1.180401
vt 0.131511 1.181232
vt 0.131466 1.181984
vt 0.131455 1.182664
vt 0.131462 1.183280
vt 0.131474 1.183845
vt 0.131481 1.184363
vt 0.131476 1.184844
vt 0.131454 1.185307
vt 0.131408 1.185768
vt 0.131332 1.186250
vt 0.131210 1.186842
vt 0.131028 1.187630
vt 0.130796 1.188621
vt 0.130534 1.189803
vt 0.130267 1.191164
vt 0.130007 1.192673
vt 0.129765 1.194363
vt 0.129544 1.196215
vt 0.129343 1.198237
vt 0.129156 1.200443
vt 0.135547 1.179504
vt 0.135348 1.179980
vt 0.135095 1.180744
vt 0.134922 1.181446
vt 0.134801 1.182097
vt 0.134714 1.182706
vt 0.134645 1.183286
vt 0.134580 1.183839
vt 0.134510 1.184378
vt 0.134426 1.184914
vt 0.134317 1.185458
vt 0.134175 1.186024
vt 0.133990 1.186626
vt 0.133746 1.187319
vt 0.133436 1.188160
vt 0.133079 1.189159
vt 0.132704 1.190316
vt 0.132336 1.191629
vt 0.131988 1.193101
vt 0.131672 1.194736
vt 0.131388 1.196537
vt 0.131133 1.198514
vt 0.130898 1.200680
vt 0.139013 1.180098
vt 0.138753 1.180562
vt 0.138458 1.181194
vt 0.138225 1.181789
vt 0.138032 1.182360
vt 0.137866 1.182924
vt 0.137709 1.183479
vt 0.137551 1.184041
vt 0.137382 1.184618
vt 0.137192 1.185217
vt 0.136971 1.185847
vt 0.136710 1.186515
vt 0.136399 1.187229
vt 0.136034 1.188012
vt 0.135619 1.188891
vt 0.135177 1.189884
vt 0.134732 1.191005
vt 0.134299 1.192251
vt 0.133899 1.193660
vt 0.133535 1.195225
vt 0.133208 1.196960
vt 0.132912 1.198875
vt 0.132638 1.200985
vt 0.142263 1.180732
vt 0.141917 1.181226
vt 0.141587 1.181760
vt 0.141300 1.182284
vt 0.141039 1.182807
vt 0.140786 1.183336
vt 0.140532 1.183885
vt 0.140269 1.184464
vt 0.139988 1.185078
vt 0.139680 1.185733
vt 0.139339 1.186434
vt 0.138958 1.187186
vt 0.138533 1.187988
vt 0.138069 1.188839
vt 0.137585 1.189743
vt 0.137097 1.190722
vt 0.136620 1.191796
vt 0.136165 1.192989
vt 0.135743 1.194320
vt 0.135356 1.195805
vt 0.135005 1.197461
vt 0.134683 1.199304
vt 0.134379 1.201349
vt 0.145226 1.181427
vt 0.144766 1.181977
vt 0.144399 1.182457
vt 0.144054 1.182932
vt 0.143718 1.183422
vt 0.143380 1.183938
vt 0.143030 1.184489
vt 0.142663 1.185083
vt 0.142274 1.185724
vt 0.141858 1.186417
vt 0.141412 1.187166
vt 0.140934 1.187973
vt 0.140422 1.188837
vt 0.139895 1.189736
vt 0.139376 1.190655
vt 0.138876 1.191616
vt 0.138399 1.192648
vt 0.137950 1.193780
vt 0.137531 1.195037
vt 0.137143 1.196442
vt 0.136785 1.198018
vt 0.136449 1.199785
vt 0.136126 1.201759
vt 0.147850 1.182203
vt 0.147257 1.182813
vt 0.146841 1.183258
vt 0.146435 1.183714
vt 0.146028 1.184192
vt 0.145610 1.184703
vt 0.145175 1.185255
vt 0.144721 1.185856
vt 0.144246 1.186509
vt 0.143749 1.187221
vt 0.143229 1.187994
vt 0.142687 1.188830
vt 0.142125 1.189728
vt 0.141569 1.190654
vt 0.141048 1.191578
vt 0.140561 1.192522
vt 0.140101 1.193511
vt 0.139678 1.194588
vt 0.139281 1.195777
vt 0.138908 1.197107
vt 0.138555 1.198607
vt 0.138217 1.200300
vt 0.137883 1.202206
vt 0.150106 1.183066
vt 0.149378 1.183717
vt 0.148907 1.184153
vt 0.148442 1.184603
vt 0.147972 1.185078
vt 0.147491 1.185587
vt 0.146994 1.186137
vt 0.146481 1.186736
vt 0.145952 1.187389
vt 0.145407 1.188101
vt 0.144848 1.188877
vt 0.144278 1.189719
vt 0.143700 1.190627
vt 0.143146 1.191560
vt 0.142644 1.192479
vt 0.142182 1.193398
vt 0.141765 1.194355
vt 0.141376 1.195380
vt 0.141010 1.196508
vt 0.140660 1.197772
vt 0.140323 1.199204
vt 0.139992 1.200831
vt 0.139654 1.202676
vt 0.151980 1.184011
vt 0.151144 1.184674
vt 0.150623 1.185111
vt 0.150111 1.185562
vt 0.149598 1.186037
vt 0.149078 1.186544
vt 0.148548 1.187089
vt 0.148007 1.187681
vt 0.147455 1.188325
vt 0.146895 1.189026
vt 0.146329 1.189790
vt 0.145763 1.190621
vt 0.145196 1.191515
vt 0.144666 1.192434
vt 0.144197 1.193333
vt 0.143785 1.194228
vt 0.143410 1.195147
vt 0.143062 1.196126
vt 0.142731 1.197201
vt 0.142410 1.198410
vt 0.142095 1.199785
vt 0.141778 1.201358
vt 0.141445 1.203153
vt 0.153475 1.185016
vt 0.152593 1.185663
vt 0.152045 1.186103
vt 0.151510 1.186557
vt 0.150980 1.187033
vt 0.150448 1.187538
vt 0.149911 1.188078
vt 0.149369 1.188660
vt 0.148823 1.189289
vt 0.148275 1.189973
vt 0.147726 1.190711
vt 0.147181 1.191512
vt 0.146654 1.192379
vt 0.146170 1.193267
vt 0.145749 1.194133
vt 0.145382 1.194990
vt 0.145052 1.195869
vt 0.144745 1.196805
vt 0.144452 1.197835
vt 0.144164 1.198998
vt 0.143876 1.200328
vt 0.143579 1.201860
vt 0.143258 1.203622
vt 0.154646 1.186129
vt 0.153794 1.186667
vt 0.153252 1.187098
vt 0.152723 1.187553
vt 0.152200 1.188031
vt 0.151678 1.188536
vt 0.151156 1.189072
vt 0.150634 1.189644
vt 0.150112 1.190257
vt 0.149593 1.190914
vt 0.149086 1.191629
vt 0.148587 1.192396
vt 0.148107 1.193217
vt 0.147675 1.194053
vt 0.147305 1.194869
vt 0.146985 1.195679
vt 0.146699 1.196513
vt 0.146433 1.197405
vt 0.146177 1.198393
vt 0.145923 1.199516
vt 0.145666 1.200810
vt 0.145397 1.202312
vt 0.145098 1.204058
vt 0.110157 1.207011
vt 0.111774 1.206756
vt 0.111984 1.211824
vt 0.113567 1.206490
vt 0.113543 1.211519
vt 0.115327 1.206254
vt 0.115086 1.211277
vt 0.117057 1.206049
vt 0.116616 1.211098
vt 0.118762 1.205880
vt 0.118132 1.210978
vt 0.120444 1.205752
vt 0.119643 1.210918
vt 0.122104 1.205668
vt 0.121155 1.210913
vt 0.123757 1.205632
vt 0.122687 1.210959
vt 0.125411 1.205645
vt 0.124240 1.211048
vt 0.127064 1.205717
vt 0.125788 1.211180
vt 0.128724 1.205841
vt 0.127389 1.211352
vt 0.130381 1.206012
vt 0.129011 1.211549
vt 0.132045 1.206224
vt 0.130662 1.211760
vt 0.133713 1.206472
vt 0.132342 1.211978
vt 0.135391 1.206761
vt 0.134010 1.212196
vt 0.137083 1.207088
vt 0.135677 1.212424
vt 0.138791 1.207451
vt 0.137340 1.212665
vt 0.140520 1.207843
vt 0.139002 1.212922
vt 0.142270 1.208261
vt 0.140658 1.213199
vt 0.144036 1.208707
vt 0.142250 1.213500
vt 0.111493 1.204033
vt 0.109779 1.205746
vt 0.113338 1.203732
vt 0.111657 1.205441
vt 0.115149 1.203445
vt 0.113485 1.205172
vt 0.116932 1.203188
vt 0.115275 1.204931
vt 0.118691 1.202970
vt 0.117034 1.204726
vt 0.120430 1.202799
vt 0.118766 1.204561
vt 0.122154 1.202683
vt 0.120474 1.204440
vt 0.123868 1.202627
vt 0.122164 1.204365
vt 0.125576 1.202634
vt 0.123845 1.204338
vt 0.127279 1.202710
vt 0.125521 1.204358
vt 0.128977 1.202852
vt 0.127193 1.204439
vt 0.130674 1.203053
vt 0.128864 1.204566
vt 0.132374 1.203308
vt 0.130531 1.204738
vt 0.134081 1.203612
vt 0.132205 1.204950
vt 0.135800 1.203960
vt 0.133889 1.205202
vt 0.137535 1.204344
vt 0.135588 1.205492
vt 0.139291 1.204758
vt 0.137305 1.205821
vt 0.141072 1.205192
vt 0.139043 1.206185
vt 0.142884 1.205636
vt 0.140808 1.206580
vt 0.144732 1.206077
vt 0.142604 1.207002
vt 0.111960 1.206714
vt 0.113725 1.206447
vt 0.115457 1.206214
vt 0.117161 1.206015
vt 0.118842 1.205854
vt 0.120502 1.205736
vt 0.122157 1.205663
vt 0.123815 1.205635
vt 0.125468 1.205658
vt 0.127125 1.205740
vt 0.128773 1.205871
vt 0.130435 1.206047
vt 0.132101 1.206265
vt 0.133783 1.206518
vt 0.135479 1.206810
vt 0.137193 1.207139
vt 0.138927 1.207501
vt 0.140684 1.207891
vt 0.144440 1.207459
vt 0.142456 1.208304
vt 0.144327 1.207881
vt 0.109868 1.206178
vt 0.144187 1.208296
vt 0.110002 1.206598
vt 0.111830 1.206295
vt 0.111754 1.206313
vt 0.111720 1.205873
vt 0.113620 1.206026
vt 0.113561 1.206045
vt 0.113536 1.205603
vt 0.115376 1.205790
vt 0.115332 1.205809
vt 0.115315 1.205365
vt 0.117103 1.205588
vt 0.117074 1.205606
vt 0.117064 1.205162
vt 0.118804 1.205426
vt 0.118789 1.205440
vt 0.118786 1.204998
vt 0.120483 1.205307
vt 0.120480 1.205317
vt 0.120483 1.204877
vt 0.122150 1.205233
vt 0.122150 1.205238
vt 0.122163 1.204801
vt 0.123815 1.205205
vt 0.123811 1.205205
vt 0.123835 1.204773
vt 0.125475 1.205226
vt 0.125471 1.205222
vt 0.125502 1.204792
vt 0.127136 1.205306
vt 0.127130 1.205297
vt 0.127167 1.204871
vt 0.128796 1.205434
vt 0.128792 1.205421
vt 0.128833 1.204998
vt 0.130451 1.205607
vt 0.130450 1.205591
vt 0.130492 1.205168
vt 0.132116 1.205823
vt 0.132115 1.205804
vt 0.132159 1.205382
vt 0.133795 1.206075
vt 0.133786 1.206052
vt 0.133838 1.205632
vt 0.135490 1.206366
vt 0.135470 1.206341
vt 0.135530 1.205922
vt 0.137202 1.206694
vt 0.137170 1.206669
vt 0.137240 1.206250
vt 0.138936 1.207056
vt 0.138889 1.207031
vt 0.138972 1.206613
vt 0.140694 1.207447
vt 0.140631 1.207424
vt 0.140730 1.207006
vt 0.142475 1.207862
vt 0.142399 1.207843
vt 0.142516 1.207425
vt 0.085755 1.174906
vt 0.101003 1.181121
vt 0.088863 1.171388
vt 0.101931 1.179829
vt 0.092952 1.168713
vt 0.103488 1.178725
vt 0.097700 1.166797
vt 0.105572 1.177850
vt 0.102869 1.165513
vt 0.108090 1.177224
vt 0.108292 1.164737
vt 0.110963 1.176847
vt 0.113853 1.164356
vt 0.114120 1.176707
vt 0.119474 1.164281
vt 0.117499 1.176773
vt 0.125096 1.164445
vt 0.121049 1.177004
vt 0.130684 1.164806
vt 0.124722 1.177343
vt 0.136210 1.165347
vt 0.128478 1.177731
vt 0.141650 1.166078
vt 0.132264 1.178131
vt 0.146979 1.167037
vt 0.136025 1.178509
vt 0.152152 1.168281
vt 0.139695 1.178891
vt 0.157087 1.169889
vt 0.143201 1.179328
vt 0.161665 1.171950
vt 0.146468 1.179886
vt 0.165712 1.174552
vt 0.149422 1.180616
vt 0.168998 1.177763
vt 0.151983 1.181548
vt 0.171238 1.181593
vt 0.154070 1.182686
vt 0.172119 1.185935
vt 0.155588 1.184009
vt 0.071405 1.168647
vt 0.071888 1.176620
vt 0.076627 1.163618
vt 0.074861 1.170415
vt 0.082841 1.160060
vt 0.079496 1.165708
vt 0.089578 1.157647
vt 0.085156 1.162312
vt 0.096563 1.156093
vt 0.091400 1.159975
vt 0.103639 1.155173
vt 0.097950 1.158453
vt 0.110723 1.154717
vt 0.104641 1.157542
vt 0.117771 1.154605
vt 0.111375 1.157085
vt 0.124765 1.154763
vt 0.118099 1.156969
vt 0.131701 1.155152
vt 0.124786 1.157118
vt 0.138577 1.155766
vt 0.131423 1.157495
vt 0.145393 1.156632
vt 0.138001 1.158092
vt 0.152136 1.157803
vt 0.144512 1.158931
vt 0.158776 1.159364
vt 0.150938 1.160063
vt 0.165249 1.161436
vt 0.157242 1.161566
vt 0.171442 1.164173
vt 0.163356 1.163549
vt 0.177153 1.167766
vt 0.169157 1.166153
vt 0.182057 1.172420
vt 0.174449 1.169540
vt 0.185650 1.178307
vt 0.178920 1.173879
vt 0.187244 1.185482
vt 0.182117 1.179293
vt 0.084020 1.179241
vt 0.183446 1.185771
vt 0.174424 1.185982
vt 0.081515 1.178795
vt 0.176712 1.185993
vt 0.079052 1.178315
vt 0.178978 1.185965
vt 0.076628 1.177797
vt 0.181222 1.185892
vt 0.074241 1.177233
vt 0.083463 1.174081
vt 0.081229 1.173218
vt 0.079053 1.172320
vt 0.076931 1.171386
vt 0.086854 1.170294
vt 0.084915 1.169177
vt 0.083045 1.168041
vt 0.081240 1.166884
vt 0.091252 1.167441
vt 0.089626 1.166165
vt 0.088071 1.164885
vt 0.086583 1.163601
vt 0.096307 1.165412
vt 0.094986 1.164039
vt 0.093730 1.162677
vt 0.092537 1.161323
vt 0.101770 1.164060
vt 0.100733 1.162630
vt 0.099754 1.161221
vt 0.098827 1.159830
vt 0.107467 1.163241
vt 0.106694 1.161778
vt 0.105968 1.160343
vt 0.105285 1.158933
vt 0.113286 1.162834
vt 0.112758 1.161351
vt 0.112266 1.159902
vt 0.111806 1.158482
vt 0.119151 1.162743
vt 0.118855 1.161248
vt 0.118582 1.159792
vt 0.118331 1.158367
vt 0.125011 1.162898
vt 0.124939 1.161399
vt 0.124879 1.159940
vt 0.124828 1.158515
vt 0.130835 1.163260
vt 0.130984 1.161763
vt 0.131132 1.160308
vt 0.131278 1.158887
vt 0.136598 1.163813
vt 0.136970 1.162329
vt 0.137326 1.160885
vt 0.137670 1.159474
vt 0.142279 1.164572
vt 0.142877 1.163112
vt 0.143446 1.161689
vt 0.143990 1.160297
vt 0.147853 1.165576
vt 0.148680 1.164154
vt 0.149467 1.162765
vt 0.150219 1.161403
vt 0.153271 1.166887
vt 0.154335 1.165523
vt 0.155348 1.164184
vt 0.156315 1.162866
vt 0.158458 1.168588
vt 0.159765 1.167307
vt 0.161013 1.166042
vt 0.162208 1.164790
vt 0.163289 1.170780
vt 0.164846 1.169617
vt 0.166339 1.168459
vt 0.167774 1.167305
vt 0.167585 1.173565
vt 0.169391 1.172571
vt 0.171134 1.171569
vt 0.172819 1.170560
vt 0.171096 1.177029
vt 0.173134 1.176273
vt 0.175115 1.175497
vt 0.177042 1.174699
vt 0.173500 1.181198
vt 0.175717 1.180772
vt 0.177890 1.180313
vt 0.180022 1.179820
vn 0.337324 -0.921239 -0.193729
vn 0.300555 -0.921895 -0.244493
vn 0.386530 -0.859945 -0.333302
vn 0.447748 -0.858854 -0.248781
vn 0.250229 -0.926329 -0.281602
vn 0.302738 -0.867329 -0.395083
vn 0.191266 -0.934111 -0.301421
vn 0.204576 -0.880284 -0.428075
vn 0.129446 -0.944476 -0.302007
vn 0.101651 -0.897542 -0.429051
vn 0.070816 -0.956411 -0.283306
vn 0.004039 -0.917413 -0.397917
vn 0.021116 -0.968748 -0.247148
vn -0.078704 -0.937951 -0.337719
vn -0.014786 -0.980277 -0.197074
vn -0.138480 -0.957146 -0.254351
vn -0.033380 -0.989872 -0.137981
vn -0.169442 -0.973121 -0.155966
vn -0.032846 -0.996593 -0.075658
vn -0.168549 -0.984310 -0.052207
vn -0.013233 -0.999781 -0.016206
vn -0.135898 -0.989618 0.046775
vn 0.023537 -0.999125 0.034561
vn -0.074675 -0.988527 0.131296
vn 0.073864 -0.994690 0.071668
vn 0.009115 -0.981142 0.193075
vn 0.132825 -0.986908 0.091486
vn 0.107276 -0.968186 0.226069
vn 0.194645 -0.976543 0.092072
vn 0.210200 -0.950929 0.227045
vn 0.253274 -0.964608 0.073372
vn 0.307812 -0.931059 0.195910
vn 0.302977 -0.952271 0.037214
vn 0.390557 -0.910520 0.135713
vn 0.338879 -0.940742 -0.012863
vn 0.450333 -0.891325 0.052343
vn 0.357473 -0.931148 -0.071953
vn 0.481291 -0.875351 -0.046039
vn 0.356937 -0.924428 -0.134275
vn 0.480401 -0.864162 -0.149798
vn 0.471360 -0.774235 -0.422352
vn 0.557754 -0.772694 -0.303074
vn 0.353110 -0.784657 -0.509537
vn 0.214582 -0.802939 -0.556097
vn 0.069332 -0.827294 -0.557475
vn -0.068420 -0.855335 -0.513537
vn -0.185190 -0.884319 -0.428585
vn -0.269552 -0.911408 -0.310932
vn -0.313240 -0.933951 -0.172093
vn -0.311981 -0.949742 -0.025664
vn -0.265903 -0.957233 0.114025
vn -0.179509 -0.955692 0.233301
vn -0.061257 -0.945270 0.320486
vn 0.077271 -0.926988 0.367045
vn 0.222520 -0.902634 0.368424
vn 0.360273 -0.874593 0.324486
vn 0.477044 -0.845608 0.239535
vn 0.561401 -0.818519 0.121881
vn 0.605091 -0.795976 -0.016960
vn 0.603834 -0.780186 -0.163387
vn 0.546912 -0.668984 -0.503336
vn 0.656964 -0.667022 -0.351396
vn 0.396281 -0.682261 -0.614395
vn 0.219818 -0.705550 -0.673706
vn 0.034792 -0.736573 -0.675463
vn -0.140681 -0.772293 -0.619493
vn -0.289429 -0.809215 -0.511276
vn -0.396887 -0.843723 -0.361404
vn -0.452539 -0.872439 -0.184551
vn -0.450937 -0.892554 0.001980
vn -0.392239 -0.902096 0.179923
vn -0.282189 -0.900133 0.331858
vn -0.131558 -0.886858 0.442917
vn 0.044906 -0.863569 0.502228
vn 0.229930 -0.832545 0.503985
vn 0.405405 -0.796825 0.448015
vn 0.554151 -0.759904 0.339799
vn 0.661610 -0.725396 0.189929
vn 0.717264 -0.696679 0.013068
vn 0.715662 -0.676565 -0.173457
vn 0.610089 -0.547219 -0.573013
vn 0.741368 -0.544878 -0.391767
vn 0.430405 -0.563056 -0.705493
vn 0.219905 -0.590837 -0.776243
vn -0.000809 -0.627844 -0.778339
vn -0.210129 -0.670454 -0.711574
vn -0.387567 -0.714497 -0.582483
vn -0.515752 -0.755661 -0.403703
vn -0.582140 -0.789914 -0.192740
vn -0.580229 -0.813909 0.029770
vn -0.510207 -0.825293 0.242036
vn -0.378931 -0.822952 0.423275
vn -0.199247 -0.807116 0.555755
vn 0.011254 -0.779335 0.626507
vn 0.231967 -0.742327 0.628603
vn 0.441288 -0.699717 0.561836
vn 0.618725 -0.655676 0.432746
vn 0.746911 -0.614511 0.253969
vn 0.813301 -0.580253 0.042998
vn 0.811389 -0.556261 -0.179505
vn 0.658949 -0.412071 -0.629272
vn 0.808398 -0.409404 -0.422944
vn 0.454398 -0.430100 -0.780088
vn 0.214763 -0.461725 -0.860632
vn -0.036499 -0.503855 -0.863017
vn -0.274789 -0.552362 -0.787011
vn -0.476783 -0.602501 -0.640055
vn -0.622710 -0.649363 -0.436532
vn -0.698287 -0.688357 -0.196368
vn -0.696112 -0.715672 0.056937
vn -0.616398 -0.728631 0.298579
vn -0.466952 -0.725968 0.504903
vn -0.262400 -0.707938 0.655721
vn -0.022767 -0.676311 0.736264
vn 0.228494 -0.634183 0.738649
vn 0.466786 -0.585674 0.662643
vn 0.668782 -0.535535 0.515687
vn 0.814709 -0.488674 0.312164
vn 0.890284 -0.449679 0.071997
vn 0.888109 -0.422364 -0.181302
vn 0.692150 -0.266902 -0.670591
vn 0.856225 -0.263976 -0.444068
vn 0.467576 -0.286694 -0.836169
vn 0.204486 -0.321415 -0.924596
vn -0.071367 -0.367667 -0.927215
vn -0.332980 -0.420923 -0.843770
vn -0.554747 -0.475967 -0.682430
vn -0.714960 -0.527414 -0.458985
vn -0.797931 -0.570226 -0.195314
vn -0.795543 -0.600215 0.082782
vn -0.708028 -0.614442 0.348076
vn -0.543955 -0.611517 0.574595
vn -0.319380 -0.591725 0.740174
vn -0.056289 -0.557004 0.828600
vn 0.219563 -0.510751 0.831219
vn 0.481177 -0.457495 0.747774
vn 0.702943 -0.402450 0.586434
vn 0.863154 -0.351002 0.362990
vn 0.946126 -0.308190 0.099316
vn 0.943739 -0.278203 -0.178775
vn 0.708826 -0.115250 -0.695905
vn 0.883614 -0.112134 -0.454590
vn 0.469585 -0.136335 -0.872297
vn 0.189315 -0.173324 -0.966498
vn -0.104552 -0.222597 -0.969288
vn -0.383253 -0.279331 -0.880393
vn -0.619501 -0.337969 -0.708517
vn -0.790174 -0.392774 -0.470483
vn -0.878564 -0.438383 -0.189591
vn -0.876021 -0.470330 0.106665
vn -0.782791 -0.485487 0.389283
vn -0.608002 -0.482371 0.630597
vn -0.368762 -0.461287 0.806987
vn -0.088493 -0.424299 0.901188
vn 0.205376 -0.375025 0.903978
vn 0.484076 -0.318292 0.815083
vn 0.720324 -0.259653 0.643206
vn 0.890996 -0.204846 0.405171
vn 0.979386 -0.159237 0.124281
vn 0.976843 -0.127291 -0.171973
vn 0.708544 0.039204 -0.704577
vn 0.889869 0.042435 -0.454239
vn 0.460359 0.017330 -0.887563
vn 0.169608 -0.021044 -0.985287
vn -0.135246 -0.072160 -0.988181
vn -0.424364 -0.131015 -0.895964
vn -0.669447 -0.191850 -0.717659
vn -0.846500 -0.248709 -0.470724
vn -0.938196 -0.296022 -0.179329
vn -0.935558 -0.329161 0.128002
vn -0.838842 -0.344887 0.421186
vn -0.657517 -0.341656 0.671523
vn -0.409334 -0.319779 0.854510
vn -0.118582 -0.281402 0.952235
vn 0.186271 -0.230287 0.955129
vn 0.475390 -0.171432 0.862911
vn 0.720473 -0.110598 0.684607
vn 0.897527 -0.053744 0.437672
vn 0.989223 -0.006431 0.146277
vn 0.986584 0.026710 -0.161054
vn 0.691305 0.192732 -0.696385
vn 0.874826 0.196005 -0.443014
vn 0.440114 0.170593 -0.881588
vn 0.145844 0.131756 -0.980495
vn -0.162706 0.080022 -0.983424
vn -0.455327 0.020455 -0.890089
vn -0.703378 -0.041115 -0.709626
vn -0.882579 -0.098660 -0.459697
vn -0.975384 -0.146547 -0.164773
vn -0.972713 -0.180089 0.146279
vn -0.874827 -0.196004 0.443013
vn -0.691306 -0.192732 0.696383
vn -0.440113 -0.170592 0.881589
vn -0.145842 -0.131755 0.980495
vn 0.162706 -0.080021 0.983424
vn 0.455328 -0.020454 0.890089
vn 0.703377 0.041116 0.709626
vn 0.882577 0.098661 0.459700
vn 0.975383 0.146548 0.164775
vn 0.972713 0.180090 -0.146279
vn 0.657520 0.341646 -0.671525
vn 0.838844 0.344881 -0.421187
vn 0.409335 0.319773 -0.854512
vn 0.118583 0.281402 -0.952235
vn -0.186271 0.230288 -0.955129
vn -0.475389 0.171434 -0.862911
vn -0.720473 0.110605 -0.684606
vn -0.897528 0.053752 -0.437670
vn -0.989223 0.006434 -0.146276
vn -0.986584 -0.026709 0.161055
vn -0.889869 -0.042429 0.454239
vn -0.708544 -0.039194 0.704577
vn -0.460359 -0.017324 0.887564
vn -0.169608 0.021045 0.985287
vn 0.135246 0.072160 0.988181
vn 0.424365 0.131014 0.895963
vn 0.669448 0.191846 0.717659
vn 0.846502 0.248703 0.470724
vn 0.938197 0.296019 0.179330
vn 0.935558 0.329159 -0.128002
vn 0.608002 0.482373 -0.630595
vn 0.782791 0.485489 -0.389280
vn 0.368762 0.461288 -0.806987
vn 0.088492 0.424299 -0.901188
vn -0.205376 0.375026 -0.903978
vn -0.484076 0.318292 -0.815083
vn -0.720324 0.259652 -0.643206
vn -0.890996 0.204843 -0.405173
vn -0.979387 0.159232 -0.124283
vn -0.976844 0.127284 0.171974
vn -0.883613 0.112129 0.454592
vn -0.708824 0.115248 0.695907
vn -0.469585 0.136334 0.872298
vn -0.189317 0.173324 0.966498
vn 0.104552 0.222596 0.969288
vn 0.383252 0.279331 0.880393
vn 0.619500 0.337972 0.708516
vn 0.790172 0.392779 0.470481
vn 0.878562 0.438388 0.189591
vn 0.876019 0.470333 -0.106663
vn 0.543954 0.611519 -0.574595
vn 0.708028 0.614444 -0.348072
vn 0.319380 0.591726 -0.740173
vn 0.056290 0.557003 -0.828601
vn -0.219563 0.510751 -0.831219
vn -0.481176 0.457497 -0.747774
vn -0.702943 0.402450 -0.586433
vn -0.863155 0.351001 -0.362990
vn -0.946127 0.308188 -0.099320
vn -0.943739 0.278200 0.178777
vn -0.856224 0.263972 0.444071
vn -0.692151 0.266898 0.670591
vn -0.467576 0.286691 0.836171
vn -0.204485 0.321414 0.924597
vn 0.071367 0.367666 0.927216
vn 0.332982 0.420921 0.843770
vn 0.554748 0.475967 0.682430
vn 0.714959 0.527414 0.458986
vn 0.797930 0.570228 0.195313
vn 0.795542 0.600217 -0.082779
vn 0.466954 0.725965 -0.504905
vn 0.616402 0.728630 -0.298576
vn 0.262402 0.707938 -0.655720
vn 0.022767 0.676311 -0.736264
vn -0.228495 0.634182 -0.738650
vn -0.466785 0.585674 -0.662644
vn -0.668780 0.535536 -0.515688
vn -0.814708 0.488677 -0.312163
vn -0.890282 0.449681 -0.072000
vn -0.888107 0.422367 0.181305
vn -0.808394 0.409407 0.422948
vn -0.658949 0.412073 0.629271
vn -0.454396 0.430098 0.780089
vn -0.214762 0.461725 0.860632
vn 0.036499 0.503855 0.863017
vn 0.274791 0.552362 0.787011
vn 0.476787 0.602499 0.640054
vn 0.622714 0.649359 0.436532
vn 0.698289 0.688356 0.196365
vn 0.696113 0.715671 -0.056934
vn 0.346041 0.852232 -0.392373
vn 0.470233 0.854446 -0.220912
vn 0.176057 0.837250 -0.517702
vn -0.023081 0.810968 -0.584635
vn -0.231881 0.775959 -0.586617
vn -0.429902 0.735648 -0.523456
vn -0.597763 0.693982 -0.401334
vn -0.719030 0.655039 -0.232205
vn -0.781831 0.622636 -0.032627
vn -0.780023 0.599938 0.177871
vn -0.713782 0.589168 0.378678
vn -0.589593 0.591381 0.550135
vn -0.419607 0.606363 0.675465
vn -0.220468 0.632645 0.742397
vn -0.011669 0.667655 0.744379
vn 0.186353 0.707966 0.681217
vn 0.354212 0.749631 0.559095
vn 0.475480 0.788571 0.389968
vn 0.538285 0.820976 0.190385
vn 0.536476 0.843676 -0.020108
vn 0.165400 -0.980390 -0.107140
vn 0.154657 0.965557 -0.209240
vn 0.235171 0.966993 -0.098079
vn 0.044455 0.955844 -0.290492
vn -0.084649 0.938806 -0.333884
vn -0.220014 0.916109 -0.335169
vn -0.348391 0.889976 -0.294220
vn -0.457217 0.862964 -0.215050
vn -0.535837 0.837717 -0.105401
vn -0.576552 0.816708 0.023988
vn -0.575380 0.801993 0.160454
vn -0.532436 0.795010 0.290638
vn -0.451922 0.796446 0.401796
vn -0.341718 0.806159 0.483049
vn -0.212614 0.823198 0.526440
vn -0.077250 0.845895 0.527725
vn 0.051128 0.872028 0.486779
vn 0.159954 0.899039 0.407606
vn 0.238571 0.924286 0.297959
vn 0.279287 0.945296 0.168567
vn 0.278117 0.960011 0.032102
vn -0.232160 0.962421 0.140879
vn -0.218051 0.962673 0.160356
vn -0.255957 0.946006 0.198894
vn -0.280389 0.945571 0.165162
vn -0.198742 0.964375 0.174593
vn -0.222518 0.948953 0.223550
vn -0.176121 0.967361 0.182194
vn -0.183344 0.954123 0.236715
vn -0.152403 0.971338 0.182417
vn -0.142267 0.961011 0.237105
vn -0.129909 0.975917 0.175243
vn -0.103311 0.968941 0.224679
vn -0.110840 0.980650 0.161373
vn -0.070289 0.977137 0.200656
vn -0.097064 0.985073 0.142163
vn -0.046433 0.984798 0.167385
vn -0.089930 0.988754 0.119489
vn -0.034078 0.991173 0.128123
vn -0.090133 0.991333 0.095576
vn -0.034434 0.995638 0.086712
vn -0.097660 0.992556 0.072767
vn -0.047466 0.997757 0.047210
vn -0.111769 0.992304 0.053290
vn -0.071898 0.997321 0.013480
vn -0.131079 0.990602 0.039056
vn -0.105337 0.994374 -0.011176
vn -0.153700 0.987617 0.031453
vn -0.144510 0.989204 -0.024343
vn -0.177417 0.983640 0.031227
vn -0.185587 0.982316 -0.024733
vn -0.199911 0.979061 0.038402
vn -0.224545 0.974386 -0.012307
vn -0.218978 0.974329 0.052273
vn -0.257567 0.966189 0.011716
vn -0.232754 0.969905 0.071484
vn -0.281420 0.958529 0.044988
vn -0.239891 0.966223 0.094157
vn -0.293776 0.952154 0.084250
vn -0.239685 0.963645 0.118068
vn -0.293420 0.947689 0.125659
vn -0.084037 0.994285 0.065838
vn -0.075014 0.992818 0.093197
vn 0.089147 0.995759 -0.022721
vn 0.116873 0.991252 0.061323
vn -0.100957 0.993984 0.042477
vn 0.037170 0.994832 -0.094485
vn -0.124118 0.991942 0.025405
vn -0.033971 0.988562 -0.146941
vn -0.151249 0.988361 0.016289
vn -0.117318 0.977562 -0.174954
vn -0.179696 0.983592 0.016015
vn -0.204710 0.962909 -0.175783
vn -0.206675 0.978100 0.024616
vn -0.287591 0.946037 -0.149350
vn -0.229543 0.972424 0.041257
vn -0.357850 0.928597 -0.098238
vn -0.246066 0.967118 0.064302
vn -0.408598 0.912302 -0.027447
vn -0.254624 0.962703 0.091491
vn -0.434880 0.898740 0.056084
vn -0.254376 0.959610 0.120170
vn -0.434127 0.889238 0.144184
vn -0.245352 0.958143 0.147529
vn -0.406399 0.884733 0.228226
vn -0.228430 0.958445 0.170887
vn -0.354423 0.885659 0.299987
vn -0.205271 0.960486 0.187962
vn -0.283282 0.891926 0.352447
vn -0.178141 0.964066 0.197084
vn -0.199934 0.902928 0.380457
vn -0.149694 0.968836 0.197353
vn -0.112543 0.917580 0.381287
vn -0.122717 0.974329 0.188743
vn -0.029662 0.934450 0.354858
vn -0.099847 0.980005 0.172106
vn 0.040594 0.951888 0.303744
vn -0.083323 0.985310 0.149066
vn 0.091346 0.968188 0.232953
vn -0.074768 0.989725 0.121875
vn 0.117630 0.981752 0.149420
vn -0.488590 0.830007 0.269013
vn -0.474231 0.840540 0.261910
vn -0.510075 0.846366 0.153259
vn -0.526172 0.836116 0.155088
vn -0.376323 0.901618 0.213228
vn -0.400496 0.905549 0.139945
vn -0.418132 0.831264 0.366288
vn -0.407034 0.841739 0.354682
vn -0.331001 0.902426 0.275800
vn -0.321693 0.839761 0.437397
vn -0.315065 0.849842 0.422495
vn -0.268966 0.907893 0.321538
vn -0.208721 0.854669 0.475371
vn -0.207314 0.864064 0.458710
vn -0.196292 0.917484 0.345968
vn -0.090257 0.874532 0.476496
vn -0.094339 0.883007 0.459782
vn -0.120095 0.930259 0.346693
vn 0.022095 0.897402 0.440661
vn 0.012802 0.904819 0.425604
vn -0.047831 0.944970 0.323642
vn 0.117327 0.921039 0.371379
vn 0.103628 0.927364 0.359525
vn 0.013431 0.960177 0.279068
vn 0.186123 0.943135 0.275416
vn 0.169241 0.948433 0.268016
vn 0.057683 0.974389 0.217347
vn 0.221750 0.961520 0.162189
vn 0.203229 0.965964 0.160034
vn 0.080594 0.986215 0.144513
vn 0.220724 0.974398 0.042768
vn 0.202259 0.978245 0.046138
vn 0.079930 0.994499 0.067699
vn 0.183144 0.980508 -0.071155
vn 0.166408 0.984073 -0.062512
vn 0.055762 0.998429 -0.005581
vn 0.112691 0.979250 -0.168433
vn 0.099207 0.982877 -0.155280
vn 0.010446 0.997620 -0.068162
vn 0.016251 0.970749 -0.239547
vn 0.007236 0.974770 -0.223094
vn -0.051584 0.992152 -0.113900
vn -0.096726 0.955841 -0.277512
vn -0.100517 0.960550 -0.259308
vn -0.124261 0.982561 -0.138326
vn -0.215192 0.935978 -0.278636
vn -0.213488 0.941608 -0.260380
vn -0.200458 0.969784 -0.139049
vn -0.327540 0.913107 -0.242801
vn -0.320631 0.919797 -0.226207
vn -0.272722 0.955075 -0.115997
vn -0.422765 0.889473 -0.173515
vn -0.411459 0.897251 -0.160130
vn -0.333985 0.939868 -0.071429
vn -0.491564 0.867381 -0.077557
vn -0.477064 0.876186 -0.068620
vn -0.378243 0.925655 -0.009709
vn -0.527194 0.848996 0.035669
vn -0.511045 0.858652 0.039367
vn -0.401162 0.913829 0.063128
vn 0.860867 0.271395 -0.430410
vn 0.685790 0.257994 -0.680537
vn 0.670693 0.289547 -0.682886
vn 0.850599 0.298699 -0.432737
vn 0.643001 0.350416 -0.680997
vn 0.830747 0.346556 -0.435613
vn 0.627075 0.386489 -0.676316
vn 0.823241 0.361294 -0.437883
vn 0.614512 0.423377 -0.665678
vn 0.815389 0.383785 -0.433416
vn 0.601760 0.464314 -0.649844
vn 0.806242 0.413403 -0.423168
vn 0.588518 0.508467 -0.628576
vn 0.795542 0.449353 -0.406441
vn 0.574160 0.555063 -0.601868
vn 0.782615 0.490952 -0.382726
vn 0.557946 0.603146 -0.570010
vn 0.766562 0.537204 -0.351845
vn 0.538975 0.651854 -0.533472
vn 0.746252 0.586941 -0.314020
vn 0.516348 0.700146 -0.493133
vn 0.720420 0.638827 -0.269991
vn 0.489359 0.746839 -0.450288
vn 0.687969 0.691235 -0.221117
vn 0.457680 0.790619 -0.406756
vn 0.648352 0.742236 -0.169489
vn 0.423745 0.827882 -0.367493
vn 0.604732 0.787161 -0.121148
vn 0.393550 0.854632 -0.338706
vn 0.564909 0.820915 -0.083527
vn 0.372900 0.870087 -0.322327
vn 0.536230 0.841946 -0.059862
vn 0.363277 0.876442 -0.316038
vn 0.521074 0.852129 -0.048556
vn 0.362790 0.876429 -0.316631
vn 0.517449 0.854472 -0.046097
vn 0.368767 0.872191 -0.321394
vn 0.522125 0.851440 -0.049343
vn 0.378903 0.865134 -0.328597
vn 0.532181 0.844773 -0.056054
vn 0.391536 0.856167 -0.337162
vn 0.545499 0.835603 -0.064793
vn 0.405409 0.845950 -0.346426
vn 0.560548 0.824747 -0.074688
vn 0.419685 0.834958 -0.355964
vn 0.576255 0.812827 -0.085103
vn 0.433761 0.823593 -0.365440
vn 0.591910 0.800312 -0.095622
vn 0.445578 0.813583 -0.373555
vn 0.605175 0.789178 -0.104699
vn 0.447042 0.216002 -0.868042
vn 0.428118 0.247607 -0.869141
vn 0.396344 0.313145 -0.863048
vn 0.373876 0.364606 -0.852807
vn 0.357575 0.413069 -0.837564
vn 0.342295 0.462181 -0.818060
vn 0.327750 0.510994 -0.794648
vn 0.313435 0.558729 -0.767842
vn 0.298844 0.604589 -0.738352
vn 0.283483 0.648032 -0.706889
vn 0.266812 0.688499 -0.674374
vn 0.248575 0.725393 -0.641884
vn 0.228735 0.758123 -0.610680
vn 0.208363 0.784429 -0.584172
vn 0.190839 0.801649 -0.566516
vn 0.179725 0.810013 -0.558191
vn 0.175755 0.811953 -0.556636
vn 0.177592 0.809672 -0.559367
vn 0.183553 0.804746 -0.564528
vn 0.192188 0.798114 -0.571032
vn 0.202409 0.790371 -0.578226
vn 0.213357 0.781928 -0.585719
vn 0.224442 0.773112 -0.593231
vn 0.235242 0.764170 -0.600588
vn 0.244236 0.756372 -0.606836
vn 0.166753 0.147423 -0.974915
vn 0.146187 0.175528 -0.973560
vn 0.114195 0.239119 -0.964252
vn 0.087813 0.299242 -0.950128
vn 0.069101 0.355008 -0.932306
vn 0.052632 0.408011 -0.911459
vn 0.038177 0.457174 -0.888558
vn 0.025453 0.501729 -0.864650
vn 0.014261 0.541178 -0.840787
vn 0.004504 0.575291 -0.817936
vn -0.003763 0.604081 -0.796914
vn -0.010383 0.627645 -0.778431
vn -0.015182 0.646274 -0.762955
vn -0.019017 0.659297 -0.751642
vn -0.022369 0.665701 -0.745884
vn -0.024002 0.666727 -0.744915
vn -0.023120 0.664582 -0.746858
vn -0.020062 0.660640 -0.750435
vn -0.015346 0.655749 -0.754823
vn -0.009535 0.650380 -0.759550
vn -0.003162 0.644764 -0.764375
vn 0.003403 0.639075 -0.769137
vn 0.009860 0.633457 -0.773715
vn 0.016009 0.627973 -0.778071
vn 0.021040 0.623300 -0.781700
vn -0.128081 0.055730 -0.990197
vn -0.147535 0.078118 -0.985967
vn -0.176534 0.135493 -0.974924
vn -0.203872 0.197644 -0.958840
vn -0.223342 0.255483 -0.940663
vn -0.239466 0.307386 -0.920962
vn -0.252357 0.352209 -0.901257
vn -0.262000 0.389270 -0.883077
vn -0.268239 0.418326 -0.867785
vn -0.270591 0.439535 -0.856498
vn -0.268386 0.453441 -0.849918
vn -0.261013 0.460932 -0.848183
vn -0.248154 0.463348 -0.850723
vn -0.233667 0.461996 -0.855546
vn -0.223535 0.458244 -0.860258
vn -0.217804 0.453432 -0.864269
vn -0.213857 0.448501 -0.867820
vn -0.210814 0.443908 -0.870921
vn -0.208336 0.439902 -0.873546
vn -0.206357 0.436520 -0.875709
vn -0.204816 0.433761 -0.877441
vn -0.203664 0.431547 -0.878799
vn -0.202839 0.429811 -0.879840
vn -0.202283 0.428475 -0.880620
vn -0.202020 0.427520 -0.881144
vn -0.407712 -0.054634 -0.911475
vn -0.423667 -0.038040 -0.905019
vn -0.447840 0.011712 -0.894037
vn -0.473372 0.069963 -0.878080
vn -0.491790 0.124215 -0.861808
vn -0.505944 0.169881 -0.845672
vn -0.515774 0.205819 -0.831635
vn -0.520972 0.231460 -0.821593
vn -0.520859 0.246776 -0.817195
vn -0.514308 0.252245 -0.819671
vn -0.499919 0.248899 -0.829536
vn -0.476413 0.238502 -0.846255
vn -0.443610 0.223498 -0.867905
vn -0.410401 0.208456 -0.887759
vn -0.390911 0.197898 -0.898902
vn -0.382366 0.190615 -0.904136
vn -0.377782 0.184936 -0.907237
vn -0.375921 0.180872 -0.908828
vn -0.376400 0.178484 -0.909102
vn -0.378824 0.177678 -0.908253
vn -0.382679 0.178210 -0.906531
vn -0.387451 0.179832 -0.904181
vn -0.392735 0.182294 -0.901404
vn -0.398198 0.185361 -0.898376
vn -0.403035 0.188343 -0.895594
vn -0.642205 -0.178635 -0.745428
vn -0.653713 -0.165067 -0.738520
vn -0.673218 -0.121375 -0.729415
vn -0.694842 -0.071618 -0.715587
vn -0.710354 -0.026464 -0.703347
vn -0.720957 0.008195 -0.692932
vn -0.726355 0.031302 -0.686606
vn -0.725874 0.042412 -0.686519
vn -0.718261 0.041604 -0.694529
vn -0.701588 0.029588 -0.711968
vn -0.673452 0.007763 -0.739190
vn -0.631727 -0.021373 -0.774897
vn -0.576629 -0.053660 -0.815242
vn -0.526775 -0.079029 -0.846323
vn -0.506909 -0.090072 -0.857281
vn -0.501800 -0.095570 -0.859688
vn -0.498955 -0.100034 -0.860835
vn -0.499183 -0.102548 -0.860407
vn -0.503019 -0.102773 -0.858143
vn -0.510057 -0.100753 -0.854219
vn -0.519379 -0.096802 -0.849043
vn -0.530049 -0.091347 -0.843033
vn -0.541331 -0.084798 -0.836523
vn -0.552627 -0.077491 -0.829819
vn -0.562399 -0.070724 -0.823836
vn -0.804237 -0.309248 -0.507513
vn -0.812906 -0.293683 -0.502926
vn -0.830135 -0.252523 -0.497100
vn -0.846757 -0.214066 -0.487010
vn -0.857644 -0.182779 -0.480664
vn -0.863249 -0.162980 -0.477744
vn -0.863037 -0.155567 -0.480590
vn -0.855911 -0.160870 -0.491464
vn -0.839907 -0.178784 -0.512438
vn -0.812233 -0.208476 -0.544808
vn -0.769278 -0.248169 -0.588747
vn -0.707770 -0.294554 -0.642105
vn -0.629385 -0.341167 -0.698197
vn -0.570134 -0.370045 -0.733495
vn -0.562232 -0.374955 -0.737091
vn -0.565407 -0.375919 -0.734166
vn -0.565633 -0.378012 -0.732916
vn -0.568458 -0.378470 -0.730490
vn -0.575804 -0.376273 -0.725858
vn -0.587287 -0.371426 -0.719122
vn -0.601672 -0.364314 -0.710820
vn -0.617670 -0.355417 -0.701543
vn -0.634243 -0.345262 -0.691758
vn -0.650635 -0.334317 -0.681840
vn -0.664677 -0.324304 -0.673076
vn -0.874483 -0.431775 -0.221020
vn -0.883759 -0.411917 -0.222025
vn -0.902203 -0.371037 -0.219911
vn -0.913895 -0.344650 -0.214505
vn -0.918760 -0.330821 -0.215495
vn -0.918267 -0.328367 -0.221272
vn -0.911581 -0.337992 -0.234056
vn -0.897192 -0.359834 -0.256057
vn -0.872524 -0.393764 -0.289227
vn -0.833962 -0.438704 -0.334733
vn -0.777178 -0.492161 -0.392137
vn -0.698789 -0.549465 -0.458020
vn -0.604155 -0.601751 -0.522391
vn -0.548625 -0.626741 -0.553359
vn -0.557642 -0.624668 -0.546650
vn -0.568181 -0.621700 -0.539128
vn -0.571374 -0.621419 -0.536069
vn -0.576939 -0.619747 -0.532029
vn -0.587701 -0.615275 -0.525399
vn -0.603157 -0.607946 -0.516336
vn -0.621748 -0.598225 -0.505526
vn -0.641991 -0.586638 -0.493664
vn -0.662659 -0.573754 -0.481341
vn -0.682887 -0.560105 -0.468986
vn -0.700094 -0.547701 -0.458140
vn -0.851726 -0.516890 0.085951
vn -0.860765 -0.503244 0.076349
vn -0.880815 -0.467555 0.074551
vn -0.888810 -0.452062 0.075211
vn -0.886709 -0.457606 0.065914
vn -0.879488 -0.473193 0.050888
vn -0.866035 -0.499184 0.028282
vn -0.844547 -0.535469 -0.003721
vn -0.812289 -0.581402 -0.046464
vn -0.765735 -0.635278 -0.100359
vn -0.701498 -0.693611 -0.163722
vn -0.619159 -0.750463 -0.231189
vn -0.528793 -0.797209 -0.291267
vn -0.484810 -0.816483 -0.313551
vn -0.498571 -0.812506 -0.302096
vn -0.510327 -0.808289 -0.293657
vn -0.515514 -0.806377 -0.289830
vn -0.523843 -0.802876 -0.284567
vn -0.537680 -0.796564 -0.276381
vn -0.556253 -0.787414 -0.265634
vn -0.577849 -0.775898 -0.253127
vn -0.600851 -0.762606 -0.239604
vn -0.623981 -0.748127 -0.225730
vn -0.646400 -0.732966 -0.211961
vn -0.665345 -0.719261 -0.199948
vn -0.752417 -0.533094 0.386883
vn -0.752740 -0.547430 0.365653
vn -0.766548 -0.534067 0.356619
vn -0.772643 -0.527409 0.353360
vn -0.763317 -0.552156 0.335368
vn -0.749498 -0.584209 0.311373
vn -0.729978 -0.623352 0.280293
vn -0.702997 -0.669049 0.241184
vn -0.666524 -0.719827 0.193895
vn -0.618622 -0.773184 0.139618
vn -0.558496 -0.825479 0.081655
vn -0.489152 -0.871814 0.025880
vn -0.419802 -0.907414 -0.019137
vn -0.383908 -0.922685 -0.035605
vn -0.388584 -0.920966 -0.028717
vn -0.396795 -0.917624 -0.022802
vn -0.403416 -0.914823 -0.018824
vn -0.414405 -0.910006 -0.012530
vn -0.430761 -0.902460 -0.003225
vn -0.451297 -0.892333 0.008501
vn -0.474365 -0.880058 0.021805
vn -0.498357 -0.866228 0.035915
vn -0.522081 -0.851418 0.050179
vn -0.544825 -0.836086 0.064232
vn -0.563884 -0.822314 0.076389
vn -0.585832 -0.478829 0.653853
vn -0.575717 -0.529089 0.623389
vn -0.570349 -0.563123 0.597992
vn -0.575387 -0.564568 0.591771
vn -0.559604 -0.605764 0.565591
vn -0.540467 -0.650019 0.534201
vn -0.516950 -0.696505 0.497638
vn -0.487931 -0.744145 0.456259
vn -0.452528 -0.791175 0.411414
vn -0.410594 -0.835371 0.365470
vn -0.363112 -0.874465 0.321652
vn -0.313117 -0.906352 0.283695
vn -0.265344 -0.929860 0.254860
vn -0.235956 -0.941256 0.241581
vn -0.232217 -0.942033 0.242176
vn -0.237454 -0.939860 0.245516
vn -0.245935 -0.936472 0.250072
vn -0.259390 -0.930834 0.257418
vn -0.277452 -0.922757 0.267470
vn -0.298620 -0.912542 0.279451
vn -0.321418 -0.900607 0.292569
vn -0.344497 -0.887466 0.306146
vn -0.366875 -0.873621 0.319671
vn -0.388011 -0.859459 0.332831
vn -0.405539 -0.846853 0.344062
vn -0.355384 -0.382342 0.852946
vn -0.342299 -0.451640 0.823925
vn -0.313563 -0.547249 0.776013
vn -0.315803 -0.559779 0.766104
vn -0.295620 -0.611879 0.733630
vn -0.273787 -0.661630 0.698059
vn -0.249576 -0.708021 0.660620
vn -0.222570 -0.750092 0.622756
vn -0.192728 -0.786829 0.586307
vn -0.160518 -0.817439 0.553198
vn -0.127055 -0.841548 0.525027
vn -0.094252 -0.859134 0.502996
vn -0.064230 -0.870700 0.487602
vn -0.044611 -0.876052 0.480149
vn -0.041012 -0.876215 0.480172
vn -0.047149 -0.873767 0.484055
vn -0.058443 -0.869560 0.490356
vn -0.074035 -0.863449 0.498974
vn -0.092715 -0.855523 0.509396
vn -0.113059 -0.846103 0.520890
vn -0.133854 -0.835540 0.532875
vn -0.154173 -0.824229 0.544865
vn -0.173388 -0.812541 0.556519
vn -0.191160 -0.800780 0.567635
vn -0.205700 -0.790462 0.576938
vn -0.079737 -0.270200 0.959497
vn -0.068038 -0.337536 0.938851
vn -0.024788 -0.480562 0.876611
vn -0.020392 -0.510823 0.859444
vn 0.001117 -0.566364 0.824154
vn 0.022485 -0.614153 0.788867
vn 0.044151 -0.653881 0.755308
vn 0.066289 -0.685588 0.724966
vn 0.088758 -0.709505 0.699089
vn 0.110879 -0.726129 0.678559
vn 0.131674 -0.736091 0.663952
vn 0.149812 -0.740182 0.655505
vn 0.163845 -0.739497 0.652915
vn 0.170218 -0.735918 0.655324
vn 0.166497 -0.731445 0.661262
vn 0.155525 -0.726548 0.669283
vn 0.140627 -0.720947 0.678572
vn 0.123469 -0.714544 0.688609
vn 0.105372 -0.707328 0.698988
vn 0.087365 -0.699464 0.709308
vn 0.070156 -0.691146 0.719302
vn 0.054183 -0.682608 0.728773
vn 0.039676 -0.674066 0.737604
vn 0.026685 -0.665703 0.745740
vn 0.016302 -0.658570 0.752343
vn 0.211315 -0.155356 0.964992
vn 0.220888 -0.209964 0.952430
vn 0.266661 -0.364897 0.892044
vn 0.279271 -0.417684 0.864608
vn 0.299332 -0.469422 0.830688
vn 0.317796 -0.509745 0.799478
vn 0.335080 -0.539420 0.772494
vn 0.351330 -0.559456 0.750717
vn 0.366162 -0.570832 0.734899
vn 0.378812 -0.574468 0.725595
vn 0.388214 -0.571168 0.723227
vn 0.392898 -0.562054 0.727824
vn 0.391619 -0.548556 0.738729
vn 0.383207 -0.534050 0.753620
vn 0.368483 -0.522084 0.769187
vn 0.350427 -0.512888 0.783675
vn 0.331725 -0.505303 0.796635
vn 0.313839 -0.498669 0.807982
vn 0.297551 -0.492553 0.817836
vn 0.283216 -0.486800 0.826326
vn 0.270883 -0.481365 0.833612
vn 0.260425 -0.476283 0.839841
vn 0.251686 -0.471566 0.845151
vn 0.244414 -0.467268 0.849660
vn 0.238941 -0.463877 0.853068
vn 0.486436 -0.044212 0.872597
vn 0.493758 -0.082972 0.865632
vn 0.533678 -0.215564 0.817753
vn 0.552128 -0.285782 0.783252
vn 0.568929 -0.329144 0.753648
vn 0.583255 -0.359731 0.728290
vn 0.595583 -0.378754 0.708397
vn 0.605713 -0.387644 0.694870
vn 0.613231 -0.387259 0.688461
vn 0.617084 -0.378634 0.689814
vn 0.615982 -0.362639 0.699327
vn 0.608284 -0.340587 0.716932
vn 0.592750 -0.314337 0.741512
vn 0.569945 -0.288474 0.769380
vn 0.543555 -0.267951 0.795456
vn 0.518027 -0.253561 0.816918
vn 0.496080 -0.243668 0.833385
vn 0.478493 -0.236846 0.845546
vn 0.465124 -0.232099 0.854277
vn 0.455445 -0.228784 0.860365
vn 0.448781 -0.226590 0.864438
vn 0.444484 -0.225288 0.866994
vn 0.441975 -0.224719 0.868424
vn 0.440787 -0.224760 0.869016
vn 0.440457 -0.225304 0.869043
vn 0.717402 0.057854 0.694253
vn 0.722187 0.035280 0.690797
vn 0.751799 -0.056147 0.656998
vn 0.771543 -0.129217 0.622916
vn 0.784162 -0.162343 0.598945
vn 0.793888 -0.182544 0.580016
vn 0.800996 -0.191145 0.567335
vn 0.805239 -0.189234 0.561944
vn 0.805866 -0.177567 0.564845
vn 0.801730 -0.157186 0.576647
vn 0.791308 -0.129227 0.597605
vn 0.772845 -0.095213 0.627411
vn 0.745048 -0.057433 0.664533
vn 0.709879 -0.021366 0.703999
vn 0.673351 0.007131 0.739289
vn 0.641574 0.026553 0.766601
vn 0.617582 0.038606 0.785559
vn 0.601378 0.045441 0.797671
vn 0.591773 0.048708 0.804632
vn 0.587245 0.049484 0.807895
vn 0.586478 0.048406 0.808517
vn 0.588339 0.045932 0.807309
vn 0.591901 0.042425 0.804893
vn 0.596537 0.038171 0.801678
vn 0.601073 0.033883 0.798476
vn 0.881568 0.145320 0.449132
vn 0.883510 0.138322 0.447524
vn 0.900520 0.091800 0.425013
vn 0.917177 0.031567 0.397228
vn 0.925051 0.010044 0.379710
vn 0.929925 0.000951 0.367748
vn 0.931908 0.003193 0.362681
vn 0.930629 0.015990 0.365616
vn 0.925162 0.038591 0.377604
vn 0.914213 0.069837 0.399170
vn 0.896167 0.108299 0.430298
vn 0.869272 0.152206 0.470319
vn 0.832256 0.199065 0.517421
vn 0.788093 0.242911 0.565600
vn 0.744436 0.277457 0.607316
vn 0.708730 0.300678 0.638196
vn 0.684342 0.314209 0.657988
vn 0.670520 0.320745 0.668974
vn 0.665074 0.322457 0.673571
vn 0.665640 0.320791 0.673808
vn 0.670349 0.316685 0.671076
vn 0.677721 0.310827 0.666394
vn 0.686607 0.303728 0.660545
vn 0.696243 0.295792 0.654028
vn 0.704884 0.288315 0.648084
vn 0.963617 0.212834 0.161691
vn 0.962200 0.219984 0.160557
vn 0.965918 0.213618 0.146184
vn 0.976092 0.176368 0.127043
vn 0.978793 0.168307 0.116777
vn 0.978755 0.171514 0.112347
vn 0.975923 0.185265 0.115117
vn 0.969753 0.208907 0.126239
vn 0.959269 0.241540 0.146497
vn 0.943121 0.281890 0.176241
vn 0.919711 0.328362 0.215198
vn 0.887385 0.379098 0.262359
vn 0.845054 0.431571 0.315642
vn 0.796214 0.479810 0.368545
vn 0.749400 0.517543 0.412977
vn 0.712818 0.542538 0.444458
vn 0.689864 0.556402 0.463146
vn 0.679155 0.562158 0.471939
vn 0.677781 0.562252 0.473800
vn 0.682804 0.558416 0.471117
vn 0.691968 0.551807 0.465498
vn 0.703619 0.543251 0.458038
vn 0.716531 0.533377 0.449546
vn 0.729877 0.522681 0.440551
vn 0.741487 0.512880 0.432609
vn 0.956399 0.255884 -0.140800
vn 0.950889 0.274812 -0.142440
vn 0.941879 0.300298 -0.150614
vn 0.943517 0.289601 -0.160957
vn 0.940887 0.296569 -0.163638
vn 0.936079 0.313097 -0.160394
vn 0.928932 0.338457 -0.150106
vn 0.918802 0.372063 -0.131805
vn 0.904705 0.412904 -0.104970
vn 0.885370 0.459658 -0.069537
vn 0.859290 0.510825 -0.026066
vn 0.825038 0.564558 0.024228
vn 0.781788 0.618503 0.079131
vn 0.733105 0.667156 0.132135
vn 0.687573 0.704669 0.175172
vn 0.653394 0.728977 0.204130
vn 0.633619 0.741755 0.219834
vn 0.626437 0.746105 0.225621
vn 0.628572 0.744580 0.224716
vn 0.636877 0.739031 0.219591
vn 0.649008 0.730684 0.211872
vn 0.663312 0.720392 0.202617
vn 0.678557 0.708858 0.192561
vn 0.693962 0.696582 0.182183
vn 0.707161 0.685523 0.173153
vn -0.771354 0.428873 0.470193
vn -0.631176 0.631066 0.450970
vn -0.646060 0.630773 0.429804
vn -0.745959 0.422429 0.514877
vn -0.151305 0.944661 0.291071
vn -0.149314 0.943725 0.295108
vn -0.253135 0.959158 0.126251
vn -0.254925 0.958991 0.123891
vn 0.385803 0.922077 0.030512
vn 0.566257 0.820504 -0.078272
vn 0.406161 0.845637 -0.346310
vn 0.230846 0.946469 -0.225625
vn -0.683333 0.563410 0.464355
vn -0.712190 0.430814 0.554242
vn -0.674335 0.452832 0.583280
vn -0.636823 0.485908 0.598623
vn -0.603997 0.525852 0.598888
vn -0.579272 0.568007 0.584648
vn -0.564838 0.607807 0.558147
vn -0.561564 0.641359 0.522786
vn -0.569059 0.665951 0.482371
vn -0.586075 0.679883 0.440766
vn -0.610780 0.682430 0.401543
vn -0.640923 0.673755 0.367793
vn -0.674046 0.654636 0.342218
vn -0.707403 0.626657 0.326927
vn -0.738214 0.592038 0.323314
vn -0.763873 0.553363 0.332094
vn -0.781807 0.513911 0.353091
vn -0.789801 0.477497 0.384981
vn -0.786518 0.447731 0.425354
vn 0.203823 0.789763 -0.578560
vn -0.020735 0.658280 -0.752487
vn -0.245599 0.464226 -0.850985
vn -0.448719 0.226754 -0.864427
vn -0.610256 -0.030811 -0.791605
vn -0.714449 -0.283228 -0.639800
vn -0.751247 -0.505848 -0.423965
vn -0.717169 -0.677053 -0.165128
vn -0.615580 -0.780154 0.111447
vn -0.456365 -0.805123 0.378825
vn -0.255077 -0.749523 0.610861
vn -0.031207 -0.618795 0.784933
vn 0.193451 -0.425578 0.884003
vn 0.396893 -0.188638 0.898271
vn 0.559164 0.068858 0.826193
vn 0.664271 0.321719 0.674716
vn 0.701777 0.545062 0.458712
vn 0.668066 0.716936 0.199228
vn 0.035722 0.893698 -0.447246
vn -0.662426 0.625008 0.412986
vn -0.382393 0.923810 -0.018757
vn -0.383045 0.923526 -0.019375
vn -0.180083 0.768436 -0.614065
vn -0.679756 0.615475 0.398902
vn -0.524322 0.841610 -0.129535
vn -0.523478 0.842216 -0.129010
vn -0.396186 0.583065 -0.709275
vn -0.697883 0.601503 0.388784
vn -0.666644 0.719590 -0.194363
vn -0.664523 0.721712 -0.193757
vn -0.592002 0.355596 -0.723246
vn -0.715843 0.582931 0.384397
vn -0.796248 0.568884 -0.205816
vn -0.793488 0.572597 -0.206181
vn -0.748495 0.108240 -0.654247
vn -0.731750 0.560828 0.387316
vn -0.900319 0.404006 -0.161882
vn -0.897831 0.408717 -0.163859
vn -0.850262 -0.134888 -0.508783
vn -0.743621 0.537111 0.398170
vn -0.968156 0.241413 -0.066290
vn -0.966703 0.246173 -0.069890
vn -0.887109 -0.349929 -0.300977
vn -0.749487 0.514521 0.416578
vn -0.992633 0.097588 0.071815
vn -0.992567 0.101477 0.067187
vn -0.855292 -0.515631 -0.051000
vn -0.747920 0.496193 0.440917
vn -0.971065 -0.012865 0.238470
vn -0.972223 -0.010468 0.233821
vn -0.757814 -0.615474 0.216586
vn -0.738781 0.484614 0.468350
vn -0.905591 -0.078688 0.416790
vn -0.907358 -0.077828 0.413090
vn -0.604164 -0.639550 0.475355
vn -0.723028 0.481509 0.495358
vn -0.802926 -0.093404 0.588714
vn -0.804465 -0.093551 0.586587
vn -0.409308 -0.585607 0.699665
vn -0.702641 0.487230 0.518558
vn -0.673403 -0.056369 0.737124
vn -0.674030 -0.056648 0.736529
vn -0.192179 -0.459205 0.867293
vn -0.680070 0.500725 0.535518
vn -0.529560 0.027974 0.847811
vn -0.528892 0.028455 0.848212
vn 0.025825 -0.272826 0.961717
vn -0.657751 0.520459 0.544505
vn -0.385267 0.151471 0.910289
vn -0.383405 0.153335 0.910763
vn 0.222931 -0.044679 0.973810
vn -0.638308 0.544325 0.544311
vn -0.254876 0.302636 0.918395
vn -0.252360 0.306041 0.917962
vn 0.379679 0.202848 0.902605
vn -0.624063 0.569323 0.535179
vn -0.151415 0.466773 0.871319
vn -0.149091 0.471252 0.869306
vn 0.480853 0.445397 0.755249
vn -0.616346 0.592432 0.518789
vn -0.085166 0.627609 0.773857
vn -0.083807 0.632309 0.770170
vn 0.516507 0.659215 0.546495
vn -0.615556 0.611210 0.497507
vn -0.062509 0.769255 0.635877
vn -0.062539 0.773199 0.631073
vn 0.483916 0.823233 0.296837
vn -0.620596 0.624272 0.474495
vn -0.084080 0.877932 0.471345
vn -0.085300 0.880411 0.466477
vn 0.111694 0.993150 -0.034317
vn 0.055250 0.992143 -0.112247
vn 0.065590 0.990312 -0.122390
vn 0.124578 0.991364 -0.040951
vn -0.022012 0.985334 -0.169213
vn -0.015153 0.983196 -0.181921
vn -0.112523 0.973388 -0.199636
vn -0.109743 0.970712 -0.213716
vn -0.207427 0.957476 -0.200535
vn -0.208922 0.954083 -0.214657
vn -0.297430 0.939154 -0.171828
vn -0.302980 0.934936 -0.184657
vn -0.373725 0.920217 -0.116321
vn -0.382716 0.915144 -0.126648
vn -0.428842 0.902518 -0.039448
vn -0.440317 0.896647 -0.046311
vn -0.457385 0.887790 0.051264
vn -0.470145 0.881257 0.048486
vn -0.456566 0.877472 0.146938
vn -0.469288 0.870474 0.148473
vn -0.426456 0.872578 0.238207
vn -0.437821 0.865359 0.243857
vn -0.370011 0.873583 0.316140
vn -0.378834 0.866410 0.325298
vn -0.292751 0.880391 0.373106
vn -0.298092 0.873525 0.384831
vn -0.202239 0.892337 0.403527
vn -0.203500 0.886009 0.416625
vn -0.107337 0.908250 0.404427
vn -0.104323 0.902638 0.417566
vn -0.017330 0.926572 0.375718
vn -0.010261 0.921787 0.387562
vn 0.058964 0.945509 0.320211
vn 0.069471 0.941578 0.329552
vn 0.114081 0.963209 0.243340
vn 0.127071 0.960075 0.249218
vn 0.142625 0.977938 0.152630
vn 0.156902 0.975467 0.154424
vn 0.141805 0.988255 0.056955
vn 0.156046 0.986249 0.054436
vn -0.352113 0.887385 0.297597
vn -0.403429 0.886471 0.226748
vn -0.281871 0.893578 0.349383
vn -0.199584 0.904437 0.377041
vn -0.113304 0.918903 0.377861
vn -0.031478 0.935560 0.351762
vn 0.037883 0.952777 0.301299
vn 0.087998 0.968868 0.231411
vn 0.113950 0.982258 0.148945
vn 0.113199 0.991638 0.061962
vn 0.085828 0.996088 -0.021019
vn 0.034511 0.995173 -0.091865
vn -0.035733 0.988983 -0.143652
vn -0.118020 0.978123 -0.171312
vn -0.204299 0.963656 -0.172131
vn -0.286125 0.946999 -0.146030
vn -0.355488 0.929783 -0.095566
vn -0.405599 0.913690 -0.025680
vn -0.431549 0.900300 0.056786
vn -0.430803 0.890921 0.143768
vn -0.323611 0.927555 0.186861
vn -0.289831 0.928157 0.233500
vn -0.217134 0.966998 0.133299
vn -0.206222 0.967191 0.148369
vn -0.107146 0.991211 0.077588
vn -0.119291 0.990995 0.060822
vn 0.004639 0.999777 0.020603
vn -0.030394 0.999152 -0.027763
vn -0.243589 0.932234 0.267590
vn -0.191283 0.968508 0.159380
vn -0.135913 0.989530 0.048567
vn -0.078345 0.994926 -0.063117
vn -0.189419 0.939384 0.285795
vn -0.173780 0.970819 0.165263
vn -0.155386 0.986960 0.042022
vn -0.134517 0.987513 -0.082000
vn -0.132623 0.948908 0.286331
vn -0.155429 0.973895 0.165439
vn -0.175804 0.983536 0.041829
vn -0.193417 0.977637 -0.082558
vn -0.078759 0.959872 0.269153
vn -0.138027 0.977438 0.159888
vn -0.195169 0.979594 0.048004
vn -0.249276 0.966266 -0.064741
vn -0.033099 0.971205 0.235936
vn -0.123276 0.981100 0.149154
vn -0.211585 0.975520 0.059945
vn -0.296626 0.954513 -0.030294
vn -0.000106 0.981798 0.189930
vn -0.112617 0.984522 0.134289
vn -0.223443 0.971712 0.076483
vn -0.330833 0.943529 0.017414
vn 0.016977 0.990613 0.135642
vn -0.107093 0.987371 0.116750
vn -0.229582 0.968543 0.096001
vn -0.348550 0.934387 0.073715
vn 0.016480 0.996787 0.078382
vn -0.107255 0.989365 0.098251
vn -0.229407 0.966323 0.116585
vn -0.348041 0.927984 0.133093
vn -0.001533 0.999717 0.023755
vn -0.113074 0.990312 0.080601
vn -0.222927 0.965271 0.136221
vn -0.329355 0.924946 0.189736
vn -0.035316 0.999114 -0.022881
vn -0.123991 0.990117 0.065534
vn -0.210781 0.965487 0.152987
vn -0.294321 0.925570 0.238106
vn -0.081560 0.995039 -0.056971
vn -0.138933 0.988800 0.054520
vn -0.194160 0.966953 0.165240
vn -0.246371 0.929797 0.273458
vn -0.135728 0.987890 -0.075182
vn -0.156434 0.986490 0.048637
vn -0.174688 0.969523 0.171785
vn -0.190198 0.937211 0.292336
vn -0.192524 0.978366 -0.075724
vn -0.174783 0.983414 0.048464
vn -0.154270 0.972945 0.171983
vn -0.131299 0.947086 0.292898
vn -0.246389 0.967401 -0.058542
vn -0.192185 0.979871 0.054013
vn -0.134904 0.976887 0.165810
vn -0.075440 0.958456 0.275082
vn -0.292050 0.956068 -0.025317
vn -0.206940 0.976209 0.064744
vn -0.118491 0.980961 0.153866
vn -0.028091 0.970209 0.240636
vn -0.325041 0.945474 0.020687
vn -0.217600 0.972786 0.079608
vn -0.106633 0.984770 0.137325
vn 0.006117 0.981194 0.192925
vn -0.342124 0.936659 0.074975
vn -0.223116 0.969939 0.097151
vn -0.100492 0.987939 0.117809
vn 0.023833 0.990336 0.136623
vn -0.341630 0.930486 0.132234
vn -0.222954 0.967945 0.115649
vn -0.100668 0.990158 0.097225
vn 0.023324 0.996739 0.077246
s 1
g Outsidestuff Fruit blurberyy Blueberry2
usemtl lambert14SG
f 2409/2989/2993 2410/2990/2994 2430/3011/2995 2429/3010/2996
f 2410/2990/2994 2411/2991/2997 2431/3012/2998 2430/3011/2995
f 2411/2991/2997 2412/2992/2999 2432/3013/3000 2431/3012/2998
f 2412/2992/2999 2413/2993/3001 2433/3014/3002 2432/3013/3000
f 2413/2993/3001 2414/2994/3003 2434/3015/3004 2433/3014/3002
f 2414/2994/3003 2415/2995/3005 2435/3016/3006 2434/3015/3004
f 2415/2995/3005 2416/2996/3007 2436/3017/3008 2435/3016/3006
f 2416/2996/3007 2417/2997/3009 2437/3018/3010 2436/3017/3008
f 2417/2997/3009 2418/2998/3011 2438/3019/3012 2437/3018/3010
f 2418/2998/3011 2419/2999/3013 2439/3020/3014 2438/3019/3012
f 2419/2999/3013 2420/3000/3015 2440/3021/3016 2439/3020/3014
f 2420/3000/3015 2421/3001/3017 2441/3022/3018 2440/3021/3016
f 2421/3001/3017 2422/3002/3019 2442/3023/3020 2441/3022/3018
f 2422/3002/3019 2423/3003/3021 2443/3024/3022 2442/3023/3020
f 2423/3003/3021 2424/3004/3023 2444/3025/3024 2443/3024/3022
f 2424/3004/3023 2425/3005/3025 2445/3026/3026 2444/3025/3024
f 2425/3005/3025 2426/3006/3027 2446/3027/3028 2445/3026/3026
f 2426/3006/3027 2427/3007/3029 2447/3028/3030 2446/3027/3028
f 2427/3007/3029 2428/3008/3031 2448/3029/3032 2447/3028/3030
f 2428/3008/3031 2409/3009/2993 2429/3030/2996 2448/3029/3032
f 2429/3010/2996 2430/3011/2995 2450/3032/3033 2449/3031/3034
f 2430/3011/2995 2431/3012/2998 2451/3033/3035 2450/3032/3033
f 2431/3012/2998 2432/3013/3000 2452/3034/3036 2451/3033/3035
f 2432/3013/3000 2433/3014/3002 2453/3035/3037 2452/3034/3036
f 2433/3014/3002 2434/3015/3004 2454/3036/3038 2453/3035/3037
f 2434/3015/3004 2435/3016/3006 2455/3037/3039 2454/3036/3038
f 2435/3016/3006 2436/3017/3008 2456/3038/3040 2455/3037/3039
f 2436/3017/3008 2437/3018/3010 2457/3039/3041 2456/3038/3040
f 2437/3018/3010 2438/3019/3012 2458/3040/3042 2457/3039/3041
f 2438/3019/3012 2439/3020/3014 2459/3041/3043 2458/3040/3042
f 2439/3020/3014 2440/3021/3016 2460/3042/3044 2459/3041/3043
f 2440/3021/3016 2441/3022/3018 2461/3043/3045 2460/3042/3044
f 2441/3022/3018 2442/3023/3020 2462/3044/3046 2461/3043/3045
f 2442/3023/3020 2443/3024/3022 2463/3045/3047 2462/3044/3046
f 2443/3024/3022 2444/3025/3024 2464/3046/3048 2463/3045/3047
f 2444/3025/3024 2445/3026/3026 2465/3047/3049 2464/3046/3048
f 2445/3026/3026 2446/3027/3028 2466/3048/3050 2465/3047/3049
f 2446/3027/3028 2447/3028/3030 2467/3049/3051 2466/3048/3050
f 2447/3028/3030 2448/3029/3032 2468/3050/3052 2467/3049/3051
f 2448/3029/3032 2429/3030/2996 2449/3051/3034 2468/3050/3052
f 2449/3031/3034 2450/3032/3033 2470/3053/3053 2469/3052/3054
f 2450/3032/3033 2451/3033/3035 2471/3054/3055 2470/3053/3053
f 2451/3033/3035 2452/3034/3036 2472/3055/3056 2471/3054/3055
f 2452/3034/3036 2453/3035/3037 2473/3056/3057 2472/3055/3056
f 2453/3035/3037 2454/3036/3038 2474/3057/3058 2473/3056/3057
f 2454/3036/3038 2455/3037/3039 2475/3058/3059 2474/3057/3058
f 2455/3037/3039 2456/3038/3040 2476/3059/3060 2475/3058/3059
f 2456/3038/3040 2457/3039/3041 2477/3060/3061 2476/3059/3060
f 2457/3039/3041 2458/3040/3042 2478/3061/3062 2477/3060/3061
f 2458/3040/3042 2459/3041/3043 2479/3062/3063 2478/3061/3062
f 2459/3041/3043 2460/3042/3044 2480/3063/3064 2479/3062/3063
f 2460/3042/3044 2461/3043/3045 2481/3064/3065 2480/3063/3064
f 2461/3043/3045 2462/3044/3046 2482/3065/3066 2481/3064/3065
f 2462/3044/3046 2463/3045/3047 2483/3066/3067 2482/3065/3066
f 2463/3045/3047 2464/3046/3048 2484/3067/3068 2483/3066/3067
f 2464/3046/3048 2465/3047/3049 2485/3068/3069 2484/3067/3068
f 2465/3047/3049 2466/3048/3050 2486/3069/3070 2485/3068/3069
f 2466/3048/3050 2467/3049/3051 2487/3070/3071 2486/3069/3070
f 2467/3049/3051 2468/3050/3052 2488/3071/3072 2487/3070/3071
f 2468/3050/3052 2449/3051/3034 2469/3072/3054 2488/3071/3072
f 2469/3052/3054 2470/3053/3053 2490/3074/3073 2489/3073/3074
f 2470/3053/3053 2471/3054/3055 2491/3075/3075 2490/3074/3073
f 2471/3054/3055 2472/3055/3056 2492/3076/3076 2491/3075/3075
f 2472/3055/3056 2473/3056/3057 2493/3077/3077 2492/3076/3076
f 2473/3056/3057 2474/3057/3058 2494/3078/3078 2493/3077/3077
f 2474/3057/3058 2475/3058/3059 2495/3079/3079 2494/3078/3078
f 2475/3058/3059 2476/3059/3060 2496/3080/3080 2495/3079/3079
f 2476/3059/3060 2477/3060/3061 2497/3081/3081 2496/3080/3080
f 2477/3060/3061 2478/3061/3062 2498/3082/3082 2497/3081/3081
f 2478/3061/3062 2479/3062/3063 2499/3083/3083 2498/3082/3082
f 2479/3062/3063 2480/3063/3064 2500/3084/3084 2499/3083/3083
f 2480/3063/3064 2481/3064/3065 2501/3085/3085 2500/3084/3084
f 2481/3064/3065 2482/3065/3066 2502/3086/3086 2501/3085/3085
f 2482/3065/3066 2483/3066/3067 2503/3087/3087 2502/3086/3086
f 2483/3066/3067 2484/3067/3068 2504/3088/3088 2503/3087/3087
f 2484/3067/3068 2485/3068/3069 2505/3089/3089 2504/3088/3088
f 2485/3068/3069 2486/3069/3070 2506/3090/3090 2505/3089/3089
f 2486/3069/3070 2487/3070/3071 2507/3091/3091 2506/3090/3090
f 2487/3070/3071 2488/3071/3072 2508/3092/3092 2507/3091/3091
f 2488/3071/3072 2469/3072/3054 2489/3093/3074 2508/3092/3092
f 2489/3073/3074 2490/3074/3073 2510/3095/3093 2509/3094/3094
f 2490/3074/3073 2491/3075/3075 2511/3096/3095 2510/3095/3093
f 2491/3075/3075 2492/3076/3076 2512/3097/3096 2511/3096/3095
f 2492/3076/3076 2493/3077/3077 2513/3098/3097 2512/3097/3096
f 2493/3077/3077 2494/3078/3078 2514/3099/3098 2513/3098/3097
f 2494/3078/3078 2495/3079/3079 2515/3100/3099 2514/3099/3098
f 2495/3079/3079 2496/3080/3080 2516/3101/3100 2515/3100/3099
f 2496/3080/3080 2497/3081/3081 2517/3102/3101 2516/3101/3100
f 2497/3081/3081 2498/3082/3082 2518/3103/3102 2517/3102/3101
f 2498/3082/3082 2499/3083/3083 2519/3104/3103 2518/3103/3102
f 2499/3083/3083 2500/3084/3084 2520/3105/3104 2519/3104/3103
f 2500/3084/3084 2501/3085/3085 2521/3106/3105 2520/3105/3104
f 2501/3085/3085 2502/3086/3086 2522/3107/3106 2521/3106/3105
f 2502/3086/3086 2503/3087/3087 2523/3108/3107 2522/3107/3106
f 2503/3087/3087 2504/3088/3088 2524/3109/3108 2523/3108/3107
f 2504/3088/3088 2505/3089/3089 2525/3110/3109 2524/3109/3108
f 2505/3089/3089 2506/3090/3090 2526/3111/3110 2525/3110/3109
f 2506/3090/3090 2507/3091/3091 2527/3112/3111 2526/3111/3110
f 2507/3091/3091 2508/3092/3092 2528/3113/3112 2527/3112/3111
f 2508/3092/3092 2489/3093/3074 2509/3114/3094 2528/3113/3112
f 2509/3094/3094 2510/3095/3093 2530/3116/3113 2529/3115/3114
f 2510/3095/3093 2511/3096/3095 2531/3117/3115 2530/3116/3113
f 2511/3096/3095 2512/3097/3096 2532/3118/3116 2531/3117/3115
f 2512/3097/3096 2513/3098/3097 2533/3119/3117 2532/3118/3116
f 2513/3098/3097 2514/3099/3098 2534/3120/3118 2533/3119/3117
f 2514/3099/3098 2515/3100/3099 2535/3121/3119 2534/3120/3118
f 2515/3100/3099 2516/3101/3100 2536/3122/3120 2535/3121/3119
f 2516/3101/3100 2517/3102/3101 2537/3123/3121 2536/3122/3120
f 2517/3102/3101 2518/3103/3102 2538/3124/3122 2537/3123/3121
f 2518/3103/3102 2519/3104/3103 2539/3125/3123 2538/3124/3122
f 2519/3104/3103 2520/3105/3104 2540/3126/3124 2539/3125/3123
f 2520/3105/3104 2521/3106/3105 2541/3127/3125 2540/3126/3124
f 2521/3106/3105 2522/3107/3106 2542/3128/3126 2541/3127/3125
f 2522/3107/3106 2523/3108/3107 2543/3129/3127 2542/3128/3126
f 2523/3108/3107 2524/3109/3108 2544/3130/3128 2543/3129/3127
f 2524/3109/3108 2525/3110/3109 2545/3131/3129 2544/3130/3128
f 2525/3110/3109 2526/3111/3110 2546/3132/3130 2545/3131/3129
f 2526/3111/3110 2527/3112/3111 2547/3133/3131 2546/3132/3130
f 2527/3112/3111 2528/3113/3112 2548/3134/3132 2547/3133/3131
f 2528/3113/3112 2509/3114/3094 2529/3135/3114 2548/3134/3132
f 2529/3115/3114 2530/3116/3113 2550/3137/3133 2549/3136/3134
f 2530/3116/3113 2531/3117/3115 2551/3138/3135 2550/3137/3133
f 2531/3117/3115 2532/3118/3116 2552/3139/3136 2551/3138/3135
f 2532/3118/3116 2533/3119/3117 2553/3140/3137 2552/3139/3136
f 2533/3119/3117 2534/3120/3118 2554/3141/3138 2553/3140/3137
f 2534/3120/3118 2535/3121/3119 2555/3142/3139 2554/3141/3138
f 2535/3121/3119 2536/3122/3120 2556/3143/3140 2555/3142/3139
f 2536/3122/3120 2537/3123/3121 2557/3144/3141 2556/3143/3140
f 2537/3123/3121 2538/3124/3122 2558/3145/3142 2557/3144/3141
f 2538/3124/3122 2539/3125/3123 2559/3146/3143 2558/3145/3142
f 2539/3125/3123 2540/3126/3124 2560/3147/3144 2559/3146/3143
f 2540/3126/3124 2541/3127/3125 2561/3148/3145 2560/3147/3144
f 2541/3127/3125 2542/3128/3126 2562/3149/3146 2561/3148/3145
f 2542/3128/3126 2543/3129/3127 2563/3150/3147 2562/3149/3146
f 2543/3129/3127 2544/3130/3128 2564/3151/3148 2563/3150/3147
f 2544/3130/3128 2545/3131/3129 2565/3152/3149 2564/3151/3148
f 2545/3131/3129 2546/3132/3130 2566/3153/3150 2565/3152/3149
f 2546/3132/3130 2547/3133/3131 2567/3154/3151 2566/3153/3150
f 2547/3133/3131 2548/3134/3132 2568/3155/3152 2567/3154/3151
f 2548/3134/3132 2529/3135/3114 2549/3156/3134 2568/3155/3152
f 2549/3136/3134 2550/3137/3133 2570/3158/3153 2569/3157/3154
f 2550/3137/3133 2551/3138/3135 2571/3159/3155 2570/3158/3153
f 2551/3138/3135 2552/3139/3136 2572/3160/3156 2571/3159/3155
f 2552/3139/3136 2553/3140/3137 2573/3161/3157 2572/3160/3156
f 2553/3140/3137 2554/3141/3138 2574/3162/3158 2573/3161/3157
f 2554/3141/3138 2555/3142/3139 2575/3163/3159 2574/3162/3158
f 2555/3142/3139 2556/3143/3140 2576/3164/3160 2575/3163/3159
f 2556/3143/3140 2557/3144/3141 2577/3165/3161 2576/3164/3160
f 2557/3144/3141 2558/3145/3142 2578/3166/3162 2577/3165/3161
f 2558/3145/3142 2559/3146/3143 2579/3167/3163 2578/3166/3162
f 2559/3146/3143 2560/3147/3144 2580/3168/3164 2579/3167/3163
f 2560/3147/3144 2561/3148/3145 2581/3169/3165 2580/3168/3164
f 2561/3148/3145 2562/3149/3146 2582/3170/3166 2581/3169/3165
f 2562/3149/3146 2563/3150/3147 2583/3171/3167 2582/3170/3166
f 2563/3150/3147 2564/3151/3148 2584/3172/3168 2583/3171/3167
f 2564/3151/3148 2565/3152/3149 2585/3173/3169 2584/3172/3168
f 2565/3152/3149 2566/3153/3150 2586/3174/3170 2585/3173/3169
f 2566/3153/3150 2567/3154/3151 2587/3175/3171 2586/3174/3170
f 2567/3154/3151 2568/3155/3152 2588/3176/3172 2587/3175/3171
f 2568/3155/3152 2549/3156/3134 2569/3177/3154 2588/3176/3172
f 2569/3157/3154 2570/3158/3153 2590/3179/3173 2589/3178/3174
f 2570/3158/3153 2571/3159/3155 2591/3180/3175 2590/3179/3173
f 2571/3159/3155 2572/3160/3156 2592/3181/3176 2591/3180/3175
f 2572/3160/3156 2573/3161/3157 2593/3182/3177 2592/3181/3176
f 2573/3161/3157 2574/3162/3158 2594/3183/3178 2593/3182/3177
f 2574/3162/3158 2575/3163/3159 2595/3184/3179 2594/3183/3178
f 2575/3163/3159 2576/3164/3160 2596/3185/3180 2595/3184/3179
f 2576/3164/3160 2577/3165/3161 2597/3186/3181 2596/3185/3180
f 2577/3165/3161 2578/3166/3162 2598/3187/3182 2597/3186/3181
f 2578/3166/3162 2579/3167/3163 2599/3188/3183 2598/3187/3182
f 2579/3167/3163 2580/3168/3164 2600/3189/3184 2599/3188/3183
f 2580/3168/3164 2581/3169/3165 2601/3190/3185 2600/3189/3184
f 2581/3169/3165 2582/3170/3166 2602/3191/3186 2601/3190/3185
f 2582/3170/3166 2583/3171/3167 2603/3192/3187 2602/3191/3186
f 2583/3171/3167 2584/3172/3168 2604/3193/3188 2603/3192/3187
f 2584/3172/3168 2585/3173/3169 2605/3194/3189 2604/3193/3188
f 2585/3173/3169 2586/3174/3170 2606/3195/3190 2605/3194/3189
f 2586/3174/3170 2587/3175/3171 2607/3196/3191 2606/3195/3190
f 2587/3175/3171 2588/3176/3172 2608/3197/3192 2607/3196/3191
f 2588/3176/3172 2569/3177/3154 2589/3198/3174 2608/3197/3192
f 2589/3178/3174 2590/3179/3173 2610/3200/3193 2609/3199/3194
f 2590/3179/3173 2591/3180/3175 2611/3201/3195 2610/3200/3193
f 2591/3180/3175 2592/3181/3176 2612/3202/3196 2611/3201/3195
f 2592/3181/3176 2593/3182/3177 2613/3203/3197 2612/3202/3196
f 2593/3182/3177 2594/3183/3178 2614/3204/3198 2613/3203/3197
f 2594/3183/3178 2595/3184/3179 2615/3205/3199 2614/3204/3198
f 2595/3184/3179 2596/3185/3180 2616/3206/3200 2615/3205/3199
f 2596/3185/3180 2597/3186/3181 2617/3207/3201 2616/3206/3200
f 2597/3186/3181 2598/3187/3182 2618/3208/3202 2617/3207/3201
f 2598/3187/3182 2599/3188/3183 2619/3209/3203 2618/3208/3202
f 2599/3188/3183 2600/3189/3184 2620/3210/3204 2619/3209/3203
f 2600/3189/3184 2601/3190/3185 2621/3211/3205 2620/3210/3204
f 2601/3190/3185 2602/3191/3186 2622/3212/3206 2621/3211/3205
f 2602/3191/3186 2603/3192/3187 2623/3213/3207 2622/3212/3206
f 2603/3192/3187 2604/3193/3188 2624/3214/3208 2623/3213/3207
f 2604/3193/3188 2605/3194/3189 2625/3215/3209 2624/3214/3208
f 2605/3194/3189 2606/3195/3190 2626/3216/3210 2625/3215/3209
f 2606/3195/3190 2607/3196/3191 2627/3217/3211 2626/3216/3210
f 2607/3196/3191 2608/3197/3192 2628/3218/3212 2627/3217/3211
f 2608/3197/3192 2589/3198/3174 2609/3219/3194 2628/3218/3212
f 2609/3199/3194 2610/3200/3193 2630/3221/3213 2629/3220/3214
f 2610/3200/3193 2611/3201/3195 2631/3222/3215 2630/3221/3213
f 2611/3201/3195 2612/3202/3196 2632/3223/3216 2631/3222/3215
f 2612/3202/3196 2613/3203/3197 2633/3224/3217 2632/3223/3216
f 2613/3203/3197 2614/3204/3198 2634/3225/3218 2633/3224/3217
f 2614/3204/3198 2615/3205/3199 2635/3226/3219 2634/3225/3218
f 2615/3205/3199 2616/3206/3200 2636/3227/3220 2635/3226/3219
f 2616/3206/3200 2617/3207/3201 2637/3228/3221 2636/3227/3220
f 2617/3207/3201 2618/3208/3202 2638/3229/3222 2637/3228/3221
f 2618/3208/3202 2619/3209/3203 2639/3230/3223 2638/3229/3222
f 2619/3209/3203 2620/3210/3204 2640/3231/3224 2639/3230/3223
f 2620/3210/3204 2621/3211/3205 2641/3232/3225 2640/3231/3224
f 2621/3211/3205 2622/3212/3206 2642/3233/3226 2641/3232/3225
f 2622/3212/3206 2623/3213/3207 2643/3234/3227 2642/3233/3226
f 2623/3213/3207 2624/3214/3208 2644/3235/3228 2643/3234/3227
f 2624/3214/3208 2625/3215/3209 2645/3236/3229 2644/3235/3228
f 2625/3215/3209 2626/3216/3210 2646/3237/3230 2645/3236/3229
f 2626/3216/3210 2627/3217/3211 2647/3238/3231 2646/3237/3230
f 2627/3217/3211 2628/3218/3212 2648/3239/3232 2647/3238/3231
f 2628/3218/3212 2609/3219/3194 2629/3240/3214 2648/3239/3232
f 2629/3220/3214 2630/3221/3213 2650/3242/3233 2649/3241/3234
f 2630/3221/3213 2631/3222/3215 2651/3243/3235 2650/3242/3233
f 2631/3222/3215 2632/3223/3216 2652/3244/3236 2651/3243/3235
f 2632/3223/3216 2633/3224/3217 2653/3245/3237 2652/3244/3236
f 2633/3224/3217 2634/3225/3218 2654/3246/3238 2653/3245/3237
f 2634/3225/3218 2635/3226/3219 2655/3247/3239 2654/3246/3238
f 2635/3226/3219 2636/3227/3220 2656/3248/3240 2655/3247/3239
f 2636/3227/3220 2637/3228/3221 2657/3249/3241 2656/3248/3240
f 2637/3228/3221 2638/3229/3222 2658/3250/3242 2657/3249/3241
f 2638/3229/3222 2639/3230/3223 2659/3251/3243 2658/3250/3242
f 2639/3230/3223 2640/3231/3224 2660/3252/3244 2659/3251/3243
f 2640/3231/3224 2641/3232/3225 2661/3253/3245 2660/3252/3244
f 2641/3232/3225 2642/3233/3226 2662/3254/3246 2661/3253/3245
f 2642/3233/3226 2643/3234/3227 2663/3255/3247 2662/3254/3246
f 2643/3234/3227 2644/3235/3228 2664/3256/3248 2663/3255/3247
f 2644/3235/3228 2645/3236/3229 2665/3257/3249 2664/3256/3248
f 2645/3236/3229 2646/3237/3230 2666/3258/3250 2665/3257/3249
f 2646/3237/3230 2647/3238/3231 2667/3259/3251 2666/3258/3250
f 2647/3238/3231 2648/3239/3232 2668/3260/3252 2667/3259/3251
f 2648/3239/3232 2629/3240/3214 2649/3261/3234 2668/3260/3252
f 2649/3241/3234 2650/3242/3233 2670/3263/3253 2669/3262/3254
f 2650/3242/3233 2651/3243/3235 2671/3264/3255 2670/3263/3253
f 2651/3243/3235 2652/3244/3236 2672/3265/3256 2671/3264/3255
f 2652/3244/3236 2653/3245/3237 2673/3266/3257 2672/3265/3256
f 2653/3245/3237 2654/3246/3238 2674/3267/3258 2673/3266/3257
f 2654/3246/3238 2655/3247/3239 2675/3268/3259 2674/3267/3258
f 2655/3247/3239 2656/3248/3240 2676/3269/3260 2675/3268/3259
f 2656/3248/3240 2657/3249/3241 2677/3270/3261 2676/3269/3260
f 2657/3249/3241 2658/3250/3242 2678/3271/3262 2677/3270/3261
f 2658/3250/3242 2659/3251/3243 2679/3272/3263 2678/3271/3262
f 2659/3251/3243 2660/3252/3244 2680/3273/3264 2679/3272/3263
f 2660/3252/3244 2661/3253/3245 2681/3274/3265 2680/3273/3264
f 2661/3253/3245 2662/3254/3246 2682/3275/3266 2681/3274/3265
f 2662/3254/3246 2663/3255/3247 2683/3276/3267 2682/3275/3266
f 2663/3255/3247 2664/3256/3248 2684/3277/3268 2683/3276/3267
f 2664/3256/3248 2665/3257/3249 2685/3278/3269 2684/3277/3268
f 2665/3257/3249 2666/3258/3250 2686/3279/3270 2685/3278/3269
f 2666/3258/3250 2667/3259/3251 2687/3280/3271 2686/3279/3270
f 2667/3259/3251 2668/3260/3252 2688/3281/3272 2687/3280/3271
f 2668/3260/3252 2649/3261/3234 2669/3282/3254 2688/3281/3272
f 2669/3262/3254 2670/3263/3253 2690/3305/3273 2689/3283/3274
f 2670/3263/3253 2671/3264/3255 2691/3307/3275 2690/3305/3273
f 2671/3264/3255 2672/3265/3256 2692/3309/3276 2691/3307/3275
f 2672/3265/3256 2673/3266/3257 2693/3311/3277 2692/3309/3276
f 2673/3266/3257 2674/3267/3258 2694/3313/3278 2693/3311/3277
f 2674/3267/3258 2675/3268/3259 2695/3315/3279 2694/3313/3278
f 2675/3268/3259 2676/3269/3260 2696/3317/3280 2695/3315/3279
f 2676/3269/3260 2677/3270/3261 2697/3319/3281 2696/3317/3280
f 2677/3270/3261 2678/3271/3262 2698/3321/3282 2697/3319/3281
f 2678/3271/3262 2679/3272/3263 2699/3323/3283 2698/3321/3282
f 2679/3272/3263 2680/3273/3264 2700/3325/3284 2699/3323/3283
f 2680/3273/3264 2681/3274/3265 2701/3327/3285 2700/3325/3284
f 2681/3274/3265 2682/3275/3266 2702/3329/3286 2701/3327/3285
f 2682/3275/3266 2683/3276/3267 2703/3331/3287 2702/3329/3286
f 2683/3276/3267 2684/3277/3268 2704/3333/3288 2703/3331/3287
f 2684/3277/3268 2685/3278/3269 2705/3335/3289 2704/3333/3288
f 2685/3278/3269 2686/3279/3270 2706/3337/3290 2705/3335/3289
f 2686/3279/3270 2687/3280/3271 2707/3339/3291 2706/3337/3290
f 2687/3280/3271 2688/3281/3272 2708/3341/3292 2707/3339/3291
f 2688/3281/3272 2669/3282/3254 2689/3343/3274 2708/3341/3292
f 2410/2990/2994 2409/2989/2993 2729/3285/3293
f 2411/2991/2997 2410/2990/2994 2729/3286/3293
f 2412/2992/2999 2411/2991/2997 2729/3287/3293
f 2413/2993/3001 2412/2992/2999 2729/3288/3293
f 2414/2994/3003 2413/2993/3001 2729/3289/3293
f 2415/2995/3005 2414/2994/3003 2729/3290/3293
f 2416/2996/3007 2415/2995/3005 2729/3291/3293
f 2417/2997/3009 2416/2996/3007 2729/3292/3293
f 2418/2998/3011 2417/2997/3009 2729/3293/3293
f 2419/2999/3013 2418/2998/3011 2729/3294/3293
f 2420/3000/3015 2419/2999/3013 2729/3295/3293
f 2421/3001/3017 2420/3000/3015 2729/3296/3293
f 2422/3002/3019 2421/3001/3017 2729/3297/3293
f 2423/3003/3021 2422/3002/3019 2729/3298/3293
f 2424/3004/3023 2423/3003/3021 2729/3299/3293
f 2425/3005/3025 2424/3004/3023 2729/3300/3293
f 2426/3006/3027 2425/3005/3025 2729/3301/3293
f 2427/3007/3029 2426/3006/3027 2729/3302/3293
f 2428/3008/3031 2427/3007/3029 2729/3303/3293
f 2409/3009/2993 2428/3008/3031 2729/3304/3293
f 2689/3283/3274 2690/3305/3273 2734/3308/3294 2730/3306/3295
f 2690/3305/3273 2691/3307/3275 2738/3310/3296 2734/3308/3294
f 2691/3307/3275 2692/3309/3276 2742/3312/3297 2738/3310/3296
f 2692/3309/3276 2693/3311/3277 2746/3314/3298 2742/3312/3297
f 2693/3311/3277 2694/3313/3278 2750/3316/3299 2746/3314/3298
f 2694/3313/3278 2695/3315/3279 2754/3318/3300 2750/3316/3299
f 2695/3315/3279 2696/3317/3280 2758/3320/3301 2754/3318/3300
f 2696/3317/3280 2697/3319/3281 2762/3322/3302 2758/3320/3301
f 2697/3319/3281 2698/3321/3282 2766/3324/3303 2762/3322/3302
f 2698/3321/3282 2699/3323/3283 2770/3326/3304 2766/3324/3303
f 2699/3323/3283 2700/3325/3284 2774/3328/3305 2770/3326/3304
f 2700/3325/3284 2701/3327/3285 2778/3330/3306 2774/3328/3305
f 2701/3327/3285 2702/3329/3286 2782/3332/3307 2778/3330/3306
f 2702/3329/3286 2703/3331/3287 2786/3334/3308 2782/3332/3307
f 2703/3331/3287 2704/3333/3288 2790/3336/3309 2786/3334/3308
f 2704/3333/3288 2705/3335/3289 2794/3338/3310 2790/3336/3309
f 2705/3335/3289 2706/3337/3290 2798/3340/3311 2794/3338/3310
f 2706/3337/3290 2707/3339/3291 2802/3342/3312 2798/3340/3311
f 2707/3339/3291 2708/3341/3292 2806/3344/3313 2802/3342/3312
f 2708/3341/3292 2689/3343/3274 2730/3385/3295 2806/3344/3313
f 2733/3386/3314 2737/3345/3315 2814/3348/3316 2810/3346/3317
f 2737/3345/3315 2741/3347/3318 2818/3350/3319 2814/3348/3316
f 2741/3347/3318 2745/3349/3320 2822/3352/3321 2818/3350/3319
f 2745/3349/3320 2749/3351/3322 2826/3354/3323 2822/3352/3321
f 2749/3351/3322 2753/3353/3324 2830/3356/3325 2826/3354/3323
f 2753/3353/3324 2757/3355/3326 2834/3358/3327 2830/3356/3325
f 2757/3355/3326 2761/3357/3328 2838/3360/3329 2834/3358/3327
f 2761/3357/3328 2765/3359/3330 2842/3362/3331 2838/3360/3329
f 2765/3359/3330 2769/3361/3332 2846/3364/3333 2842/3362/3331
f 2769/3361/3332 2773/3363/3334 2850/3366/3335 2846/3364/3333
f 2773/3363/3334 2777/3365/3336 2854/3368/3337 2850/3366/3335
f 2777/3365/3336 2781/3367/3338 2858/3370/3339 2854/3368/3337
f 2781/3367/3338 2785/3369/3340 2862/3372/3341 2858/3370/3339
f 2785/3369/3340 2789/3371/3342 2866/3374/3343 2862/3372/3341
f 2789/3371/3342 2793/3373/3344 2870/3376/3345 2866/3374/3343
f 2793/3373/3344 2797/3375/3346 2874/3378/3347 2870/3376/3345
f 2797/3375/3346 2801/3377/3348 2878/3380/3349 2874/3378/3347
f 2801/3377/3348 2805/3379/3350 2882/3382/3351 2878/3380/3349
f 2805/3379/3350 2809/3381/3352 2886/3384/3353 2882/3382/3351
f 2809/3381/3352 2733/3383/3314 2810/3387/3317 2886/3384/3353
f 2732/3392/3354 2733/3383/3314 2809/3381/3352 2808/3430/3355
f 2730/3385/3295 2731/3390/3356 2807/3429/3357 2806/3344/3313
f 2731/3390/3356 2732/3392/3354 2808/3430/3355 2807/3429/3357
f 2733/3386/3314 2732/3391/3354 2736/3394/3358 2737/3345/3315
f 2732/3391/3354 2731/3389/3356 2735/3393/3359 2736/3394/3358
f 2731/3389/3356 2730/3306/3295 2734/3308/3294 2735/3393/3359
f 2737/3345/3315 2736/3394/3358 2740/3396/3360 2741/3347/3318
f 2736/3394/3358 2735/3393/3359 2739/3395/3361 2740/3396/3360
f 2735/3393/3359 2734/3308/3294 2738/3310/3296 2739/3395/3361
f 2741/3347/3318 2740/3396/3360 2744/3398/3362 2745/3349/3320
f 2740/3396/3360 2739/3395/3361 2743/3397/3363 2744/3398/3362
f 2739/3395/3361 2738/3310/3296 2742/3312/3297 2743/3397/3363
f 2745/3349/3320 2744/3398/3362 2748/3400/3364 2749/3351/3322
f 2744/3398/3362 2743/3397/3363 2747/3399/3365 2748/3400/3364
f 2743/3397/3363 2742/3312/3297 2746/3314/3298 2747/3399/3365
f 2749/3351/3322 2748/3400/3364 2752/3402/3366 2753/3353/3324
f 2748/3400/3364 2747/3399/3365 2751/3401/3367 2752/3402/3366
f 2747/3399/3365 2746/3314/3298 2750/3316/3299 2751/3401/3367
f 2753/3353/3324 2752/3402/3366 2756/3404/3368 2757/3355/3326
f 2752/3402/3366 2751/3401/3367 2755/3403/3369 2756/3404/3368
f 2751/3401/3367 2750/3316/3299 2754/3318/3300 2755/3403/3369
f 2757/3355/3326 2756/3404/3368 2760/3406/3370 2761/3357/3328
f 2756/3404/3368 2755/3403/3369 2759/3405/3371 2760/3406/3370
f 2755/3403/3369 2754/3318/3300 2758/3320/3301 2759/3405/3371
f 2761/3357/3328 2760/3406/3370 2764/3408/3372 2765/3359/3330
f 2760/3406/3370 2759/3405/3371 2763/3407/3373 2764/3408/3372
f 2759/3405/3371 2758/3320/3301 2762/3322/3302 2763/3407/3373
f 2765/3359/3330 2764/3408/3372 2768/3410/3374 2769/3361/3332
f 2764/3408/3372 2763/3407/3373 2767/3409/3375 2768/3410/3374
f 2763/3407/3373 2762/3322/3302 2766/3324/3303 2767/3409/3375
f 2769/3361/3332 2768/3410/3374 2772/3412/3376 2773/3363/3334
f 2768/3410/3374 2767/3409/3375 2771/3411/3377 2772/3412/3376
f 2767/3409/3375 2766/3324/3303 2770/3326/3304 2771/3411/3377
f 2773/3363/3334 2772/3412/3376 2776/3414/3378 2777/3365/3336
f 2772/3412/3376 2771/3411/3377 2775/3413/3379 2776/3414/3378
f 2771/3411/3377 2770/3326/3304 2774/3328/3305 2775/3413/3379
f 2777/3365/3336 2776/3414/3378 2780/3416/3380 2781/3367/3338
f 2776/3414/3378 2775/3413/3379 2779/3415/3381 2780/3416/3380
f 2775/3413/3379 2774/3328/3305 2778/3330/3306 2779/3415/3381
f 2781/3367/3338 2780/3416/3380 2784/3418/3382 2785/3369/3340
f 2780/3416/3380 2779/3415/3381 2783/3417/3383 2784/3418/3382
f 2779/3415/3381 2778/3330/3306 2782/3332/3307 2783/3417/3383
f 2785/3369/3340 2784/3418/3382 2788/3420/3384 2789/3371/3342
f 2784/3418/3382 2783/3417/3383 2787/3419/3385 2788/3420/3384
f 2783/3417/3383 2782/3332/3307 2786/3334/3308 2787/3419/3385
f 2789/3371/3342 2788/3420/3384 2792/3422/3386 2793/3373/3344
f 2788/3420/3384 2787/3419/3385 2791/3421/3387 2792/3422/3386
f 2787/3419/3385 2786/3334/3308 2790/3336/3309 2791/3421/3387
f 2793/3373/3344 2792/3422/3386 2796/3424/3388 2797/3375/3346
f 2792/3422/3386 2791/3421/3387 2795/3423/3389 2796/3424/3388
f 2791/3421/3387 2790/3336/3309 2794/3338/3310 2795/3423/3389
f 2797/3375/3346 2796/3424/3388 2800/3426/3390 2801/3377/3348
f 2796/3424/3388 2795/3423/3389 2799/3425/3391 2800/3426/3390
f 2795/3423/3389 2794/3338/3310 2798/3340/3311 2799/3425/3391
f 2801/3377/3348 2800/3426/3390 2804/3428/3392 2805/3379/3350
f 2800/3426/3390 2799/3425/3391 2803/3427/3393 2804/3428/3392
f 2799/3425/3391 2798/3340/3311 2802/3342/3312 2803/3427/3393
f 2805/3379/3350 2804/3428/3392 2808/3430/3355 2809/3381/3352
f 2804/3428/3392 2803/3427/3393 2807/3429/3357 2808/3430/3355
f 2803/3427/3393 2802/3342/3312 2806/3344/3313 2807/3429/3357
f 2812/3434/3394 2813/4197/3395 2889/4195/3396 2888/3472/3397
f 2810/3387/3317 2811/3432/3398 2887/3471/3399 2886/3384/3353
f 2811/3432/3398 2812/3434/3394 2888/3472/3397 2887/3471/3399
f 2813/3388/3395 2812/3433/3394 2816/3436/3400 2817/4159/3401
f 2812/3433/3394 2811/3431/3398 2815/3435/3402 2816/3436/3400
f 2811/3431/3398 2810/3346/3317 2814/3348/3316 2815/3435/3402
f 2817/4159/3401 2816/3436/3400 2820/3438/3403 2821/4161/3404
f 2816/3436/3400 2815/3435/3402 2819/3437/3405 2820/3438/3403
f 2815/3435/3402 2814/3348/3316 2818/3350/3319 2819/3437/3405
f 2821/4161/3404 2820/3438/3403 2824/3440/3406 2825/4163/3407
f 2820/3438/3403 2819/3437/3405 2823/3439/3408 2824/3440/3406
f 2819/3437/3405 2818/3350/3319 2822/3352/3321 2823/3439/3408
f 2825/4163/3407 2824/3440/3406 2828/3442/3409 2829/4165/3410
f 2824/3440/3406 2823/3439/3408 2827/3441/3411 2828/3442/3409
f 2823/3439/3408 2822/3352/3321 2826/3354/3323 2827/3441/3411
f 2829/4165/3410 2828/3442/3409 2832/3444/3412 2833/4167/3413
f 2828/3442/3409 2827/3441/3411 2831/3443/3414 2832/3444/3412
f 2827/3441/3411 2826/3354/3323 2830/3356/3325 2831/3443/3414
f 2833/4167/3413 2832/3444/3412 2836/3446/3415 2837/4169/3416
f 2832/3444/3412 2831/3443/3414 2835/3445/3417 2836/3446/3415
f 2831/3443/3414 2830/3356/3325 2834/3358/3327 2835/3445/3417
f 2837/4169/3416 2836/3446/3415 2840/3448/3418 2841/4171/3419
f 2836/3446/3415 2835/3445/3417 2839/3447/3420 2840/3448/3418
f 2835/3445/3417 2834/3358/3327 2838/3360/3329 2839/3447/3420
f 2841/4171/3419 2840/3448/3418 2844/3450/3421 2845/4173/3422
f 2840/3448/3418 2839/3447/3420 2843/3449/3423 2844/3450/3421
f 2839/3447/3420 2838/3360/3329 2842/3362/3331 2843/3449/3423
f 2845/4173/3422 2844/3450/3421 2848/3452/3424 2849/4175/3425
f 2844/3450/3421 2843/3449/3423 2847/3451/3426 2848/3452/3424
f 2843/3449/3423 2842/3362/3331 2846/3364/3333 2847/3451/3426
f 2849/4175/3425 2848/3452/3424 2852/3454/3427 2853/4177/3428
f 2848/3452/3424 2847/3451/3426 2851/3453/3429 2852/3454/3427
f 2847/3451/3426 2846/3364/3333 2850/3366/3335 2851/3453/3429
f 2853/4177/3428 2852/3454/3427 2856/3456/3430 2857/4179/3431
f 2852/3454/3427 2851/3453/3429 2855/3455/3432 2856/3456/3430
f 2851/3453/3429 2850/3366/3335 2854/3368/3337 2855/3455/3432
f 2857/4179/3431 2856/3456/3430 2860/3458/3433 2861/4181/3434
f 2856/3456/3430 2855/3455/3432 2859/3457/3435 2860/3458/3433
f 2855/3455/3432 2854/3368/3337 2858/3370/3339 2859/3457/3435
f 2861/4181/3434 2860/3458/3433 2864/3460/3436 2865/4183/3437
f 2860/3458/3433 2859/3457/3435 2863/3459/3438 2864/3460/3436
f 2859/3457/3435 2858/3370/3339 2862/3372/3341 2863/3459/3438
f 2865/4183/3437 2864/3460/3436 2868/3462/3439 2869/4185/3440
f 2864/3460/3436 2863/3459/3438 2867/3461/3441 2868/3462/3439
f 2863/3459/3438 2862/3372/3341 2866/3374/3343 2867/3461/3441
f 2869/4185/3440 2868/3462/3439 2872/3464/3442 2873/4187/3443
f 2868/3462/3439 2867/3461/3441 2871/3463/3444 2872/3464/3442
f 2867/3461/3441 2866/3374/3343 2870/3376/3345 2871/3463/3444
f 2873/4187/3443 2872/3464/3442 2876/3466/3445 2877/4189/3446
f 2872/3464/3442 2871/3463/3444 2875/3465/3447 2876/3466/3445
f 2871/3463/3444 2870/3376/3345 2874/3378/3347 2875/3465/3447
f 2877/4189/3446 2876/3466/3445 2880/3468/3448 2881/4191/3449
f 2876/3466/3445 2875/3465/3447 2879/3467/3450 2880/3468/3448
f 2875/3465/3447 2874/3378/3347 2878/3380/3349 2879/3467/3450
f 2881/4191/3449 2880/3468/3448 2884/3470/3451 2885/4193/3452
f 2880/3468/3448 2879/3467/3450 2883/3469/3453 2884/3470/3451
f 2879/3467/3450 2878/3380/3349 2882/3382/3351 2883/3469/3453
f 2885/4193/3452 2884/3470/3451 2888/3472/3397 2889/4195/3396
f 2884/3470/3451 2883/3469/3453 2887/3471/3399 2888/3472/3397
f 2883/3469/3453 2882/3382/3351 2886/3384/3353 2887/3471/3399
s 4
f 2709/4120/3454 2710/4122/3455 2914/3497/3456 2890/3473/3457
f 2890/3473/3457 2914/3497/3456 2915/3498/3458 2891/3474/3459
f 2891/3474/3459 2915/3498/3458 2916/3499/3460 2892/3475/3461
f 2892/3475/3461 2916/3499/3460 2917/3500/3462 2893/3476/3463
f 2893/3476/3463 2917/3500/3462 2918/3501/3464 2894/3477/3465
f 2894/3477/3465 2918/3501/3464 2919/3502/3466 2895/3478/3467
f 2895/3478/3467 2919/3502/3466 2920/3503/3468 2896/3479/3469
f 2896/3479/3469 2920/3503/3468 2921/3504/3470 2897/3480/3471
f 2897/3480/3471 2921/3504/3470 2922/3505/3472 2898/3481/3473
f 2898/3481/3473 2922/3505/3472 2923/3506/3474 2899/3482/3475
f 2899/3482/3475 2923/3506/3474 2924/3507/3476 2900/3483/3477
f 2900/3483/3477 2924/3507/3476 2925/3508/3478 2901/3484/3479
f 2901/3484/3479 2925/3508/3478 2926/3509/3480 2902/3485/3481
f 2902/3485/3481 2926/3509/3480 2927/3510/3482 2903/3486/3483
f 2903/3486/3483 2927/3510/3482 2928/3511/3484 2904/3487/3485
f 2904/3487/3485 2928/3511/3484 2929/3512/3486 2905/3488/3487
f 2905/3488/3487 2929/3512/3486 2930/3513/3488 2906/3489/3489
f 2906/3489/3489 2930/3513/3488 2931/3514/3490 2907/3490/3491
f 2907/3490/3491 2931/3514/3490 2932/3515/3492 2908/3491/3493
f 2908/3491/3493 2932/3515/3492 2933/3516/3494 2909/3492/3495
f 2909/3492/3495 2933/3516/3494 2934/3517/3496 2910/3493/3497
f 2910/3493/3497 2934/3517/3496 2935/3518/3498 2911/3494/3499
f 2911/3494/3499 2935/3518/3498 2936/3519/3500 2912/3495/3501
f 2912/3495/3501 2936/3519/3500 2937/3998/3502 2913/3496/3503
f 2710/4122/3455 2711/4124/3504 2939/3520/3505 2914/3497/3456
f 2914/3497/3456 2939/3520/3505 2940/3521/3506 2915/3498/3458
f 2915/3498/3458 2940/3521/3506 2941/3522/3507 2916/3499/3460
f 2916/3499/3460 2941/3522/3507 2942/3523/3508 2917/3500/3462
f 2917/3500/3462 2942/3523/3508 2943/3524/3509 2918/3501/3464
f 2918/3501/3464 2943/3524/3509 2944/3525/3510 2919/3502/3466
f 2919/3502/3466 2944/3525/3510 2945/3526/3511 2920/3503/3468
f 2920/3503/3468 2945/3526/3511 2946/3527/3512 2921/3504/3470
f 2921/3504/3470 2946/3527/3512 2947/3528/3513 2922/3505/3472
f 2922/3505/3472 2947/3528/3513 2948/3529/3514 2923/3506/3474
f 2923/3506/3474 2948/3529/3514 2949/3530/3515 2924/3507/3476
f 2924/3507/3476 2949/3530/3515 2950/3531/3516 2925/3508/3478
f 2925/3508/3478 2950/3531/3516 2951/3532/3517 2926/3509/3480
f 2926/3509/3480 2951/3532/3517 2952/3533/3518 2927/3510/3482
f 2927/3510/3482 2952/3533/3518 2953/3534/3519 2928/3511/3484
f 2928/3511/3484 2953/3534/3519 2954/3535/3520 2929/3512/3486
f 2929/3512/3486 2954/3535/3520 2955/3536/3521 2930/3513/3488
f 2930/3513/3488 2955/3536/3521 2956/3537/3522 2931/3514/3490
f 2931/3514/3490 2956/3537/3522 2957/3538/3523 2932/3515/3492
f 2932/3515/3492 2957/3538/3523 2958/3539/3524 2933/3516/3494
f 2933/3516/3494 2958/3539/3524 2959/3540/3525 2934/3517/3496
f 2934/3517/3496 2959/3540/3525 2960/3541/3526 2935/3518/3498
f 2935/3518/3498 2960/3541/3526 2961/3542/3527 2936/3519/3500
f 2936/3519/3500 2961/3542/3527 2962/4000/3528 2937/3998/3502
f 2711/4124/3504 2712/4126/3529 2963/3543/3530 2939/3520/3505
f 2939/3520/3505 2963/3543/3530 2964/3544/3531 2940/3521/3506
f 2940/3521/3506 2964/3544/3531 2965/3545/3532 2941/3522/3507
f 2941/3522/3507 2965/3545/3532 2966/3546/3533 2942/3523/3508
f 2942/3523/3508 2966/3546/3533 2967/3547/3534 2943/3524/3509
f 2943/3524/3509 2967/3547/3534 2968/3548/3535 2944/3525/3510
f 2944/3525/3510 2968/3548/3535 2969/3549/3536 2945/3526/3511
f 2945/3526/3511 2969/3549/3536 2970/3550/3537 2946/3527/3512
f 2946/3527/3512 2970/3550/3537 2971/3551/3538 2947/3528/3513
f 2947/3528/3513 2971/3551/3538 2972/3552/3539 2948/3529/3514
f 2948/3529/3514 2972/3552/3539 2973/3553/3540 2949/3530/3515
f 2949/3530/3515 2973/3553/3540 2974/3554/3541 2950/3531/3516
f 2950/3531/3516 2974/3554/3541 2975/3555/3542 2951/3532/3517
f 2951/3532/3517 2975/3555/3542 2976/3556/3543 2952/3533/3518
f 2952/3533/3518 2976/3556/3543 2977/3557/3544 2953/3534/3519
f 2953/3534/3519 2977/3557/3544 2978/3558/3545 2954/3535/3520
f 2954/3535/3520 2978/3558/3545 2979/3559/3546 2955/3536/3521
f 2955/3536/3521 2979/3559/3546 2980/3560/3547 2956/3537/3522
f 2956/3537/3522 2980/3560/3547 2981/3561/3548 2957/3538/3523
f 2957/3538/3523 2981/3561/3548 2982/3562/3549 2958/3539/3524
f 2958/3539/3524 2982/3562/3549 2983/3563/3550 2959/3540/3525
f 2959/3540/3525 2983/3563/3550 2984/3564/3551 2960/3541/3526
f 2960/3541/3526 2984/3564/3551 2985/3565/3552 2961/3542/3527
f 2961/3542/3527 2985/3565/3552 2986/4002/3553 2962/4000/3528
f 2712/4126/3529 2713/4128/3554 2987/3566/3555 2963/3543/3530
f 2963/3543/3530 2987/3566/3555 2988/3567/3556 2964/3544/3531
f 2964/3544/3531 2988/3567/3556 2989/3568/3557 2965/3545/3532
f 2965/3545/3532 2989/3568/3557 2990/3569/3558 2966/3546/3533
f 2966/3546/3533 2990/3569/3558 2991/3570/3559 2967/3547/3534
f 2967/3547/3534 2991/3570/3559 2992/3571/3560 2968/3548/3535
f 2968/3548/3535 2992/3571/3560 2993/3572/3561 2969/3549/3536
f 2969/3549/3536 2993/3572/3561 2994/3573/3562 2970/3550/3537
f 2970/3550/3537 2994/3573/3562 2995/3574/3563 2971/3551/3538
f 2971/3551/3538 2995/3574/3563 2996/3575/3564 2972/3552/3539
f 2972/3552/3539 2996/3575/3564 2997/3576/3565 2973/3553/3540
f 2973/3553/3540 2997/3576/3565 2998/3577/3566 2974/3554/3541
f 2974/3554/3541 2998/3577/3566 2999/3578/3567 2975/3555/3542
f 2975/3555/3542 2999/3578/3567 3000/3579/3568 2976/3556/3543
f 2976/3556/3543 3000/3579/3568 3001/3580/3569 2977/3557/3544
f 2977/3557/3544 3001/3580/3569 3002/3581/3570 2978/3558/3545
f 2978/3558/3545 3002/3581/3570 3003/3582/3571 2979/3559/3546
f 2979/3559/3546 3003/3582/3571 3004/3583/3572 2980/3560/3547
f 2980/3560/3547 3004/3583/3572 3005/3584/3573 2981/3561/3548
f 2981/3561/3548 3005/3584/3573 3006/3585/3574 2982/3562/3549
f 2982/3562/3549 3006/3585/3574 3007/3586/3575 2983/3563/3550
f 2983/3563/3550 3007/3586/3575 3008/3587/3576 2984/3564/3551
f 2984/3564/3551 3008/3587/3576 3009/3588/3577 2985/3565/3552
f 2985/3565/3552 3009/3588/3577 3010/4004/3578 2986/4002/3553
f 2713/4128/3554 2714/4130/3579 3011/3589/3580 2987/3566/3555
f 2987/3566/3555 3011/3589/3580 3012/3590/3581 2988/3567/3556
f 2988/3567/3556 3012/3590/3581 3013/3591/3582 2989/3568/3557
f 2989/3568/3557 3013/3591/3582 3014/3592/3583 2990/3569/3558
f 2990/3569/3558 3014/3592/3583 3015/3593/3584 2991/3570/3559
f 2991/3570/3559 3015/3593/3584 3016/3594/3585 2992/3571/3560
f 2992/3571/3560 3016/3594/3585 3017/3595/3586 2993/3572/3561
f 2993/3572/3561 3017/3595/3586 3018/3596/3587 2994/3573/3562
f 2994/3573/3562 3018/3596/3587 3019/3597/3588 2995/3574/3563
f 2995/3574/3563 3019/3597/3588 3020/3598/3589 2996/3575/3564
f 2996/3575/3564 3020/3598/3589 3021/3599/3590 2997/3576/3565
f 2997/3576/3565 3021/3599/3590 3022/3600/3591 2998/3577/3566
f 2998/3577/3566 3022/3600/3591 3023/3601/3592 2999/3578/3567
f 2999/3578/3567 3023/3601/3592 3024/3602/3593 3000/3579/3568
f 3000/3579/3568 3024/3602/3593 3025/3603/3594 3001/3580/3569
f 3001/3580/3569 3025/3603/3594 3026/3604/3595 3002/3581/3570
f 3002/3581/3570 3026/3604/3595 3027/3605/3596 3003/3582/3571
f 3003/3582/3571 3027/3605/3596 3028/3606/3597 3004/3583/3572
f 3004/3583/3572 3028/3606/3597 3029/3607/3598 3005/3584/3573
f 3005/3584/3573 3029/3607/3598 3030/3608/3599 3006/3585/3574
f 3006/3585/3574 3030/3608/3599 3031/3609/3600 3007/3586/3575
f 3007/3586/3575 3031/3609/3600 3032/3610/3601 3008/3587/3576
f 3008/3587/3576 3032/3610/3601 3033/3611/3602 3009/3588/3577
f 3009/3588/3577 3033/3611/3602 3034/4006/3603 3010/4004/3578
f 2714/4130/3579 2715/4132/3604 3035/3612/3605 3011/3589/3580
f 3011/3589/3580 3035/3612/3605 3036/3613/3606 3012/3590/3581
f 3012/3590/3581 3036/3613/3606 3037/3614/3607 3013/3591/3582
f 3013/3591/3582 3037/3614/3607 3038/3615/3608 3014/3592/3583
f 3014/3592/3583 3038/3615/3608 3039/3616/3609 3015/3593/3584
f 3015/3593/3584 3039/3616/3609 3040/3617/3610 3016/3594/3585
f 3016/3594/3585 3040/3617/3610 3041/3618/3611 3017/3595/3586
f 3017/3595/3586 3041/3618/3611 3042/3619/3612 3018/3596/3587
f 3018/3596/3587 3042/3619/3612 3043/3620/3613 3019/3597/3588
f 3019/3597/3588 3043/3620/3613 3044/3621/3614 3020/3598/3589
f 3020/3598/3589 3044/3621/3614 3045/3622/3615 3021/3599/3590
f 3021/3599/3590 3045/3622/3615 3046/3623/3616 3022/3600/3591
f 3022/3600/3591 3046/3623/3616 3047/3624/3617 3023/3601/3592
f 3023/3601/3592 3047/3624/3617 3048/3625/3618 3024/3602/3593
f 3024/3602/3593 3048/3625/3618 3049/3626/3619 3025/3603/3594
f 3025/3603/3594 3049/3626/3619 3050/3627/3620 3026/3604/3595
f 3026/3604/3595 3050/3627/3620 3051/3628/3621 3027/3605/3596
f 3027/3605/3596 3051/3628/3621 3052/3629/3622 3028/3606/3597
f 3028/3606/3597 3052/3629/3622 3053/3630/3623 3029/3607/3598
f 3029/3607/3598 3053/3630/3623 3054/3631/3624 3030/3608/3599
f 3030/3608/3599 3054/3631/3624 3055/3632/3625 3031/3609/3600
f 3031/3609/3600 3055/3632/3625 3056/3633/3626 3032/3610/3601
f 3032/3610/3601 3056/3633/3626 3057/3634/3627 3033/3611/3602
f 3033/3611/3602 3057/3634/3627 3058/4008/3628 3034/4006/3603
f 2715/4132/3604 2716/4134/3629 3059/3635/3630 3035/3612/3605
f 3035/3612/3605 3059/3635/3630 3060/3636/3631 3036/3613/3606
f 3036/3613/3606 3060/3636/3631 3061/3637/3632 3037/3614/3607
f 3037/3614/3607 3061/3637/3632 3062/3638/3633 3038/3615/3608
f 3038/3615/3608 3062/3638/3633 3063/3639/3634 3039/3616/3609
f 3039/3616/3609 3063/3639/3634 3064/3640/3635 3040/3617/3610
f 3040/3617/3610 3064/3640/3635 3065/3641/3636 3041/3618/3611
f 3041/3618/3611 3065/3641/3636 3066/3642/3637 3042/3619/3612
f 3042/3619/3612 3066/3642/3637 3067/3643/3638 3043/3620/3613
f 3043/3620/3613 3067/3643/3638 3068/3644/3639 3044/3621/3614
f 3044/3621/3614 3068/3644/3639 3069/3645/3640 3045/3622/3615
f 3045/3622/3615 3069/3645/3640 3070/3646/3641 3046/3623/3616
f 3046/3623/3616 3070/3646/3641 3071/3647/3642 3047/3624/3617
f 3047/3624/3617 3071/3647/3642 3072/3648/3643 3048/3625/3618
f 3048/3625/3618 3072/3648/3643 3073/3649/3644 3049/3626/3619
f 3049/3626/3619 3073/3649/3644 3074/3650/3645 3050/3627/3620
f 3050/3627/3620 3074/3650/3645 3075/3651/3646 3051/3628/3621
f 3051/3628/3621 3075/3651/3646 3076/3652/3647 3052/3629/3622
f 3052/3629/3622 3076/3652/3647 3077/3653/3648 3053/3630/3623
f 3053/3630/3623 3077/3653/3648 3078/3654/3649 3054/3631/3624
f 3054/3631/3624 3078/3654/3649 3079/3655/3650 3055/3632/3625
f 3055/3632/3625 3079/3655/3650 3080/3656/3651 3056/3633/3626
f 3056/3633/3626 3080/3656/3651 3081/3657/3652 3057/3634/3627
f 3057/3634/3627 3081/3657/3652 3082/4010/3653 3058/4008/3628
f 2716/4134/3629 2717/4136/3654 3083/3658/3655 3059/3635/3630
f 3059/3635/3630 3083/3658/3655 3084/3659/3656 3060/3636/3631
f 3060/3636/3631 3084/3659/3656 3085/3660/3657 3061/3637/3632
f 3061/3637/3632 3085/3660/3657 3086/3661/3658 3062/3638/3633
f 3062/3638/3633 3086/3661/3658 3087/3662/3659 3063/3639/3634
f 3063/3639/3634 3087/3662/3659 3088/3663/3660 3064/3640/3635
f 3064/3640/3635 3088/3663/3660 3089/3664/3661 3065/3641/3636
f 3065/3641/3636 3089/3664/3661 3090/3665/3662 3066/3642/3637
f 3066/3642/3637 3090/3665/3662 3091/3666/3663 3067/3643/3638
f 3067/3643/3638 3091/3666/3663 3092/3667/3664 3068/3644/3639
f 3068/3644/3639 3092/3667/3664 3093/3668/3665 3069/3645/3640
f 3069/3645/3640 3093/3668/3665 3094/3669/3666 3070/3646/3641
f 3070/3646/3641 3094/3669/3666 3095/3670/3667 3071/3647/3642
f 3071/3647/3642 3095/3670/3667 3096/3671/3668 3072/3648/3643
f 3072/3648/3643 3096/3671/3668 3097/3672/3669 3073/3649/3644
f 3073/3649/3644 3097/3672/3669 3098/3673/3670 3074/3650/3645
f 3074/3650/3645 3098/3673/3670 3099/3674/3671 3075/3651/3646
f 3075/3651/3646 3099/3674/3671 3100/3675/3672 3076/3652/3647
f 3076/3652/3647 3100/3675/3672 3101/3676/3673 3077/3653/3648
f 3077/3653/3648 3101/3676/3673 3102/3677/3674 3078/3654/3649
f 3078/3654/3649 3102/3677/3674 3103/3678/3675 3079/3655/3650
f 3079/3655/3650 3103/3678/3675 3104/3679/3676 3080/3656/3651
f 3080/3656/3651 3104/3679/3676 3105/3680/3677 3081/3657/3652
f 3081/3657/3652 3105/3680/3677 3106/4012/3678 3082/4010/3653
f 2717/4136/3654 2718/4138/3679 3107/3681/3680 3083/3658/3655
f 3083/3658/3655 3107/3681/3680 3108/3682/3681 3084/3659/3656
f 3084/3659/3656 3108/3682/3681 3109/3683/3682 3085/3660/3657
f 3085/3660/3657 3109/3683/3682 3110/3684/3683 3086/3661/3658
f 3086/3661/3658 3110/3684/3683 3111/3685/3684 3087/3662/3659
f 3087/3662/3659 3111/3685/3684 3112/3686/3685 3088/3663/3660
f 3088/3663/3660 3112/3686/3685 3113/3687/3686 3089/3664/3661
f 3089/3664/3661 3113/3687/3686 3114/3688/3687 3090/3665/3662
f 3090/3665/3662 3114/3688/3687 3115/3689/3688 3091/3666/3663
f 3091/3666/3663 3115/3689/3688 3116/3690/3689 3092/3667/3664
f 3092/3667/3664 3116/3690/3689 3117/3691/3690 3093/3668/3665
f 3093/3668/3665 3117/3691/3690 3118/3692/3691 3094/3669/3666
f 3094/3669/3666 3118/3692/3691 3119/3693/3692 3095/3670/3667
f 3095/3670/3667 3119/3693/3692 3120/3694/3693 3096/3671/3668
f 3096/3671/3668 3120/3694/3693 3121/3695/3694 3097/3672/3669
f 3097/3672/3669 3121/3695/3694 3122/3696/3695 3098/3673/3670
f 3098/3673/3670 3122/3696/3695 3123/3697/3696 3099/3674/3671
f 3099/3674/3671 3123/3697/3696 3124/3698/3697 3100/3675/3672
f 3100/3675/3672 3124/3698/3697 3125/3699/3698 3101/3676/3673
f 3101/3676/3673 3125/3699/3698 3126/3700/3699 3102/3677/3674
f 3102/3677/3674 3126/3700/3699 3127/3701/3700 3103/3678/3675
f 3103/3678/3675 3127/3701/3700 3128/3702/3701 3104/3679/3676
f 3104/3679/3676 3128/3702/3701 3129/3703/3702 3105/3680/3677
f 3105/3680/3677 3129/3703/3702 3130/4014/3703 3106/4012/3678
f 2718/4138/3679 2719/4140/3704 3131/3704/3705 3107/3681/3680
f 3107/3681/3680 3131/3704/3705 3132/3705/3706 3108/3682/3681
f 3108/3682/3681 3132/3705/3706 3133/3706/3707 3109/3683/3682
f 3109/3683/3682 3133/3706/3707 3134/3707/3708 3110/3684/3683
f 3110/3684/3683 3134/3707/3708 3135/3708/3709 3111/3685/3684
f 3111/3685/3684 3135/3708/3709 3136/3709/3710 3112/3686/3685
f 3112/3686/3685 3136/3709/3710 3137/3710/3711 3113/3687/3686
f 3113/3687/3686 3137/3710/3711 3138/3711/3712 3114/3688/3687
f 3114/3688/3687 3138/3711/3712 3139/3712/3713 3115/3689/3688
f 3115/3689/3688 3139/3712/3713 3140/3713/3714 3116/3690/3689
f 3116/3690/3689 3140/3713/3714 3141/3714/3715 3117/3691/3690
f 3117/3691/3690 3141/3714/3715 3142/3715/3716 3118/3692/3691
f 3118/3692/3691 3142/3715/3716 3143/3716/3717 3119/3693/3692
f 3119/3693/3692 3143/3716/3717 3144/3717/3718 3120/3694/3693
f 3120/3694/3693 3144/3717/3718 3145/3718/3719 3121/3695/3694
f 3121/3695/3694 3145/3718/3719 3146/3719/3720 3122/3696/3695
f 3122/3696/3695 3146/3719/3720 3147/3720/3721 3123/3697/3696
f 3123/3697/3696 3147/3720/3721 3148/3721/3722 3124/3698/3697
f 3124/3698/3697 3148/3721/3722 3149/3722/3723 3125/3699/3698
f 3125/3699/3698 3149/3722/3723 3150/3723/3724 3126/3700/3699
f 3126/3700/3699 3150/3723/3724 3151/3724/3725 3127/3701/3700
f 3127/3701/3700 3151/3724/3725 3152/3725/3726 3128/3702/3701
f 3128/3702/3701 3152/3725/3726 3153/3726/3727 3129/3703/3702
f 3129/3703/3702 3153/3726/3727 3154/4016/3728 3130/4014/3703
f 2719/4140/3704 2720/4142/3729 3155/3727/3730 3131/3704/3705
f 3131/3704/3705 3155/3727/3730 3156/3728/3731 3132/3705/3706
f 3132/3705/3706 3156/3728/3731 3157/3729/3732 3133/3706/3707
f 3133/3706/3707 3157/3729/3732 3158/3730/3733 3134/3707/3708
f 3134/3707/3708 3158/3730/3733 3159/3731/3734 3135/3708/3709
f 3135/3708/3709 3159/3731/3734 3160/3732/3735 3136/3709/3710
f 3136/3709/3710 3160/3732/3735 3161/3733/3736 3137/3710/3711
f 3137/3710/3711 3161/3733/3736 3162/3734/3737 3138/3711/3712
f 3138/3711/3712 3162/3734/3737 3163/3735/3738 3139/3712/3713
f 3139/3712/3713 3163/3735/3738 3164/3736/3739 3140/3713/3714
f 3140/3713/3714 3164/3736/3739 3165/3737/3740 3141/3714/3715
f 3141/3714/3715 3165/3737/3740 3166/3738/3741 3142/3715/3716
f 3142/3715/3716 3166/3738/3741 3167/3739/3742 3143/3716/3717
f 3143/3716/3717 3167/3739/3742 3168/3740/3743 3144/3717/3718
f 3144/3717/3718 3168/3740/3743 3169/3741/3744 3145/3718/3719
f 3145/3718/3719 3169/3741/3744 3170/3742/3745 3146/3719/3720
f 3146/3719/3720 3170/3742/3745 3171/3743/3746 3147/3720/3721
f 3147/3720/3721 3171/3743/3746 3172/3744/3747 3148/3721/3722
f 3148/3721/3722 3172/3744/3747 3173/3745/3748 3149/3722/3723
f 3149/3722/3723 3173/3745/3748 3174/3746/3749 3150/3723/3724
f 3150/3723/3724 3174/3746/3749 3175/3747/3750 3151/3724/3725
f 3151/3724/3725 3175/3747/3750 3176/3748/3751 3152/3725/3726
f 3152/3725/3726 3176/3748/3751 3177/3749/3752 3153/3726/3727
f 3153/3726/3727 3177/3749/3752 3178/4018/3753 3154/4016/3728
f 2720/4142/3729 2721/4144/3754 3179/3750/3755 3155/3727/3730
f 3155/3727/3730 3179/3750/3755 3180/3751/3756 3156/3728/3731
f 3156/3728/3731 3180/3751/3756 3181/3752/3757 3157/3729/3732
f 3157/3729/3732 3181/3752/3757 3182/3753/3758 3158/3730/3733
f 3158/3730/3733 3182/3753/3758 3183/3754/3759 3159/3731/3734
f 3159/3731/3734 3183/3754/3759 3184/3755/3760 3160/3732/3735
f 3160/3732/3735 3184/3755/3760 3185/3756/3761 3161/3733/3736
f 3161/3733/3736 3185/3756/3761 3186/3757/3762 3162/3734/3737
f 3162/3734/3737 3186/3757/3762 3187/3758/3763 3163/3735/3738
f 3163/3735/3738 3187/3758/3763 3188/3759/3764 3164/3736/3739
f 3164/3736/3739 3188/3759/3764 3189/3760/3765 3165/3737/3740
f 3165/3737/3740 3189/3760/3765 3190/3761/3766 3166/3738/3741
f 3166/3738/3741 3190/3761/3766 3191/3762/3767 3167/3739/3742
f 3167/3739/3742 3191/3762/3767 3192/3763/3768 3168/3740/3743
f 3168/3740/3743 3192/3763/3768 3193/3764/3769 3169/3741/3744
f 3169/3741/3744 3193/3764/3769 3194/3765/3770 3170/3742/3745
f 3170/3742/3745 3194/3765/3770 3195/3766/3771 3171/3743/3746
f 3171/3743/3746 3195/3766/3771 3196/3767/3772 3172/3744/3747
f 3172/3744/3747 3196/3767/3772 3197/3768/3773 3173/3745/3748
f 3173/3745/3748 3197/3768/3773 3198/3769/3774 3174/3746/3749
f 3174/3746/3749 3198/3769/3774 3199/3770/3775 3175/3747/3750
f 3175/3747/3750 3199/3770/3775 3200/3771/3776 3176/3748/3751
f 3176/3748/3751 3200/3771/3776 3201/3772/3777 3177/3749/3752
f 3177/3749/3752 3201/3772/3777 3202/4020/3778 3178/4018/3753
f 2721/4144/3754 2722/4146/3779 3203/3773/3780 3179/3750/3755
f 3179/3750/3755 3203/3773/3780 3204/3774/3781 3180/3751/3756
f 3180/3751/3756 3204/3774/3781 3205/3775/3782 3181/3752/3757
f 3181/3752/3757 3205/3775/3782 3206/3776/3783 3182/3753/3758
f 3182/3753/3758 3206/3776/3783 3207/3777/3784 3183/3754/3759
f 3183/3754/3759 3207/3777/3784 3208/3778/3785 3184/3755/3760
f 3184/3755/3760 3208/3778/3785 3209/3779/3786 3185/3756/3761
f 3185/3756/3761 3209/3779/3786 3210/3780/3787 3186/3757/3762
f 3186/3757/3762 3210/3780/3787 3211/3781/3788 3187/3758/3763
f 3187/3758/3763 3211/3781/3788 3212/3782/3789 3188/3759/3764
f 3188/3759/3764 3212/3782/3789 3213/3783/3790 3189/3760/3765
f 3189/3760/3765 3213/3783/3790 3214/3784/3791 3190/3761/3766
f 3190/3761/3766 3214/3784/3791 3215/3785/3792 3191/3762/3767
f 3191/3762/3767 3215/3785/3792 3216/3786/3793 3192/3763/3768
f 3192/3763/3768 3216/3786/3793 3217/3787/3794 3193/3764/3769
f 3193/3764/3769 3217/3787/3794 3218/3788/3795 3194/3765/3770
f 3194/3765/3770 3218/3788/3795 3219/3789/3796 3195/3766/3771
f 3195/3766/3771 3219/3789/3796 3220/3790/3797 3196/3767/3772
f 3196/3767/3772 3220/3790/3797 3221/3791/3798 3197/3768/3773
f 3197/3768/3773 3221/3791/3798 3222/3792/3799 3198/3769/3774
f 3198/3769/3774 3222/3792/3799 3223/3793/3800 3199/3770/3775
f 3199/3770/3775 3223/3793/3800 3224/3794/3801 3200/3771/3776
f 3200/3771/3776 3224/3794/3801 3225/3795/3802 3201/3772/3777
f 3201/3772/3777 3225/3795/3802 3226/4022/3803 3202/4020/3778
f 2722/4146/3779 2723/4148/3804 3227/3796/3805 3203/3773/3780
f 3203/3773/3780 3227/3796/3805 3228/3797/3806 3204/3774/3781
f 3204/3774/3781 3228/3797/3806 3229/3798/3807 3205/3775/3782
f 3205/3775/3782 3229/3798/3807 3230/3799/3808 3206/3776/3783
f 3206/3776/3783 3230/3799/3808 3231/3800/3809 3207/3777/3784
f 3207/3777/3784 3231/3800/3809 3232/3801/3810 3208/3778/3785
f 3208/3778/3785 3232/3801/3810 3233/3802/3811 3209/3779/3786
f 3209/3779/3786 3233/3802/3811 3234/3803/3812 3210/3780/3787
f 3210/3780/3787 3234/3803/3812 3235/3804/3813 3211/3781/3788
f 3211/3781/3788 3235/3804/3813 3236/3805/3814 3212/3782/3789
f 3212/3782/3789 3236/3805/3814 3237/3806/3815 3213/3783/3790
f 3213/3783/3790 3237/3806/3815 3238/3807/3816 3214/3784/3791
f 3214/3784/3791 3238/3807/3816 3239/3808/3817 3215/3785/3792
f 3215/3785/3792 3239/3808/3817 3240/3809/3818 3216/3786/3793
f 3216/3786/3793 3240/3809/3818 3241/3810/3819 3217/3787/3794
f 3217/3787/3794 3241/3810/3819 3242/3811/3820 3218/3788/3795
f 3218/3788/3795 3242/3811/3820 3243/3812/3821 3219/3789/3796
f 3219/3789/3796 3243/3812/3821 3244/3813/3822 3220/3790/3797
f 3220/3790/3797 3244/3813/3822 3245/3814/3823 3221/3791/3798
f 3221/3791/3798 3245/3814/3823 3246/3815/3824 3222/3792/3799
f 3222/3792/3799 3246/3815/3824 3247/3816/3825 3223/3793/3800
f 3223/3793/3800 3247/3816/3825 3248/3817/3826 3224/3794/3801
f 3224/3794/3801 3248/3817/3826 3249/3818/3827 3225/3795/3802
f 3225/3795/3802 3249/3818/3827 3250/4024/3828 3226/4022/3803
f 2723/4148/3804 2724/4150/3829 3251/3819/3830 3227/3796/3805
f 3227/3796/3805 3251/3819/3830 3252/3820/3831 3228/3797/3806
f 3228/3797/3806 3252/3820/3831 3253/3821/3832 3229/3798/3807
f 3229/3798/3807 3253/3821/3832 3254/3822/3833 3230/3799/3808
f 3230/3799/3808 3254/3822/3833 3255/3823/3834 3231/3800/3809
f 3231/3800/3809 3255/3823/3834 3256/3824/3835 3232/3801/3810
f 3232/3801/3810 3256/3824/3835 3257/3825/3836 3233/3802/3811
f 3233/3802/3811 3257/3825/3836 3258/3826/3837 3234/3803/3812
f 3234/3803/3812 3258/3826/3837 3259/3827/3838 3235/3804/3813
f 3235/3804/3813 3259/3827/3838 3260/3828/3839 3236/3805/3814
f 3236/3805/3814 3260/3828/3839 3261/3829/3840 3237/3806/3815
f 3237/3806/3815 3261/3829/3840 3262/3830/3841 3238/3807/3816
f 3238/3807/3816 3262/3830/3841 3263/3831/3842 3239/3808/3817
f 3239/3808/3817 3263/3831/3842 3264/3832/3843 3240/3809/3818
f 3240/3809/3818 3264/3832/3843 3265/3833/3844 3241/3810/3819
f 3241/3810/3819 3265/3833/3844 3266/3834/3845 3242/3811/3820
f 3242/3811/3820 3266/3834/3845 3267/3835/3846 3243/3812/3821
f 3243/3812/3821 3267/3835/3846 3268/3836/3847 3244/3813/3822
f 3244/3813/3822 3268/3836/3847 3269/3837/3848 3245/3814/3823
f 3245/3814/3823 3269/3837/3848 3270/3838/3849 3246/3815/3824
f 3246/3815/3824 3270/3838/3849 3271/3839/3850 3247/3816/3825
f 3247/3816/3825 3271/3839/3850 3272/3840/3851 3248/3817/3826
f 3248/3817/3826 3272/3840/3851 3273/3841/3852 3249/3818/3827
f 3249/3818/3827 3273/3841/3852 3274/4026/3853 3250/4024/3828
f 2724/4150/3829 2725/4152/3854 3275/3842/3855 3251/3819/3830
f 3251/3819/3830 3275/3842/3855 3276/3843/3856 3252/3820/3831
f 3252/3820/3831 3276/3843/3856 3277/3844/3857 3253/3821/3832
f 3253/3821/3832 3277/3844/3857 3278/3845/3858 3254/3822/3833
f 3254/3822/3833 3278/3845/3858 3279/3846/3859 3255/3823/3834
f 3255/3823/3834 3279/3846/3859 3280/3847/3860 3256/3824/3835
f 3256/3824/3835 3280/3847/3860 3281/3848/3861 3257/3825/3836
f 3257/3825/3836 3281/3848/3861 3282/3849/3862 3258/3826/3837
f 3258/3826/3837 3282/3849/3862 3283/3850/3863 3259/3827/3838
f 3259/3827/3838 3283/3850/3863 3284/3851/3864 3260/3828/3839
f 3260/3828/3839 3284/3851/3864 3285/3852/3865 3261/3829/3840
f 3261/3829/3840 3285/3852/3865 3286/3853/3866 3262/3830/3841
f 3262/3830/3841 3286/3853/3866 3287/3854/3867 3263/3831/3842
f 3263/3831/3842 3287/3854/3867 3288/3855/3868 3264/3832/3843
f 3264/3832/3843 3288/3855/3868 3289/3856/3869 3265/3833/3844
f 3265/3833/3844 3289/3856/3869 3290/3857/3870 3266/3834/3845
f 3266/3834/3845 3290/3857/3870 3291/3858/3871 3267/3835/3846
f 3267/3835/3846 3291/3858/3871 3292/3859/3872 3268/3836/3847
f 3268/3836/3847 3292/3859/3872 3293/3860/3873 3269/3837/3848
f 3269/3837/3848 3293/3860/3873 3294/3861/3874 3270/3838/3849
f 3270/3838/3849 3294/3861/3874 3295/3862/3875 3271/3839/3850
f 3271/3839/3850 3295/3862/3875 3296/3863/3876 3272/3840/3851
f 3272/3840/3851 3296/3863/3876 3297/3864/3877 3273/3841/3852
f 3273/3841/3852 3297/3864/3877 3298/4028/3878 3274/4026/3853
f 2725/4152/3854 2726/4154/3879 3299/3865/3880 3275/3842/3855
f 3275/3842/3855 3299/3865/3880 3300/3866/3881 3276/3843/3856
f 3276/3843/3856 3300/3866/3881 3301/3867/3882 3277/3844/3857
f 3277/3844/3857 3301/3867/3882 3302/3868/3883 3278/3845/3858
f 3278/3845/3858 3302/3868/3883 3303/3869/3884 3279/3846/3859
f 3279/3846/3859 3303/3869/3884 3304/3870/3885 3280/3847/3860
f 3280/3847/3860 3304/3870/3885 3305/3871/3886 3281/3848/3861
f 3281/3848/3861 3305/3871/3886 3306/3872/3887 3282/3849/3862
f 3282/3849/3862 3306/3872/3887 3307/3873/3888 3283/3850/3863
f 3283/3850/3863 3307/3873/3888 3308/3874/3889 3284/3851/3864
f 3284/3851/3864 3308/3874/3889 3309/3875/3890 3285/3852/3865
f 3285/3852/3865 3309/3875/3890 3310/3876/3891 3286/3853/3866
f 3286/3853/3866 3310/3876/3891 3311/3877/3892 3287/3854/3867
f 3287/3854/3867 3311/3877/3892 3312/3878/3893 3288/3855/3868
f 3288/3855/3868 3312/3878/3893 3313/3879/3894 3289/3856/3869
f 3289/3856/3869 3313/3879/3894 3314/3880/3895 3290/3857/3870
f 3290/3857/3870 3314/3880/3895 3315/3881/3896 3291/3858/3871
f 3291/3858/3871 3315/3881/3896 3316/3882/3897 3292/3859/3872
f 3292/3859/3872 3316/3882/3897 3317/3883/3898 3293/3860/3873
f 3293/3860/3873 3317/3883/3898 3318/3884/3899 3294/3861/3874
f 3294/3861/3874 3318/3884/3899 3319/3885/3900 3295/3862/3875
f 3295/3862/3875 3319/3885/3900 3320/3886/3901 3296/3863/3876
f 3296/3863/3876 3320/3886/3901 3321/3887/3902 3297/3864/3877
f 3297/3864/3877 3321/3887/3902 3322/4030/3903 3298/4028/3878
f 2726/4154/3879 2727/4156/3904 3323/3888/3905 3299/3865/3880
f 3299/3865/3880 3323/3888/3905 3324/3889/3906 3300/3866/3881
f 3300/3866/3881 3324/3889/3906 3325/3890/3907 3301/3867/3882
f 3301/3867/3882 3325/3890/3907 3326/3891/3908 3302/3868/3883
f 3302/3868/3883 3326/3891/3908 3327/3892/3909 3303/3869/3884
f 3303/3869/3884 3327/3892/3909 3328/3893/3910 3304/3870/3885
f 3304/3870/3885 3328/3893/3910 3329/3894/3911 3305/3871/3886
f 3305/3871/3886 3329/3894/3911 3330/3895/3912 3306/3872/3887
f 3306/3872/3887 3330/3895/3912 3331/3896/3913 3307/3873/3888
f 3307/3873/3888 3331/3896/3913 3332/3897/3914 3308/3874/3889
f 3308/3874/3889 3332/3897/3914 3333/3898/3915 3309/3875/3890
f 3309/3875/3890 3333/3898/3915 3334/3899/3916 3310/3876/3891
f 3310/3876/3891 3334/3899/3916 3335/3900/3917 3311/3877/3892
f 3311/3877/3892 3335/3900/3917 3336/3901/3918 3312/3878/3893
f 3312/3878/3893 3336/3901/3918 3337/3902/3919 3313/3879/3894
f 3313/3879/3894 3337/3902/3919 3338/3903/3920 3314/3880/3895
f 3314/3880/3895 3338/3903/3920 3339/3904/3921 3315/3881/3896
f 3315/3881/3896 3339/3904/3921 3340/3905/3922 3316/3882/3897
f 3316/3882/3897 3340/3905/3922 3341/3906/3923 3317/3883/3898
f 3317/3883/3898 3341/3906/3923 3342/3907/3924 3318/3884/3899
f 3318/3884/3899 3342/3907/3924 3343/3908/3925 3319/3885/3900
f 3319/3885/3900 3343/3908/3925 3344/3909/3926 3320/3886/3901
f 3320/3886/3901 3344/3909/3926 3345/3910/3927 3321/3887/3902
f 3321/3887/3902 3345/3910/3927 3346/4032/3928 3322/4030/3903
f 2727/4156/3904 2728/4158/3929 3347/3911/3930 3323/3888/3905
f 3323/3888/3905 3347/3911/3930 3348/3912/3931 3324/3889/3906
f 3324/3889/3906 3348/3912/3931 3349/3913/3932 3325/3890/3907
f 3325/3890/3907 3349/3913/3932 3350/3914/3933 3326/3891/3908
f 3326/3891/3908 3350/3914/3933 3351/3915/3934 3327/3892/3909
f 3327/3892/3909 3351/3915/3934 3352/3916/3935 3328/3893/3910
f 3328/3893/3910 3352/3916/3935 3353/3917/3936 3329/3894/3911
f 3329/3894/3911 3353/3917/3936 3354/3918/3937 3330/3895/3912
f 3330/3895/3912 3354/3918/3937 3355/3919/3938 3331/3896/3913
f 3331/3896/3913 3355/3919/3938 3356/3920/3939 3332/3897/3914
f 3332/3897/3914 3356/3920/3939 3357/3921/3940 3333/3898/3915
f 3333/3898/3915 3357/3921/3940 3358/3922/3941 3334/3899/3916
f 3334/3899/3916 3358/3922/3941 3359/3923/3942 3335/3900/3917
f 3335/3900/3917 3359/3923/3942 3360/3924/3943 3336/3901/3918
f 3336/3901/3918 3360/3924/3943 3361/3925/3944 3337/3902/3919
f 3337/3902/3919 3361/3925/3944 3362/3926/3945 3338/3903/3920
f 3338/3903/3920 3362/3926/3945 3363/3927/3946 3339/3904/3921
f 3339/3904/3921 3363/3927/3946 3364/3928/3947 3340/3905/3922
f 3340/3905/3922 3364/3928/3947 3365/3929/3948 3341/3906/3923
f 3341/3906/3923 3365/3929/3948 3366/3930/3949 3342/3907/3924
f 3342/3907/3924 3366/3930/3949 3367/3931/3950 3343/3908/3925
f 3343/3908/3925 3367/3931/3950 3368/3932/3951 3344/3909/3926
f 3344/3909/3926 3368/3932/3951 3369/3933/3952 3345/3910/3927
f 3345/3910/3927 3369/3933/3952 3370/4034/3953 3346/4032/3928
f 2728/4158/3929 2709/3284/3454 2890/3934/3457 3347/3911/3930
f 3347/3911/3930 2890/3934/3457 2891/3935/3459 3348/3912/3931
f 3348/3912/3931 2891/3935/3459 2892/3936/3461 3349/3913/3932
f 3349/3913/3932 2892/3936/3461 2893/3937/3463 3350/3914/3933
f 3350/3914/3933 2893/3937/3463 2894/3938/3465 3351/3915/3934
f 3351/3915/3934 2894/3938/3465 2895/3939/3467 3352/3916/3935
f 3352/3916/3935 2895/3939/3467 2896/3940/3469 3353/3917/3936
f 3353/3917/3936 2896/3940/3469 2897/3941/3471 3354/3918/3937
f 3354/3918/3937 2897/3941/3471 2898/3942/3473 3355/3919/3938
f 3355/3919/3938 2898/3942/3473 2899/3943/3475 3356/3920/3939
f 3356/3920/3939 2899/3943/3475 2900/3944/3477 3357/3921/3940
f 3357/3921/3940 2900/3944/3477 2901/3945/3479 3358/3922/3941
f 3358/3922/3941 2901/3945/3479 2902/3946/3481 3359/3923/3942
f 3359/3923/3942 2902/3946/3481 2903/3947/3483 3360/3924/3943
f 3360/3924/3943 2903/3947/3483 2904/3948/3485 3361/3925/3944
f 3361/3925/3944 2904/3948/3485 2905/3949/3487 3362/3926/3945
f 3362/3926/3945 2905/3949/3487 2906/3950/3489 3363/3927/3946
f 3363/3927/3946 2906/3950/3489 2907/3951/3491 3364/3928/3947
f 3364/3928/3947 2907/3951/3491 2908/3952/3493 3365/3929/3948
f 3365/3929/3948 2908/3952/3493 2909/3953/3495 3366/3930/3949
f 3366/3930/3949 2909/3953/3495 2910/3954/3497 3367/3931/3950
f 3367/3931/3950 2910/3954/3497 2911/3955/3499 3368/3932/3951
f 3368/3932/3951 2911/3955/3499 2912/3956/3501 3369/3933/3952
f 3369/3933/3952 2912/3956/3501 2913/4036/3503 3370/4034/3953
s 5
f 3374/3957/3954 3373/4061/3955 3376/4063/3956 3375/3958/3957
s 6
f 3373/4061/3958 3372/4059/3959 3377/4064/3960 3376/4063/3961
s 4
f 3372/4059/3962 3371/3999/3963 3378/4001/3964 3377/4064/3965
s 5
f 3374/3957/3954 3375/3958/3957 2938/3959/3966
f 3375/4038/3957 3379/3960/3967 2938/3961/3966
f 3379/4039/3967 3383/3962/3968 2938/3963/3966
f 3383/4040/3968 3387/3964/3969 2938/3965/3966
f 3387/4041/3969 3391/3966/3970 2938/3967/3966
f 3391/4042/3970 3395/3968/3971 2938/3969/3966
f 3395/4043/3971 3399/3970/3972 2938/3971/3966
f 3399/4044/3972 3403/3972/3973 2938/3973/3966
f 3403/4045/3973 3407/3974/3974 2938/3975/3966
f 3407/4046/3974 3411/3976/3975 2938/3977/3966
f 3411/4047/3975 3415/3978/3976 2938/3979/3966
f 3415/4048/3976 3419/3980/3977 2938/3981/3966
f 3419/4049/3977 3423/3982/3978 2938/3983/3966
f 3423/4050/3978 3427/3984/3979 2938/3985/3966
f 3427/4051/3979 3431/3986/3980 2938/3987/3966
f 3431/4052/3980 3435/3988/3981 2938/3989/3966
f 3435/4053/3981 3439/3990/3982 2938/3991/3966
f 3439/4054/3982 3443/3992/3983 2938/3993/3966
f 3443/4055/3983 3447/3994/3984 2938/3995/3966
f 3447/4057/3984 3374/3996/3954 2938/3997/3966
s 4
f 2913/3496/3503 2937/3998/3502 3378/4001/3964 3371/3999/3963
f 2937/3998/3502 2962/4000/3528 3382/4003/3985 3378/4001/3964
f 2962/4000/3528 2986/4002/3553 3386/4005/3986 3382/4003/3985
f 2986/4002/3553 3010/4004/3578 3390/4007/3987 3386/4005/3986
f 3010/4004/3578 3034/4006/3603 3394/4009/3988 3390/4007/3987
f 3034/4006/3603 3058/4008/3628 3398/4011/3989 3394/4009/3988
f 3058/4008/3628 3082/4010/3653 3402/4013/3990 3398/4011/3989
f 3082/4010/3653 3106/4012/3678 3406/4015/3991 3402/4013/3990
f 3106/4012/3678 3130/4014/3703 3410/4017/3992 3406/4015/3991
f 3130/4014/3703 3154/4016/3728 3414/4019/3993 3410/4017/3992
f 3154/4016/3728 3178/4018/3753 3418/4021/3994 3414/4019/3993
f 3178/4018/3753 3202/4020/3778 3422/4023/3995 3418/4021/3994
f 3202/4020/3778 3226/4022/3803 3426/4025/3996 3422/4023/3995
f 3226/4022/3803 3250/4024/3828 3430/4027/3997 3426/4025/3996
f 3250/4024/3828 3274/4026/3853 3434/4029/3998 3430/4027/3997
f 3274/4026/3853 3298/4028/3878 3438/4031/3999 3434/4029/3998
f 3298/4028/3878 3322/4030/3903 3442/4033/4000 3438/4031/3999
f 3322/4030/3903 3346/4032/3928 3446/4035/4001 3442/4033/4000
f 3346/4032/3928 3370/4034/3953 3450/4037/4002 3446/4035/4001
f 3370/4034/3953 2913/4036/3503 3371/4056/3963 3450/4037/4002
f 3377/4064/3965 3378/4001/3964 3382/4003/3985 3381/4067/4003
s 5
f 3375/4038/3957 3376/4062/3956 3380/4066/4004 3379/3960/3967
s 6
f 3376/4062/3961 3377/4064/3960 3381/4067/4005 3380/4066/4006
s 4
f 3381/4067/4003 3382/4003/3985 3386/4005/3986 3385/4070/4007
s 5
f 3379/4039/3967 3380/4065/4004 3384/4069/4008 3383/3962/3968
s 6
f 3380/4065/4006 3381/4067/4005 3385/4070/4009 3384/4069/4010
s 4
f 3385/4070/4007 3386/4005/3986 3390/4007/3987 3389/4073/4011
s 5
f 3383/4040/3968 3384/4068/4008 3388/4072/4012 3387/3964/3969
s 6
f 3384/4068/4010 3385/4070/4009 3389/4073/4013 3388/4072/4014
s 4
f 3389/4073/4011 3390/4007/3987 3394/4009/3988 3393/4076/4015
s 5
f 3387/4041/3969 3388/4071/4012 3392/4075/4016 3391/3966/3970
s 6
f 3388/4071/4014 3389/4073/4013 3393/4076/4017 3392/4075/4018
s 4
f 3393/4076/4015 3394/4009/3988 3398/4011/3989 3397/4079/4019
s 5
f 3391/4042/3970 3392/4074/4016 3396/4078/4020 3395/3968/3971
s 6
f 3392/4074/4018 3393/4076/4017 3397/4079/4021 3396/4078/4022
s 4
f 3397/4079/4019 3398/4011/3989 3402/4013/3990 3401/4082/4023
s 5
f 3395/4043/3971 3396/4077/4020 3400/4081/4024 3399/3970/3972
s 6
f 3396/4077/4022 3397/4079/4021 3401/4082/4025 3400/4081/4026
s 4
f 3401/4082/4023 3402/4013/3990 3406/4015/3991 3405/4085/4027
s 5
f 3399/4044/3972 3400/4080/4024 3404/4084/4028 3403/3972/3973
s 6
f 3400/4080/4026 3401/4082/4025 3405/4085/4029 3404/4084/4030
s 4
f 3405/4085/4027 3406/4015/3991 3410/4017/3992 3409/4088/4031
s 5
f 3403/4045/3973 3404/4083/4028 3408/4087/4032 3407/3974/3974
s 6
f 3404/4083/4030 3405/4085/4029 3409/4088/4033 3408/4087/4034
s 4
f 3409/4088/4031 3410/4017/3992 3414/4019/3993 3413/4091/4035
s 5
f 3407/4046/3974 3408/4086/4032 3412/4090/4036 3411/3976/3975
s 6
f 3408/4086/4034 3409/4088/4033 3413/4091/4037 3412/4090/4038
s 4
f 3413/4091/4035 3414/4019/3993 3418/4021/3994 3417/4094/4039
s 5
f 3411/4047/3975 3412/4089/4036 3416/4093/4040 3415/3978/3976
s 6
f 3412/4089/4038 3413/4091/4037 3417/4094/4041 3416/4093/4042
s 4
f 3417/4094/4039 3418/4021/3994 3422/4023/3995 3421/4097/4043
s 5
f 3415/4048/3976 3416/4092/4040 3420/4096/4044 3419/3980/3977
s 6
f 3416/4092/4042 3417/4094/4041 3421/4097/4045 3420/4096/4046
s 4
f 3421/4097/4043 3422/4023/3995 3426/4025/3996 3425/4100/4047
s 5
f 3419/4049/3977 3420/4095/4044 3424/4099/4048 3423/3982/3978
s 6
f 3420/4095/4046 3421/4097/4045 3425/4100/4049 3424/4099/4050
s 4
f 3425/4100/4047 3426/4025/3996 3430/4027/3997 3429/4103/4051
s 5
f 3423/4050/3978 3424/4098/4048 3428/4102/4052 3427/3984/3979
s 6
f 3424/4098/4050 3425/4100/4049 3429/4103/4053 3428/4102/4054
s 4
f 3429/4103/4051 3430/4027/3997 3434/4029/3998 3433/4106/4055
s 5
f 3427/4051/3979 3428/4101/4052 3432/4105/4056 3431/3986/3980
s 6
f 3428/4101/4054 3429/4103/4053 3433/4106/4057 3432/4105/4058
s 4
f 3433/4106/4055 3434/4029/3998 3438/4031/3999 3437/4109/4059
s 5
f 3431/4052/3980 3432/4104/4056 3436/4108/4060 3435/3988/3981
s 6
f 3432/4104/4058 3433/4106/4057 3437/4109/4061 3436/4108/4062
s 4
f 3437/4109/4059 3438/4031/3999 3442/4033/4000 3441/4112/4063
s 5
f 3435/4053/3981 3436/4107/4060 3440/4111/4064 3439/3990/3982
s 6
f 3436/4107/4062 3437/4109/4061 3441/4112/4065 3440/4111/4066
s 4
f 3441/4112/4063 3442/4033/4000 3446/4035/4001 3445/4115/4067
s 5
f 3439/4054/3982 3440/4110/4064 3444/4114/4068 3443/3992/3983
s 6
f 3440/4110/4066 3441/4112/4065 3445/4115/4069 3444/4114/4070
s 4
f 3445/4115/4067 3446/4035/4001 3450/4037/4002 3449/4118/4071
s 5
f 3443/4055/3983 3444/4113/4068 3448/4117/4072 3447/3994/3984
s 6
f 3444/4113/4070 3445/4115/4069 3449/4118/4073 3448/4117/4074
s 4
f 3371/4056/3963 3372/4058/3962 3449/4118/4071 3450/4037/4002
s 6
f 3372/4058/3959 3373/4060/3958 3448/4116/4074 3449/4118/4073
s 5
f 3373/4060/3955 3374/3996/3954 3447/4057/3984 3448/4116/4072
s 1
f 3451/4199/4075 3457/4119/4076 2710/4122/4077 2709/4120/4078
f 3457/4119/4076 3463/4121/4079 2711/4124/4080 2710/4122/4077
f 3463/4121/4079 3469/4123/4081 2712/4126/4082 2711/4124/4080
f 3469/4123/4081 3475/4125/4083 2713/4128/4084 2712/4126/4082
f 3475/4125/4083 3481/4127/4085 2714/4130/4086 2713/4128/4084
f 3481/4127/4085 3487/4129/4087 2715/4132/4088 2714/4130/4086
f 3487/4129/4087 3493/4131/4089 2716/4134/4090 2715/4132/4088
f 3493/4131/4089 3499/4133/4091 2717/4136/4092 2716/4134/4090
f 3499/4133/4091 3505/4135/4093 2718/4138/4094 2717/4136/4092
f 3505/4135/4093 3511/4137/4095 2719/4140/4096 2718/4138/4094
f 3511/4137/4095 3517/4139/4097 2720/4142/4098 2719/4140/4096
f 3517/4139/4097 3523/4141/4099 2721/4144/4100 2720/4142/4098
f 3523/4141/4099 3529/4143/4101 2722/4146/4102 2721/4144/4100
f 3529/4143/4101 3535/4145/4103 2723/4148/4104 2722/4146/4102
f 3535/4145/4103 3541/4147/4105 2724/4150/4106 2723/4148/4104
f 3541/4147/4105 3547/4149/4107 2725/4152/4108 2724/4150/4106
f 3547/4149/4107 3553/4151/4109 2726/4154/4110 2725/4152/4108
f 3553/4151/4109 3559/4153/4111 2727/4156/4112 2726/4154/4110
f 3559/4153/4111 3565/4155/4113 2728/4158/4114 2727/4156/4112
f 3565/4155/4113 3451/4157/4075 2709/3284/4078 2728/4158/4114
f 2813/3388/3395 2817/4159/3401 3462/4162/4115 3456/4160/4116
f 2817/4159/3401 2821/4161/3404 3468/4164/4117 3462/4162/4115
f 2821/4161/3404 2825/4163/3407 3474/4166/4118 3468/4164/4117
f 2825/4163/3407 2829/4165/3410 3480/4168/4119 3474/4166/4118
f 2829/4165/3410 2833/4167/3413 3486/4170/4120 3480/4168/4119
f 2833/4167/3413 2837/4169/3416 3492/4172/4121 3486/4170/4120
f 2837/4169/3416 2841/4171/3419 3498/4174/4122 3492/4172/4121
f 2841/4171/3419 2845/4173/3422 3504/4176/4123 3498/4174/4122
f 2845/4173/3422 2849/4175/3425 3510/4178/4124 3504/4176/4123
f 2849/4175/3425 2853/4177/3428 3516/4180/4125 3510/4178/4124
f 2853/4177/3428 2857/4179/3431 3522/4182/4126 3516/4180/4125
f 2857/4179/3431 2861/4181/3434 3528/4184/4127 3522/4182/4126
f 2861/4181/3434 2865/4183/3437 3534/4186/4128 3528/4184/4127
f 2865/4183/3437 2869/4185/3440 3540/4188/4129 3534/4186/4128
f 2869/4185/3440 2873/4187/3443 3546/4190/4130 3540/4188/4129
f 2873/4187/3443 2877/4189/3446 3552/4192/4131 3546/4190/4130
f 2877/4189/3446 2881/4191/3449 3558/4194/4132 3552/4192/4131
f 2881/4191/3449 2885/4193/3452 3564/4196/4133 3558/4194/4132
f 2885/4193/3452 2889/4195/3396 3570/4198/4134 3564/4196/4133
f 2889/4195/3396 2813/4197/3395 3456/4200/4116 3570/4198/4134
f 3455/4208/4135 3456/4160/4116 3462/4162/4115 3461/4212/4136
f 3454/4206/4137 3455/4208/4135 3461/4212/4136 3460/4211/4138
f 3453/4204/4139 3454/4206/4137 3460/4211/4138 3459/4210/4140
f 3451/4199/4075 3452/4202/4141 3458/4209/4142 3457/4119/4076
f 3452/4202/4141 3453/4204/4139 3459/4210/4140 3458/4209/4142
f 3461/4212/4136 3462/4162/4115 3468/4164/4117 3467/4216/4143
f 3460/4211/4138 3461/4212/4136 3467/4216/4143 3466/4215/4144
f 3459/4210/4140 3460/4211/4138 3466/4215/4144 3465/4214/4145
f 3457/4119/4076 3458/4209/4142 3464/4213/4146 3463/4121/4079
f 3458/4209/4142 3459/4210/4140 3465/4214/4145 3464/4213/4146
f 3467/4216/4143 3468/4164/4117 3474/4166/4118 3473/4220/4147
f 3466/4215/4144 3467/4216/4143 3473/4220/4147 3472/4219/4148
f 3465/4214/4145 3466/4215/4144 3472/4219/4148 3471/4218/4149
f 3463/4121/4079 3464/4213/4146 3470/4217/4150 3469/4123/4081
f 3464/4213/4146 3465/4214/4145 3471/4218/4149 3470/4217/4150
f 3473/4220/4147 3474/4166/4118 3480/4168/4119 3479/4224/4151
f 3472/4219/4148 3473/4220/4147 3479/4224/4151 3478/4223/4152
f 3471/4218/4149 3472/4219/4148 3478/4223/4152 3477/4222/4153
f 3469/4123/4081 3470/4217/4150 3476/4221/4154 3475/4125/4083
f 3470/4217/4150 3471/4218/4149 3477/4222/4153 3476/4221/4154
f 3479/4224/4151 3480/4168/4119 3486/4170/4120 3485/4228/4155
f 3478/4223/4152 3479/4224/4151 3485/4228/4155 3484/4227/4156
f 3477/4222/4153 3478/4223/4152 3484/4227/4156 3483/4226/4157
f 3475/4125/4083 3476/4221/4154 3482/4225/4158 3481/4127/4085
f 3476/4221/4154 3477/4222/4153 3483/4226/4157 3482/4225/4158
f 3485/4228/4155 3486/4170/4120 3492/4172/4121 3491/4232/4159
f 3484/4227/4156 3485/4228/4155 3491/4232/4159 3490/4231/4160
f 3483/4226/4157 3484/4227/4156 3490/4231/4160 3489/4230/4161
f 3481/4127/4085 3482/4225/4158 3488/4229/4162 3487/4129/4087
f 3482/4225/4158 3483/4226/4157 3489/4230/4161 3488/4229/4162
f 3491/4232/4159 3492/4172/4121 3498/4174/4122 3497/4236/4163
f 3490/4231/4160 3491/4232/4159 3497/4236/4163 3496/4235/4164
f 3489/4230/4161 3490/4231/4160 3496/4235/4164 3495/4234/4165
f 3487/4129/4087 3488/4229/4162 3494/4233/4166 3493/4131/4089
f 3488/4229/4162 3489/4230/4161 3495/4234/4165 3494/4233/4166
f 3497/4236/4163 3498/4174/4122 3504/4176/4123 3503/4240/4167
f 3496/4235/4164 3497/4236/4163 3503/4240/4167 3502/4239/4168
f 3495/4234/4165 3496/4235/4164 3502/4239/4168 3501/4238/4169
f 3493/4131/4089 3494/4233/4166 3500/4237/4170 3499/4133/4091
f 3494/4233/4166 3495/4234/4165 3501/4238/4169 3500/4237/4170
f 3503/4240/4167 3504/4176/4123 3510/4178/4124 3509/4244/4171
f 3502/4239/4168 3503/4240/4167 3509/4244/4171 3508/4243/4172
f 3501/4238/4169 3502/4239/4168 3508/4243/4172 3507/4242/4173
f 3499/4133/4091 3500/4237/4170 3506/4241/4174 3505/4135/4093
f 3500/4237/4170 3501/4238/4169 3507/4242/4173 3506/4241/4174
f 3509/4244/4171 3510/4178/4124 3516/4180/4125 3515/4248/4175
f 3508/4243/4172 3509/4244/4171 3515/4248/4175 3514/4247/4176
f 3507/4242/4173 3508/4243/4172 3514/4247/4176 3513/4246/4177
f 3505/4135/4093 3506/4241/4174 3512/4245/4178 3511/4137/4095
f 3506/4241/4174 3507/4242/4173 3513/4246/4177 3512/4245/4178
f 3515/4248/4175 3516/4180/4125 3522/4182/4126 3521/4252/4179
f 3514/4247/4176 3515/4248/4175 3521/4252/4179 3520/4251/4180
f 3513/4246/4177 3514/4247/4176 3520/4251/4180 3519/4250/4181
f 3511/4137/4095 3512/4245/4178 3518/4249/4182 3517/4139/4097
f 3512/4245/4178 3513/4246/4177 3519/4250/4181 3518/4249/4182
f 3521/4252/4179 3522/4182/4126 3528/4184/4127 3527/4256/4183
f 3520/4251/4180 3521/4252/4179 3527/4256/4183 3526/4255/4184
f 3519/4250/4181 3520/4251/4180 3526/4255/4184 3525/4254/4185
f 3517/4139/4097 3518/4249/4182 3524/4253/4186 3523/4141/4099
f 3518/4249/4182 3519/4250/4181 3525/4254/4185 3524/4253/4186
f 3527/4256/4183 3528/4184/4127 3534/4186/4128 3533/4260/4187
f 3526/4255/4184 3527/4256/4183 3533/4260/4187 3532/4259/4188
f 3525/4254/4185 3526/4255/4184 3532/4259/4188 3531/4258/4189
f 3523/4141/4099 3524/4253/4186 3530/4257/4190 3529/4143/4101
f 3524/4253/4186 3525/4254/4185 3531/4258/4189 3530/4257/4190
f 3533/4260/4187 3534/4186/4128 3540/4188/4129 3539/4264/4191
f 3532/4259/4188 3533/4260/4187 3539/4264/4191 3538/4263/4192
f 3531/4258/4189 3532/4259/4188 3538/4263/4192 3537/4262/4193
f 3529/4143/4101 3530/4257/4190 3536/4261/4194 3535/4145/4103
f 3530/4257/4190 3531/4258/4189 3537/4262/4193 3536/4261/4194
f 3539/4264/4191 3540/4188/4129 3546/4190/4130 3545/4268/4195
f 3538/4263/4192 3539/4264/4191 3545/4268/4195 3544/4267/4196
f 3537/4262/4193 3538/4263/4192 3544/4267/4196 3543/4266/4197
f 3535/4145/4103 3536/4261/4194 3542/4265/4198 3541/4147/4105
f 3536/4261/4194 3537/4262/4193 3543/4266/4197 3542/4265/4198
f 3545/4268/4195 3546/4190/4130 3552/4192/4131 3551/4272/4199
f 3544/4267/4196 3545/4268/4195 3551/4272/4199 3550/4271/4200
f 3543/4266/4197 3544/4267/4196 3550/4271/4200 3549/4270/4201
f 3541/4147/4105 3542/4265/4198 3548/4269/4202 3547/4149/4107
f 3542/4265/4198 3543/4266/4197 3549/4270/4201 3548/4269/4202
f 3551/4272/4199 3552/4192/4131 3558/4194/4132 3557/4276/4203
f 3550/4271/4200 3551/4272/4199 3557/4276/4203 3556/4275/4204
f 3549/4270/4201 3550/4271/4200 3556/4275/4204 3555/4274/4205
f 3547/4149/4107 3548/4269/4202 3554/4273/4206 3553/4151/4109
f 3548/4269/4202 3549/4270/4201 3555/4274/4205 3554/4273/4206
f 3557/4276/4203 3558/4194/4132 3564/4196/4133 3563/4280/4207
f 3556/4275/4204 3557/4276/4203 3563/4280/4207 3562/4279/4208
f 3555/4274/4205 3556/4275/4204 3562/4279/4208 3561/4278/4209
f 3553/4151/4109 3554/4273/4206 3560/4277/4210 3559/4153/4111
f 3554/4273/4206 3555/4274/4205 3561/4278/4209 3560/4277/4210
f 3563/4280/4207 3564/4196/4133 3570/4198/4134 3569/4284/4211
f 3562/4279/4208 3563/4280/4207 3569/4284/4211 3568/4283/4212
f 3561/4278/4209 3562/4279/4208 3568/4283/4212 3567/4282/4213
f 3559/4153/4111 3560/4277/4210 3566/4281/4214 3565/4155/4113
f 3560/4277/4210 3561/4278/4209 3567/4282/4213 3566/4281/4214
f 3456/4200/4116 3455/4207/4135 3569/4284/4211 3570/4198/4134
f 3455/4207/4135 3454/4205/4137 3568/4283/4212 3569/4284/4211
f 3454/4205/4137 3453/4203/4139 3567/4282/4213 3568/4283/4212
f 3453/4203/4139 3452/4201/4141 3566/4281/4214 3567/4282/4213
f 3452/4201/4141 3451/4157/4075 3565/4155/4113 3566/4281/4214
g default
v -8.698804 3.000355 0.186839
v -8.203438 3.375046 0.183832
v -7.855046 3.707093 -0.008449
v -7.571057 3.954254 -0.333254
v -7.399937 4.032100 -0.661718
v -8.777364 2.975458 0.084094
v -8.476784 3.149236 -0.217254
v -8.220400 3.495680 -0.497240
v -7.910450 3.742971 -0.794157
v -7.428204 4.112681 -1.223067
v -8.855924 2.950560 -0.018651
v -8.794708 3.187657 -0.589463
v -8.589934 3.473723 -0.969923
v -8.255344 3.723592 -1.238534
v -7.924242 3.865935 -1.347432
v -8.722564 3.044333 0.194348
v -8.227197 3.419024 0.191341
v -8.500544 3.193213 -0.209745
v -8.801124 3.019435 0.091603
v -7.878805 3.751070 -0.000940
v -8.244159 3.539657 -0.489731
v -7.594816 3.998231 -0.325745
v -7.934208 3.786949 -0.786647
v -7.423696 4.076078 -0.654209
v -7.451962 4.156660 -1.215558
v -8.818466 3.231635 -0.581954
v -8.879683 2.994538 -0.011141
v -8.613694 3.517701 -0.962415
v -8.279103 3.767570 -1.231024
v -7.948000 3.909913 -1.339922
vt 0.629073 1.167593
vt 0.620284 1.153484
vt 0.617402 1.139976
vt 0.618359 1.126548
vt 0.622292 1.117092
vt 0.633416 1.168403
vt 0.635343 1.155030
vt 0.635734 1.141266
vt 0.635746 1.128073
vt 0.635489 1.107515
vt 0.638988 1.168310
vt 0.649098 1.154433
vt 0.652863 1.140845
vt 0.651885 1.126897
vt 0.647638 1.117083
vt 0.671643 1.151958
vt 0.668881 1.138492
vt 0.666648 1.125525
vt 0.630087 1.166725
vt 0.621517 1.152974
vt 0.635444 1.167205
vt 0.618737 1.139982
vt 0.619496 1.127251
vt 0.623143 1.118124
vt 0.634670 1.108569
vt 0.648128 1.153515
vt 0.638909 1.166974
vt 0.651663 1.140256
vt 0.650557 1.126958
vt 0.646504 1.117787
vt 0.654323 1.117170
vt 0.651687 1.126236
vt 0.653002 1.140199
vt 0.670199 1.164335
vt 0.639886 1.167882
vt 0.658786 1.152685
vt 0.649331 1.154092
vt 0.634422 1.108285
vt 0.664510 1.105812
vt 0.633554 1.107276
vt 0.677318 1.113557
vt 0.621999 1.117438
vt 0.682487 1.121914
vt 0.618163 1.127262
vt 0.685401 1.134308
vt 0.617509 1.140508
vt 0.633542 1.167077
vt 0.675518 1.163503
vt 0.673649 1.163968
vt 0.635537 1.168532
vt 0.684902 1.147546
vt 0.620516 1.153863
vt 0.678863 1.162559
vt 0.629966 1.168056
vt 0.664425 1.106086
vt 0.647307 1.116721
vn -0.570118 0.821495 -0.010575
vn -0.667520 0.735728 0.114551
vn -0.547956 0.805361 0.226137
vn -0.462713 0.876461 0.133091
vn -0.632748 0.766979 0.106646
vn -0.556267 0.799043 0.228247
vn -0.555093 0.828333 0.075739
vn -0.489933 0.856692 0.161383
vn -0.505587 0.859773 0.071911
vn -0.466939 0.873858 0.135423
vn -0.452912 0.803191 0.386983
vn -0.319311 0.901469 0.292223
vn -0.445652 0.828682 0.338645
vn -0.417792 0.872643 0.252871
vn -0.419616 0.883811 0.206885
vn 0.570118 -0.821495 0.010575
vn 0.462712 -0.876461 -0.133090
vn 0.547957 -0.805360 -0.226138
vn 0.667521 -0.735727 -0.114550
vn 0.556267 -0.799043 -0.228247
vn 0.632748 -0.766979 -0.106646
vn 0.489933 -0.856692 -0.161383
vn 0.555093 -0.828333 -0.075738
vn 0.466939 -0.873858 -0.135423
vn 0.505588 -0.859773 -0.071911
vn 0.319311 -0.901469 -0.292224
vn 0.452911 -0.803191 -0.386983
vn 0.445652 -0.828682 -0.338645
vn 0.417792 -0.872643 -0.252871
vn 0.419616 -0.883811 -0.206884
vn 0.094896 -0.117526 0.988525
vn 0.231420 -0.040949 0.971992
vn 0.267477 -0.019996 0.963357
vn 0.094896 -0.117526 0.988525
vn -0.650617 -0.455285 0.607794
vn -0.650614 -0.455290 0.607793
vn -0.650614 -0.455290 0.607793
vn -0.650617 -0.455285 0.607794
vn 0.531103 0.144351 0.834921
vn 0.549043 0.156415 0.821027
vn 0.719710 0.280353 0.635153
vn 0.714905 0.276553 0.642206
vn 0.875359 0.437913 0.204888
vn 0.872187 0.431999 0.229492
vn 0.881243 0.472085 0.023393
vn 0.881243 0.472085 0.023393
vn -0.828476 -0.376840 -0.414270
vn -0.865997 -0.422055 -0.268177
vn -0.865997 -0.422055 -0.268177
vn -0.814798 -0.363003 -0.452033
vn -0.650620 -0.455279 0.607795
vn -0.650620 -0.455279 0.607795
vn -0.655442 -0.231338 -0.718942
vn -0.641691 -0.221279 -0.734349
vn -0.446896 -0.089443 -0.890103
vn -0.453297 -0.093527 -0.886439
vn 0.126006 0.232734 -0.964343
vn -0.039505 0.147410 -0.988286
vn -0.057086 0.137998 -0.988786
vn 0.126006 0.232734 -0.964343
s 1
g Outsidestuff Fruit Blueberry2 Leaf
usemtl lambert14SG
f 3586/4303/4215 3587/4304/4216 3588/4291/4217 3589/4331/4218
f 3587/4304/4216 3590/4306/4219 3591/4292/4220 3588/4291/4217
f 3590/4306/4219 3592/4307/4221 3593/4293/4222 3591/4292/4220
f 3592/4307/4221 3594/4308/4223 3595/4322/4224 3593/4293/4222
f 3589/4305/4218 3588/4291/4217 3596/4310/4225 3597/4311/4226
f 3588/4291/4217 3591/4292/4220 3598/4312/4227 3596/4310/4225
f 3591/4292/4220 3593/4293/4222 3599/4313/4228 3598/4312/4227
f 3593/4293/4222 3595/4309/4224 3600/4314/4229 3599/4313/4228
s 2
f 3571/4337/4230 3576/4332/4231 3577/4300/4232 3572/4335/4233
f 3572/4335/4233 3577/4300/4232 3578/4301/4234 3573/4329/4235
f 3573/4329/4235 3578/4301/4234 3579/4302/4236 3574/4327/4237
f 3574/4327/4237 3579/4302/4236 3580/4323/4238 3575/4325/4239
f 3576/4333/4231 3581/4318/4240 3582/4320/4241 3577/4300/4232
f 3577/4300/4232 3582/4320/4241 3583/4317/4242 3578/4301/4234
f 3578/4301/4234 3583/4317/4242 3584/4298/4243 3579/4302/4236
f 3579/4302/4236 3584/4298/4243 3585/4315/4244 3580/4339/4238
s 3
f 3571/4285/4245 3572/4336/4246 3587/4304/4247 3586/4303/4248
s 4
f 3576/4290/4249 3571/4338/4250 3586/4303/4251 3589/4331/4252
s 3
f 3572/4286/4246 3573/4330/4253 3590/4306/4254 3587/4304/4247
f 3573/4287/4253 3574/4328/4255 3592/4307/4256 3590/4306/4254
f 3574/4288/4255 3575/4326/4257 3594/4308/4258 3592/4307/4256
f 3575/4289/4257 3580/4324/4259 3595/4322/4260 3594/4308/4258
s 5
f 3582/4296/4261 3581/4319/4262 3597/4311/4263 3596/4310/4264
s 4
f 3581/4295/4265 3576/4334/4249 3589/4305/4252 3597/4311/4266
s 5
f 3583/4297/4267 3582/4321/4261 3596/4310/4264 3598/4312/4268
f 3584/4298/4269 3583/4317/4267 3598/4312/4268 3599/4313/4270
f 3580/4294/4271 3585/4340/4272 3600/4314/4273 3595/4309/4274
f 3585/4299/4272 3584/4316/4269 3599/4313/4270 3600/4314/4273
g default
v -8.921215 2.873452 -0.085569
v -8.669407 3.139397 -0.587222
v -8.641215 3.447923 -1.002698
v -8.778290 3.727963 -1.390029
v -9.005075 3.870012 -1.657650
v -9.042880 2.894714 -0.039813
v -9.179281 3.096001 -0.429987
v -9.249315 3.460446 -0.785548
v -9.354411 3.727693 -1.189176
v -9.493105 4.119442 -1.806029
v -9.164545 2.915975 0.005944
v -9.585101 3.299418 -0.242841
v -9.779801 3.646482 -0.574736
v -9.852056 3.903336 -0.993474
v -9.817060 4.011910 -1.352273
v -8.905664 2.916563 -0.064250
v -8.653854 3.182508 -0.565902
v -9.163730 3.139112 -0.408667
v -9.027329 2.937824 -0.018493
v -8.625664 3.491033 -0.981379
v -9.233763 3.503556 -0.764228
v -8.762737 3.771073 -1.368710
v -9.338860 3.770804 -1.167857
v -8.989524 3.913123 -1.636331
v -9.477553 4.162553 -1.784710
v -9.569549 3.342529 -0.221522
v -9.148993 2.959086 0.027263
v -9.764250 3.689593 -0.553416
v -9.836504 3.946446 -0.972155
v -9.801508 4.055021 -1.330953
vt 0.629073 1.088837
vt 0.620284 1.074727
vt 0.617402 1.061219
vt 0.618359 1.047791
vt 0.622292 1.038336
vt 0.633416 1.089647
vt 0.635343 1.076274
vt 0.635734 1.062509
vt 0.635746 1.049316
vt 0.635489 1.028759
vt 0.638988 1.089553
vt 0.649098 1.075676
vt 0.652863 1.062088
vt 0.651885 1.048141
vt 0.647638 1.038327
vt 0.671643 1.073202
vt 0.668881 1.059735
vt 0.666648 1.046768
vt 0.630087 1.087969
vt 0.621517 1.074217
vt 0.635444 1.088448
vt 0.618737 1.061225
vt 0.619496 1.048494
vt 0.623143 1.039368
vt 0.634670 1.029813
vt 0.648128 1.074758
vt 0.638909 1.088217
vt 0.651663 1.061499
vt 0.650557 1.048202
vt 0.646504 1.039031
vt 0.654323 1.038414
vt 0.651687 1.047479
vt 0.653002 1.061442
vt 0.670199 1.085579
vt 0.639886 1.089126
vt 0.658786 1.073929
vt 0.649331 1.075335
vt 0.634422 1.029529
vt 0.664510 1.027055
vt 0.633554 1.028519
vt 0.677318 1.034800
vt 0.621999 1.038682
vt 0.682487 1.043157
vt 0.618163 1.048506
vt 0.685401 1.055552
vt 0.617509 1.061751
vt 0.633542 1.088320
vt 0.675518 1.084746
vt 0.673649 1.085211
vt 0.635537 1.089776
vt 0.684902 1.068789
vt 0.620516 1.075107
vt 0.678863 1.083802
vt 0.629966 1.089300
vt 0.664425 1.027330
vt 0.647307 1.037964
vn 0.121422 0.872698 0.472922
vn 0.180517 0.771584 0.609977
vn 0.335895 0.782464 0.524332
vn 0.297732 0.862288 0.409652
vn 0.192905 0.797209 0.572053
vn 0.333524 0.777354 0.533370
vn 0.205721 0.850514 0.484051
vn 0.309626 0.839978 0.445611
vn 0.225661 0.872522 0.433338
vn 0.297872 0.859881 0.414580
vn 0.505231 0.715466 0.482545
vn 0.487183 0.812866 0.319220
vn 0.471984 0.752652 0.459071
vn 0.416421 0.814834 0.403286
vn 0.378114 0.839462 0.390298
vn -0.121422 -0.872697 -0.472924
vn -0.297732 -0.862288 -0.409653
vn -0.335895 -0.782464 -0.524332
vn -0.180516 -0.771584 -0.609978
vn -0.333524 -0.777354 -0.533370
vn -0.192905 -0.797209 -0.572054
vn -0.309626 -0.839978 -0.445611
vn -0.205720 -0.850513 -0.484053
vn -0.297871 -0.859882 -0.414579
vn -0.225661 -0.872522 -0.433339
vn -0.487182 -0.812867 -0.319221
vn -0.505231 -0.715467 -0.482544
vn -0.471985 -0.752651 -0.459071
vn -0.416421 -0.814834 -0.403285
vn -0.378113 -0.839464 -0.390296
vn 0.879301 -0.424233 0.216464
vn 0.925452 -0.371241 0.075621
vn 0.934025 -0.355277 0.037080
vn 0.879301 -0.424233 0.216464
vn 0.228209 -0.496498 0.837502
vn 0.228209 -0.496499 0.837502
vn 0.228209 -0.496499 0.837502
vn 0.228209 -0.496498 0.837502
vn 0.941384 -0.208449 -0.265227
vn 0.937519 -0.196080 -0.287420
vn 0.855255 -0.053654 -0.515422
vn 0.859114 -0.058504 -0.508430
vn 0.559330 0.196470 -0.805326
vn 0.578776 0.184071 -0.794441
vn 0.408162 0.282111 -0.868227
vn 0.408162 0.282111 -0.868227
vn -0.716058 -0.084357 0.692925
vn -0.608822 -0.164188 0.776130
vn -0.608822 -0.164188 0.776130
vn -0.742022 -0.062401 0.667466
vn 0.228209 -0.496498 0.837503
vn 0.228209 -0.496498 0.837503
vn -0.897925 0.113628 0.425229
vn -0.904918 0.125302 0.406723
vn -0.951030 0.261871 0.164215
vn -0.950746 0.258054 0.171726
vn -0.761458 0.486522 -0.428344
vn -0.854678 0.442554 -0.271424
vn -0.862848 0.436942 -0.254115
vn -0.761458 0.486522 -0.428344
s 1
g Outsidestuff Fruit Blueberry2 Leaf13
usemtl lambert14SG
f 3616/4359/4275 3617/4360/4276 3618/4347/4277 3619/4387/4278
f 3617/4360/4276 3620/4362/4279 3621/4348/4280 3618/4347/4277
f 3620/4362/4279 3622/4363/4281 3623/4349/4282 3621/4348/4280
f 3622/4363/4281 3624/4364/4283 3625/4378/4284 3623/4349/4282
f 3619/4361/4278 3618/4347/4277 3626/4366/4285 3627/4367/4286
f 3618/4347/4277 3621/4348/4280 3628/4368/4287 3626/4366/4285
f 3621/4348/4280 3623/4349/4282 3629/4369/4288 3628/4368/4287
f 3623/4349/4282 3625/4365/4284 3630/4370/4289 3629/4369/4288
s 2
f 3601/4393/4290 3606/4388/4291 3607/4356/4292 3602/4391/4293
f 3602/4391/4293 3607/4356/4292 3608/4357/4294 3603/4385/4295
f 3603/4385/4295 3608/4357/4294 3609/4358/4296 3604/4383/4297
f 3604/4383/4297 3609/4358/4296 3610/4379/4298 3605/4381/4299
f 3606/4389/4291 3611/4374/4300 3612/4376/4301 3607/4356/4292
f 3607/4356/4292 3612/4376/4301 3613/4373/4302 3608/4357/4294
f 3608/4357/4294 3613/4373/4302 3614/4354/4303 3609/4358/4296
f 3609/4358/4296 3614/4354/4303 3615/4371/4304 3610/4395/4298
s 3
f 3601/4341/4305 3602/4392/4306 3617/4360/4307 3616/4359/4308
s 4
f 3606/4346/4309 3601/4394/4310 3616/4359/4311 3619/4387/4312
s 3
f 3602/4342/4306 3603/4386/4313 3620/4362/4314 3617/4360/4307
f 3603/4343/4313 3604/4384/4315 3622/4363/4316 3620/4362/4314
f 3604/4344/4315 3605/4382/4317 3624/4364/4318 3622/4363/4316
f 3605/4345/4317 3610/4380/4319 3625/4378/4320 3624/4364/4318
s 5
f 3612/4352/4321 3611/4375/4322 3627/4367/4323 3626/4366/4324
s 4
f 3611/4351/4325 3606/4390/4309 3619/4361/4312 3627/4367/4326
s 5
f 3613/4353/4327 3612/4377/4321 3626/4366/4324 3628/4368/4328
f 3614/4354/4329 3613/4373/4327 3628/4368/4328 3629/4369/4330
f 3610/4350/4331 3615/4396/4332 3630/4370/4333 3625/4365/4334
f 3615/4355/4332 3614/4372/4329 3629/4369/4330 3630/4370/4333
g default
v 4.600366 -0.724071 5.988851
v 6.655045 0.364985 6.460138
v 8.353915 1.309734 6.084587
v 9.902222 1.923021 5.171040
v 10.926291 1.972015 4.151696
v 4.410352 -0.809732 5.530900
v 5.939989 -0.472160 4.736786
v 7.412803 0.548746 3.934722
v 9.024558 1.157535 3.152097
v 11.485866 2.061915 2.057974
v 4.220339 -0.895392 5.072948
v 5.224935 -0.279727 3.013434
v 6.576472 0.506543 1.799517
v 8.248246 1.120998 1.147333
v 9.658152 1.400322 1.095358
v 4.538741 -0.541281 5.980230
v 6.593419 0.547775 6.451517
v 5.878364 -0.289370 4.728164
v 4.348727 -0.626942 5.522278
v 8.292290 1.492524 6.075965
v 7.351178 0.731537 3.926100
v 9.840597 2.105811 5.162418
v 8.962933 1.340325 3.143475
v 10.864665 2.154805 4.143074
v 11.424240 2.244705 2.049353
v 5.163309 -0.096937 3.004812
v 4.158713 -0.712602 5.064327
v 6.514847 0.689333 1.790895
v 8.186621 1.303788 1.138711
v 9.596526 1.583112 1.086736
vt 0.701061 1.339439
vt 0.746849 1.384915
vt 0.769930 1.435501
vt 0.773850 1.488836
vt 0.763536 1.527156
vt 0.684191 1.340404
vt 0.688961 1.391461
vt 0.699822 1.442744
vt 0.707837 1.492626
vt 0.718034 1.571526
vt 0.663046 1.345503
vt 0.638414 1.405541
vt 0.636111 1.457219
vt 0.647247 1.506649
vt 0.667705 1.540736
vt 0.785168 1.346632
vt 0.816464 1.388494
vt 0.849249 1.426958
vt 0.698062 1.343564
vt 0.742783 1.387838
vt 0.677135 1.346372
vt 0.764888 1.436262
vt 0.769201 1.486697
vt 0.759770 1.523710
vt 0.720632 1.567143
vt 0.642828 1.408122
vt 0.664500 1.350434
vt 0.641081 1.458355
vt 0.652232 1.505650
vt 0.671679 1.537540
vt 0.906713 1.429533
vt 0.669189 1.541994
vt 0.895467 1.393744
vt 0.648310 1.508931
vt 0.866831 1.354463
vt 0.636092 1.459445
vt 0.771116 1.300951
vt 0.660046 1.347954
vt 0.828175 1.323101
vt 0.637847 1.407061
vt 0.721639 1.566411
vt 0.896429 1.485836
vt 0.895185 1.486858
vt 0.725460 1.569779
vt 0.838025 1.486663
vt 0.764432 1.525776
vt 0.804419 1.469337
vt 0.774239 1.485911
vt 0.769167 1.433350
vt 0.684882 1.345472
vt 0.753366 1.313076
vt 0.759621 1.307551
vt 0.675617 1.341548
vt 0.745768 1.383697
vt 0.743294 1.321737
vt 0.697266 1.338544
vn -0.377761 0.898550 -0.223393
vn -0.520822 0.843980 -0.128230
vn -0.426516 0.904427 0.009787
vn -0.306690 0.950066 -0.057585
vn -0.479965 0.868021 -0.127176
vn -0.436124 0.899834 0.009682
vn -0.386597 0.912016 -0.137004
vn -0.344000 0.938217 -0.037586
vn -0.332991 0.934241 -0.127713
vn -0.311817 0.948463 -0.056471
vn -0.382727 0.903812 0.191423
vn -0.211779 0.967914 0.135250
vn -0.357480 0.922424 0.146089
vn -0.298828 0.951726 0.070145
vn -0.285500 0.958049 0.025142
vn 0.377761 -0.898550 0.223393
vn 0.306690 -0.950066 0.057585
vn 0.426516 -0.904427 -0.009787
vn 0.520822 -0.843980 0.128230
vn 0.436124 -0.899834 -0.009682
vn 0.479966 -0.868021 0.127176
vn 0.344000 -0.938217 0.037586
vn 0.386597 -0.912016 0.137004
vn 0.311817 -0.948463 0.056471
vn 0.332991 -0.934241 0.127713
vn 0.211779 -0.967914 -0.135250
vn 0.382727 -0.903813 -0.191423
vn 0.357480 -0.922424 -0.146089
vn 0.298828 -0.951726 -0.070145
vn 0.285500 -0.958049 -0.025142
vn -0.210887 -0.025008 0.977190
vn -0.063294 0.025718 0.997663
vn -0.022976 0.039372 0.998960
vn -0.210887 -0.025008 0.977191
vn -0.869210 -0.273619 0.411834
vn -0.869209 -0.273620 0.411834
vn -0.869209 -0.273620 0.411834
vn -0.869210 -0.273619 0.411834
vn 0.292280 0.143139 0.945560
vn 0.315348 0.150510 0.936964
vn 0.551644 0.223879 0.803472
vn 0.544421 0.221703 0.808983
vn 0.848884 0.306502 0.430643
vn 0.837862 0.303864 0.453492
vn 0.911916 0.319581 0.257444
vn 0.911916 0.319581 0.257444
vn -0.734344 -0.276809 -0.619771
vn -0.819278 -0.299280 -0.489095
vn -0.819278 -0.299280 -0.489095
vn -0.708240 -0.269551 -0.652486
vn -0.869210 -0.273618 0.411835
vn -0.869210 -0.273618 0.411835
vn -0.458347 -0.195420 -0.867023
vn -0.439172 -0.189482 -0.878194
vn -0.187149 -0.109141 -0.976250
vn -0.194975 -0.111693 -0.974428
vn 0.433735 0.104010 -0.895017
vn 0.268593 0.045167 -0.962194
vn 0.250410 0.038794 -0.967362
vn 0.433735 0.104010 -0.895017
s 1
g Outsidestuff Leaf2 Glass_Leafs
usemtl lambert14SG
f 3646/4415/4335 3647/4416/4336 3648/4403/4337 3649/4446/4338
f 3647/4416/4336 3650/4418/4339 3651/4404/4340 3648/4403/4337
f 3650/4418/4339 3652/4419/4341 3653/4405/4342 3651/4404/4340
f 3652/4419/4341 3654/4420/4343 3655/4437/4344 3653/4405/4342
f 3649/4417/4338 3648/4403/4337 3656/4422/4345 3657/4423/4346
f 3648/4403/4337 3651/4404/4340 3658/4424/4347 3656/4422/4345
f 3651/4404/4340 3653/4405/4342 3659/4425/4348 3658/4424/4347
f 3653/4405/4342 3655/4421/4344 3660/4426/4349 3659/4425/4348
s 2
f 3631/4451/4350 3636/4447/4351 3637/4412/4352 3632/4398/4353
f 3632/4398/4353 3637/4412/4352 3638/4413/4354 3633/4445/4355
f 3633/4445/4355 3638/4413/4354 3639/4414/4356 3634/4443/4357
f 3634/4443/4357 3639/4414/4356 3640/4439/4358 3635/4441/4359
f 3636/4448/4351 3641/4433/4360 3642/4435/4361 3637/4412/4352
f 3637/4412/4352 3642/4435/4361 3643/4431/4362 3638/4413/4354
f 3638/4413/4354 3643/4431/4362 3644/4429/4363 3639/4414/4356
f 3639/4414/4356 3644/4429/4363 3645/4427/4364 3640/4438/4358
s 3
f 3631/4397/4365 3632/4450/4366 3647/4416/4367 3646/4415/4368
s 4
f 3636/4402/4369 3631/4452/4370 3646/4415/4371 3649/4446/4372
s 3
f 3632/4398/4366 3633/4445/4373 3650/4418/4374 3647/4416/4367
f 3633/4399/4373 3634/4444/4375 3652/4419/4376 3650/4418/4374
f 3634/4400/4375 3635/4442/4377 3654/4420/4378 3652/4419/4376
f 3635/4401/4377 3640/4440/4379 3655/4437/4380 3654/4420/4378
s 5
f 3642/4408/4381 3641/4434/4382 3657/4423/4383 3656/4422/4384
s 4
f 3641/4407/4385 3636/4449/4369 3649/4417/4372 3657/4423/4386
s 5
f 3643/4409/4387 3642/4436/4381 3656/4422/4384 3658/4424/4388
f 3644/4410/4389 3643/4432/4387 3658/4424/4388 3659/4425/4390
f 3640/4406/4391 3645/4428/4392 3660/4426/4393 3655/4421/4394
f 3645/4411/4392 3644/4430/4389 3659/4425/4390 3660/4426/4393
g default
v 4.027154 -0.643929 6.383670
v 5.285184 0.501413 8.037579
v 6.700987 1.672188 8.775506
v 8.377810 2.638385 8.672956
v 9.766266 3.030601 8.229685
v 4.116082 -0.637305 5.888483
v 5.718584 0.028109 6.147798
v 7.143411 1.350895 6.421371
v 8.761224 2.284564 6.724395
v 11.195254 3.662693 7.217318
v 4.205010 -0.630680 5.393296
v 5.954486 0.551272 4.310624
v 7.533875 1.732620 4.142053
v 9.087917 2.643359 4.849926
v 10.200982 3.062985 5.809002
v 3.941558 -0.471341 6.370607
v 5.199587 0.674001 8.024515
v 5.632988 0.200698 6.134735
v 4.030486 -0.464716 5.875420
v 6.615391 1.844776 8.762443
v 7.057815 1.523484 6.408308
v 8.292213 2.810974 8.659893
v 8.675628 2.457152 6.711332
v 9.680669 3.203189 8.216622
v 11.109658 3.835281 7.204255
v 5.868890 0.723861 4.297561
v 4.119413 -0.458092 5.380233
v 7.448279 1.905209 4.128990
v 9.002320 2.815947 4.836863
v 10.115386 3.235573 5.795939
vt 0.228851 1.745070
vt 0.282685 1.781692
vt 0.312843 1.827762
vt 0.319189 1.881020
vt 0.312742 1.920687
vt 0.212301 1.749367
vt 0.228574 1.797695
vt 0.245966 1.846234
vt 0.262838 1.893420
vt 0.286393 1.968336
vt 0.199621 1.753949
vt 0.178663 1.817217
vt 0.183898 1.870841
vt 0.211725 1.916960
vt 0.244071 1.944655
vt 0.313870 1.740018
vt 0.351783 1.774997
vt 0.388638 1.808945
vt 0.226678 1.749685
vt 0.279086 1.785213
vt 0.213991 1.754174
vt 0.307844 1.828758
vt 0.314341 1.879443
vt 0.308049 1.918693
vt 0.288878 1.963884
vt 0.183269 1.819417
vt 0.201334 1.758751
vt 0.188990 1.871271
vt 0.216151 1.914429
vt 0.246870 1.940395
vt 0.438110 1.812571
vt 0.244384 1.944846
vt 0.426192 1.774172
vt 0.213349 1.918687
vt 0.397069 1.732330
vt 0.184564 1.873800
vt 0.288603 1.699674
vt 0.196728 1.756560
vt 0.351600 1.706791
vt 0.178186 1.818985
vt 0.443341 1.860408
vt 0.293569 1.965879
vt 0.394259 1.860426
vt 0.312897 1.920273
vt 0.355680 1.850904
vt 0.319344 1.878448
vt 0.311550 1.825165
vt 0.279436 1.709559
vt 0.212241 1.749386
vt 0.281254 1.780590
vt 0.270336 1.719502
vt 0.224949 1.744886
vn -0.387603 0.884970 -0.258055
vn -0.546918 0.794481 -0.263971
vn -0.551688 0.829472 -0.087274
vn -0.427542 0.901473 -0.067490
vn -0.526761 0.814320 -0.243733
vn -0.564671 0.820027 -0.093289
vn -0.455348 0.866159 -0.205977
vn -0.476366 0.875650 -0.079448
vn -0.412458 0.895290 -0.168328
vn -0.437600 0.895933 -0.076231
vn -0.607075 0.790228 0.083666
vn -0.452038 0.881377 0.137246
vn -0.576014 0.814703 0.066838
vn -0.498760 0.865190 0.051818
vn -0.461217 0.886823 0.028711
vn 0.387602 -0.884970 0.258055
vn 0.427542 -0.901473 0.067490
vn 0.551688 -0.829472 0.087274
vn 0.546917 -0.794481 0.263971
vn 0.564671 -0.820027 0.093289
vn 0.526761 -0.814320 0.243733
vn 0.476366 -0.875650 0.079448
vn 0.455349 -0.866159 0.205977
vn 0.437600 -0.895933 0.076231
vn 0.412458 -0.895290 0.168328
vn 0.452039 -0.881377 -0.137246
vn 0.607075 -0.790228 -0.083666
vn 0.576014 -0.814703 -0.066838
vn 0.498760 -0.865190 -0.051818
vn 0.461216 -0.886823 -0.028711
vn -0.663119 -0.276222 0.695683
vn -0.560265 -0.217368 0.799284
vn -0.529966 -0.200471 0.823983
vn -0.663119 -0.276222 0.695683
vn -0.878778 -0.448235 -0.163811
vn -0.878780 -0.448233 -0.163811
vn -0.878780 -0.448233 -0.163811
vn -0.878778 -0.448235 -0.163811
vn -0.204107 -0.027158 0.978572
vn -0.171535 -0.010508 0.985122
vn 0.119772 0.133861 0.983736
vn 0.113023 0.130608 0.984971
vn 0.376071 0.253964 0.891108
vn 0.365461 0.249137 0.896866
vn 0.463043 0.292966 0.836518
vn 0.463043 0.292966 0.836518
vn -0.246138 -0.193949 -0.949631
vn -0.378387 -0.255011 -0.889827
vn -0.378387 -0.255011 -0.889827
vn -0.209311 -0.176603 -0.961769
vn -0.878777 -0.448238 -0.163811
vn -0.878777 -0.448238 -0.163811
vn 0.150973 0.000055 -0.988538
vn 0.180286 0.014975 -0.983500
vn 0.465635 0.165129 -0.869435
vn 0.459836 0.161974 -0.873107
vn 0.711871 0.305181 -0.632538
vn 0.659776 0.274267 -0.699624
vn 0.654937 0.271441 -0.705250
vn 0.711871 0.305181 -0.632538
s 1
g Outsidestuff Glass_Leafs Leaf3
usemtl lambert14SG
f 3676/4471/4395 3677/4472/4396 3678/4459/4397 3679/4473/4398
f 3677/4472/4396 3680/4474/4399 3681/4460/4400 3678/4459/4397
f 3680/4474/4399 3682/4475/4401 3683/4461/4402 3681/4460/4400
f 3682/4475/4401 3684/4476/4403 3685/4477/4404 3683/4461/4402
f 3679/4473/4398 3678/4459/4397 3686/4478/4405 3687/4479/4406
f 3678/4459/4397 3681/4460/4400 3688/4480/4407 3686/4478/4405
f 3681/4460/4400 3683/4461/4402 3689/4481/4408 3688/4480/4407
f 3683/4461/4402 3685/4477/4404 3690/4482/4409 3689/4481/4408
s 2
f 3661/4503/4410 3666/4500/4411 3667/4468/4412 3662/4454/4413
f 3662/4454/4413 3667/4468/4412 3668/4469/4414 3663/4499/4415
f 3663/4499/4415 3668/4469/4414 3669/4470/4416 3664/4497/4417
f 3664/4497/4417 3669/4470/4416 3670/4493/4418 3665/4495/4419
f 3666/4500/4411 3671/4489/4420 3672/4491/4421 3667/4468/4412
f 3667/4468/4412 3672/4491/4421 3673/4487/4422 3668/4469/4414
f 3668/4469/4414 3673/4487/4422 3674/4485/4423 3669/4470/4416
f 3669/4470/4416 3674/4485/4423 3675/4483/4424 3670/4493/4418
s 3
f 3661/4453/4425 3662/4502/4426 3677/4472/4427 3676/4471/4428
s 4
f 3666/4458/4429 3661/4504/4430 3676/4471/4431 3679/4473/4432
s 3
f 3662/4454/4426 3663/4499/4433 3680/4474/4434 3677/4472/4427
f 3663/4455/4433 3664/4498/4435 3682/4475/4436 3680/4474/4434
f 3664/4456/4435 3665/4496/4437 3684/4476/4438 3682/4475/4436
f 3665/4457/4437 3670/4494/4439 3685/4477/4440 3684/4476/4438
s 5
f 3672/4464/4441 3671/4490/4442 3687/4479/4443 3686/4478/4444
s 4
f 3671/4463/4445 3666/4501/4429 3679/4473/4432 3687/4479/4446
s 5
f 3673/4465/4447 3672/4492/4441 3686/4478/4444 3688/4480/4448
f 3674/4466/4449 3673/4488/4447 3688/4480/4448 3689/4481/4450
f 3670/4462/4451 3675/4484/4452 3690/4482/4453 3685/4477/4454
f 3675/4467/4452 3674/4486/4449 3689/4481/4450 3690/4482/4453
g default
v 3.744155 -0.803602 7.020841
v 4.313157 -0.133699 9.224775
v 5.392793 0.688004 10.666628
v 6.883796 1.370285 11.625454
v 8.271287 1.605504 11.956692
v 4.023059 -0.729009 6.608759
v 5.458560 -0.341632 7.543445
v 6.741402 0.702928 8.600777
v 8.163183 1.335370 9.677547
v 10.257583 2.247351 11.367168
v 4.301963 -0.654417 6.196679
v 6.412289 0.427711 6.123308
v 8.003115 1.384334 6.810777
v 9.352247 1.977104 8.005011
v 10.132676 2.103330 9.206491
v 3.682530 -0.620811 7.012219
v 4.251531 0.049091 9.216153
v 5.396935 -0.158842 7.534823
v 3.961434 -0.546219 6.600138
v 5.331168 0.870794 10.658007
v 6.679776 0.885718 8.592155
v 6.822170 1.553075 11.616833
v 8.101557 1.518160 9.668924
v 8.209661 1.788294 11.948071
v 10.195957 2.430141 11.358547
v 6.350664 0.610501 6.114686
v 4.240338 -0.471626 6.188057
v 7.941490 1.567124 6.802155
v 9.290622 2.159894 7.996390
v 10.071051 2.286119 9.197869
vt 0.059559 1.584652
vt 0.112612 1.617083
vt 0.146575 1.658447
vt 0.168429 1.705329
vt 0.172214 1.744273
vt 0.043118 1.589251
vt 0.058514 1.638600
vt 0.083450 1.686087
vt 0.107076 1.731604
vt 0.142564 1.802314
vt 0.016246 1.605984
vt 0.015404 1.669899
vt 0.027436 1.719420
vt 0.054096 1.763867
vt 0.084790 1.789884
vt 0.140652 1.570553
vt 0.181425 1.603550
vt 0.222357 1.633063
vt 0.057472 1.589298
vt 0.110299 1.621678
vt 0.029468 1.600851
vt 0.142482 1.661315
vt 0.163360 1.705163
vt 0.167434 1.742497
vt 0.143524 1.797312
vt 0.020474 1.670035
vt 0.019704 1.609720
vt 0.032557 1.719160
vt 0.058480 1.761285
vt 0.087463 1.785540
vt 0.278724 1.620786
vt 0.086498 1.790557
vt 0.258990 1.589259
vt 0.055782 1.765639
vt 0.221888 1.558244
vt 0.028148 1.721737
vt 0.115975 1.529634
vt 0.014648 1.609080
vt 0.147374 1.796042
vt 0.283623 1.677775
vt 0.282448 1.677797
vt 0.152156 1.797820
vt 0.227294 1.693348
vt 0.172528 1.742689
vt 0.189882 1.685099
vt 0.167688 1.702418
vt 0.044994 1.593959
vt 0.101728 1.545912
vt 0.106273 1.538578
vt 0.026012 1.597084
vt 0.093810 1.556703
vt 0.055557 1.584534
vt 0.176658 1.537223
vn -0.198841 0.960142 -0.196443
vn -0.345673 0.895918 -0.279002
vn -0.415408 0.902257 -0.115622
vn -0.302364 0.952346 -0.040177
vn -0.328092 0.913956 -0.238829
vn -0.419857 0.898979 -0.124728
vn -0.276003 0.948402 -0.156064
vn -0.337213 0.939280 -0.063569
vn -0.257582 0.960893 -0.101671
vn -0.305839 0.951056 -0.044221
vn -0.537294 0.843293 0.013128
vn -0.408059 0.902009 0.140950
vn -0.490026 0.871572 0.015369
vn -0.401322 0.915375 0.032073
vn -0.358717 0.933197 0.021583
vn 0.198841 -0.960142 0.196443
vn 0.302364 -0.952346 0.040177
vn 0.415408 -0.902257 0.115622
vn 0.345673 -0.895918 0.279002
vn 0.419856 -0.898979 0.124728
vn 0.328092 -0.913956 0.238830
vn 0.337213 -0.939280 0.063569
vn 0.276003 -0.948402 0.156064
vn 0.305839 -0.951056 0.044221
vn 0.257582 -0.960893 0.101671
vn 0.408059 -0.902009 -0.140950
vn 0.537294 -0.843293 -0.013128
vn 0.490026 -0.871572 -0.015369
vn 0.401322 -0.915375 -0.032073
vn 0.358717 -0.933197 -0.021583
vn -0.902017 -0.288976 0.320715
vn -0.845227 -0.263015 0.465205
vn -0.826210 -0.254849 0.502424
vn -0.902017 -0.288976 0.320714
vn -0.768687 -0.286134 -0.572056
vn -0.768687 -0.286134 -0.572055
vn -0.768687 -0.286134 -0.572055
vn -0.768687 -0.286134 -0.572056
vn -0.625685 -0.175089 0.760172
vn -0.607188 -0.168079 0.776577
vn -0.380658 -0.084905 0.920810
vn -0.388750 -0.087805 0.917150
vn 0.071425 0.071005 0.994915
vn 0.047301 0.062966 0.996894
vn 0.244074 0.127627 0.961322
vn 0.244074 0.127627 0.961322
vn 0.139860 0.000449 -0.990171
vn -0.009011 -0.050143 -0.998702
vn -0.009011 -0.050143 -0.998702
vn 0.179541 0.014134 -0.983649
vn -0.768687 -0.286134 -0.572056
vn -0.768687 -0.286134 -0.572056
vn 0.478945 0.120456 -0.869541
vn 0.497604 0.127291 -0.858014
vn 0.703063 0.204915 -0.680964
vn 0.697682 0.202811 -0.687101
vn 0.945953 0.315343 -0.075704
vn 0.918518 0.297378 -0.260560
vn 0.913680 0.294843 -0.279745
vn 0.945953 0.315343 -0.075704
s 1
g Outsidestuff Glass_Leafs Leaf4
usemtl lambert14SG
f 3706/4523/4455 3707/4524/4456 3708/4511/4457 3709/4551/4458
f 3707/4524/4456 3710/4526/4459 3711/4512/4460 3708/4511/4457
f 3710/4526/4459 3712/4527/4461 3713/4513/4462 3711/4512/4460
f 3712/4527/4461 3714/4528/4463 3715/4543/4464 3713/4513/4462
f 3709/4525/4458 3708/4511/4457 3716/4530/4465 3717/4531/4466
f 3708/4511/4457 3711/4512/4460 3718/4532/4467 3716/4530/4465
f 3711/4512/4460 3713/4513/4462 3719/4533/4468 3718/4532/4467
f 3713/4513/4462 3715/4529/4464 3720/4534/4469 3719/4533/4468
s 2
f 3691/4555/4470 3696/4552/4471 3697/4520/4472 3692/4506/4473
f 3692/4506/4473 3697/4520/4472 3698/4521/4474 3693/4507/4475
f 3693/4507/4475 3698/4521/4474 3699/4522/4476 3694/4549/4477
f 3694/4549/4477 3699/4522/4476 3700/4545/4478 3695/4547/4479
f 3696/4553/4471 3701/4541/4480 3702/4557/4481 3697/4520/4472
f 3697/4520/4472 3702/4557/4481 3703/4539/4482 3698/4521/4474
f 3698/4521/4474 3703/4539/4482 3704/4537/4483 3699/4522/4476
f 3699/4522/4476 3704/4537/4483 3705/4535/4484 3700/4544/4478
s 3
f 3691/4505/4485 3692/4506/4486 3707/4524/4487 3706/4523/4488
s 4
f 3696/4510/4489 3691/4556/4490 3706/4523/4491 3709/4551/4492
s 3
f 3692/4506/4486 3693/4507/4493 3710/4526/4494 3707/4524/4487
f 3693/4507/4493 3694/4550/4495 3712/4527/4496 3710/4526/4494
f 3694/4508/4495 3695/4548/4497 3714/4528/4498 3712/4527/4496
f 3695/4509/4497 3700/4546/4499 3715/4543/4500 3714/4528/4498
s 5
f 3702/4516/4501 3701/4542/4502 3717/4531/4503 3716/4530/4504
s 4
f 3701/4515/4505 3696/4554/4489 3709/4525/4492 3717/4531/4506
s 5
f 3703/4517/4507 3702/4516/4501 3716/4530/4504 3718/4532/4508
f 3704/4518/4509 3703/4540/4507 3718/4532/4508 3719/4533/4510
f 3700/4514/4511 3705/4536/4512 3720/4534/4513 3715/4529/4514
f 3705/4519/4512 3704/4538/4509 3719/4533/4510 3720/4534/4513
g default
v -3.123053 -0.015441 8.177742
v -3.123053 0.597459 8.177742
v -4.075075 0.437457 7.871709
v -4.029904 0.550595 7.886230
v -3.920851 0.597459 7.921286
v -4.123049 0.437457 8.180879
v -4.075602 0.550595 8.180730
v -3.961054 0.597459 8.180370
v -4.073136 0.437457 8.489740
v -4.028057 0.550595 8.474936
v -3.919227 0.597459 8.439198
v -3.930223 0.437457 8.768063
v -3.891925 0.550595 8.740053
v -3.799465 0.597459 8.672434
v -3.708299 0.437556 8.988600
v -3.680575 0.550624 8.950188
v -3.613642 0.597459 8.857452
v -3.429086 0.349928 9.129764
v -3.415192 0.465593 9.086542
v -3.380779 0.520852 8.979488
v -3.119917 0.353359 9.177737
v -3.120056 0.466489 9.133333
v -3.120401 0.520537 9.023349
v -2.811055 0.353359 9.127826
v -2.824909 0.466489 9.085638
v -2.859224 0.520537 8.981143
v -2.532733 0.353359 8.984912
v -2.558946 0.466489 8.949071
v -2.623872 0.520537 8.860294
v -2.312196 0.353359 8.762987
v -2.348202 0.466489 8.737000
v -2.437384 0.520537 8.672632
v -2.171032 0.353359 8.483775
v -2.213305 0.466489 8.470185
v -2.318013 0.520537 8.436526
v -2.123058 0.349928 8.174606
v -2.168457 0.465593 8.174747
v -2.280905 0.520852 8.175100
v -2.172970 0.437556 7.865744
v -2.217978 0.550624 7.880524
v -2.326635 0.597459 7.916206
v -2.315884 0.435921 7.587423
v -2.354538 0.550146 7.615692
v -2.447856 0.597459 7.683940
v -2.537808 0.483696 7.366886
v -2.566475 0.596473 7.406604
v -2.634661 0.639101 7.501076
v -2.817020 0.483162 7.225721
v -2.832060 0.596307 7.272507
v -2.867832 0.639074 7.383788
v -3.126189 0.483162 7.177747
v -3.126035 0.596307 7.226890
v -3.125669 0.639074 7.343779
v -3.435051 0.483162 7.227659
v -3.419718 0.596307 7.274350
v -3.383249 0.639074 7.385404
v -3.713373 0.483696 7.370573
v -3.684456 0.596473 7.410110
v -3.615680 0.639101 7.504153
v -3.933909 0.435921 7.592497
v -3.895079 0.550146 7.620523
v -3.801334 0.597459 7.688185
v -4.004646 -0.015441 7.894349
v -4.054447 0.005959 7.878340
v -4.075075 0.057625 7.871709
v -4.049072 -0.015441 8.180647
v -4.101382 0.005959 8.180811
v -4.123049 0.057625 8.180879
v -4.002851 -0.015441 8.466660
v -4.052550 0.005959 8.482980
v -4.073136 0.057625 8.489740
v -3.870511 -0.015441 8.724393
v -3.912734 0.005959 8.755272
v -3.930223 0.057625 8.768063
v -3.665004 -0.015441 8.928615
v -3.695618 0.005959 8.971030
v -3.708299 0.057625 8.988600
v -3.406446 -0.015441 9.059336
v -3.422455 0.005959 9.109136
v -3.429086 0.057625 9.129764
v -3.120149 -0.015441 9.103761
v -3.119985 0.005959 9.156070
v -3.119917 0.057625 9.177737
v -2.834136 -0.015441 9.057541
v -2.817816 0.005959 9.107240
v -2.811055 0.057625 9.127826
v -2.576404 -0.015441 8.925200
v -2.545524 0.005959 8.967422
v -2.532733 0.057625 8.984912
v -2.372182 -0.015441 8.719692
v -2.329766 0.005959 8.750307
v -2.312196 0.057625 8.762987
v -2.241460 -0.015441 8.461136
v -2.191660 0.005959 8.477144
v -2.171032 0.057625 8.483775
v -2.197035 -0.015441 8.174837
v -2.144725 0.005959 8.174673
v -2.123058 0.057625 8.174606
v -2.243255 -0.015441 7.888824
v -2.193556 0.005959 7.872504
v -2.172970 0.057625 7.865744
v -2.375596 -0.015441 7.631093
v -2.333373 0.005959 7.600214
v -2.315884 0.057625 7.587423
v -2.581103 -0.015441 7.426871
v -2.550489 0.005959 7.384455
v -2.537808 0.057625 7.366886
v -2.839660 -0.015441 7.296149
v -2.823651 0.005959 7.246349
v -2.817020 0.057625 7.225721
v -3.125957 -0.015441 7.251724
v -3.126122 0.005959 7.199415
v -3.126189 0.057625 7.177747
v -3.411971 -0.015441 7.297944
v -3.428290 0.005959 7.248245
v -3.435051 0.057625 7.227659
v -3.669703 -0.015441 7.430285
v -3.700582 0.005959 7.388062
v -3.713373 0.057625 7.370573
v -3.873925 -0.015441 7.635792
v -3.916340 0.005959 7.605178
v -3.933909 0.057625 7.592497
vt 0.927657 1.327979
vt 0.927255 1.335418
vt 0.926753 1.342816
vt 0.926124 1.350125
vt 0.923231 1.208718
vt 0.924808 1.215662
vt 0.925684 1.222941
vt 0.926363 1.230342
vt 0.926940 1.237804
vt 0.927406 1.245305
vt 0.927861 1.252793
vt 0.926915 1.260577
vt 0.927258 1.268060
vt 0.926923 1.275642
vt 0.927286 1.283098
vt 0.927341 1.290554
vt 0.927341 1.298022
vt 0.927344 1.305506
vt 0.928026 1.313062
vt 0.927953 1.320523
vt 0.905906 1.311059
vt 0.934396 1.320737
vt 0.931189 1.320614
vt 0.930873 1.328142
vt 0.930462 1.335654
vt 0.929949 1.343156
vt 0.929325 1.350603
vt 0.926449 1.207274
vt 0.927930 1.214945
vt 0.928823 1.222471
vt 0.929530 1.229986
vt 0.930142 1.237512
vt 0.930716 1.245054
vt 0.931242 1.252657
vt 0.930096 1.260440
vt 0.930549 1.267940
vt 0.930101 1.275533
vt 0.930412 1.282994
vt 0.930567 1.290490
vt 0.930571 1.297992
vt 0.930549 1.305473
vt 0.931337 1.313048
vt 0.947370 1.321230
vt 0.947000 1.328975
vt 0.946523 1.336724
vt 0.945947 1.344473
vt 0.945379 1.352213
vt 0.945335 1.359869
vt 0.941714 1.213167
vt 0.942531 1.220859
vt 0.943349 1.228551
vt 0.944088 1.236226
vt 0.944771 1.243884
vt 0.945452 1.251530
vt 0.946161 1.259193
vt 0.946787 1.266900
vt 0.947320 1.274637
vt 0.947684 1.282410
vt 0.947900 1.290192
vt 0.947962 1.297970
vt 0.947877 1.305739
vt 0.971714 1.318102
vt 0.947658 1.313488
vt 0.944065 1.328840
vt 0.943600 1.336562
vt 0.934090 1.328322
vt 0.943033 1.344316
vt 0.933668 1.335902
vt 0.942421 1.352205
vt 0.933146 1.343506
vt 0.938159 1.205339
vt 0.932480 1.351190
vt 0.938763 1.213332
vt 0.933621 1.359612
vt 0.939623 1.221144
vt 0.931052 1.214318
vt 0.940429 1.228848
vt 0.931960 1.222049
vt 0.941146 1.236506
vt 0.932700 1.229652
vt 0.941806 1.244142
vt 0.933343 1.237225
vt 0.942473 1.251761
vt 0.933941 1.244797
vt 0.943217 1.259389
vt 0.934631 1.252370
vt 0.943841 1.267076
vt 0.933240 1.260147
vt 0.944400 1.274765
vt 0.933868 1.267704
vt 0.944754 1.282508
vt 0.933253 1.275329
vt 0.944970 1.290249
vt 0.933644 1.282879
vt 0.945026 1.297984
vt 0.933802 1.290440
vt 0.944940 1.305716
vt 0.933842 1.297996
vt 0.944700 1.313420
vt 0.933726 1.305552
vt 0.944422 1.321126
vt 0.934673 1.313152
vt 0.945898 1.321181
vt 0.945534 1.328911
vt 0.945063 1.336648
vt 0.944490 1.344401
vt 0.943899 1.352219
vt 0.939749 1.205346
vt 0.940235 1.213246
vt 0.941077 1.221003
vt 0.941890 1.228702
vt 0.942619 1.236369
vt 0.943291 1.244015
vt 0.943965 1.251647
vt 0.944691 1.259292
vt 0.945316 1.266989
vt 0.945861 1.274703
vt 0.946221 1.282461
vt 0.946437 1.290224
vt 0.946496 1.297980
vt 0.946410 1.305731
vt 0.946181 1.313457
vt 0.942146 1.360186
vt 0.929878 1.206264
vt 0.971376 1.326077
vt 0.970941 1.334077
vt 0.970405 1.342010
vt 0.969843 1.349572
vt 0.969566 1.355678
vt 0.965723 1.208538
vt 0.966236 1.214840
vt 0.967038 1.222365
vt 0.967830 1.230194
vt 0.968557 1.238039
vt 0.969247 1.245787
vt 0.969947 1.253507
vt 0.970632 1.261443
vt 0.971228 1.269443
vt 0.971695 1.277584
vt 0.971997 1.285724
vt 0.972141 1.293879
vt 0.972130 1.302027
vt 0.971973 1.310130
vt 0.941335 1.205505
vt 0.943753 1.360100
vt 0.905504 1.301578
vt 0.905509 1.294219
vt 0.905482 1.287018
vt 0.905307 1.280730
vt 0.905245 1.271263
vt 0.905245 1.265871
vt 0.905459 1.254920
vt 0.905554 1.250950
vt 0.905018 1.243001
vt 0.904520 1.235846
vt 0.903928 1.228822
vt 0.903241 1.222257
vt 0.902424 1.217128
vt 0.904280 1.353733
vt 0.904656 1.344072
vt 0.905173 1.337258
vt 0.905594 1.330245
vt 0.905921 1.323186
vt 0.906104 1.316280
vt 0.926444 1.357603
vt 0.930019 1.358665
vn -0.101702 0.994265 -0.033061
vn -0.106473 0.994316 0.000334
vn 0.031291 0.997393 0.065017
vn -0.101158 0.994316 0.033219
vn -0.085924 0.994321 0.062786
vn 0.056567 0.984565 0.165626
vn 0.074791 0.971386 0.225422
vn -0.000113 0.981960 0.189090
vn 0.058686 0.982150 0.178708
vn 0.111038 0.982150 0.151827
vn 0.152520 0.982150 0.110083
vn 0.180233 0.981960 0.057196
vn 0.192157 0.971386 0.139587
vn 0.141079 0.984543 0.103785
vn 0.134287 0.990942 -0.000628
vn 0.098374 0.995149 -0.001306
vn 0.018509 0.998145 -0.058008
vn -0.000191 0.998134 -0.061060
vn -0.018873 0.998144 -0.057892
vn -0.098380 0.995149 -0.000689
vn -0.134367 0.990932 0.000230
vn -0.947996 0.091703 -0.304784
vn -0.877545 0.386774 -0.283411
vn -0.760777 0.387831 -0.520391
vn -0.806781 0.083434 -0.584931
vn -0.360029 0.925586 -0.116921
vn -0.348821 0.922699 -0.164164
vn -0.378650 0.925539 0.001188
vn -0.995823 0.091252 0.003124
vn -0.922182 0.386746 0.002893
vn -0.359752 0.925539 0.118139
vn -0.946119 0.091252 0.310696
vn -0.876154 0.386745 0.287720
vn -0.305796 0.925500 0.223472
vn -0.803813 0.091200 0.587850
vn -0.744461 0.386658 0.544310
vn -0.106987 0.917160 0.383891
vn -0.581317 0.106898 0.806624
vn -0.511519 0.384009 0.768691
vn -0.017318 0.889960 0.455709
vn -0.308532 0.087798 0.947154
vn -0.244573 0.367562 0.897264
vn -0.001116 0.897624 0.440760
vn 0.002900 0.104592 0.994511
vn 0.000154 0.365481 0.930819
vn 0.137602 0.897489 0.419023
vn 0.310324 0.103432 0.944987
vn 0.290427 0.365370 0.884397
vn 0.260353 0.897489 0.355993
vn 0.587155 0.103431 0.802840
vn 0.549507 0.365368 0.751364
vn 0.357619 0.897488 0.258116
vn 0.806508 0.103432 0.582106
vn 0.754796 0.365370 0.544783
vn 0.420372 0.897624 0.132507
vn 0.946865 0.104592 0.304149
vn 0.887002 0.365480 0.282228
vn 0.439528 0.889960 0.121595
vn 0.996114 0.087797 -0.006995
vn 0.929189 0.367560 0.038835
vn 0.397822 0.917368 0.013168
vn 0.944792 0.107410 -0.309566
vn 0.887137 0.384063 -0.255898
vn 0.347797 0.922666 -0.166507
vn 0.803094 0.083386 -0.589989
vn 0.757464 0.387750 -0.525260
vn 0.260946 0.936862 -0.232804
vn 0.581899 0.094249 -0.807781
vn 0.554171 0.397093 -0.731582
vn 0.104783 0.939095 -0.327293
vn 0.304889 0.086133 -0.948485
vn 0.280277 0.398366 -0.873355
vn -0.001077 0.939114 -0.343603
vn -0.003123 0.086283 -0.996266
vn -0.002876 0.398386 -0.917213
vn -0.106834 0.939095 -0.326630
vn -0.310832 0.086134 -0.946554
vn -0.285750 0.398366 -0.871580
vn -0.262401 0.936861 -0.231163
vn -0.586956 0.094249 -0.804114
vn -0.558749 0.397093 -0.728091
vn -0.050497 -0.998724 0.000158
vn -0.048074 -0.998724 -0.015454
vn 0.000000 -1.000000 -0.000000
vn -0.047976 -0.998724 0.015755
vn -0.040760 -0.998724 0.029809
vn -0.029553 -0.998724 0.040946
vn -0.015454 -0.998724 0.048074
vn 0.000158 -0.998724 0.050497
vn 0.015755 -0.998724 0.047976
vn 0.029809 -0.998724 0.040759
vn 0.040946 -0.998724 0.029553
vn 0.048074 -0.998724 0.015454
vn 0.050497 -0.998724 -0.000158
vn 0.047976 -0.998724 -0.015755
vn 0.040760 -0.998724 -0.029809
vn 0.029553 -0.998724 -0.040946
vn 0.015454 -0.998724 -0.048074
vn -0.000158 -0.998724 -0.050497
vn -0.015755 -0.998724 -0.047976
vn -0.029809 -0.998724 -0.040760
vn -0.040946 -0.998724 -0.029553
vn -0.950965 -0.048026 -0.305546
vn -0.998843 -0.047983 0.003133
vn -0.948989 -0.047983 0.311638
vn -0.806235 -0.047980 0.589646
vn -0.591368 -0.050548 0.804816
vn -0.314230 -0.056488 0.947665
vn 0.003523 -0.059794 0.998205
vn 0.311442 -0.059646 0.948391
vn 0.589270 -0.059646 0.805732
vn 0.809413 -0.059645 0.584203
vn 0.950197 -0.059794 0.305861
vn 0.998328 -0.056488 -0.012270
vn 0.946224 -0.050595 -0.319531
vn 0.803828 -0.046805 -0.593018
vn 0.581390 -0.044450 -0.812410
vn 0.305788 -0.043360 -0.951112
vn -0.003132 -0.043372 -0.999054
vn -0.311747 -0.043360 -0.949175
vn -0.586475 -0.044450 -0.808747
vn -0.807526 -0.046807 -0.587972
vn -0.360482 -0.925540 -0.115880
vn -0.307031 -0.925540 -0.221604
vn -0.877940 -0.386746 -0.282220
vn -0.747760 -0.386744 -0.539707
vn -0.922183 -0.386743 0.002893
vn -0.378647 -0.925541 0.001187
vn -0.876154 -0.386744 0.287720
vn -0.359748 -0.925541 0.118138
vn -0.744361 -0.386745 0.544385
vn -0.305636 -0.925540 0.223524
vn -0.539705 -0.386745 0.747762
vn -0.221604 -0.925539 0.307032
vn -0.282219 -0.386745 0.877941
vn -0.115880 -0.925539 0.360485
vn 0.002892 -0.386745 0.922182
vn 0.001188 -0.925539 0.378651
vn 0.287719 -0.386746 0.876154
vn 0.118139 -0.925539 0.359750
vn 0.544386 -0.386744 0.744361
vn 0.223523 -0.925541 0.305634
vn 0.747762 -0.386741 0.539707
vn 0.307029 -0.925541 0.221603
vn 0.877942 -0.386744 0.282220
vn 0.360483 -0.925540 0.115879
vn 0.922183 -0.386744 -0.002894
vn 0.378649 -0.925540 -0.001187
vn 0.876155 -0.386741 -0.287722
vn 0.359749 -0.925540 -0.118138
vn 0.744362 -0.386742 -0.544386
vn 0.305636 -0.925539 -0.223525
vn 0.539706 -0.386745 -0.747761
vn 0.221604 -0.925539 -0.307033
vn 0.282220 -0.386747 -0.877940
vn 0.115880 -0.925539 -0.360485
vn -0.002892 -0.386747 -0.922181
vn -0.001187 -0.925539 -0.378651
vn -0.287720 -0.386744 -0.876154
vn -0.118138 -0.925539 -0.359751
vn -0.544386 -0.386742 -0.744362
vn -0.223526 -0.925539 -0.305637
s 1
g Outsidestuff rock2
usemtl lambert14SG
f 3725/4577/4515 3728/4558/4516 3722/4720/4517
f 3728/4558/4516 3731/4559/4518 3722/4719/4517
f 3731/4559/4518 3734/4560/4519 3722/4718/4517
f 3734/4560/4519 3737/4561/4520 3722/4717/4517
f 3737/4561/4520 3740/4722/4521 3722/4716/4517
f 3740/4562/4521 3743/4563/4522 3722/4715/4517
f 3743/4563/4522 3746/4564/4523 3722/4714/4517
f 3746/4564/4523 3749/4565/4524 3722/4713/4517
f 3749/4565/4524 3752/4566/4525 3722/4712/4517
f 3752/4566/4525 3755/4567/4526 3722/4711/4517
f 3755/4567/4526 3758/4568/4527 3722/4710/4517
f 3758/4568/4527 3761/4569/4528 3722/4709/4517
f 3761/4569/4528 3764/4570/4529 3722/4708/4517
f 3764/4570/4529 3767/4571/4530 3722/4707/4517
f 3767/4571/4530 3770/4572/4531 3722/4706/4517
f 3770/4572/4531 3773/4573/4532 3722/4705/4517
f 3773/4573/4532 3776/4574/4533 3722/4704/4517
f 3776/4574/4533 3779/4575/4534 3722/4703/4517
f 3779/4575/4534 3782/4576/4535 3722/4578/4517
f 3782/4576/4535 3725/4577/4515 3722/4721/4517
s 2
f 3723/4579/4536 3724/4580/4537 3781/4599/4538 3780/4659/4539
s 1
f 3724/4580/4540 3725/4577/4515 3782/4576/4535 3781/4599/4541
f 3725/4577/4515 3724/4580/4540 3727/4581/4542 3728/4558/4516
s 2
f 3724/4580/4537 3723/4579/4536 3726/4623/4543 3727/4581/4544
s 1
f 3728/4558/4516 3727/4581/4542 3730/4582/4545 3731/4559/4518
s 2
f 3727/4581/4544 3726/4623/4543 3729/4625/4546 3730/4582/4547
s 1
f 3731/4559/4518 3730/4582/4545 3733/4583/4548 3734/4560/4519
s 2
f 3730/4582/4547 3729/4625/4546 3732/4627/4549 3733/4583/4550
s 1
f 3734/4560/4519 3733/4583/4548 3736/4584/4551 3737/4561/4520
s 2
f 3733/4583/4550 3732/4627/4549 3735/4629/4552 3736/4584/4553
s 1
f 3737/4561/4520 3736/4584/4551 3739/4723/4554 3740/4722/4521
s 2
f 3736/4584/4553 3735/4629/4552 3738/4631/4555 3739/4723/4556
s 1
f 3740/4562/4521 3739/4585/4554 3742/4586/4557 3743/4563/4522
s 2
f 3739/4585/4556 3738/4681/4555 3741/4633/4558 3742/4586/4559
s 1
f 3743/4563/4522 3742/4586/4557 3745/4587/4560 3746/4564/4523
s 2
f 3742/4586/4559 3741/4633/4558 3744/4635/4561 3745/4587/4562
s 1
f 3746/4564/4523 3745/4587/4560 3748/4588/4563 3749/4565/4524
s 2
f 3745/4587/4562 3744/4635/4561 3747/4637/4564 3748/4588/4565
s 1
f 3749/4565/4524 3748/4588/4563 3751/4589/4566 3752/4566/4525
s 2
f 3748/4588/4565 3747/4637/4564 3750/4639/4567 3751/4589/4568
s 1
f 3752/4566/4525 3751/4589/4566 3754/4590/4569 3755/4567/4526
s 2
f 3751/4589/4568 3750/4639/4567 3753/4641/4570 3754/4590/4571
s 1
f 3755/4567/4526 3754/4590/4569 3757/4591/4572 3758/4568/4527
s 2
f 3754/4590/4571 3753/4641/4570 3756/4643/4573 3757/4591/4574
s 1
f 3758/4568/4527 3757/4591/4572 3760/4592/4575 3761/4569/4528
s 2
f 3757/4591/4574 3756/4643/4573 3759/4645/4576 3760/4592/4577
s 1
f 3761/4569/4528 3760/4592/4575 3763/4593/4578 3764/4570/4529
s 2
f 3760/4592/4577 3759/4645/4576 3762/4647/4579 3763/4593/4580
s 1
f 3764/4570/4529 3763/4593/4578 3766/4594/4581 3767/4571/4530
s 2
f 3763/4593/4580 3762/4647/4579 3765/4649/4582 3766/4594/4583
s 1
f 3767/4571/4530 3766/4594/4581 3769/4595/4584 3770/4572/4531
s 2
f 3766/4594/4583 3765/4649/4582 3768/4651/4585 3769/4595/4586
s 1
f 3770/4572/4531 3769/4595/4584 3772/4596/4587 3773/4573/4532
s 2
f 3769/4595/4586 3768/4651/4585 3771/4653/4588 3772/4596/4589
s 1
f 3773/4573/4532 3772/4596/4587 3775/4597/4590 3776/4574/4533
s 2
f 3772/4596/4589 3771/4653/4588 3774/4655/4591 3775/4597/4592
s 1
f 3776/4574/4533 3775/4597/4590 3778/4598/4593 3779/4575/4534
s 2
f 3775/4597/4592 3774/4655/4591 3777/4657/4594 3778/4598/4595
s 1
f 3779/4575/4534 3778/4598/4593 3781/4599/4541 3782/4576/4535
s 2
f 3778/4598/4595 3777/4657/4594 3780/4659/4539 3781/4599/4538
s 3
f 3786/4601/4596 3783/4600/4597 3721/4682/4598
f 3789/4602/4599 3786/4601/4596 3721/4683/4598
f 3792/4603/4600 3789/4602/4599 3721/4684/4598
f 3795/4604/4601 3792/4603/4600 3721/4685/4598
f 3798/4605/4602 3795/4604/4601 3721/4686/4598
f 3801/4606/4603 3798/4701/4602 3721/4687/4598
f 3804/4607/4604 3801/4606/4603 3721/4688/4598
f 3807/4608/4605 3804/4607/4604 3721/4689/4598
f 3810/4609/4606 3807/4608/4605 3721/4690/4598
f 3813/4610/4607 3810/4609/4606 3721/4691/4598
f 3816/4611/4608 3813/4610/4607 3721/4692/4598
f 3819/4612/4609 3816/4611/4608 3721/4693/4598
f 3822/4613/4610 3819/4612/4609 3721/4694/4598
f 3825/4614/4611 3822/4613/4610 3721/4695/4598
f 3828/4615/4612 3825/4614/4611 3721/4696/4598
f 3831/4616/4613 3828/4615/4612 3721/4697/4598
f 3834/4617/4614 3831/4616/4613 3721/4698/4598
f 3837/4618/4615 3834/4617/4614 3721/4699/4598
f 3840/4620/4616 3837/4618/4615 3721/4700/4598
f 3783/4600/4597 3840/4620/4616 3721/4619/4598
s 2
f 3785/4658/4617 3788/4621/4618 3726/4623/4543 3723/4579/4536
f 3788/4621/4618 3791/4622/4619 3729/4625/4546 3726/4623/4543
f 3791/4622/4619 3794/4624/4620 3732/4627/4549 3729/4625/4546
f 3794/4624/4620 3797/4626/4621 3735/4629/4552 3732/4627/4549
f 3797/4626/4621 3800/4680/4622 3738/4631/4555 3735/4629/4552
f 3800/4628/4622 3803/4630/4623 3741/4633/4558 3738/4681/4555
f 3803/4630/4623 3806/4632/4624 3744/4635/4561 3741/4633/4558
f 3806/4632/4624 3809/4634/4625 3747/4637/4564 3744/4635/4561
f 3809/4634/4625 3812/4636/4626 3750/4639/4567 3747/4637/4564
f 3812/4636/4626 3815/4638/4627 3753/4641/4570 3750/4639/4567
f 3815/4638/4627 3818/4640/4628 3756/4643/4573 3753/4641/4570
f 3818/4640/4628 3821/4642/4629 3759/4645/4576 3756/4643/4573
f 3821/4642/4629 3824/4644/4630 3762/4647/4579 3759/4645/4576
f 3824/4644/4630 3827/4646/4631 3765/4649/4582 3762/4647/4579
f 3827/4646/4631 3830/4648/4632 3768/4651/4585 3765/4649/4582
f 3830/4648/4632 3833/4650/4633 3771/4653/4588 3768/4651/4585
f 3833/4650/4633 3836/4652/4634 3774/4655/4591 3771/4653/4588
f 3836/4652/4634 3839/4654/4635 3777/4657/4594 3774/4655/4591
f 3839/4654/4635 3842/4656/4636 3780/4659/4539 3777/4657/4594
f 3842/4656/4636 3785/4658/4617 3723/4579/4536 3780/4659/4539
s 3
f 3783/4600/4597 3784/4660/4637 3841/4679/4638 3840/4620/4616
s 2
f 3784/4660/4639 3785/4658/4617 3842/4656/4636 3841/4679/4640
f 3785/4658/4617 3784/4660/4639 3787/4661/4641 3788/4621/4618
s 3
f 3784/4660/4637 3783/4600/4597 3786/4601/4596 3787/4661/4642
s 2
f 3788/4621/4618 3787/4661/4641 3790/4662/4643 3791/4622/4619
s 3
f 3787/4661/4642 3786/4601/4596 3789/4602/4599 3790/4662/4644
s 2
f 3791/4622/4619 3790/4662/4643 3793/4663/4645 3794/4624/4620
s 3
f 3790/4662/4644 3789/4602/4599 3792/4603/4600 3793/4663/4646
s 2
f 3794/4624/4620 3793/4663/4645 3796/4664/4647 3797/4626/4621
s 3
f 3793/4663/4646 3792/4603/4600 3795/4604/4601 3796/4664/4648
s 2
f 3797/4626/4621 3796/4664/4647 3799/4702/4649 3800/4680/4622
s 3
f 3796/4664/4648 3795/4604/4601 3798/4605/4602 3799/4702/4650
s 2
f 3800/4628/4622 3799/4665/4649 3802/4666/4651 3803/4630/4623
s 3
f 3799/4665/4650 3798/4701/4602 3801/4606/4603 3802/4666/4652
s 2
f 3803/4630/4623 3802/4666/4651 3805/4667/4653 3806/4632/4624
s 3
f 3802/4666/4652 3801/4606/4603 3804/4607/4604 3805/4667/4654
s 2
f 3806/4632/4624 3805/4667/4653 3808/4668/4655 3809/4634/4625
s 3
f 3805/4667/4654 3804/4607/4604 3807/4608/4605 3808/4668/4656
s 2
f 3809/4634/4625 3808/4668/4655 3811/4669/4657 3812/4636/4626
s 3
f 3808/4668/4656 3807/4608/4605 3810/4609/4606 3811/4669/4658
s 2
f 3812/4636/4626 3811/4669/4657 3814/4670/4659 3815/4638/4627
s 3
f 3811/4669/4658 3810/4609/4606 3813/4610/4607 3814/4670/4660
s 2
f 3815/4638/4627 3814/4670/4659 3817/4671/4661 3818/4640/4628
s 3
f 3814/4670/4660 3813/4610/4607 3816/4611/4608 3817/4671/4662
s 2
f 3818/4640/4628 3817/4671/4661 3820/4672/4663 3821/4642/4629
s 3
f 3817/4671/4662 3816/4611/4608 3819/4612/4609 3820/4672/4664
s 2
f 3821/4642/4629 3820/4672/4663 3823/4673/4665 3824/4644/4630
s 3
f 3820/4672/4664 3819/4612/4609 3822/4613/4610 3823/4673/4666
s 2
f 3824/4644/4630 3823/4673/4665 3826/4674/4667 3827/4646/4631
s 3
f 3823/4673/4666 3822/4613/4610 3825/4614/4611 3826/4674/4668
s 2
f 3827/4646/4631 3826/4674/4667 3829/4675/4669 3830/4648/4632
s 3
f 3826/4674/4668 3825/4614/4611 3828/4615/4612 3829/4675/4670
s 2
f 3830/4648/4632 3829/4675/4669 3832/4676/4671 3833/4650/4633
s 3
f 3829/4675/4670 3828/4615/4612 3831/4616/4613 3832/4676/4672
s 2
f 3833/4650/4633 3832/4676/4671 3835/4677/4673 3836/4652/4634
s 3
f 3832/4676/4672 3831/4616/4613 3834/4617/4614 3835/4677/4674
s 2
f 3836/4652/4634 3835/4677/4673 3838/4678/4675 3839/4654/4635
s 3
f 3835/4677/4674 3834/4617/4614 3837/4618/4615 3838/4678/4676
s 2
f 3839/4654/4635 3838/4678/4675 3841/4679/4640 3842/4656/4636
s 3
f 3838/4678/4676 3837/4618/4615 3840/4620/4616 3841/4679/4638
g default
v 0.965956 -0.018862 8.750575
v 0.965956 0.415724 8.750575
v 0.290910 0.302273 8.533578
v 0.322939 0.382495 8.543874
v 0.400265 0.415724 8.568730
v 0.256893 0.302273 8.752799
v 0.290537 0.382495 8.752693
v 0.371758 0.415724 8.752439
v 0.292285 0.302273 8.971803
v 0.324249 0.382495 8.961306
v 0.401417 0.415724 8.935965
v 0.393619 0.302273 9.169151
v 0.420775 0.382495 9.149291
v 0.486335 0.415724 9.101344
v 0.550978 0.302342 9.325526
v 0.570637 0.382515 9.298290
v 0.618096 0.415724 9.232535
v 0.748959 0.240209 9.425622
v 0.758811 0.322223 9.394975
v 0.783212 0.361405 9.319066
v 0.968180 0.242642 9.459638
v 0.968081 0.322858 9.428153
v 0.967837 0.361182 9.350166
v 1.187184 0.242642 9.424248
v 1.177360 0.322858 9.394333
v 1.153029 0.361182 9.320239
v 1.384532 0.242642 9.322912
v 1.365945 0.322858 9.297498
v 1.319908 0.361182 9.234550
v 1.540907 0.242642 9.165553
v 1.515377 0.322858 9.147126
v 1.452141 0.361182 9.101485
v 1.641002 0.242642 8.967573
v 1.611027 0.322858 8.957937
v 1.536783 0.361182 8.934071
v 1.675019 0.240209 8.748351
v 1.642828 0.322222 8.748452
v 1.563095 0.361405 8.748702
v 1.639628 0.302342 8.529348
v 1.607715 0.382515 8.539827
v 1.530669 0.415724 8.565128
v 1.538293 0.301183 8.332000
v 1.510885 0.382176 8.352045
v 1.444715 0.415724 8.400437
v 1.380934 0.335059 8.175625
v 1.360607 0.415025 8.203788
v 1.312258 0.445251 8.270775
v 1.182954 0.334680 8.075529
v 1.172290 0.414907 8.108704
v 1.146925 0.445232 8.187609
v 0.963733 0.334680 8.041512
v 0.963842 0.414907 8.076359
v 0.964102 0.445232 8.159241
v 0.744729 0.334680 8.076904
v 0.755601 0.414907 8.110010
v 0.781460 0.445232 8.188755
v 0.547381 0.335059 8.178239
v 0.567884 0.415025 8.206274
v 0.616652 0.445251 8.272956
v 0.391005 0.301183 8.335598
v 0.418539 0.382176 8.355471
v 0.485010 0.415724 8.403447
v 0.340848 -0.018862 8.549630
v 0.305537 -0.003688 8.538280
v 0.290910 0.032947 8.533578
v 0.309348 -0.018862 8.752635
v 0.272257 -0.003688 8.752751
v 0.256893 0.032947 8.752799
v 0.342121 -0.018862 8.955437
v 0.306881 -0.003688 8.967010
v 0.292285 0.032947 8.971803
v 0.435959 -0.018862 9.138187
v 0.406020 -0.003688 9.160082
v 0.393619 0.032947 9.169151
v 0.581677 -0.018862 9.282993
v 0.559970 -0.003688 9.313069
v 0.550978 0.032947 9.325526
v 0.765012 -0.018862 9.375683
v 0.753661 -0.003688 9.410995
v 0.748959 0.032947 9.425622
v 0.968016 -0.018862 9.407184
v 0.968132 -0.003688 9.444274
v 0.968180 0.032947 9.459638
v 1.170818 -0.018862 9.374411
v 1.182390 -0.003688 9.409651
v 1.187184 0.032947 9.424248
v 1.353567 -0.018862 9.280572
v 1.375463 -0.003688 9.310511
v 1.384532 0.032947 9.322912
v 1.498374 -0.018862 9.134853
v 1.528450 -0.003688 9.156561
v 1.540907 0.032947 9.165553
v 1.591064 -0.018862 8.951520
v 1.626376 -0.003688 8.962871
v 1.641002 0.032947 8.967573
v 1.622565 -0.018862 8.748516
v 1.659656 -0.003688 8.748399
v 1.675019 0.032947 8.748351
v 1.589791 -0.018862 8.545713
v 1.625031 -0.003688 8.534142
v 1.639628 0.032947 8.529348
v 1.495953 -0.018862 8.362965
v 1.525892 -0.003688 8.341069
v 1.538293 0.032947 8.332000
v 1.350235 -0.018862 8.218158
v 1.371942 -0.003688 8.188082
v 1.380934 0.032947 8.175625
v 1.166901 -0.018862 8.125467
v 1.178252 -0.003688 8.090157
v 1.182954 0.032947 8.075529
v 0.963897 -0.018862 8.093967
v 0.963781 -0.003688 8.056876
v 0.963733 0.032947 8.041512
v 0.761095 -0.018862 8.126740
v 0.749523 -0.003688 8.091500
v 0.744729 0.032947 8.076904
v 0.578346 -0.018862 8.220579
v 0.556450 -0.003688 8.190639
v 0.547381 0.032947 8.178239
v 0.433539 -0.018862 8.366297
v 0.403463 -0.003688 8.344589
v 0.391005 0.032947 8.335598
vt 0.578316 1.098338
vt 0.578445 1.093033
vt 0.578630 1.087721
vt 0.578823 1.082399
vt 0.578003 1.076904
vt 0.578161 1.071602
vt 0.578532 1.066296
vt 0.578979 1.060990
vt 0.579491 1.055688
vt 0.580080 1.050393
vt 0.580667 1.045134
vt 0.582276 1.039913
vt 0.583066 1.034811
vt 0.580768 1.134689
vt 0.579755 1.129825
vt 0.579366 1.124714
vt 0.579169 1.119502
vt 0.579007 1.114237
vt 0.578366 1.108920
vt 0.578262 1.103636
vt 0.594074 1.109781
vt 0.573689 1.103659
vt 0.575965 1.103659
vt 0.576026 1.098317
vt 0.576156 1.092981
vt 0.576349 1.087651
vt 0.576575 1.082358
vt 0.575616 1.076873
vt 0.575880 1.071480
vt 0.576263 1.066133
vt 0.576713 1.060797
vt 0.577222 1.055462
vt 0.577757 1.050124
vt 0.578332 1.044746
vt 0.580098 1.039481
vt 0.580838 1.034133
vt 0.578436 1.135643
vt 0.577510 1.130311
vt 0.577099 1.124968
vt 0.576899 1.119654
vt 0.576748 1.114360
vt 0.576026 1.109022
vt 0.564478 1.103647
vt 0.564536 1.098154
vt 0.564667 1.092664
vt 0.564880 1.087180
vt 0.565185 1.081707
vt 0.565574 1.076259
vt 0.565962 1.070821
vt 0.566370 1.065381
vt 0.566826 1.059946
vt 0.567332 1.054518
vt 0.567877 1.049096
vt 0.568430 1.043672
vt 0.568968 1.038225
vt 0.569476 1.032767
vt 0.569621 1.027296
vt 0.565185 1.131236
vt 0.564934 1.125713
vt 0.564688 1.120178
vt 0.564533 1.114651
vt 0.547314 1.106433
vt 0.564479 1.109143
vt 0.566625 1.098177
vt 0.566755 1.092714
vt 0.573734 1.098281
vt 0.566966 1.087258
vt 0.573862 1.092914
vt 0.567268 1.081803
vt 0.574057 1.087557
vt 0.567681 1.076381
vt 0.574330 1.082195
vt 0.568059 1.070961
vt 0.573221 1.076716
vt 0.568459 1.065535
vt 0.573619 1.071336
vt 0.568913 1.060116
vt 0.573994 1.065957
vt 0.569420 1.054706
vt 0.574445 1.060593
vt 0.569965 1.049299
vt 0.574954 1.055234
vt 0.570512 1.043884
vt 0.575493 1.049872
vt 0.571018 1.038409
vt 0.575974 1.044479
vt 0.571551 1.032870
vt 0.577923 1.039187
vt 0.567399 1.137074
vt 0.578567 1.033640
vt 0.567284 1.131239
vt 0.580347 1.028175
vt 0.566996 1.125650
vt 0.575236 1.130720
vt 0.566753 1.120107
vt 0.574835 1.125182
vt 0.566605 1.114596
vt 0.574605 1.119772
vt 0.566572 1.109116
vt 0.574507 1.114400
vt 0.566571 1.103646
vt 0.573666 1.109039
vt 0.565523 1.103644
vt 0.565579 1.098163
vt 0.565709 1.092686
vt 0.565922 1.087216
vt 0.566226 1.081752
vt 0.566626 1.076317
vt 0.567009 1.070888
vt 0.567414 1.065456
vt 0.567868 1.060028
vt 0.568375 1.054609
vt 0.568920 1.049195
vt 0.569470 1.043776
vt 0.569994 1.038314
vt 0.570515 1.032810
vt 0.566258 1.136956
vt 0.566238 1.131243
vt 0.565965 1.125681
vt 0.565720 1.120142
vt 0.565568 1.114622
vt 0.565524 1.109127
vt 0.571863 1.027064
vt 0.576012 1.136317
vt 0.547343 1.100770
vt 0.547440 1.095071
vt 0.547618 1.089350
vt 0.547888 1.083617
vt 0.548247 1.077933
vt 0.548639 1.072423
vt 0.549044 1.066888
vt 0.549487 1.061301
vt 0.549982 1.055708
vt 0.550520 1.050152
vt 0.551073 1.044692
vt 0.551611 1.039328
vt 0.552111 1.034139
vt 0.552384 1.029874
vt 0.548000 1.133447
vt 0.547900 1.128898
vt 0.547655 1.123500
vt 0.547451 1.117821
vt 0.547343 1.112091
vt 0.565128 1.136733
vt 0.570734 1.027130
vt 0.594564 1.116407
vt 0.594729 1.121386
vt 0.594972 1.125833
vt 0.595358 1.128814
vt 0.598386 1.038103
vt 0.597998 1.039808
vt 0.596466 1.046784
vt 0.596005 1.049311
vt 0.595419 1.054872
vt 0.594893 1.059956
vt 0.594432 1.065061
vt 0.594042 1.070134
vt 0.593772 1.075044
vt 0.593905 1.077872
vt 0.594245 1.085795
vt 0.594057 1.091036
vt 0.593907 1.096156
vt 0.593821 1.101211
vt 0.593833 1.106114
vt 0.584852 1.030108
vt 0.582700 1.028934
vn -0.101702 0.994265 -0.033061
vn -0.106473 0.994316 0.000334
vn 0.031291 0.997393 0.065017
vn -0.101158 0.994316 0.033219
vn -0.085924 0.994321 0.062785
vn 0.056566 0.984565 0.165626
vn 0.074791 0.971386 0.225422
vn -0.000112 0.981960 0.189090
vn 0.058686 0.982150 0.178708
vn 0.111038 0.982150 0.151827
vn 0.152520 0.982150 0.110084
vn 0.180232 0.981960 0.057195
vn 0.192157 0.971386 0.139586
vn 0.141079 0.984543 0.103785
vn 0.134287 0.990942 -0.000628
vn 0.098374 0.995149 -0.001305
vn 0.018510 0.998144 -0.058009
vn -0.000191 0.998134 -0.061060
vn -0.018873 0.998144 -0.057892
vn -0.098380 0.995149 -0.000689
vn -0.134367 0.990932 0.000230
vn -0.947997 0.091702 -0.304784
vn -0.877545 0.386772 -0.283412
vn -0.760776 0.387832 -0.520391
vn -0.806781 0.083434 -0.584931
vn -0.360029 0.925586 -0.116921
vn -0.348822 0.922699 -0.164165
vn -0.378650 0.925539 0.001187
vn -0.995823 0.091252 0.003124
vn -0.922182 0.386744 0.002893
vn -0.359751 0.925539 0.118139
vn -0.946119 0.091252 0.310696
vn -0.876154 0.386745 0.287720
vn -0.305797 0.925499 0.223472
vn -0.803812 0.091200 0.587851
vn -0.744461 0.386657 0.544311
vn -0.106989 0.917159 0.383891
vn -0.581318 0.106897 0.806624
vn -0.511519 0.384007 0.768692
vn -0.017319 0.889961 0.455708
vn -0.308532 0.087797 0.947153
vn -0.244573 0.367561 0.897264
vn -0.001116 0.897625 0.440758
vn 0.002901 0.104592 0.994511
vn 0.000154 0.365481 0.930819
vn 0.137604 0.897488 0.419022
vn 0.310323 0.103433 0.944988
vn 0.290425 0.365375 0.884395
vn 0.260354 0.897488 0.355994
vn 0.587154 0.103434 0.802840
vn 0.549506 0.365376 0.751362
vn 0.357620 0.897488 0.258116
vn 0.806508 0.103433 0.582106
vn 0.754795 0.365373 0.544781
vn 0.420372 0.897624 0.132507
vn 0.946866 0.104592 0.304148
vn 0.887001 0.365482 0.282228
vn 0.439529 0.889960 0.121595
vn 0.996114 0.087797 -0.006995
vn 0.929189 0.367559 0.038836
vn 0.397822 0.917368 0.013169
vn 0.944792 0.107410 -0.309566
vn 0.887137 0.384062 -0.255899
vn 0.347795 0.922667 -0.166507
vn 0.803094 0.083386 -0.589989
vn 0.757462 0.387752 -0.525261
vn 0.260947 0.936861 -0.232804
vn 0.581900 0.094249 -0.807781
vn 0.554170 0.397095 -0.731581
vn 0.104784 0.939095 -0.327293
vn 0.304889 0.086134 -0.948485
vn 0.280280 0.398368 -0.873354
vn -0.001078 0.939114 -0.343603
vn -0.003126 0.086284 -0.996266
vn -0.002877 0.398387 -0.917213
vn -0.106834 0.939095 -0.326629
vn -0.310833 0.086133 -0.946554
vn -0.285751 0.398364 -0.871581
vn -0.262403 0.936861 -0.231163
vn -0.586954 0.094249 -0.804116
vn -0.558748 0.397093 -0.728092
vn -0.050497 -0.998724 0.000158
vn -0.048074 -0.998724 -0.015454
vn 0.000000 -1.000000 0.000000
vn -0.047976 -0.998724 0.015755
vn -0.040760 -0.998724 0.029809
vn -0.029553 -0.998724 0.040946
vn -0.015454 -0.998724 0.048074
vn 0.000158 -0.998724 0.050497
vn 0.015755 -0.998724 0.047976
vn 0.029809 -0.998724 0.040760
vn 0.040946 -0.998724 0.029553
vn 0.048074 -0.998724 0.015454
vn 0.050497 -0.998724 -0.000158
vn 0.047976 -0.998724 -0.015755
vn 0.040760 -0.998724 -0.029809
vn 0.029553 -0.998724 -0.040946
vn 0.015454 -0.998724 -0.048074
vn -0.000158 -0.998724 -0.050497
vn -0.015755 -0.998724 -0.047976
vn -0.029809 -0.998724 -0.040759
vn -0.040946 -0.998724 -0.029553
vn -0.950966 -0.048025 -0.305545
vn -0.998843 -0.047982 0.003133
vn -0.948988 -0.047982 0.311639
vn -0.806235 -0.047979 0.589647
vn -0.591369 -0.050547 0.804816
vn -0.314230 -0.056488 0.947665
vn 0.003524 -0.059795 0.998204
vn 0.311441 -0.059647 0.948392
vn 0.589270 -0.059647 0.805732
vn 0.809413 -0.059647 0.584203
vn 0.950197 -0.059795 0.305861
vn 0.998328 -0.056488 -0.012270
vn 0.946224 -0.050595 -0.319532
vn 0.803828 -0.046805 -0.593017
vn 0.581391 -0.044450 -0.812409
vn 0.305787 -0.043360 -0.951112
vn -0.003134 -0.043372 -0.999054
vn -0.311748 -0.043358 -0.949175
vn -0.586474 -0.044449 -0.808748
vn -0.807526 -0.046807 -0.587972
vn -0.360484 -0.925540 -0.115879
vn -0.307030 -0.925540 -0.221603
vn -0.877941 -0.386743 -0.282221
vn -0.747762 -0.386740 -0.539708
vn -0.922184 -0.386742 0.002894
vn -0.378649 -0.925540 0.001188
vn -0.876155 -0.386742 0.287722
vn -0.359750 -0.925539 0.118139
vn -0.744363 -0.386740 0.544386
vn -0.305638 -0.925539 0.223525
vn -0.539705 -0.386740 0.747764
vn -0.221604 -0.925539 0.307033
vn -0.282219 -0.386749 0.877940
vn -0.115879 -0.925539 0.360485
vn 0.002890 -0.386751 0.922180
vn 0.001188 -0.925539 0.378651
vn 0.287720 -0.386749 0.876152
vn 0.118137 -0.925540 0.359749
vn 0.544386 -0.386752 0.744357
vn 0.223525 -0.925540 0.305634
vn 0.747760 -0.386752 0.539702
vn 0.307032 -0.925539 0.221603
vn 0.877940 -0.386748 0.282218
vn 0.360483 -0.925540 0.115879
vn 0.922182 -0.386745 -0.002894
vn 0.378648 -0.925540 -0.001189
vn 0.876152 -0.386746 -0.287723
vn 0.359752 -0.925539 -0.118139
vn 0.744362 -0.386744 -0.544385
vn 0.305638 -0.925539 -0.223526
vn 0.539705 -0.386742 -0.747763
vn 0.221604 -0.925539 -0.307033
vn 0.282220 -0.386750 -0.877939
vn 0.115879 -0.925539 -0.360486
vn -0.002890 -0.386746 -0.922182
vn -0.001187 -0.925539 -0.378651
vn -0.287721 -0.386735 -0.876158
vn -0.118138 -0.925540 -0.359750
vn -0.544388 -0.386735 -0.744364
vn -0.223524 -0.925540 -0.305634
s 1
g Outsidestuff rock3
usemtl lambert14SG
f 3847/4743/4677 3850/4724/4678 3844/4886/4679
f 3850/4724/4678 3853/4725/4680 3844/4885/4679
f 3853/4725/4680 3856/4726/4681 3844/4884/4679
f 3856/4726/4681 3859/4727/4682 3844/4883/4679
f 3859/4727/4682 3862/4728/4683 3844/4882/4679
f 3862/4728/4683 3865/4729/4684 3844/4881/4679
f 3865/4729/4684 3868/4730/4685 3844/4880/4679
f 3868/4730/4685 3871/4731/4686 3844/4879/4679
f 3871/4731/4686 3874/4732/4687 3844/4878/4679
f 3874/4732/4687 3877/4733/4688 3844/4877/4679
f 3877/4733/4688 3880/4734/4689 3844/4876/4679
f 3880/4734/4689 3883/4735/4690 3844/4875/4679
f 3883/4735/4690 3886/4736/4691 3844/4874/4679
f 3886/4736/4691 3889/4888/4692 3844/4873/4679
f 3889/4737/4692 3892/4738/4693 3844/4872/4679
f 3892/4738/4693 3895/4739/4694 3844/4871/4679
f 3895/4739/4694 3898/4740/4695 3844/4870/4679
f 3898/4740/4695 3901/4741/4696 3844/4869/4679
f 3901/4741/4696 3904/4742/4697 3844/4744/4679
f 3904/4742/4697 3847/4743/4677 3844/4887/4679
s 2
f 3845/4745/4698 3846/4746/4699 3903/4765/4700 3902/4825/4701
s 1
f 3846/4746/4702 3847/4743/4677 3904/4742/4697 3903/4765/4703
f 3847/4743/4677 3846/4746/4702 3849/4747/4704 3850/4724/4678
s 2
f 3846/4746/4699 3845/4745/4698 3848/4789/4705 3849/4747/4706
s 1
f 3850/4724/4678 3849/4747/4704 3852/4748/4707 3853/4725/4680
s 2
f 3849/4747/4706 3848/4789/4705 3851/4791/4708 3852/4748/4709
s 1
f 3853/4725/4680 3852/4748/4707 3855/4749/4710 3856/4726/4681
s 2
f 3852/4748/4709 3851/4791/4708 3854/4793/4711 3855/4749/4712
s 1
f 3856/4726/4681 3855/4749/4710 3858/4750/4713 3859/4727/4682
s 2
f 3855/4749/4712 3854/4793/4711 3857/4795/4714 3858/4750/4715
s 1
f 3859/4727/4682 3858/4750/4713 3861/4751/4716 3862/4728/4683
s 2
f 3858/4750/4715 3857/4795/4714 3860/4797/4717 3861/4751/4718
s 1
f 3862/4728/4683 3861/4751/4716 3864/4752/4719 3865/4729/4684
s 2
f 3861/4751/4718 3860/4797/4717 3863/4799/4720 3864/4752/4721
s 1
f 3865/4729/4684 3864/4752/4719 3867/4753/4722 3868/4730/4685
s 2
f 3864/4752/4721 3863/4799/4720 3866/4801/4723 3867/4753/4724
s 1
f 3868/4730/4685 3867/4753/4722 3870/4754/4725 3871/4731/4686
s 2
f 3867/4753/4724 3866/4801/4723 3869/4803/4726 3870/4754/4727
s 1
f 3871/4731/4686 3870/4754/4725 3873/4755/4728 3874/4732/4687
s 2
f 3870/4754/4727 3869/4803/4726 3872/4805/4729 3873/4755/4730
s 1
f 3874/4732/4687 3873/4755/4728 3876/4756/4731 3877/4733/4688
s 2
f 3873/4755/4730 3872/4805/4729 3875/4807/4732 3876/4756/4733
s 1
f 3877/4733/4688 3876/4756/4731 3879/4757/4734 3880/4734/4689
s 2
f 3876/4756/4733 3875/4807/4732 3878/4809/4735 3879/4757/4736
s 1
f 3880/4734/4689 3879/4757/4734 3882/4758/4737 3883/4735/4690
s 2
f 3879/4757/4736 3878/4809/4735 3881/4811/4738 3882/4758/4739
s 1
f 3883/4735/4690 3882/4758/4737 3885/4759/4740 3886/4736/4691
s 2
f 3882/4758/4739 3881/4811/4738 3884/4813/4741 3885/4759/4742
s 1
f 3886/4736/4691 3885/4759/4740 3888/4889/4743 3889/4888/4692
s 2
f 3885/4759/4742 3884/4813/4741 3887/4815/4744 3888/4889/4745
s 1
f 3889/4737/4692 3888/4760/4743 3891/4761/4746 3892/4738/4693
s 2
f 3888/4760/4745 3887/4847/4744 3890/4817/4747 3891/4761/4748
s 1
f 3892/4738/4693 3891/4761/4746 3894/4762/4749 3895/4739/4694
s 2
f 3891/4761/4748 3890/4817/4747 3893/4819/4750 3894/4762/4751
s 1
f 3895/4739/4694 3894/4762/4749 3897/4763/4752 3898/4740/4695
s 2
f 3894/4762/4751 3893/4819/4750 3896/4821/4753 3897/4763/4754
s 1
f 3898/4740/4695 3897/4763/4752 3900/4764/4755 3901/4741/4696
s 2
f 3897/4763/4754 3896/4821/4753 3899/4823/4756 3900/4764/4757
s 1
f 3901/4741/4696 3900/4764/4755 3903/4765/4703 3904/4742/4697
s 2
f 3900/4764/4757 3899/4823/4756 3902/4825/4701 3903/4765/4700
s 3
f 3908/4767/4758 3905/4766/4759 3843/4848/4760
f 3911/4768/4761 3908/4767/4758 3843/4849/4760
f 3914/4769/4762 3911/4768/4761 3843/4850/4760
f 3917/4770/4763 3914/4769/4762 3843/4851/4760
f 3920/4771/4764 3917/4770/4763 3843/4852/4760
f 3923/4772/4765 3920/4771/4764 3843/4853/4760
f 3926/4773/4766 3923/4772/4765 3843/4854/4760
f 3929/4774/4767 3926/4773/4766 3843/4855/4760
f 3932/4775/4768 3929/4774/4767 3843/4856/4760
f 3935/4776/4769 3932/4775/4768 3843/4857/4760
f 3938/4777/4770 3935/4776/4769 3843/4858/4760
f 3941/4778/4771 3938/4777/4770 3843/4859/4760
f 3944/4779/4772 3941/4778/4771 3843/4860/4760
f 3947/4780/4773 3944/4779/4772 3843/4861/4760
f 3950/4781/4774 3947/4867/4773 3843/4862/4760
f 3953/4782/4775 3950/4781/4774 3843/4863/4760
f 3956/4783/4776 3953/4782/4775 3843/4864/4760
f 3959/4784/4777 3956/4783/4776 3843/4865/4760
f 3962/4786/4778 3959/4784/4777 3843/4866/4760
f 3905/4766/4759 3962/4786/4778 3843/4785/4760
s 2
f 3907/4824/4779 3910/4787/4780 3848/4789/4705 3845/4745/4698
f 3910/4787/4780 3913/4788/4781 3851/4791/4708 3848/4789/4705
f 3913/4788/4781 3916/4790/4782 3854/4793/4711 3851/4791/4708
f 3916/4790/4782 3919/4792/4783 3857/4795/4714 3854/4793/4711
f 3919/4792/4783 3922/4794/4784 3860/4797/4717 3857/4795/4714
f 3922/4794/4784 3925/4796/4785 3863/4799/4720 3860/4797/4717
f 3925/4796/4785 3928/4798/4786 3866/4801/4723 3863/4799/4720
f 3928/4798/4786 3931/4800/4787 3869/4803/4726 3866/4801/4723
f 3931/4800/4787 3934/4802/4788 3872/4805/4729 3869/4803/4726
f 3934/4802/4788 3937/4804/4789 3875/4807/4732 3872/4805/4729
f 3937/4804/4789 3940/4806/4790 3878/4809/4735 3875/4807/4732
f 3940/4806/4790 3943/4808/4791 3881/4811/4738 3878/4809/4735
f 3943/4808/4791 3946/4810/4792 3884/4813/4741 3881/4811/4738
f 3946/4810/4792 3949/4846/4793 3887/4815/4744 3884/4813/4741
f 3949/4812/4793 3952/4814/4794 3890/4817/4747 3887/4847/4744
f 3952/4814/4794 3955/4816/4795 3893/4819/4750 3890/4817/4747
f 3955/4816/4795 3958/4818/4796 3896/4821/4753 3893/4819/4750
f 3958/4818/4796 3961/4820/4797 3899/4823/4756 3896/4821/4753
f 3961/4820/4797 3964/4822/4798 3902/4825/4701 3899/4823/4756
f 3964/4822/4798 3907/4824/4779 3845/4745/4698 3902/4825/4701
s 3
f 3905/4766/4759 3906/4826/4799 3963/4845/4800 3962/4786/4778
s 2
f 3906/4826/4801 3907/4824/4779 3964/4822/4798 3963/4845/4802
f 3907/4824/4779 3906/4826/4801 3909/4827/4803 3910/4787/4780
s 3
f 3906/4826/4799 3905/4766/4759 3908/4767/4758 3909/4827/4804
s 2
f 3910/4787/4780 3909/4827/4803 3912/4828/4805 3913/4788/4781
s 3
f 3909/4827/4804 3908/4767/4758 3911/4768/4761 3912/4828/4806
s 2
f 3913/4788/4781 3912/4828/4805 3915/4829/4807 3916/4790/4782
s 3
f 3912/4828/4806 3911/4768/4761 3914/4769/4762 3915/4829/4808
s 2
f 3916/4790/4782 3915/4829/4807 3918/4830/4809 3919/4792/4783
s 3
f 3915/4829/4808 3914/4769/4762 3917/4770/4763 3918/4830/4810
s 2
f 3919/4792/4783 3918/4830/4809 3921/4831/4811 3922/4794/4784
s 3
f 3918/4830/4810 3917/4770/4763 3920/4771/4764 3921/4831/4812
s 2
f 3922/4794/4784 3921/4831/4811 3924/4832/4813 3925/4796/4785
s 3
f 3921/4831/4812 3920/4771/4764 3923/4772/4765 3924/4832/4814
s 2
f 3925/4796/4785 3924/4832/4813 3927/4833/4815 3928/4798/4786
s 3
f 3924/4832/4814 3923/4772/4765 3926/4773/4766 3927/4833/4816
s 2
f 3928/4798/4786 3927/4833/4815 3930/4834/4817 3931/4800/4787
s 3
f 3927/4833/4816 3926/4773/4766 3929/4774/4767 3930/4834/4818
s 2
f 3931/4800/4787 3930/4834/4817 3933/4835/4819 3934/4802/4788
s 3
f 3930/4834/4818 3929/4774/4767 3932/4775/4768 3933/4835/4820
s 2
f 3934/4802/4788 3933/4835/4819 3936/4836/4821 3937/4804/4789
s 3
f 3933/4835/4820 3932/4775/4768 3935/4776/4769 3936/4836/4822
s 2
f 3937/4804/4789 3936/4836/4821 3939/4837/4823 3940/4806/4790
s 3
f 3936/4836/4822 3935/4776/4769 3938/4777/4770 3939/4837/4824
s 2
f 3940/4806/4790 3939/4837/4823 3942/4838/4825 3943/4808/4791
s 3
f 3939/4837/4824 3938/4777/4770 3941/4778/4771 3942/4838/4826
s 2
f 3943/4808/4791 3942/4838/4825 3945/4839/4827 3946/4810/4792
s 3
f 3942/4838/4826 3941/4778/4771 3944/4779/4772 3945/4839/4828
s 2
f 3946/4810/4792 3945/4839/4827 3948/4868/4829 3949/4846/4793
s 3
f 3945/4839/4828 3944/4779/4772 3947/4780/4773 3948/4868/4830
s 2
f 3949/4812/4793 3948/4840/4829 3951/4841/4831 3952/4814/4794
s 3
f 3948/4840/4830 3947/4867/4773 3950/4781/4774 3951/4841/4832
s 2
f 3952/4814/4794 3951/4841/4831 3954/4842/4833 3955/4816/4795
s 3
f 3951/4841/4832 3950/4781/4774 3953/4782/4775 3954/4842/4834
s 2
f 3955/4816/4795 3954/4842/4833 3957/4843/4835 3958/4818/4796
s 3
f 3954/4842/4834 3953/4782/4775 3956/4783/4776 3957/4843/4836
s 2
f 3958/4818/4796 3957/4843/4835 3960/4844/4837 3961/4820/4797
s 3
f 3957/4843/4836 3956/4783/4776 3959/4784/4777 3960/4844/4838
s 2
f 3961/4820/4797 3960/4844/4837 3963/4845/4802 3964/4822/4798
s 3
f 3960/4844/4838 3959/4784/4777 3962/4786/4778 3963/4845/4800
g default
v -5.362148 -0.750278 -4.096351
v -6.334312 0.338778 -5.966835
v -7.721040 1.283527 -7.017640
v -9.420036 1.896815 -7.605201
v -10.859987 1.945808 -7.724881
v -5.587888 -0.835939 -3.654914
v -7.183812 -0.498367 -4.305631
v -8.748978 0.522540 -4.907912
v -10.389354 1.131328 -5.628625
v -12.817410 2.035708 -6.794674
v -5.813628 -0.921599 -3.213478
v -8.033311 -0.305933 -2.644428
v -9.833634 0.480336 -2.887499
v -11.413531 1.094792 -3.738441
v -12.366560 1.374115 -4.778762
v -5.328790 -0.567488 -4.043823
v -6.300955 0.521568 -5.914306
v -7.150454 -0.315577 -4.253103
v -5.554531 -0.653148 -3.602386
v -7.687681 1.466317 -6.965111
v -8.715621 0.705330 -4.855384
v -9.386681 2.079604 -7.552673
v -10.355995 1.314118 -5.576097
v -10.826629 2.128598 -7.672352
v -12.784054 2.218498 -6.742146
v -7.999953 -0.123143 -2.591899
v -5.780270 -0.738809 -3.160949
v -9.800278 0.663126 -2.834970
v -11.380173 1.277582 -3.685912
v -12.333201 1.556905 -4.726233
vt 0.701060 1.668846
vt 0.746849 1.714322
vt 0.769930 1.764908
vt 0.773850 1.818243
vt 0.763536 1.856563
vt 0.684191 1.669811
vt 0.688961 1.720869
vt 0.699822 1.772151
vt 0.707837 1.822033
vt 0.718034 1.900933
vt 0.663046 1.674910
vt 0.638414 1.734948
vt 0.636111 1.786626
vt 0.647247 1.836056
vt 0.667705 1.870143
vt 0.785168 1.676039
vt 0.816464 1.717901
vt 0.849249 1.756365
vt 0.698063 1.672971
vt 0.742783 1.717245
vt 0.677135 1.675779
vt 0.764888 1.765669
vt 0.769201 1.816104
vt 0.759770 1.853117
vt 0.720632 1.896550
vt 0.642828 1.737529
vt 0.664500 1.679841
vt 0.641081 1.787762
vt 0.652232 1.835057
vt 0.671679 1.866948
vt 0.906713 1.758940
vt 0.669189 1.871401
vt 0.895467 1.723151
vt 0.648310 1.838338
vt 0.866831 1.683870
vt 0.636092 1.788852
vt 0.771116 1.630358
vt 0.660046 1.677361
vt 0.828175 1.652508
vt 0.637847 1.736468
vt 0.721639 1.895818
vt 0.896429 1.815243
vt 0.895185 1.816265
vt 0.725460 1.899186
vt 0.838025 1.816070
vt 0.764432 1.855183
vt 0.804419 1.798744
vt 0.774239 1.815318
vt 0.769167 1.762757
vt 0.684882 1.674879
vt 0.753366 1.642483
vt 0.759621 1.636958
vt 0.675617 1.670955
vt 0.745768 1.713105
vt 0.743294 1.651143
vt 0.697266 1.667951
vn 0.074571 0.898550 0.432489
vn 0.239746 0.843980 0.479813
vn 0.283782 0.904427 0.318558
vn 0.154831 0.950066 0.270929
vn 0.214080 0.868021 0.448007
vn 0.289928 0.899835 0.325945
vn 0.146102 0.912016 0.383251
vn 0.194237 0.938217 0.286392
vn 0.118450 0.934241 0.336397
vn 0.159001 0.948462 0.274113
vn 0.393775 0.903813 0.167525
vn 0.240233 0.967914 0.073698
vn 0.342884 0.922424 0.177663
vn 0.247035 0.951726 0.182187
vn 0.204119 0.958049 0.201190
vn -0.074572 -0.898550 -0.432489
vn -0.154831 -0.950066 -0.270929
vn -0.283783 -0.904427 -0.318558
vn -0.239746 -0.843980 -0.479812
vn -0.289928 -0.899834 -0.325945
vn -0.214080 -0.868020 -0.448007
vn -0.194237 -0.938217 -0.286392
vn -0.146102 -0.912016 -0.383251
vn -0.159001 -0.948463 -0.274113
vn -0.118450 -0.934241 -0.336397
vn -0.240233 -0.967914 -0.073698
vn -0.393775 -0.903812 -0.167525
vn -0.342884 -0.922424 -0.177663
vn -0.247035 -0.951726 -0.182187
vn -0.204119 -0.958049 -0.201190
vn 0.881002 -0.025006 -0.472451
vn 0.800975 0.025719 -0.598145
vn 0.775842 0.039373 -0.629698
vn 0.881002 -0.025006 -0.472451
vn 0.876851 -0.273616 0.395305
vn 0.876851 -0.273616 0.395306
vn 0.876851 -0.273616 0.395306
vn 0.876851 -0.273616 0.395305
vn 0.530918 0.143138 -0.835247
vn 0.509426 0.150510 -0.847250
vn 0.254651 0.223877 -0.940762
vn 0.263527 0.221702 -0.938830
vn -0.221925 0.306502 -0.925638
vn -0.197379 0.303864 -0.932045
vn -0.394696 0.319584 -0.861441
vn -0.394695 0.319584 -0.861441
vn 0.003650 -0.276808 0.960918
vn 0.158218 -0.299279 0.940956
vn 0.158218 -0.299279 0.940956
vn -0.038183 -0.269551 0.962229
vn 0.876851 -0.273617 0.395304
vn 0.876851 -0.273617 0.395304
vn -0.363504 -0.195422 0.910865
vn -0.384437 -0.189484 0.903495
vn -0.622409 -0.109143 0.775045
vn -0.615951 -0.111695 0.779826
vn -0.962783 0.104016 0.249458
vn -0.906965 0.045170 0.418777
vn -0.899121 0.038796 0.435976
vn -0.962783 0.104016 0.249458
s 1
g Outsidestuff Leaf2 Glass_Leafs1
usemtl lambert14SG
f 3980/4908/4839 3981/4909/4840 3982/4896/4841 3983/4939/4842
f 3981/4909/4840 3984/4911/4843 3985/4897/4844 3982/4896/4841
f 3984/4911/4843 3986/4912/4845 3987/4898/4846 3985/4897/4844
f 3986/4912/4845 3988/4913/4847 3989/4930/4848 3987/4898/4846
f 3983/4910/4842 3982/4896/4841 3990/4915/4849 3991/4916/4850
f 3982/4896/4841 3985/4897/4844 3992/4917/4851 3990/4915/4849
f 3985/4897/4844 3987/4898/4846 3993/4918/4852 3992/4917/4851
f 3987/4898/4846 3989/4914/4848 3994/4919/4853 3993/4918/4852
s 2
f 3965/4944/4854 3970/4940/4855 3971/4905/4856 3966/4891/4857
f 3966/4891/4857 3971/4905/4856 3972/4906/4858 3967/4938/4859
f 3967/4938/4859 3972/4906/4858 3973/4907/4860 3968/4936/4861
f 3968/4936/4861 3973/4907/4860 3974/4932/4862 3969/4934/4863
f 3970/4941/4855 3975/4926/4864 3976/4928/4865 3971/4905/4856
f 3971/4905/4856 3976/4928/4865 3977/4924/4866 3972/4906/4858
f 3972/4906/4858 3977/4924/4866 3978/4922/4867 3973/4907/4860
f 3973/4907/4860 3978/4922/4867 3979/4920/4868 3974/4931/4862
s 3
f 3965/4890/4869 3966/4943/4870 3981/4909/4871 3980/4908/4872
s 4
f 3970/4895/4873 3965/4945/4874 3980/4908/4875 3983/4939/4876
s 3
f 3966/4891/4870 3967/4938/4877 3984/4911/4878 3981/4909/4871
f 3967/4892/4877 3968/4937/4879 3986/4912/4880 3984/4911/4878
f 3968/4893/4879 3969/4935/4881 3988/4913/4882 3986/4912/4880
f 3969/4894/4881 3974/4933/4883 3989/4930/4884 3988/4913/4882
s 5
f 3976/4901/4885 3975/4927/4886 3991/4916/4887 3990/4915/4888
s 4
f 3975/4900/4889 3970/4942/4873 3983/4910/4876 3991/4916/4890
s 5
f 3977/4902/4891 3976/4929/4885 3990/4915/4888 3992/4917/4892
f 3978/4903/4893 3977/4925/4891 3992/4917/4892 3993/4918/4894
f 3974/4899/4895 3979/4921/4896 3994/4919/4897 3989/4914/4898
f 3979/4904/4896 3978/4923/4893 3993/4918/4894 3994/4919/4897
g default
v -4.690028 -0.670136 -3.915499
v -4.245205 0.475206 -5.945323
v -4.600348 1.645981 -7.501893
v -5.764830 2.612179 -8.712772
v -7.002033 3.004394 -9.483246
v -5.124850 -0.663512 -3.662422
v -5.965532 0.001903 -5.051130
v -6.680243 1.324689 -6.313731
v -7.497548 2.258357 -7.742421
v -8.699004 3.636486 -9.915894
v -5.559672 -0.656887 -3.409345
v -7.517833 0.525065 -4.040576
v -8.669482 1.706414 -5.134463
v -9.137081 2.617152 -6.776865
v -9.127627 3.036778 -8.246099
v -4.644523 -0.497548 -3.841832
v -4.199700 0.647794 -5.871656
v -5.920028 0.174491 -4.977464
v -5.079345 -0.490923 -3.588756
v -4.554843 1.818569 -7.428226
v -6.634738 1.497277 -6.240065
v -5.719326 2.784767 -8.639107
v -7.452044 2.430945 -7.668755
v -6.956527 3.176982 -9.409579
v -8.653501 3.809075 -9.842228
v -7.472329 0.697654 -3.966910
v -5.514168 -0.484298 -3.335679
v -8.623978 1.879002 -5.060797
v -9.091577 2.789741 -6.703197
v -9.082124 3.209366 -8.172434
vt 0.770861 1.072462
vt 0.824696 1.109084
vt 0.854854 1.155153
vt 0.861199 1.208411
vt 0.854753 1.248078
vt 0.754312 1.076758
vt 0.770585 1.125086
vt 0.787976 1.173625
vt 0.804849 1.220812
vt 0.828404 1.295727
vt 0.741631 1.081340
vt 0.720674 1.144608
vt 0.725909 1.198233
vt 0.753735 1.244352
vt 0.786082 1.272047
vt 0.855881 1.067410
vt 0.893793 1.102389
vt 0.930648 1.136337
vt 0.768688 1.077076
vt 0.821097 1.112604
vt 0.756002 1.081565
vt 0.849855 1.156149
vt 0.856352 1.206835
vt 0.850060 1.246085
vt 0.830888 1.291276
vt 0.725280 1.146809
vt 0.743344 1.086143
vt 0.731000 1.198662
vt 0.758162 1.241820
vt 0.788881 1.267786
vt 0.980120 1.139963
vt 0.786395 1.272237
vt 0.968202 1.101563
vt 0.755359 1.246078
vt 0.939080 1.059721
vt 0.726574 1.201191
vt 0.830613 1.027065
vt 0.738739 1.083952
vt 0.893610 1.034183
vt 0.720197 1.146376
vt 0.985352 1.187799
vt 0.835580 1.293270
vt 0.936270 1.187818
vt 0.854907 1.247665
vt 0.897691 1.178296
vt 0.861355 1.205840
vt 0.853560 1.152557
vt 0.821447 1.036951
vt 0.754252 1.076778
vt 0.823265 1.107981
vt 0.812347 1.046894
vt 0.766960 1.072277
vn 0.054543 0.884970 0.462442
vn 0.153253 0.794481 0.587634
vn 0.290942 0.829472 0.476790
vn 0.225582 0.901473 0.369405
vn 0.155610 0.814320 0.559168
vn 0.294772 0.820027 0.490577
vn 0.138104 0.866159 0.480308
vn 0.248104 0.875650 0.414344
vn 0.138996 0.895290 0.423244
vn 0.225440 0.895933 0.382729
vn 0.457039 0.790228 0.408235
vn 0.397410 0.881377 0.255423
vn 0.424096 0.814703 0.395476
vn 0.362604 0.865190 0.346359
vn 0.320679 0.886823 0.332730
vn -0.054544 -0.884970 -0.462442
vn -0.225582 -0.901473 -0.369405
vn -0.290942 -0.829472 -0.476790
vn -0.153253 -0.794481 -0.587633
vn -0.294772 -0.820027 -0.490577
vn -0.155610 -0.814320 -0.559168
vn -0.248104 -0.875650 -0.414344
vn -0.138104 -0.866159 -0.480309
vn -0.225439 -0.895933 -0.382730
vn -0.138996 -0.895290 -0.423244
vn -0.397410 -0.881377 -0.255422
vn -0.457039 -0.790228 -0.408235
vn -0.424096 -0.814703 -0.395476
vn -0.362604 -0.865190 -0.346359
vn -0.320679 -0.886823 -0.332731
vn 0.959552 -0.276224 0.054418
vn 0.971833 -0.217369 -0.091052
vn 0.971018 -0.200472 -0.130135
vn 0.959552 -0.276224 0.054418
vn 0.444552 -0.448235 0.775538
vn 0.444552 -0.448237 0.775537
vn 0.444552 -0.448237 0.775537
vn 0.444552 -0.448235 0.775538
vn 0.877661 -0.027157 -0.478511
vn 0.861550 -0.010508 -0.507565
vn 0.671764 0.133861 -0.728570
vn 0.677077 0.130608 -0.724230
vn 0.435155 0.253961 -0.863796
vn 0.446416 0.249134 -0.859445
vn 0.337224 0.292964 -0.894680
vn 0.337224 0.292964 -0.894680
vn -0.563916 -0.193950 0.802734
vn -0.432680 -0.255013 0.864729
vn -0.432680 -0.255013 0.864729
vn -0.597021 -0.176605 0.782545
vn 0.444553 -0.448233 0.775539
vn 0.444553 -0.448233 0.775539
vn -0.850830 0.000055 0.525441
vn -0.865984 0.014975 0.499848
vn -0.963963 0.165130 0.208584
vn -0.963003 0.161976 0.215381
vn -0.943038 0.305175 -0.132466
vn -0.960389 0.274263 -0.049319
vn -0.961540 0.271437 -0.041988
vn -0.943038 0.305175 -0.132466
s 1
g Outsidestuff Glass_Leafs1 Leaf3
usemtl lambert14SG
f 4010/4964/4899 4011/4965/4900 4012/4952/4901 4013/4966/4902
f 4011/4965/4900 4014/4967/4903 4015/4953/4904 4012/4952/4901
f 4014/4967/4903 4016/4968/4905 4017/4954/4906 4015/4953/4904
f 4016/4968/4905 4018/4969/4907 4019/4970/4908 4017/4954/4906
f 4013/4966/4902 4012/4952/4901 4020/4971/4909 4021/4972/4910
f 4012/4952/4901 4015/4953/4904 4022/4973/4911 4020/4971/4909
f 4015/4953/4904 4017/4954/4906 4023/4974/4912 4022/4973/4911
f 4017/4954/4906 4019/4970/4908 4024/4975/4913 4023/4974/4912
s 2
f 3995/4996/4914 4000/4993/4915 4001/4961/4916 3996/4947/4917
f 3996/4947/4917 4001/4961/4916 4002/4962/4918 3997/4992/4919
f 3997/4992/4919 4002/4962/4918 4003/4963/4920 3998/4990/4921
f 3998/4990/4921 4003/4963/4920 4004/4986/4922 3999/4988/4923
f 4000/4993/4915 4005/4982/4924 4006/4984/4925 4001/4961/4916
f 4001/4961/4916 4006/4984/4925 4007/4980/4926 4002/4962/4918
f 4002/4962/4918 4007/4980/4926 4008/4978/4927 4003/4963/4920
f 4003/4963/4920 4008/4978/4927 4009/4976/4928 4004/4986/4922
s 3
f 3995/4946/4929 3996/4995/4930 4011/4965/4931 4010/4964/4932
s 4
f 4000/4951/4933 3995/4997/4934 4010/4964/4935 4013/4966/4936
s 3
f 3996/4947/4930 3997/4992/4937 4014/4967/4938 4011/4965/4931
f 3997/4948/4937 3998/4991/4939 4016/4968/4940 4014/4967/4938
f 3998/4949/4939 3999/4989/4941 4018/4969/4942 4016/4968/4940
f 3999/4950/4941 4004/4987/4943 4019/4970/4944 4018/4969/4942
s 5
f 4006/4957/4945 4005/4983/4946 4021/4972/4947 4020/4971/4948
s 4
f 4005/4956/4949 4000/4994/4933 4013/4966/4936 4021/4972/4950
s 5
f 4007/4958/4951 4006/4985/4945 4020/4971/4948 4022/4973/4952
f 4008/4959/4953 4007/4981/4951 4022/4973/4952 4023/4974/4954
f 4004/4955/4955 4009/4977/4956 4024/4975/4957 4019/4970/4958
f 4009/4960/4956 4008/4979/4953 4023/4974/4954 4024/4975/4957
g default
v -4.021316 -0.829808 -4.112729
v -2.711109 -0.159906 -5.974032
v -2.312244 0.661797 -7.730579
v -2.547837 1.344078 -9.487547
v -3.194432 1.579297 -10.759068
v -4.515913 -0.755216 -4.058209
v -4.733937 -0.367839 -5.757257
v -4.759631 0.676721 -7.419476
v -4.860534 1.309164 -9.200126
v -4.930367 2.221145 -11.890192
v -5.010509 -0.680623 -4.003688
v -6.433619 0.401504 -5.563694
v -6.940590 1.358127 -7.220896
v -6.904947 1.950898 -9.022306
v -6.495339 2.077123 -10.395204
v -3.987958 -0.647018 -4.060200
v -2.677752 0.022884 -5.921503
v -4.700579 -0.185049 -5.704728
v -4.482555 -0.572426 -4.005680
v -2.278886 0.844587 -7.678051
v -4.726274 0.859511 -7.366947
v -2.514479 1.526868 -9.435019
v -4.827175 1.491954 -9.147596
v -3.161075 1.762087 -10.706539
v -4.897008 2.403935 -11.837664
v -6.400261 0.584294 -5.511165
v -4.977151 -0.497833 -3.951160
v -6.907233 1.540918 -7.168367
v -6.871589 2.133688 -8.969780
v -6.461981 2.259913 -10.342675
vt 0.442704 1.556595
vt 0.495757 1.589027
vt 0.529721 1.630391
vt 0.551575 1.677272
vt 0.555360 1.716216
vt 0.426264 1.561194
vt 0.441659 1.610544
vt 0.466595 1.658031
vt 0.490222 1.703547
vt 0.525709 1.774257
vt 0.399392 1.577928
vt 0.398550 1.641843
vt 0.410581 1.691363
vt 0.437242 1.735811
vt 0.467936 1.761827
vt 0.523797 1.542497
vt 0.564570 1.575494
vt 0.605502 1.605007
vt 0.440618 1.561241
vt 0.493444 1.593621
vt 0.412613 1.572794
vt 0.525628 1.633259
vt 0.546505 1.677107
vt 0.550579 1.714440
vt 0.526670 1.769255
vt 0.403620 1.641979
vt 0.402850 1.581663
vt 0.415702 1.691104
vt 0.441625 1.733229
vt 0.470609 1.757484
vt 0.661869 1.592730
vt 0.469643 1.762500
vt 0.642135 1.561202
vt 0.438927 1.737582
vt 0.605033 1.530188
vt 0.411293 1.693680
vt 0.499121 1.501577
vt 0.397794 1.581023
vt 0.530519 1.767985
vt 0.666768 1.649719
vt 0.665593 1.649741
vt 0.535301 1.769764
vt 0.610440 1.665292
vt 0.555674 1.714632
vt 0.573027 1.657043
vt 0.550834 1.674362
vt 0.428139 1.565903
vt 0.484873 1.517855
vt 0.489419 1.510521
vt 0.409158 1.569027
vt 0.476955 1.528646
vt 0.438702 1.556478
vt 0.559803 1.509167
vn -0.020817 0.960142 0.278737
vn 0.011422 0.895918 0.444074
vn 0.181056 0.902257 0.391346
vn 0.165288 0.952346 0.256355
vn 0.030633 0.913956 0.404655
vn 0.177002 0.898979 0.400633
vn 0.059933 0.948402 0.311355
vn 0.170047 0.939280 0.298056
vn 0.089432 0.960893 0.262083
vn 0.164458 0.951056 0.261622
vn 0.358098 0.843293 0.400778
vn 0.371738 0.902009 0.219522
vn 0.329181 0.871572 0.363320
vn 0.284436 0.915375 0.284928
vn 0.248843 0.933197 0.259269
vn 0.020817 -0.960142 -0.278737
vn -0.165288 -0.952346 -0.256355
vn -0.181056 -0.902257 -0.391346
vn -0.011422 -0.895918 -0.444074
vn -0.177002 -0.898979 -0.400633
vn -0.030633 -0.913956 -0.404655
vn -0.170047 -0.939280 -0.298056
vn -0.059933 -0.948402 -0.311355
vn -0.164459 -0.951056 -0.261622
vn -0.089432 -0.960893 -0.262083
vn -0.371738 -0.902009 -0.219522
vn -0.358098 -0.843293 -0.400778
vn -0.329181 -0.871572 -0.363320
vn -0.284436 -0.915375 -0.284928
vn -0.248843 -0.933197 -0.259269
vn 0.828696 -0.288976 0.479329
vn 0.901967 -0.263016 0.342458
vn 0.917999 -0.254849 0.303859
vn 0.828696 -0.288976 0.479329
vn 0.062247 -0.286134 0.956165
vn 0.062247 -0.286135 0.956165
vn 0.062247 -0.286135 0.956165
vn 0.062247 -0.286134 0.956165
vn 0.984424 -0.175090 -0.015877
vn 0.984937 -0.168081 -0.040596
vn 0.948044 -0.084906 -0.306600
vn 0.950498 -0.087807 -0.298066
vn 0.711602 0.071005 -0.698986
vn 0.728738 0.062965 -0.681892
vn 0.574157 0.127627 -0.808737
vn 0.574157 0.127627 -0.808737
vn -0.844875 0.000448 0.534964
vn -0.754923 -0.050143 0.653894
vn -0.754923 -0.050143 0.653894
vn -0.865614 0.014133 0.500512
vn 0.062246 -0.286134 0.956166
vn 0.062246 -0.286134 0.956166
vn -0.972668 0.120456 0.198514
vn -0.975975 0.127291 0.176832
vn -0.974219 0.204912 -0.094380
vn -0.975408 0.202808 -0.086306
vn -0.670523 0.315347 -0.671532
vn -0.793563 0.297379 -0.530871
vn -0.805043 0.294843 -0.514756
vn -0.670523 0.315347 -0.671532
s 1
g Outsidestuff Glass_Leafs1 Leaf4
usemtl lambert14SG
f 4040/5016/4959 4041/5017/4960 4042/5004/4961 4043/5044/4962
f 4041/5017/4960 4044/5019/4963 4045/5005/4964 4042/5004/4961
f 4044/5019/4963 4046/5020/4965 4047/5006/4966 4045/5005/4964
f 4046/5020/4965 4048/5021/4967 4049/5036/4968 4047/5006/4966
f 4043/5018/4962 4042/5004/4961 4050/5023/4969 4051/5024/4970
f 4042/5004/4961 4045/5005/4964 4052/5025/4971 4050/5023/4969
f 4045/5005/4964 4047/5006/4966 4053/5026/4972 4052/5025/4971
f 4047/5006/4966 4049/5022/4968 4054/5027/4973 4053/5026/4972
s 2
f 4025/5048/4974 4030/5045/4975 4031/5013/4976 4026/4999/4977
f 4026/4999/4977 4031/5013/4976 4032/5014/4978 4027/5000/4979
f 4027/5000/4979 4032/5014/4978 4033/5015/4980 4028/5042/4981
f 4028/5042/4981 4033/5015/4980 4034/5038/4982 4029/5040/4983
f 4030/5046/4975 4035/5034/4984 4036/5050/4985 4031/5013/4976
f 4031/5013/4976 4036/5050/4985 4037/5032/4986 4032/5014/4978
f 4032/5014/4978 4037/5032/4986 4038/5030/4987 4033/5015/4980
f 4033/5015/4980 4038/5030/4987 4039/5028/4988 4034/5037/4982
s 3
f 4025/4998/4989 4026/4999/4990 4041/5017/4991 4040/5016/4992
s 4
f 4030/5003/4993 4025/5049/4994 4040/5016/4995 4043/5044/4996
s 3
f 4026/4999/4990 4027/5000/4997 4044/5019/4998 4041/5017/4991
f 4027/5000/4997 4028/5043/4999 4046/5020/5000 4044/5019/4998
f 4028/5001/4999 4029/5041/5001 4048/5021/5002 4046/5020/5000
f 4029/5002/5001 4034/5039/5003 4049/5036/5004 4048/5021/5002
s 5
f 4036/5009/5005 4035/5035/5006 4051/5024/5007 4050/5023/5008
s 4
f 4035/5008/5009 4030/5047/4993 4043/5018/4996 4051/5024/5010
s 5
f 4037/5010/5011 4036/5009/5005 4050/5023/5008 4052/5025/5012
f 4038/5011/5013 4037/5033/5011 4052/5025/5012 4053/5026/5014
f 4034/5007/5015 4039/5029/5016 4054/5027/5017 4049/5022/5018
f 4039/5012/5016 4038/5031/5013 4053/5026/5014 4054/5027/5017
g default
v -0.615199 2.665021 -1.527106
v -1.154769 2.883265 -1.527106
v -1.471936 2.875246 -1.039145
v -1.249533 2.648981 -0.551183
v -0.709963 2.430735 -0.551183
v -0.392796 2.438755 -1.039145
v -0.309580 3.204295 -1.535756
v -0.149353 3.842233 -1.523704
v -0.183059 4.398494 -1.511650
v -0.342633 4.862884 -1.499598
v -0.538024 5.236826 -1.487544
v -0.683743 5.537031 -1.475491
v -0.721299 5.771532 -1.463437
v -0.679269 5.982047 -1.451384
v -0.788918 6.290803 -1.497330
v -0.556794 6.437628 -1.559884
v -0.468709 6.700894 -1.512087
v -0.067162 6.920469 -1.403172
v 0.099139 7.149112 -1.391120
v 0.232689 7.378531 -1.379066
v 0.326735 7.623000 -1.367013
v 0.373322 7.893340 -1.354959
v 0.367542 8.195166 -1.342906
v 0.310423 8.537195 -1.330854
v 0.204205 8.884491 -1.318802
v 0.073875 9.333079 -1.306747
v -0.012110 9.794965 -1.294693
v 0.012937 10.232306 -1.282641
v 0.207202 10.609271 -1.270588
v 0.635268 10.913956 -1.258535
v 1.394062 11.128711 -1.246482
v -0.805389 3.481771 -1.526635
v -0.687691 3.974634 -1.514803
v -0.722249 4.359597 -1.502972
v -0.840004 4.689264 -1.491141
v -0.995140 5.003959 -1.479307
v -1.137023 5.327844 -1.467477
v -1.200019 5.691087 -1.455646
v -1.144307 6.060691 -1.443812
v -1.029106 6.346425 -1.361064
v -0.576264 6.926382 -1.381935
v -0.389161 7.184617 -1.396487
v -0.220925 7.393491 -1.384655
v -0.099169 7.581295 -1.372825
v -0.021204 7.763168 -1.360991
v 0.017945 7.958618 -1.349158
v 0.020019 8.192626 -1.337328
v -0.019512 8.486937 -1.325496
v -0.106054 8.806339 -1.313663
v -0.221317 9.251862 -1.301832
v -0.300202 9.745127 -1.290002
v -0.265084 10.250008 -1.278170
v -0.029344 10.728272 -1.266339
v 0.486860 11.116385 -1.254505
v 1.329193 11.356880 -1.242674
v 1.362528 11.239626 -1.039146
v -1.046401 3.616651 -1.030025
v -0.949378 4.038995 -1.030246
v -0.984349 4.340692 -1.030467
v -1.081774 4.604871 -1.030688
v -1.217343 4.890766 -1.030910
v -1.357363 5.226158 -1.031131
v -1.432724 5.651983 -1.031353
v -1.370363 6.098921 -1.031574
v -1.136660 6.571913 -1.230912
v -1.048575 6.835180 -1.183114
v -0.816452 6.982005 -1.245669
v -0.623873 7.263702 -0.782269
v -0.546536 7.522302 -0.852387
v -0.315574 7.674968 -0.818894
v -0.190335 7.831308 -1.033122
v -0.154805 7.990346 -1.033345
v -0.148913 8.191394 -1.033566
v -0.179894 8.462509 -1.033788
v -0.256873 8.818328 -1.034008
v -0.364813 9.212383 -1.034230
v -0.440246 9.720904 -1.034451
v -0.400227 10.258617 -1.034673
v -0.144329 10.786126 -1.034894
v 0.414720 11.214788 -1.035118
v 1.297661 11.467794 -1.035337
v -0.791603 3.474055 -0.542533
v -0.672724 3.970951 -0.554587
v -0.707257 4.360680 -0.566641
v -0.826174 4.694091 -0.578693
v -0.982430 5.010436 -0.590746
v -1.124420 5.333661 -0.602799
v -1.186707 5.693324 -0.614852
v -1.131376 6.058506 -0.626906
v -0.986447 6.387347 -0.638960
v -0.793032 6.679391 -0.651011
v -0.582224 6.941458 -0.663065
v -0.502280 7.050649 -0.649622
v -0.066280 7.632267 -0.701419
v -0.011527 7.759272 -0.711277
v 0.027827 7.956799 -0.723331
v 0.029683 8.192698 -0.735383
v -0.010336 8.488334 -0.747438
v -0.097427 8.858489 -0.759491
v -0.213109 9.254120 -0.771544
v -0.292192 9.746512 -0.783597
v -0.257351 10.249518 -0.795650
v -0.022767 10.724965 -0.807703
v 0.490986 11.110758 -0.819757
v 1.330995 11.350533 -0.831810
v -0.295795 3.196580 -0.551655
v -0.134385 3.838552 -0.563485
v -0.168067 4.399574 -0.575319
v -0.328804 4.867711 -0.587151
v -0.525314 5.243299 -0.598982
v -0.671140 5.542846 -0.610815
v -0.707987 5.773767 -0.622644
v -0.666339 5.979857 -0.634478
v -0.567657 6.202296 -0.646311
v -0.420066 6.438377 -0.658140
v -0.242279 6.677695 -0.669972
v -0.252986 7.007949 -0.532145
v -0.022024 7.160612 -0.498656
v 0.055312 7.419214 -0.568770
v 0.336411 7.619102 -0.717298
v 0.383202 7.891520 -0.729133
v 0.377203 8.195232 -0.740964
v 0.319597 8.538596 -0.752794
v 0.212832 8.936643 -0.764627
v 0.082083 9.335337 -0.776459
v -0.004099 9.796348 -0.788290
v 0.020668 10.231814 -0.800122
v 0.213777 10.605963 -0.811955
v 0.639393 10.908330 -0.823785
v 1.395865 11.122368 -0.835619
v -0.054783 3.061699 -1.048265
v 0.127301 3.774191 -1.048043
v 0.094033 4.418481 -1.047824
v -0.087033 4.952106 -1.047603
v -0.303111 5.356496 -1.047381
v -0.450801 5.644533 -1.047159
v -0.475283 5.812872 -1.046938
v -0.440285 5.941628 -1.046718
v -0.364084 6.112348 -1.046495
v -0.238768 6.321219 -1.046275
v -0.077032 6.549483 -1.046052
v 0.098311 6.784717 -1.045833
v 0.263617 7.023523 -1.045609
v 0.403231 7.274329 -1.045390
v 0.505539 7.550958 -1.045168
v 0.555948 7.859786 -1.044948
v 0.546132 8.196465 -1.044726
v 0.479978 8.563023 -1.044503
v 0.363650 8.924651 -1.044283
v 0.225575 9.374810 -1.044063
v 0.135942 9.820568 -1.043839
v 0.155811 10.223202 -1.043619
v 0.328760 10.548112 -1.043397
v 0.711534 10.809928 -1.043176
v 1.427395 11.011451 -1.042954
v -0.633829 7.448739 -0.387575
v -0.622848 7.542873 -0.139930
v -0.611841 7.614147 0.091741
v -0.600834 7.665314 0.305074
v -0.589827 7.700640 0.501246
v -0.578821 7.724377 0.681442
v -0.567813 7.740767 0.846850
v -0.556806 7.754045 0.998650
v -0.545800 7.768478 1.138021
v -0.534794 7.788388 1.266133
v -0.523786 7.818179 1.384104
v -0.512779 7.862336 1.492887
v -0.501772 7.925141 1.593096
v -0.490765 8.006939 1.683717
v -0.479758 8.104487 1.763042
v -0.468751 8.214710 1.829756
v -0.457745 8.334608 1.882498
v -0.446738 8.461216 1.919845
v -0.435730 8.591567 1.940329
v -0.424724 8.722681 1.942439
v -0.413716 8.851567 1.924649
v -0.402709 8.975172 1.885413
v -0.391703 9.090408 1.823215
v -0.380696 9.194152 1.736592
v -0.369689 9.283298 1.624170
v -0.510984 7.231008 -0.284402
v -0.503918 7.324419 -0.057530
v -0.496737 7.397933 0.157416
v -0.489554 7.452679 0.355180
v -0.482372 7.492867 0.537713
v -0.475191 7.522551 0.707017
v -0.468009 7.545684 0.865095
v -0.460827 7.566239 1.013929
v -0.453644 7.588407 1.155473
v -0.446461 7.616859 1.291576
v -0.439281 7.657055 1.423619
v -0.432098 7.715209 1.551547
v -0.424916 7.796872 1.672544
v -0.417734 7.900003 1.779219
v -0.410553 8.018167 1.867960
v -0.403370 8.147594 1.939167
v -0.396188 8.285280 1.992818
v -0.389006 8.428485 2.028354
v -0.381823 8.574498 2.044770
v -0.374642 8.720500 2.040734
v -0.367459 8.863440 2.014678
v -0.360277 8.999905 1.964958
v -0.353096 9.126028 1.890117
v -0.345913 9.237630 1.789247
v -0.338732 9.330719 1.662180
v -0.279862 9.276227 1.618502
v -0.550332 7.680353 -0.499495
v -0.541852 7.776027 -0.227875
v -0.533450 7.844910 0.021646
v -0.525047 7.892259 0.251594
v -0.516645 7.922397 0.462324
v -0.508244 7.939786 0.654147
v -0.499842 7.948973 0.827376
v -0.491439 7.954486 0.982342
v -0.483038 7.960668 1.119396
v -0.474635 7.971464 1.238980
v -0.466234 7.990143 1.341929
v -0.457831 8.019364 1.430283
v -0.449430 8.062040 1.508302
v -0.441027 8.121067 1.581788
v -0.432626 8.196615 1.651065
v -0.424223 8.286344 1.712987
v -0.415822 8.387256 1.764756
v -0.407421 8.496145 1.804036
v -0.399018 8.609782 1.828859
v -0.390616 8.725012 1.837531
v -0.382214 8.838891 1.828560
v -0.373811 8.948774 1.800517
v -0.365410 9.052394 1.751812
v -0.357007 9.147751 1.680398
v -0.348605 9.232685 1.583605
v -0.052182 7.713868 -0.520608
v -0.059188 7.811517 -0.241263
v -0.066309 7.880038 0.010977
v -0.073429 7.926805 0.243453
v -0.080550 7.956155 0.456399
v -0.087672 7.972579 0.649993
v -0.094792 7.980669 0.824412
v -0.101913 7.984998 0.979858
v -0.109035 7.989922 1.116560
v -0.116155 7.999330 1.234847
v -0.123277 8.016318 1.335507
v -0.130398 8.043265 1.420752
v -0.137518 8.082880 1.495396
v -0.144640 8.138439 1.566272
v -0.151760 8.210637 1.634018
v -0.158881 8.297247 1.695210
v -0.166003 8.395272 1.746834
v -0.173124 8.501466 1.786407
v -0.180244 8.612556 1.811890
v -0.187365 8.725368 1.821561
v -0.194487 8.836962 1.813931
v -0.201608 8.944756 1.787593
v -0.208727 9.046610 1.740942
v -0.215849 9.140689 1.671842
v -0.222970 9.224981 1.577428
v -0.309406 7.790174 -0.554597
v -0.308376 7.887302 -0.269849
v -0.307482 7.955046 -0.011808
v -0.306590 8.000570 0.226069
v -0.305696 8.028233 0.443748
v -0.304803 8.042595 0.641121
v -0.303910 8.048345 0.818082
v -0.303017 8.050147 0.974558
v -0.302124 8.052393 1.110506
v -0.301231 8.058835 1.226020
v -0.300337 8.072217 1.321799
v -0.299444 8.094307 1.400402
v -0.298552 8.127378 1.467833
v -0.297659 8.175534 1.533140
v -0.296765 8.240581 1.597621
v -0.295872 8.320529 1.657256
v -0.294979 8.412381 1.708562
v -0.294085 8.512818 1.748767
v -0.293193 8.618473 1.775658
v -0.292299 8.726124 1.787462
v -0.291405 8.832844 1.782702
v -0.290512 8.936175 1.759999
v -0.289619 9.034252 1.717733
v -0.288726 9.125607 1.653577
v -0.287833 9.208530 1.564244
v -0.253759 7.154705 -0.250410
v -0.254730 7.248635 -0.028946
v -0.255562 7.322927 0.180200
v -0.256395 7.378913 0.372564
v -0.257227 7.420788 0.550364
v -0.258059 7.452534 0.715889
v -0.258891 7.478009 0.871427
v -0.259723 7.501088 1.019231
v -0.260555 7.525939 1.161527
v -0.261387 7.557353 1.300403
v -0.262219 7.601162 1.437326
v -0.263052 7.664170 1.571897
v -0.263884 7.752376 1.700103
v -0.264716 7.862910 1.812349
v -0.265547 7.988227 1.904358
v -0.266379 8.124315 1.977119
v -0.267211 8.268173 2.031089
v -0.268045 8.417132 2.065993
v -0.268877 8.568582 2.081000
v -0.269708 8.719746 2.074832
v -0.270541 8.867561 2.045909
v -0.271373 9.008487 1.992550
v -0.272205 9.138384 1.913321
v -0.273036 9.252712 1.807508
v -0.273869 9.347168 1.675362
v -0.012833 7.264525 -0.305514
v -0.021254 7.359914 -0.070919
v -0.029596 7.433063 0.146745
v -0.037937 7.487226 0.347038
v -0.046278 7.526626 0.531788
v -0.054619 7.555344 0.702861
v -0.062960 7.577380 0.862130
v -0.071300 7.596756 1.011446
v -0.079640 7.617666 1.152637
v -0.087982 7.644729 1.287441
v -0.096323 7.683236 1.417198
v -0.104664 7.739115 1.542015
v -0.113004 7.817714 1.659634
v -0.121346 7.917381 1.763701
v -0.129687 8.032196 1.850912
v -0.138028 8.158503 1.921388
v -0.146369 8.293299 1.974892
v -0.154709 8.433807 2.010722
v -0.163050 8.577273 2.027801
v -0.171391 8.720856 2.024762
v -0.179732 8.861512 2.000050
v -0.188073 8.995885 1.952031
v -0.196414 9.120241 1.879244
v -0.204755 9.230564 1.780690
v -0.213096 9.323013 1.656001
v 0.070664 7.496139 -0.417433
v 0.059743 7.593069 -0.158862
v 0.048797 7.663828 0.076651
v 0.037851 7.714173 0.293561
v 0.026905 7.748383 0.492867
v 0.015959 7.770755 0.675568
v 0.005013 7.785590 0.842659
v -0.005934 7.797196 0.995139
v -0.016879 7.809855 1.134011
v -0.027825 7.827803 1.260288
v -0.038771 7.855202 1.375025
v -0.049716 7.896145 1.479410
v -0.060663 7.954617 1.574841
v -0.071608 8.031510 1.661774
v -0.082554 8.124321 1.738935
v -0.093500 8.230133 1.804618
v -0.104446 8.345944 1.857150
v -0.115392 8.468735 1.894913
v -0.126338 8.595488 1.916330
v -0.137284 8.723186 1.919853
v -0.148230 8.848839 1.903961
v -0.159176 8.969488 1.867136
v -0.170122 9.082225 1.807842
v -0.181068 9.184164 1.724495
v -0.192013 9.272400 1.615437
v -0.774027 6.352437 -1.792616
v -0.774553 6.433202 -2.081264
v -0.775160 6.512852 -2.340709
v -0.775768 6.595501 -2.584021
v -0.776375 6.682264 -2.809694
v -0.776983 6.774506 -3.016397
v -0.777590 6.874037 -3.202992
v -0.778198 6.983463 -3.368481
v -0.778806 7.106720 -3.511581
v -0.779413 7.249458 -3.629343
v -0.780020 7.417436 -3.714136
v -0.780628 7.609515 -3.752053
v -0.781236 7.810530 -3.732135
v -0.781843 7.995216 -3.666366
v -0.782451 8.159468 -3.579507
v -0.783059 8.312493 -3.485483
v -0.783666 8.458456 -3.393744
v -0.784274 8.597730 -3.313025
v -0.784882 8.728199 -3.251824
v -0.785489 8.845894 -3.217475
v -0.786097 8.946843 -3.214036
v -0.786705 9.033691 -3.241895
v -0.787311 9.121037 -3.307868
v -0.787919 9.219947 -3.433412
v -0.788527 9.325735 -3.639342
v -1.035004 6.438014 -1.778317
v -1.029222 6.515236 -2.060694
v -1.023495 6.592420 -2.319023
v -1.017768 6.672417 -2.560722
v -1.012040 6.756254 -2.784182
v -1.006313 6.845144 -2.987923
v -1.000586 6.940641 -3.170618
v -0.994859 7.044904 -3.331037
v -0.989131 7.161097 -3.467743
v -0.983405 7.293684 -3.578026
v -0.977678 7.447213 -3.655639
v -0.971950 7.621002 -3.689562
v -0.966223 7.803720 -3.671082
v -0.960495 7.976093 -3.610202
v -0.954768 8.134612 -3.527959
v -0.949042 8.285846 -3.437230
v -0.943314 8.432544 -3.347490
v -0.937587 8.574569 -3.267685
v -0.931860 8.709914 -3.206567
v -0.926133 8.835155 -3.172020
v -0.920406 8.946869 -3.169434
v -0.914679 9.046648 -3.201418
v -0.908951 9.145149 -3.275461
v -0.903224 9.250359 -3.410144
v -0.897497 9.358305 -3.623569
v -0.797927 9.460563 -3.574064
v -0.528158 6.473053 -1.767385
v -0.534671 6.549863 -2.052013
v -0.541245 6.626006 -2.309870
v -0.547819 6.704884 -2.550889
v -0.554394 6.787485 -2.773415
v -0.560968 6.874960 -2.975906
v -0.567543 6.968757 -3.156953
v -0.574118 7.070841 -3.315232
v -0.580692 7.184052 -3.449237
v -0.587267 7.312355 -3.556367
v -0.593841 7.459784 -3.630947
v -0.600416 7.625851 -3.663186
v -0.606990 7.800845 -3.645309
v -0.613564 7.968021 -3.586494
v -0.620139 8.124120 -3.506201
v -0.626714 8.274599 -3.416860
v -0.633288 8.421605 -3.327965
v -0.639863 8.564795 -3.248543
v -0.646437 8.702198 -3.187462
v -0.653011 8.830625 -3.152831
v -0.659586 8.946880 -3.150606
v -0.666160 9.052121 -3.184332
v -0.672735 9.155333 -3.261782
v -0.679310 9.263197 -3.400325
v -0.685884 9.372054 -3.616913
v -0.564631 6.970851 -1.671966
v -0.570371 7.029567 -1.931738
v -0.576057 7.091287 -2.183065
v -0.581744 7.154651 -2.414653
v -0.587429 7.220134 -2.624235
v -0.593116 7.288012 -2.809415
v -0.598803 7.358229 -2.967646
v -0.604489 7.430121 -3.096282
v -0.610176 7.502025 -3.192889
v -0.615863 7.570971 -3.256296
v -0.621549 7.633913 -3.288882
v -0.627236 7.693025 -3.297775
v -0.632922 7.761023 -3.288292
v -0.638609 7.856206 -3.258077
v -0.644295 7.978787 -3.204781
v -0.649982 8.118795 -3.134690
v -0.655668 8.270082 -3.057491
v -0.661355 8.429379 -2.983398
v -0.667041 8.595295 -2.922818
v -0.672728 8.767842 -2.887024
v -0.678415 8.947042 -2.889787
v -0.684101 9.127897 -2.947651
v -0.689788 9.296360 -3.072287
v -0.695473 9.441046 -3.264280
v -0.701160 9.562517 -3.524700
v -0.441423 6.729210 -1.717412
v -0.450095 6.796888 -1.990077
v -0.458774 6.865602 -2.244573
v -0.467451 6.936491 -2.480734
v -0.476129 7.010277 -2.696594
v -0.484808 7.087661 -2.890170
v -0.493487 7.169313 -3.059469
v -0.502165 7.255851 -3.202485
v -0.510843 7.347793 -3.317232
v -0.519521 7.445529 -3.401847
v -0.528200 7.549451 -3.454801
v -0.536878 7.660442 -3.475018
v -0.545556 7.780338 -3.461464
v -0.554235 7.910444 -3.417377
v -0.562913 8.049284 -3.350985
v -0.571591 8.194371 -3.271557
v -0.580269 8.343582 -3.188684
v -0.588947 8.495068 -3.112006
v -0.597626 8.647152 -3.051185
v -0.606305 8.798297 -3.015955
v -0.614982 8.946966 -3.016299
v -0.623661 9.091144 -3.062456
v -0.632339 9.227955 -3.164205
v -0.641017 9.354779 -3.330272
v -0.649695 9.470134 -3.569431
v -1.158210 6.679658 -1.732872
v -1.149497 6.747917 -2.002355
v -1.140778 6.818105 -2.257517
v -1.132059 6.890577 -2.494642
v -1.123340 6.966110 -2.711823
v -1.114621 7.045495 -2.907167
v -1.105902 7.129556 -3.078795
v -1.097183 7.219176 -3.224835
v -1.088464 7.315333 -3.343401
v -1.079744 7.419129 -3.432479
v -1.071026 7.531676 -3.489718
v -1.062307 7.653586 -3.512319
v -1.053588 7.784405 -3.497910
v -1.044869 7.921859 -3.450901
v -1.036150 8.064120 -3.381753
v -1.027430 8.210275 -3.300361
v -1.018711 8.359049 -3.216294
v -1.009993 8.508888 -3.139073
v -1.001274 8.658064 -3.078199
v -0.992555 8.804706 -3.043089
v -0.983836 8.946950 -3.042923
v -0.975117 9.083407 -3.086615
v -0.966398 9.213559 -3.183547
v -0.957679 9.336626 -3.344159
v -0.948961 9.450691 -3.578844
v -1.071475 6.935814 -1.682897
v -1.064922 6.994941 -1.940420
v -1.058307 7.057701 -2.192220
v -1.051691 7.122185 -2.424488
v -1.045076 7.188903 -2.635004
v -1.038461 7.258196 -2.821433
v -1.031846 7.330116 -2.981310
v -1.025231 7.404188 -3.112088
v -1.018615 7.479075 -3.211393
v -1.012001 7.552305 -3.277958
v -1.005385 7.621345 -3.313573
v -0.998770 7.688177 -3.324151
v -0.992155 7.763898 -3.314062
v -0.985539 7.864279 -3.281782
v -0.978924 7.989281 -3.226536
v -0.972309 8.130044 -3.155057
v -0.965693 8.281023 -3.077013
v -0.959078 8.439157 -3.002534
v -0.952463 8.603015 -2.941918
v -0.945848 8.772380 -2.906211
v -0.939233 8.947035 -2.908615
v -0.932618 9.122432 -2.964736
v -0.926003 9.286181 -3.085967
v -0.919387 9.428209 -3.274103
v -0.912772 9.548770 -3.531360
v -0.825606 7.056431 -1.657670
v -0.825040 7.111605 -1.911169
v -0.824392 7.170857 -2.161381
v -0.823744 7.231569 -2.391356
v -0.823095 7.294124 -2.598724
v -0.822447 7.358651 -2.780943
v -0.821799 7.424834 -2.935271
v -0.821150 7.491566 -3.058840
v -0.820503 7.556406 -3.149051
v -0.819854 7.615202 -3.204981
v -0.819206 7.663694 -3.230383
v -0.818558 7.704515 -3.235282
v -0.817910 7.754212 -3.227236
v -0.817261 7.837085 -3.201911
v -0.816613 7.953934 -3.153232
v -0.815965 8.092153 -3.086434
v -0.815317 8.244172 -3.011234
v -0.814668 8.406222 -2.938052
v -0.814020 8.577014 -2.877557
v -0.813372 8.757107 -2.841567
v -0.812723 8.947072 -2.845181
v -0.812075 9.140858 -2.907173
v -0.811426 9.320478 -3.039881
v -0.810778 9.471460 -3.241016
v -0.810130 9.595091 -3.508931
v -1.228564 2.881400 -1.413572
v -0.861465 3.513153 -1.411089
v -0.748577 3.989609 -1.402061
v -0.783232 4.355199 -1.393035
v -0.896256 4.669628 -1.384008
v -1.046840 4.977622 -1.374980
v -1.188289 5.304185 -1.365953
v -1.254162 5.681988 -1.356925
v -1.196903 6.069586 -1.347898
v -1.054130 6.398889 -1.330781
v -1.063670 6.494236 -1.767744
v -1.057207 6.569374 -2.047120
v -1.050783 6.644929 -2.304712
v -1.044360 6.723176 -2.545348
v -1.037936 6.805080 -2.767346
v -1.031513 6.891759 -2.969134
v -1.025090 6.984596 -3.149254
v -1.018667 7.085451 -3.306328
v -1.012243 7.196983 -3.438812
v -1.005820 7.322871 -3.544162
v -0.999397 7.466865 -3.617034
v -0.992973 7.628583 -3.648324
v -0.986550 7.799225 -3.630790
v -0.980126 7.963474 -3.573137
v -0.973703 8.118211 -3.493941
v -0.967280 8.268262 -3.405385
v -0.960856 8.415443 -3.316966
v -0.954434 8.559287 -3.237761
v -0.948011 8.697850 -3.176700
v -0.941588 8.828070 -3.142021
v -0.935164 8.946887 -3.139998
v -0.928741 9.055201 -3.174707
v -0.922318 9.161065 -3.254076
v -0.915894 9.270431 -3.394792
v -0.909471 9.379801 -3.613164
v -0.824648 9.481086 -3.564128
v -0.726514 9.570095 -3.521032
v -0.722301 9.448122 -3.258869
v -0.718089 9.301971 -3.064747
v -0.713877 9.130913 -2.938233
v -0.709664 8.947048 -2.879409
v -0.705451 8.765345 -2.876449
v -0.701239 8.591042 -2.912286
v -0.697026 8.423991 -2.972848
v -0.692814 8.264053 -3.046729
v -0.688601 8.112596 -3.123462
v -0.684388 7.973004 -3.192787
v -0.680176 7.851757 -3.245008
v -0.675963 7.759438 -3.274086
v -0.671751 7.695697 -3.283235
v -0.667538 7.640842 -3.275272
v -0.663325 7.581263 -3.244357
v -0.659113 7.514677 -3.182690
v -0.654900 7.444417 -3.087571
v -0.650687 7.373726 -2.960114
v -0.646475 7.304447 -2.802790
v -0.642262 7.237349 -2.618299
v -0.638049 7.172547 -2.409234
v -0.633837 7.109800 -2.178020
v -0.629624 7.048655 -1.926951
v -0.625352 6.990763 -1.668639
v -0.632148 6.939323 -1.350230
v -0.443771 7.203017 -1.253577
v -0.296685 7.423461 -1.260813
v -0.149520 7.603090 -1.243942
v -0.060555 7.779022 -1.284706
v -0.022249 7.966000 -1.275679
v -0.019287 8.192339 -1.266651
v -0.056828 8.481253 -1.257624
v -0.141145 8.809128 -1.248597
v -0.254704 9.242676 -1.239570
v -0.332786 9.739491 -1.230543
v -0.296527 10.252010 -1.221517
v -0.056098 10.741733 -1.212489
v 0.470075 11.139281 -1.203461
v 1.321856 11.382687 -1.194433
vt 0.157832 0.548527
vt 0.180755 0.557552
vt 0.205174 0.560778
vt 0.229054 0.563975
vt 0.253822 0.573060
vt 0.136886 0.534689
vt 0.246297 0.110820
vt 0.261840 0.548477
vt 0.266902 0.523869
vt 0.270220 0.503687
vt 0.272310 0.485723
vt 0.273978 0.469237
vt 0.278490 0.456142
vt 0.284786 0.447756
vt 0.292676 0.443764
vt 0.294259 0.424709
vt 0.302263 0.432223
vt 0.307077 0.439857
vt 0.293394 0.333257
vt 0.287334 0.324893
vt 0.284268 0.315829
vt 0.283076 0.306677
vt 0.282612 0.297074
vt 0.282725 0.286302
vt 0.283653 0.273223
vt 0.284709 0.258750
vt 0.286337 0.239155
vt 0.288311 0.218635
vt 0.289421 0.198733
vt 0.290592 0.179233
vt 0.292889 0.155745
vt 0.299791 0.123348
vt 0.239932 0.536663
vt 0.245550 0.514742
vt 0.249462 0.497757
vt 0.252899 0.482453
vt 0.257007 0.467113
vt 0.263009 0.452411
vt 0.271563 0.438619
vt 0.282409 0.426850
vt 0.286784 0.415215
vt 0.480408 0.443234
vt 0.289122 0.354249
vt 0.277921 0.341867
vt 0.272190 0.329163
vt 0.269455 0.318144
vt 0.268480 0.308436
vt 0.268074 0.298894
vt 0.268624 0.287812
vt 0.270110 0.274079
vt 0.271565 0.259372
vt 0.273845 0.239690
vt 0.276312 0.219283
vt 0.278324 0.199809
vt 0.280346 0.179974
vt 0.283072 0.155260
vt 0.289215 0.119669
vt 0.217264 0.524748
vt 0.224075 0.504118
vt 0.229259 0.489505
vt 0.234386 0.476589
vt 0.240367 0.462888
vt 0.247094 0.448401
vt 0.255583 0.433024
vt 0.264501 0.417842
vt 0.278957 0.399342
vt 0.277150 0.383342
vt 0.278046 0.367107
vt 0.247952 0.352431
vt 0.246182 0.337311
vt 0.241672 0.321179
vt 0.251426 0.308313
vt 0.252796 0.298616
vt 0.254601 0.287324
vt 0.256801 0.273303
vt 0.259245 0.256401
vt 0.261794 0.238910
vt 0.264497 0.218584
vt 0.267023 0.199381
vt 0.269650 0.179517
vt 0.272955 0.154537
vt 0.277930 0.117227
vt 0.193086 0.518618
vt 0.201667 0.497099
vt 0.209150 0.480553
vt 0.216830 0.466339
vt 0.225345 0.453066
vt 0.232438 0.439472
vt 0.239775 0.426076
vt 0.245803 0.412796
vt 0.249896 0.398694
vt 0.250753 0.383547
vt 0.244699 0.369017
vt 0.240048 0.364262
vt 0.065652 0.350677
vt 0.229532 0.308841
vt 0.233559 0.303757
vt 0.237817 0.294488
vt 0.241210 0.283486
vt 0.244015 0.269874
vt 0.246762 0.253275
vt 0.250028 0.236148
vt 0.252871 0.216047
vt 0.255993 0.196816
vt 0.259205 0.177199
vt 0.263045 0.152600
vt 0.266417 0.116687
vt 0.168669 0.514411
vt 0.179503 0.490773
vt 0.189452 0.471140
vt 0.199769 0.454113
vt 0.210573 0.440010
vt 0.218419 0.427655
vt 0.223878 0.418417
vt 0.228031 0.409918
vt 0.231806 0.400294
vt 0.233303 0.389888
vt 0.229957 0.380941
vt 0.227172 0.369447
vt 0.204495 0.302952
vt 0.216313 0.304210
vt 0.220104 0.292855
vt 0.225451 0.286363
vt 0.229023 0.277027
vt 0.231650 0.264816
vt 0.234433 0.249019
vt 0.238100 0.232201
vt 0.241463 0.212147
vt 0.245567 0.192769
vt 0.249528 0.173708
vt 0.253459 0.150464
vt 0.255256 0.117471
vt 0.284524 0.555044
vt 0.289779 0.528574
vt 0.292451 0.507142
vt 0.293468 0.488522
vt 0.291556 0.474071
vt 0.291881 0.463617
vt 0.292859 0.459445
vt 0.294115 0.460939
vt 0.298072 0.461512
vt 0.301096 0.468261
vt 0.306015 0.478229
vt 0.306588 0.321180
vt 0.301227 0.316569
vt 0.298723 0.310734
vt 0.297814 0.303659
vt 0.297340 0.295270
vt 0.297183 0.285284
vt 0.297576 0.272886
vt 0.298133 0.258667
vt 0.299193 0.239164
vt 0.300554 0.218395
vt 0.300941 0.198223
vt 0.301383 0.179357
vt 0.302928 0.157564
vt 0.309097 0.128206
vt 0.227500 0.346846
vt 0.214910 0.346647
vt 0.203562 0.347325
vt 0.193492 0.348254
vt 0.184534 0.349203
vt 0.176538 0.350125
vt 0.169408 0.351081
vt 0.163047 0.352159
vt 0.157151 0.352079
vt 0.151707 0.352112
vt 0.146596 0.352143
vt 0.141670 0.352069
vt 0.136725 0.351829
vt 0.131635 0.351452
vt 0.126393 0.351011
vt 0.121010 0.350543
vt 0.115523 0.350056
vt 0.109979 0.349536
vt 0.104424 0.348960
vt 0.098893 0.348295
vt 0.093397 0.347499
vt 0.087922 0.346519
vt 0.082413 0.345289
vt 0.076778 0.343728
vt 0.063248 0.347980
vt 0.223055 0.356618
vt 0.212204 0.355795
vt 0.202038 0.356222
vt 0.192929 0.357082
vt 0.184739 0.358003
vt 0.177330 0.358892
vt 0.170572 0.359750
vt 0.164328 0.360626
vt 0.158436 0.360399
vt 0.152897 0.360172
vt 0.147550 0.359891
vt 0.142237 0.359502
vt 0.136822 0.358950
vt 0.131375 0.358253
vt 0.125955 0.357478
vt 0.120507 0.356658
vt 0.115013 0.355805
vt 0.109483 0.354915
vt 0.103939 0.353967
vt 0.098399 0.352931
vt 0.092868 0.351765
vt 0.087322 0.350419
vt 0.081701 0.348828
vt 0.075872 0.346925
vt 0.069677 0.344641
vt 0.228858 0.335408
vt 0.215692 0.337155
vt 0.203856 0.338573
vt 0.193277 0.339766
vt 0.183824 0.340798
vt 0.175360 0.341728
vt 0.167813 0.342626
vt 0.161261 0.343667
vt 0.155296 0.343825
vt 0.149841 0.344144
vt 0.144940 0.344422
vt 0.140473 0.344589
vt 0.136137 0.344624
vt 0.131524 0.344578
vt 0.126521 0.344504
vt 0.121235 0.344415
vt 0.115775 0.344309
vt 0.110238 0.344166
vt 0.104696 0.343962
vt 0.099201 0.343663
vt 0.093775 0.343229
vt 0.088409 0.342603
vt 0.083066 0.341712
vt 0.077736 0.340467
vt 0.061997 0.349593
vt 0.221817 0.314249
vt 0.209966 0.319423
vt 0.199199 0.321781
vt 0.189405 0.323169
vt 0.180505 0.324202
vt 0.172409 0.325087
vt 0.165085 0.325824
vt 0.158625 0.326188
vt 0.152877 0.327247
vt 0.147597 0.327995
vt 0.142909 0.328632
vt 0.138718 0.329245
vt 0.134717 0.329904
vt 0.130443 0.330629
vt 0.125751 0.331380
vt 0.120745 0.332111
vt 0.115543 0.332794
vt 0.110250 0.333412
vt 0.104955 0.333949
vt 0.099718 0.334385
vt 0.094568 0.334685
vt 0.089485 0.334798
vt 0.084381 0.334621
vt 0.079063 0.333875
vt 0.063822 0.353832
vt 0.227522 0.323859
vt 0.214428 0.327679
vt 0.202728 0.329954
vt 0.192164 0.331431
vt 0.182661 0.332542
vt 0.174111 0.333480
vt 0.166430 0.334311
vt 0.159598 0.335041
vt 0.153558 0.335630
vt 0.148137 0.336154
vt 0.143397 0.336598
vt 0.139248 0.336966
vt 0.135340 0.337284
vt 0.131086 0.337605
vt 0.126303 0.337937
vt 0.121148 0.338260
vt 0.115777 0.338552
vt 0.110313 0.338793
vt 0.104849 0.338962
vt 0.099443 0.339028
vt 0.094122 0.338952
vt 0.088872 0.338671
vt 0.083641 0.338083
vt 0.078381 0.337041
vt 0.073160 0.335628
vt 0.217344 0.365107
vt 0.208634 0.364841
vt 0.200071 0.365569
vt 0.192069 0.366491
vt 0.184615 0.367354
vt 0.177653 0.368112
vt 0.171089 0.368746
vt 0.164757 0.369103
vt 0.158713 0.368826
vt 0.153042 0.368296
vt 0.147533 0.367667
vt 0.142020 0.366926
vt 0.136386 0.366039
vt 0.130764 0.365020
vt 0.125243 0.363916
vt 0.119753 0.362749
vt 0.114253 0.361536
vt 0.108734 0.360278
vt 0.103202 0.358959
vt 0.097665 0.357550
vt 0.092123 0.356013
vt 0.086553 0.354295
vt 0.080899 0.352330
vt 0.075038 0.350058
vt 0.068401 0.347854
vt 0.205126 0.303695
vt 0.198549 0.303089
vt 0.191133 0.303801
vt 0.183657 0.304763
vt 0.176467 0.305794
vt 0.169703 0.306776
vt 0.163314 0.307624
vt 0.157061 0.308519
vt 0.151324 0.309993
vt 0.146358 0.311470
vt 0.141784 0.312817
vt 0.137367 0.314136
vt 0.132924 0.315552
vt 0.128412 0.317048
vt 0.123811 0.318540
vt 0.119068 0.319990
vt 0.114194 0.321380
vt 0.109243 0.322700
vt 0.104288 0.323941
vt 0.099394 0.325088
vt 0.094605 0.326113
vt 0.089922 0.326977
vt 0.085303 0.327615
vt 0.080717 0.327911
vt 0.075922 0.326921
vt 0.212935 0.308436
vt 0.203927 0.311848
vt 0.194911 0.313359
vt 0.186347 0.314413
vt 0.178364 0.315342
vt 0.170984 0.316189
vt 0.164203 0.316868
vt 0.157983 0.317303
vt 0.152411 0.318630
vt 0.147339 0.319722
vt 0.142681 0.320680
vt 0.138307 0.321624
vt 0.133996 0.322658
vt 0.129545 0.323780
vt 0.124886 0.324917
vt 0.120026 0.326020
vt 0.115013 0.327066
vt 0.109916 0.328041
vt 0.104810 0.328936
vt 0.099758 0.329733
vt 0.094793 0.330405
vt 0.089903 0.330908
vt 0.085020 0.331166
vt 0.079981 0.331020
vt 0.074551 0.329113
vt 0.302306 0.418292
vt 0.311484 0.413642
vt 0.320972 0.412704
vt 0.329994 0.413744
vt 0.338208 0.415692
vt 0.345612 0.417925
vt 0.352289 0.420135
vt 0.358348 0.422188
vt 0.363940 0.424045
vt 0.369277 0.425728
vt 0.374617 0.427281
vt 0.380190 0.428739
vt 0.386119 0.430123
vt 0.392216 0.431438
vt 0.398409 0.432779
vt 0.404786 0.434296
vt 0.411157 0.436152
vt 0.417473 0.438259
vt 0.423464 0.440522
vt 0.428805 0.442795
vt 0.433348 0.444959
vt 0.437469 0.447151
vt 0.442207 0.450053
vt 0.448389 0.454911
vt 0.485069 0.438812
vt 0.298852 0.407608
vt 0.309371 0.403793
vt 0.320155 0.403189
vt 0.330312 0.404371
vt 0.339466 0.406425
vt 0.347585 0.408805
vt 0.354743 0.411212
vt 0.361067 0.413496
vt 0.366733 0.415597
vt 0.371983 0.417506
vt 0.377107 0.419239
vt 0.382378 0.420806
vt 0.387989 0.422233
vt 0.393872 0.423611
vt 0.400005 0.425131
vt 0.406425 0.426849
vt 0.412893 0.428993
vt 0.419255 0.431558
vt 0.425401 0.434177
vt 0.430994 0.436777
vt 0.435898 0.439368
vt 0.440410 0.442189
vt 0.445419 0.445838
vt 0.451767 0.451252
vt 0.458792 0.459428
vt 0.307149 0.426514
vt 0.315379 0.422972
vt 0.323150 0.422651
vt 0.330537 0.423861
vt 0.337550 0.425709
vt 0.344207 0.427722
vt 0.350493 0.429663
vt 0.356399 0.431420
vt 0.361966 0.432960
vt 0.367307 0.434309
vt 0.372616 0.435536
vt 0.378105 0.436713
vt 0.383930 0.437890
vt 0.389999 0.439042
vt 0.396220 0.440189
vt 0.402556 0.441491
vt 0.408724 0.443182
vt 0.414848 0.444657
vt 0.420561 0.446459
vt 0.425597 0.448304
vt 0.429962 0.450068
vt 0.434063 0.451822
vt 0.438694 0.454061
vt 0.444516 0.457699
vt 0.480690 0.437156
vt 0.303754 0.359288
vt 0.316045 0.363567
vt 0.328817 0.365999
vt 0.340598 0.368653
vt 0.351277 0.371557
vt 0.360806 0.374634
vt 0.369110 0.377681
vt 0.376150 0.380467
vt 0.381909 0.382820
vt 0.386405 0.384708
vt 0.389795 0.386261
vt 0.392584 0.387738
vt 0.395702 0.389496
vt 0.400216 0.391865
vt 0.406213 0.394794
vt 0.413063 0.398122
vt 0.420324 0.401670
vt 0.427427 0.405564
vt 0.434066 0.409708
vt 0.440290 0.413850
vt 0.446228 0.418228
vt 0.452161 0.423076
vt 0.458421 0.428772
vt 0.465449 0.435793
vt 0.474217 0.443823
vt 0.311920 0.436521
vt 0.317778 0.433768
vt 0.323467 0.433495
vt 0.329451 0.434464
vt 0.335727 0.435988
vt 0.342117 0.437694
vt 0.348447 0.439357
vt 0.354585 0.440840
vt 0.360443 0.442077
vt 0.365981 0.443081
vt 0.371251 0.443932
vt 0.376452 0.444746
vt 0.381883 0.445624
vt 0.387725 0.446537
vt 0.393840 0.447446
vt 0.399973 0.448530
vt 0.406194 0.449948
vt 0.412313 0.451165
vt 0.417733 0.452400
vt 0.422543 0.453790
vt 0.426855 0.455164
vt 0.431014 0.456568
vt 0.435581 0.458375
vt 0.440934 0.461250
vt 0.446082 0.467468
vt 0.297413 0.395049
vt 0.309110 0.393476
vt 0.320931 0.393789
vt 0.331936 0.395386
vt 0.341838 0.397664
vt 0.350594 0.400245
vt 0.358236 0.402864
vt 0.364842 0.405372
vt 0.370540 0.407677
vt 0.375532 0.409719
vt 0.380104 0.411464
vt 0.384612 0.412923
vt 0.389435 0.414191
vt 0.394857 0.415556
vt 0.400913 0.417268
vt 0.407451 0.419294
vt 0.414232 0.421695
vt 0.420640 0.424693
vt 0.426822 0.427651
vt 0.432567 0.430592
vt 0.437862 0.433638
vt 0.442968 0.437088
vt 0.448464 0.441413
vt 0.454950 0.447267
vt 0.485062 0.447739
vt 0.298159 0.382209
vt 0.310366 0.383003
vt 0.322912 0.384481
vt 0.334460 0.386585
vt 0.344944 0.389199
vt 0.354262 0.392027
vt 0.362408 0.394894
vt 0.369381 0.397640
vt 0.375177 0.400109
vt 0.379842 0.402145
vt 0.383574 0.403658
vt 0.386864 0.404767
vt 0.390534 0.405826
vt 0.395456 0.407308
vt 0.401604 0.409367
vt 0.408462 0.411923
vt 0.415530 0.414570
vt 0.422161 0.417933
vt 0.428507 0.421275
vt 0.434465 0.424633
vt 0.440120 0.428172
vt 0.445721 0.432192
vt 0.451654 0.437063
vt 0.458472 0.443249
vt 0.480712 0.449504
vt 0.299463 0.370022
vt 0.312627 0.373042
vt 0.325580 0.375202
vt 0.337480 0.377824
vt 0.348254 0.380645
vt 0.357873 0.383652
vt 0.366332 0.386685
vt 0.373587 0.389543
vt 0.379531 0.392022
vt 0.384032 0.393945
vt 0.387149 0.395266
vt 0.389500 0.396226
vt 0.392312 0.397352
vt 0.396905 0.399210
vt 0.403132 0.401782
vt 0.410131 0.404810
vt 0.417399 0.407865
vt 0.424406 0.411547
vt 0.430889 0.415269
vt 0.437020 0.419027
vt 0.442885 0.422994
vt 0.448762 0.427473
vt 0.454963 0.432810
vt 0.462002 0.439465
vt 0.470915 0.448180
vt 0.223402 0.562899
vt 0.234753 0.533837
vt 0.240495 0.512436
vt 0.244665 0.496075
vt 0.248524 0.481251
vt 0.253262 0.466095
vt 0.259521 0.451384
vt 0.268153 0.436954
vt 0.278606 0.423828
vt 0.284702 0.411379
vt 0.298423 0.404803
vt 0.309161 0.401424
vt 0.320254 0.400999
vt 0.330642 0.402262
vt 0.339987 0.404361
vt 0.348258 0.406785
vt 0.355527 0.409242
vt 0.361914 0.411581
vt 0.367590 0.413737
vt 0.372796 0.415691
vt 0.377823 0.417447
vt 0.382959 0.419008
vt 0.388419 0.420403
vt 0.394202 0.421771
vt 0.400309 0.423326
vt 0.406740 0.425086
vt 0.413241 0.427308
vt 0.419609 0.429975
vt 0.425745 0.432664
vt 0.431360 0.435328
vt 0.436339 0.438012
vt 0.440974 0.440979
vt 0.446092 0.444800
vt 0.452535 0.450351
vt 0.486500 0.444290
vt 0.480529 0.444587
vt 0.473917 0.444980
vt 0.464729 0.436714
vt 0.457650 0.429735
vt 0.451385 0.424111
vt 0.445449 0.419338
vt 0.439516 0.415048
vt 0.433307 0.411001
vt 0.426701 0.406944
vt 0.419650 0.403125
vt 0.412304 0.399651
vt 0.405438 0.396396
vt 0.399376 0.393540
vt 0.394852 0.391282
vt 0.391834 0.389677
vt 0.389186 0.388333
vt 0.385896 0.386853
vt 0.381411 0.384980
vt 0.375601 0.382614
vt 0.368496 0.379820
vt 0.360141 0.376780
vt 0.350573 0.373720
vt 0.339847 0.370832
vt 0.328049 0.368155
vt 0.315030 0.365674
vt 0.302454 0.361556
vt 0.286187 0.357021
vt 0.272239 0.344959
vt 0.266538 0.331160
vt 0.263596 0.318794
vt 0.264784 0.308617
vt 0.264566 0.299083
vt 0.265336 0.287901
vt 0.266970 0.274052
vt 0.268674 0.258780
vt 0.271019 0.239561
vt 0.273562 0.219176
vt 0.275697 0.199725
vt 0.277863 0.179814
vt 0.280717 0.154938
vt 0.286603 0.119130
vt 0.476660 0.447857
vt 0.462936 0.455458
vt 0.466298 0.451437
vt 0.449973 0.465777
vt 0.476418 0.439122
vt 0.468639 0.432019
vt 0.461989 0.425027
vt 0.455933 0.419135
vt 0.450149 0.413970
vt 0.444249 0.409150
vt 0.437954 0.404506
vt 0.431209 0.399943
vt 0.423995 0.395613
vt 0.416726 0.391756
vt 0.409961 0.388173
vt 0.404148 0.384971
vt 0.399583 0.382165
vt 0.395942 0.379806
vt 0.392518 0.377788
vt 0.388765 0.375841
vt 0.384279 0.373702
vt 0.378756 0.371196
vt 0.372000 0.368299
vt 0.363938 0.365138
vt 0.354618 0.361939
vt 0.344185 0.358975
vt 0.332927 0.356497
vt 0.321591 0.354754
vt 0.312507 0.351160
vt 0.323105 0.458407
vt 0.301322 0.349317
vt 0.305961 0.347958
vt 0.454243 0.463012
vt 0.073753 0.332309
vt 0.066831 0.353884
vt 0.068681 0.351146
vt 0.074201 0.353069
vt 0.079902 0.355739
vt 0.085532 0.358083
vt 0.091100 0.360177
vt 0.096643 0.362089
vt 0.102178 0.363869
vt 0.107705 0.365557
vt 0.113217 0.367179
vt 0.118715 0.368749
vt 0.124214 0.370265
vt 0.129751 0.371711
vt 0.135375 0.373068
vt 0.141006 0.374309
vt 0.146565 0.375427
vt 0.152202 0.376438
vt 0.158100 0.377316
vt 0.164402 0.377899
vt 0.171007 0.377918
vt 0.177739 0.377601
vt 0.184639 0.377097
vt 0.191738 0.376424
vt 0.198943 0.375562
vt 0.205930 0.374639
vt 0.211693 0.374710
vt 0.215268 0.372680
vt 0.065307 0.346918
vt 0.072645 0.338642
vt 0.061970 0.351879
vt 0.071120 0.341526
vt 0.214751 0.390895
vt 0.313505 0.326866
vt 0.245004 0.119731
vt 0.259167 0.108545
vt 0.272308 0.108253
vt 0.285770 0.110052
vt 0.298337 0.113704
vt 0.310168 0.119259
vt 0.204942 0.390953
vt 0.194130 0.288862
vt 0.243274 0.149633
vt 0.239048 0.171040
vt 0.234550 0.189295
vt 0.229693 0.208727
vt 0.225665 0.228793
vt 0.221477 0.247301
vt 0.218627 0.260463
vt 0.216172 0.271002
vt 0.213057 0.277726
vt 0.207982 0.281589
vt 0.202419 0.285115
vt 0.214263 0.386836
vt 0.216120 0.395401
vt 0.213721 0.401231
vt 0.210118 0.406757
vt 0.206906 0.411220
vt 0.202056 0.417190
vt 0.193168 0.428319
vt 0.181219 0.442867
vt 0.169386 0.460985
vt 0.158008 0.481509
vt 0.145821 0.506812
vt 0.278523 0.582114
vt 0.303196 0.436227
vt 0.315242 0.447517
vt 0.459771 0.458500
vt 0.486914 0.443252
vn 0.961884 0.273460 0.000009
vn 0.961882 0.273463 0.000000
vn 0.961883 0.273460 0.000002
vn 0.961884 0.273457 -0.000005
vn 0.961884 0.273458 0.000002
vn 0.961882 0.273465 0.000008
vn 0.961883 0.273461 -0.000004
vn 0.961886 0.273450 -0.000001
vn -0.009603 -0.001659 -0.999953
vn -0.009603 -0.001659 -0.999953
vn -0.008929 0.010698 -0.999903
vn -0.009040 0.008665 -0.999922
vn -0.011154 0.023726 -0.999656
vn -0.010561 0.023607 -0.999666
vn -0.017749 0.023487 -0.999567
vn -0.017153 0.023630 -0.999574
vn -0.023811 0.021931 -0.999476
vn -0.023579 0.021996 -0.999480
vn -0.027974 0.022701 -0.999351
vn -0.028015 0.022743 -0.999349
vn -0.028986 0.028919 -0.999161
vn -0.028830 0.029818 -0.999140
vn -0.022945 0.038935 -0.998978
vn -0.021704 0.039866 -0.998969
vn -0.086671 0.051637 -0.994898
vn -0.076998 0.050583 -0.995747
vn -0.188029 0.062435 -0.980177
vn -0.188029 0.062435 -0.980177
vn 0.000000 0.435770 -0.900058
vn 0.000003 0.435763 -0.900061
vn -0.000000 0.435765 -0.900061
vn -0.000004 0.435769 -0.900059
vn -0.000003 0.435766 -0.900060
vn -0.000008 0.435768 -0.900059
vn -0.037719 0.238132 -0.970500
vn -0.037719 0.238132 -0.970500
vn -0.012809 0.145278 -0.989308
vn -0.010405 0.136267 -0.990618
vn 0.014042 0.046033 -0.998841
vn 0.014050 0.045873 -0.998848
vn 0.011238 0.050563 -0.998658
vn 0.011519 0.050363 -0.998665
vn 0.003150 0.052007 -0.998642
vn 0.003799 0.052070 -0.998636
vn -0.007444 0.047668 -0.998836
vn -0.006817 0.048092 -0.998820
vn -0.015873 0.039019 -0.999112
vn -0.015573 0.039463 -0.999100
vn -0.020634 0.031879 -0.999279
vn -0.020491 0.032098 -0.999275
vn -0.022138 0.024428 -0.999456
vn -0.022143 0.024581 -0.999453
vn -0.021660 0.020974 -0.999545
vn -0.021636 0.020995 -0.999546
vn -0.019697 0.023565 -0.999528
vn -0.019430 0.023949 -0.999524
vn -0.013856 0.028802 -0.999489
vn -0.012658 0.029534 -0.999484
vn -0.003107 0.031099 -0.999512
vn -0.001308 0.030746 -0.999526
vn 0.006066 0.025988 -0.999644
vn 0.006641 0.025159 -0.999662
vn 0.008537 0.022426 -0.999712
vn 0.008537 0.022426 -0.999712
vn -0.755210 0.440984 -0.484965
vn -0.755514 0.440358 -0.485059
vn -0.797039 0.357840 -0.486498
vn -0.798176 0.355466 -0.486373
vn -0.871021 0.092481 -0.482463
vn -0.869440 0.104473 -0.482865
vn -0.859064 -0.177552 -0.480088
vn -0.861611 -0.162494 -0.480855
vn -0.810303 -0.332359 -0.482646
vn -0.812881 -0.325638 -0.482891
vn -0.799238 -0.354628 -0.485239
vn -0.799347 -0.354389 -0.485235
vn -0.842149 -0.236494 -0.484619
vn -0.842799 -0.234177 -0.484615
vn -0.875858 -0.003819 -0.482555
vn -0.876117 0.005791 -0.482064
vn -0.827468 0.186718 -0.529560
vn -0.814778 0.232686 -0.531031
vn -0.768868 0.243417 -0.591262
vn -0.688652 0.388284 -0.612368
vn 0.000009 0.435749 -0.900068
vn 0.000011 0.435762 -0.900062
vn 0.000014 0.435770 -0.900058
vn -0.655830 0.552695 -0.514213
vn -0.500338 0.740041 -0.449445
vn -0.674630 0.569302 -0.469861
vn -0.692851 0.541532 -0.476131
vn -0.712455 0.533391 -0.455962
vn -0.708961 0.539675 -0.454010
vn -0.596865 0.673656 -0.435821
vn -0.698667 0.547336 -0.460748
vn -0.831619 0.353343 -0.428438
vn -0.866629 0.259044 -0.426438
vn -0.859717 0.239563 -0.451106
vn -0.842620 0.292984 -0.451832
vn -0.867533 0.108624 -0.485373
vn -0.866657 0.115026 -0.485464
vn -0.873358 -0.040985 -0.485352
vn -0.873511 -0.036985 -0.485398
vn -0.864659 -0.152400 -0.478684
vn -0.864235 -0.154567 -0.478756
vn -0.856586 -0.210025 -0.471328
vn -0.856384 -0.211312 -0.471120
vn -0.861177 -0.171375 -0.478544
vn -0.861858 -0.167915 -0.478544
vn -0.874212 -0.029208 -0.484665
vn -0.874303 -0.027167 -0.484620
vn -0.842885 0.238802 -0.482202
vn -0.841138 0.245431 -0.481924
vn -0.662579 0.576498 -0.478163
vn -0.655229 0.585428 -0.477440
vn -0.370084 0.797413 -0.476624
vn -0.362440 0.801216 -0.476119
vn -0.239238 0.847493 -0.473836
vn -0.236498 0.848382 -0.473621
vn -0.745677 0.414631 0.521581
vn -0.745677 0.414631 0.521581
vn -0.779238 0.349991 0.519899
vn -0.783298 0.341449 0.519477
vn -0.854534 0.097066 0.510246
vn -0.856373 0.079172 0.510251
vn -0.844705 -0.169140 0.507804
vn -0.841996 -0.181389 0.508076
vn -0.796452 -0.324319 0.510374
vn -0.795322 -0.326816 0.510543
vn -0.784828 -0.347640 0.513022
vn -0.784753 -0.347813 0.513020
vn -0.827266 -0.230527 0.512336
vn -0.825098 -0.237647 0.512579
vn -0.860056 -0.000818 0.510198
vn -0.859908 -0.011942 0.510309
vn -0.824559 0.330290 0.459360
vn -0.823029 0.336511 0.457584
vn -0.795977 0.442545 0.413007
vn -0.855034 0.398588 0.331729
vn -0.721817 0.559131 0.407865
vn -0.761304 0.568284 0.312201
vn -0.590401 0.709690 0.384405
vn -0.542924 0.784622 0.299335
vn -0.885893 0.055856 0.460514
vn -0.885893 0.055856 0.460514
vn -0.885893 0.055856 0.460514
vn -0.885893 0.055856 0.460514
vn -0.000013 0.625413 -0.780294
vn -0.000014 0.625413 -0.780294
vn -0.000006 0.625409 -0.780297
vn -0.000015 0.625406 -0.780300
vn 0.000003 0.625406 -0.780299
vn -0.000016 0.625398 -0.780306
vn -0.401442 0.711307 0.576964
vn -0.139179 0.550131 0.823399
vn -0.267164 0.349053 0.898212
vn -0.719385 0.402555 0.566070
vn -0.851091 0.110742 0.513205
vn -0.851887 0.104462 0.513202
vn -0.857469 -0.037578 0.513162
vn -0.857299 -0.041052 0.513180
vn -0.846260 -0.141945 0.513513
vn -0.846007 -0.143412 0.513522
vn -0.833384 -0.203845 0.513729
vn -0.833279 -0.204267 0.513733
vn -0.840629 -0.171643 0.513695
vn -0.840404 -0.172690 0.513712
vn -0.858322 -0.027069 0.512397
vn -0.857979 -0.034037 0.512555
vn -0.826542 0.238656 0.509776
vn -0.831394 0.219911 0.510317
vn -0.646837 0.570939 0.505600
vn -0.663979 0.550442 0.506109
vn -0.359990 0.784973 0.504207
vn -0.374537 0.778310 0.503941
vn -0.234626 0.832825 0.501352
vn -0.234626 0.832825 0.501352
vn 0.005029 -0.007897 0.999956
vn 0.005029 -0.007897 0.999956
vn 0.011271 -0.000069 0.999937
vn 0.012814 0.001866 0.999916
vn 0.021553 0.019583 0.999576
vn 0.021074 0.020695 0.999564
vn 0.014833 0.029299 0.999461
vn 0.014083 0.029867 0.999455
vn 0.006368 0.034296 0.999392
vn 0.006048 0.034403 0.999390
vn 0.000933 0.036766 0.999323
vn 0.000970 0.036736 0.999325
vn 0.001732 0.039545 0.999216
vn 0.001326 0.039286 0.999227
vn 0.010613 0.039993 0.999144
vn 0.009304 0.040219 0.999148
vn 0.021738 0.034995 0.999151
vn 0.020904 0.035601 0.999147
vn 0.029107 0.028029 0.999183
vn 0.028839 0.028377 0.999181
vn 0.033046 0.022818 0.999193
vn 0.032968 0.022923 0.999193
vn -0.050847 -0.050320 0.997438
vn -0.090864 -0.083688 0.992341
vn -0.309454 -0.265556 0.913082
vn -0.309454 -0.265556 0.913082
vn -0.000016 0.625412 -0.780294
vn 0.000002 0.625413 -0.780294
vn 0.000022 0.625414 -0.780293
vn 0.049075 0.394224 0.917703
vn 0.038137 0.186133 0.981784
vn 0.025215 0.044824 0.998677
vn 0.024630 0.044771 0.998694
vn 0.016545 0.041814 0.998989
vn 0.016226 0.041588 0.999003
vn 0.011290 0.036307 0.999277
vn 0.011188 0.036132 0.999284
vn 0.008862 0.033038 0.999415
vn 0.008834 0.033022 0.999416
vn 0.009307 0.029516 0.999521
vn 0.009256 0.029636 0.999518
vn 0.012657 0.025652 0.999591
vn 0.012330 0.025828 0.999590
vn 0.018440 0.020587 0.999618
vn 0.017566 0.021525 0.999614
vn 0.022771 0.008384 0.999706
vn 0.022457 0.010647 0.999691
vn 0.019836 -0.005052 0.999790
vn 0.020505 -0.003705 0.999783
vn 0.017647 -0.009455 0.999800
vn 0.017647 -0.009455 0.999800
vn 0.768486 -0.412843 0.488867
vn 0.768485 -0.412843 0.488867
vn 0.810471 -0.324808 0.487479
vn 0.813702 -0.317140 0.487146
vn 0.870305 -0.097509 0.482764
vn 0.871415 -0.087104 0.482751
vn 0.861833 0.158431 0.481812
vn 0.860402 0.165737 0.481913
vn 0.805316 0.344489 0.482487
vn 0.804450 0.346409 0.482557
vn 0.773792 0.407932 0.484600
vn 0.773738 0.408054 0.484583
vn 0.818899 0.302889 0.487507
vn 0.814389 0.314686 0.487590
vn 0.875681 -0.011630 0.482749
vn 0.875485 0.013946 0.483044
vn 0.833159 -0.276200 0.479123
vn 0.836767 -0.265910 0.478658
vn 0.777335 -0.402274 0.483658
vn 0.779199 -0.398795 0.483540
vn 0.731874 -0.478259 0.485415
vn 0.732486 -0.477340 0.485397
vn 0.730923 -0.425354 0.533690
vn 0.733188 -0.412052 0.540970
vn 0.651685 -0.505674 0.565332
vn 0.606994 -0.583570 0.539449
vn 0.693070 -0.445739 0.566542
vn 0.683078 -0.527072 0.505567
vn 0.758029 -0.325953 0.564931
vn 0.819139 -0.306324 0.484951
vn 0.788544 -0.296062 0.539023
vn 0.780483 -0.309545 0.543165
vn 0.873994 -0.053808 0.482949
vn 0.874218 -0.049929 0.482959
vn 0.870287 0.094935 0.483309
vn 0.870013 0.097288 0.483336
vn 0.855047 0.206768 0.475544
vn 0.854814 0.208327 0.475282
vn 0.844304 0.263666 0.466509
vn 0.843774 0.265435 0.466465
vn 0.850484 0.222590 0.476582
vn 0.850276 0.223931 0.476324
vn 0.870835 0.071368 0.486368
vn 0.870054 0.079609 0.486486
vn 0.845374 -0.225336 0.484320
vn 0.851478 -0.199483 0.484967
vn 0.641170 -0.601566 0.476465
vn 0.665062 -0.574339 0.477313
vn 0.347465 -0.808537 0.474906
vn 0.364349 -0.801329 0.474470
vn 0.242626 -0.846375 0.474111
vn 0.242626 -0.846375 0.474111
vn 0.742787 -0.419333 -0.521946
vn 0.742787 -0.419333 -0.521946
vn 0.797536 -0.309931 -0.517570
vn 0.793346 -0.319414 -0.518244
vn 0.855744 -0.084529 -0.510448
vn 0.854594 -0.095381 -0.510462
vn 0.844681 0.163822 -0.509585
vn 0.846189 0.156201 -0.509475
vn 0.789554 0.340948 -0.510254
vn 0.790464 0.338948 -0.510178
vn 0.759315 0.401184 -0.512340
vn 0.759370 0.401057 -0.512358
vn 0.799000 0.309757 -0.515412
vn 0.803661 0.297610 -0.515323
vn 0.859462 0.016478 -0.510934
vn 0.859747 -0.009784 -0.510626
vn 0.814401 -0.064016 -0.576761
vn 0.815316 -0.066486 -0.575186
vn 0.789626 -0.003429 -0.613579
vn 0.789626 -0.003429 -0.613579
vn 0.516622 -0.622227 -0.588163
vn 0.516622 -0.622227 -0.588163
vn 0.628505 -0.482032 -0.610431
vn 0.645956 -0.455913 -0.612278
vn 0.675828 -0.414837 -0.609235
vn 0.644445 -0.468373 -0.604416
vn 0.617275 -0.549679 -0.562872
vn 0.623468 -0.545805 -0.559807
vn 0.729291 -0.453014 -0.512751
vn 0.728569 -0.454151 -0.512771
vn 0.782270 -0.355063 -0.511845
vn 0.780946 -0.357911 -0.511882
vn 0.833175 -0.211384 -0.511015
vn 0.832044 -0.215722 -0.511044
vn 0.858461 -0.047837 -0.510643
vn 0.858233 -0.051878 -0.510632
vn 0.854123 0.096497 -0.511041
vn 0.854413 0.094050 -0.511012
vn 0.832832 0.211229 -0.511638
vn 0.833363 0.209127 -0.511636
vn 0.819090 0.258123 -0.512313
vn 0.819068 0.258234 -0.512291
vn 0.830920 0.213340 -0.513866
vn 0.831266 0.211995 -0.513864
vn 0.853966 0.078889 -0.514313
vn 0.854788 0.070356 -0.514187
vn 0.836220 -0.194340 -0.512805
vn 0.829970 -0.221110 -0.512113
vn 0.654681 -0.562392 -0.505082
vn 0.629993 -0.590695 -0.504171
vn 0.359241 -0.786652 -0.502120
vn 0.341693 -0.794138 -0.502584
vn 0.238871 -0.831401 -0.501710
vn 0.238871 -0.831401 -0.501710
vn -0.894400 -0.411273 0.175793
vn -0.894400 -0.411273 0.175793
vn -0.893035 -0.410920 0.183391
vn -0.893101 -0.410937 0.183033
vn -0.890702 -0.415274 0.184924
vn -0.890703 -0.415072 0.185377
vn -0.890618 -0.424898 0.162055
vn -0.890620 -0.424736 0.162469
vn -0.890447 -0.432838 0.140555
vn -0.890449 -0.432723 0.140892
vn -0.890210 -0.438828 0.122296
vn -0.890213 -0.438760 0.122514
vn -0.889888 -0.442873 0.109373
vn -0.889891 -0.442845 0.109460
vn -0.889457 -0.444993 0.104151
vn -0.889458 -0.444990 0.104153
vn -0.888888 -0.444910 0.109237
vn -0.888885 -0.444903 0.109289
vn -0.888167 -0.441527 0.127335
vn -0.888154 -0.441447 0.127697
vn -0.887319 -0.432267 0.160658
vn -0.887293 -0.431931 0.161697
vn -0.886442 -0.412706 0.209512
vn -0.886405 -0.411757 0.211522
vn -0.885723 -0.377812 0.269727
vn -0.885694 -0.375891 0.272493
vn -0.885427 -0.327468 0.329823
vn -0.885438 -0.325039 0.332189
vn -0.885654 -0.269121 0.378407
vn -0.885679 -0.266879 0.379932
vn -0.886058 -0.210282 0.413137
vn -0.886076 -0.208268 0.414118
vn -0.886344 -0.152874 0.437063
vn -0.886354 -0.150973 0.437703
vn -0.886484 -0.095578 0.452781
vn -0.886489 -0.093656 0.453174
vn -0.886484 -0.036579 0.461312
vn -0.886482 -0.034494 0.461475
vn -0.886348 0.025821 0.462298
vn -0.886342 0.028212 0.462171
vn -0.886092 0.092791 0.454125
vn -0.886081 0.095616 0.453562
vn -0.885747 0.164299 0.434118
vn -0.885731 0.167615 0.432881
vn -0.885378 0.238246 0.399181
vn -0.885363 0.241920 0.396997
vn -0.885095 0.309803 0.347316
vn -0.885092 0.313424 0.344060
vn -0.885045 0.372008 0.279830
vn -0.885065 0.374987 0.275763
vn -0.884208 0.401634 0.238467
vn -0.884208 0.401634 0.238467
vn -0.786423 0.497436 -0.366192
vn -0.826877 0.432892 -0.358998
vn -0.953587 0.279346 -0.112418
vn -0.953744 0.277972 -0.114472
vn -0.949833 0.306103 -0.064180
vn -0.949833 0.306008 -0.064632
vn -0.949730 0.310449 -0.040424
vn -0.949733 0.310383 -0.040858
vn -0.949533 0.313193 -0.017234
vn -0.949536 0.313164 -0.017607
vn -0.949332 0.314247 0.004103
vn -0.949335 0.314244 0.003832
vn -0.949131 0.314102 0.022155
vn -0.949132 0.314107 0.022009
vn -0.948930 0.313498 0.035358
vn -0.948931 0.313500 0.035326
vn -0.948734 0.313281 0.041927
vn -0.948734 0.313282 0.041939
vn -0.948556 0.314113 0.039683
vn -0.948553 0.314137 0.039559
vn -0.948435 0.315918 0.025821
vn -0.948431 0.315979 0.025202
vn -0.948462 0.316879 -0.002938
vn -0.948463 0.316853 -0.004607
vn -0.948732 0.312354 -0.048411
vn -0.948748 0.311814 -0.051467
vn -0.949020 0.297644 -0.103771
vn -0.949036 0.296470 -0.106937
vn -0.949126 0.274242 -0.154764
vn -0.949133 0.272920 -0.157037
vn -0.949170 0.246417 -0.195845
vn -0.949175 0.245108 -0.197455
vn -0.949212 0.216082 -0.228702
vn -0.949217 0.214781 -0.229907
vn -0.949253 0.183729 -0.255270
vn -0.949256 0.182372 -0.256229
vn -0.949294 0.148914 -0.276885
vn -0.949297 0.147401 -0.277683
vn -0.949347 0.110586 -0.294128
vn -0.949351 0.108782 -0.294788
vn -0.949425 0.067397 -0.306675
vn -0.949431 0.065141 -0.307146
vn -0.949548 0.018114 -0.313098
vn -0.949557 0.015244 -0.313224
vn -0.949730 -0.037668 -0.310795
vn -0.949744 -0.041208 -0.310304
vn -0.949966 -0.098287 -0.296487
vn -0.949984 -0.102262 -0.295080
vn -0.950218 -0.159159 -0.267869
vn -0.950239 -0.162989 -0.265482
vn -0.949780 -0.191520 -0.247464
vn -0.949780 -0.191520 -0.247464
vn 0.320452 0.860873 -0.395232
vn 0.320452 0.860873 -0.395232
vn 0.314249 0.883247 -0.348026
vn 0.314008 0.884010 -0.346303
vn 0.308494 0.909717 -0.277934
vn 0.308493 0.909835 -0.277546
vn 0.308397 0.927049 -0.213239
vn 0.308397 0.927131 -0.212881
vn 0.308336 0.938995 -0.152370
vn 0.308336 0.939045 -0.152067
vn 0.308297 0.946296 -0.097349
vn 0.308297 0.946318 -0.097133
vn 0.308290 0.949837 -0.052603
vn 0.308290 0.949843 -0.052492
vn 0.308315 0.951002 -0.023195
vn 0.308315 0.951002 -0.023174
vn 0.308382 0.951145 -0.014973
vn 0.308382 0.951145 -0.014965
vn 0.308512 0.950579 -0.034920
vn 0.308512 0.950586 -0.034727
vn 0.308730 0.946755 -0.091330
vn 0.308729 0.946831 -0.090543
vn 0.309053 0.931394 -0.192329
vn 0.309050 0.931812 -0.190301
vn 0.309349 0.888827 -0.338069
vn 0.309346 0.890177 -0.334501
vn 0.309175 0.810850 -0.496924
vn 0.309172 0.812893 -0.493577
vn 0.309004 0.716479 -0.625439
vn 0.309000 0.718376 -0.623261
vn 0.309028 0.618001 -0.722895
vn 0.309025 0.619694 -0.721445
vn 0.309043 0.515409 -0.799278
vn 0.309040 0.516997 -0.798253
vn 0.309060 0.408230 -0.858970
vn 0.309059 0.409833 -0.858207
vn 0.309085 0.294129 -0.904409
vn 0.309083 0.295883 -0.903837
vn 0.309125 0.169778 -0.935744
vn 0.309123 0.171832 -0.935370
vn 0.309175 0.031712 -0.950476
vn 0.309174 0.034237 -0.950389
vn 0.309215 -0.122169 -0.943112
vn 0.309214 -0.119041 -0.943513
vn 0.309235 -0.290063 -0.905670
vn 0.309233 -0.286365 -0.906846
vn 0.309187 -0.463236 -0.830552
vn 0.309186 -0.459319 -0.832725
vn 0.309058 -0.625702 -0.716226
vn 0.309056 -0.622201 -0.719271
vn 0.307445 -0.698562 -0.646133
vn 0.307445 -0.698562 -0.646133
vn -0.520476 0.756949 -0.395136
vn -0.460128 0.827051 -0.322907
vn -0.460410 0.826340 -0.324321
vn -0.452666 0.853853 -0.256962
vn -0.452661 0.853702 -0.257469
vn -0.452870 0.869634 -0.196585
vn -0.452870 0.869524 -0.197071
vn -0.452784 0.880674 -0.139282
vn -0.452783 0.880609 -0.139693
vn -0.452727 0.887346 -0.087498
vn -0.452726 0.887317 -0.087788
vn -0.452707 0.890504 -0.045369
vn -0.452707 0.890497 -0.045515
vn -0.452727 0.891476 -0.017575
vn -0.452727 0.891475 -0.017600
vn -0.452802 0.891560 -0.009518
vn -0.452803 0.891560 -0.009530
vn -0.452960 0.891105 -0.027574
vn -0.452960 0.891096 -0.027848
vn -0.453235 0.887862 -0.079243
vn -0.453238 0.887762 -0.080339
vn -0.453660 0.874449 -0.171850
vn -0.453666 0.873893 -0.174639
vn -0.454088 0.836757 -0.306011
vn -0.454095 0.834952 -0.310892
vn -0.453937 0.766026 -0.455132
vn -0.453942 0.763263 -0.459747
vn -0.453721 0.678210 -0.578073
vn -0.453729 0.675612 -0.581101
vn -0.453736 0.585900 -0.671450
vn -0.453741 0.583569 -0.673474
vn -0.453749 0.489816 -0.744441
vn -0.453753 0.487621 -0.745878
vn -0.453769 0.389582 -0.801448
vn -0.453772 0.387362 -0.802522
vn -0.453805 0.283048 -0.844953
vn -0.453808 0.280617 -0.845762
vn -0.453868 0.167086 -0.875264
vn -0.453871 0.164242 -0.875800
vn -0.453944 0.038452 -0.890200
vn -0.453947 0.034960 -0.890342
vn -0.454013 -0.104931 -0.884795
vn -0.454017 -0.109252 -0.884269
vn -0.454058 -0.261690 -0.851674
vn -0.454062 -0.266802 -0.850085
vn -0.454026 -0.424159 -0.783549
vn -0.454030 -0.429587 -0.780585
vn -0.453892 -0.577770 -0.678353
vn -0.453897 -0.582638 -0.674174
vn -0.451817 -0.651148 -0.609809
vn -0.451817 -0.651148 -0.609809
vn -0.325183 -0.845820 0.422901
vn -0.325183 -0.845820 0.422901
vn -0.318862 -0.858218 0.402230
vn -0.318823 -0.858291 0.402105
vn -0.309024 -0.886105 0.345431
vn -0.309024 -0.885959 0.345805
vn -0.309059 -0.904854 0.292783
vn -0.309059 -0.904739 0.293138
vn -0.309017 -0.919716 0.242137
vn -0.309017 -0.919639 0.242431
vn -0.308943 -0.930197 0.198213
vn -0.308943 -0.930155 0.198410
vn -0.308819 -0.936629 0.165400
vn -0.308819 -0.936613 0.165487
vn -0.308629 -0.939510 0.148559
vn -0.308629 -0.939508 0.148568
vn -0.308355 -0.938884 0.153017
vn -0.308355 -0.938880 0.153042
vn -0.307991 -0.933340 0.184437
vn -0.307989 -0.933298 0.184655
vn -0.307545 -0.918640 0.248027
vn -0.307540 -0.918465 0.248680
vn -0.307062 -0.886537 0.346070
vn -0.307054 -0.886036 0.347360
vn -0.306630 -0.826271 0.472497
vn -0.306621 -0.825227 0.474326
vn -0.306357 -0.735210 0.604658
vn -0.306359 -0.733855 0.606301
vn -0.306377 -0.624887 0.718087
vn -0.306384 -0.623584 0.719216
vn -0.306568 -0.509711 0.803872
vn -0.306573 -0.508484 0.804648
vn -0.306708 -0.395107 0.865922
vn -0.306711 -0.393911 0.866466
vn -0.306777 -0.279428 0.909840
vn -0.306778 -0.278195 0.910217
vn -0.306760 -0.159461 0.938334
vn -0.306760 -0.158106 0.938563
vn -0.306659 -0.031765 0.951289
vn -0.306658 -0.030200 0.951341
vn -0.306477 0.106398 0.945913
vn -0.306475 0.108267 0.945702
vn -0.306217 0.255731 0.916970
vn -0.306213 0.257955 0.916348
vn -0.305896 0.412997 0.857824
vn -0.305891 0.415518 0.856607
vn -0.305572 0.569282 0.763245
vn -0.305570 0.571862 0.761315
vn -0.305351 0.710518 0.633976
vn -0.305354 0.712770 0.631441
vn -0.303873 0.775391 0.553561
vn -0.303873 0.775391 0.553561
vn 0.456089 -0.804420 0.380645
vn 0.456060 -0.804629 0.380238
vn 0.453792 -0.829012 0.326821
vn 0.453793 -0.829214 0.326306
vn 0.453801 -0.846831 0.277386
vn 0.453801 -0.846985 0.276913
vn 0.453732 -0.860900 0.230170
vn 0.453732 -0.861004 0.229781
vn 0.453621 -0.870879 0.189204
vn 0.453620 -0.870935 0.188946
vn 0.453443 -0.877056 0.158624
vn 0.453442 -0.877077 0.158512
vn 0.453174 -0.879867 0.143063
vn 0.453173 -0.879869 0.143053
vn 0.452789 -0.879315 0.147604
vn 0.452791 -0.879321 0.147563
vn 0.452272 -0.874008 0.177651
vn 0.452277 -0.874070 0.177333
vn 0.451640 -0.859824 0.238168
vn 0.451651 -0.860076 0.237234
vn 0.450960 -0.828841 0.331146
vn 0.450978 -0.829561 0.329315
vn 0.450355 -0.770947 0.450356
vn 0.450373 -0.772442 0.447770
vn 0.450003 -0.684372 0.573700
vn 0.449999 -0.686311 0.571382
vn 0.450059 -0.580372 0.678686
vn 0.450045 -0.582236 0.677097
vn 0.450338 -0.472102 0.757836
vn 0.450328 -0.473853 0.756748
vn 0.450539 -0.364451 0.814978
vn 0.450533 -0.366153 0.814218
vn 0.450630 -0.255776 0.855284
vn 0.450627 -0.257527 0.854761
vn 0.450595 -0.143010 0.881199
vn 0.450595 -0.144931 0.880885
vn 0.450447 -0.022914 0.892509
vn 0.450450 -0.025130 0.892448
vn 0.450197 0.107072 0.886487
vn 0.450202 0.104433 0.886799
vn 0.449842 0.247508 0.858127
vn 0.449850 0.244372 0.859021
vn 0.449415 0.395153 0.801174
vn 0.449424 0.391610 0.802907
vn 0.449000 0.541357 0.710867
vn 0.449004 0.537742 0.713603
vn 0.448732 0.672726 0.588284
vn 0.448726 0.669585 0.591862
vn 0.446832 0.730874 0.515911
vn 0.446832 0.730874 0.515911
vn 0.953321 -0.278545 0.116582
vn 0.953265 -0.278443 0.117287
vn 0.950643 -0.277958 0.137905
vn 0.950638 -0.278115 0.137620
vn 0.950439 -0.285180 0.123847
vn 0.950436 -0.285305 0.123581
vn 0.950253 -0.291128 0.110741
vn 0.950250 -0.291220 0.110529
vn 0.950008 -0.295825 0.099860
vn 0.950004 -0.295882 0.099728
vn 0.949687 -0.299185 0.092649
vn 0.949683 -0.299210 0.092603
vn 0.949269 -0.301075 0.090783
vn 0.949268 -0.301078 0.090788
vn 0.948736 -0.301098 0.096132
vn 0.948739 -0.301103 0.096083
vn 0.948072 -0.298206 0.110600
vn 0.948084 -0.298279 0.110303
vn 0.947302 -0.290231 0.135589
vn 0.947326 -0.290535 0.134772
vn 0.946528 -0.273747 0.170726
vn 0.946559 -0.274587 0.169197
vn 0.945959 -0.245464 0.211919
vn 0.945980 -0.247113 0.209899
vn 0.945828 -0.206812 0.250276
vn 0.945817 -0.208833 0.248636
vn 0.946096 -0.164025 0.279281
vn 0.946075 -0.165838 0.278282
vn 0.946451 -0.121906 0.298948
vn 0.946436 -0.123493 0.298343
vn 0.946698 -0.081316 0.311688
vn 0.946690 -0.082790 0.311326
vn 0.946825 -0.041052 0.319121
vn 0.946821 -0.042528 0.318938
vn 0.946833 0.000269 0.321725
vn 0.946834 -0.001320 0.321719
vn 0.946729 0.043839 0.319033
vn 0.946735 0.042028 0.319259
vn 0.946532 0.090328 0.309707
vn 0.946542 0.088207 0.310288
vn 0.946276 0.139418 0.291761
vn 0.946288 0.136964 0.292881
vn 0.946029 0.189182 0.263135
vn 0.946038 0.186522 0.264993
vn 0.945895 0.235759 0.222936
vn 0.945893 0.233227 0.225590
vn 0.945988 0.274199 0.172980
vn 0.945967 0.272228 0.176178
vn 0.945648 0.290363 0.146421
vn 0.945648 0.290363 0.146421
vn 0.894254 0.367896 -0.254877
vn 0.894254 0.367896 -0.254877
vn 0.893801 0.409792 -0.182180
vn 0.893596 0.411993 -0.178180
vn 0.889730 0.442144 -0.113530
vn 0.889732 0.442292 -0.112935
vn 0.889673 0.449556 -0.079885
vn 0.889670 0.449659 -0.079333
vn 0.889493 0.454403 -0.048160
vn 0.889492 0.454456 -0.047689
vn 0.889323 0.456878 -0.019165
vn 0.889322 0.456895 -0.018826
vn 0.889168 0.457553 0.004972
vn 0.889168 0.457553 0.005150
vn 0.889038 0.457312 0.021865
vn 0.889037 0.457311 0.021901
vn 0.888938 0.457123 0.028780
vn 0.888938 0.457123 0.028777
vn 0.888886 0.457582 0.022383
vn 0.888887 0.457570 0.022597
vn 0.888929 0.458043 -0.001445
vn 0.888929 0.458045 -0.000512
vn 0.889152 0.455186 -0.047060
vn 0.889145 0.455441 -0.044653
vn 0.889597 0.441897 -0.115520
vn 0.889577 0.443028 -0.111258
vn 0.889861 0.413105 -0.193627
vn 0.889846 0.415112 -0.189357
vn 0.889854 0.373701 -0.261739
vn 0.889846 0.375785 -0.258766
vn 0.889841 0.329630 -0.315479
vn 0.889835 0.331605 -0.313420
vn 0.889846 0.282793 -0.358053
vn 0.889841 0.284709 -0.356543
vn 0.889870 0.233404 -0.391988
vn 0.889865 0.235378 -0.390815
vn 0.889916 0.180518 -0.418884
vn 0.889911 0.182700 -0.417946
vn 0.889990 0.122545 -0.439205
vn 0.889984 0.125124 -0.438489
vn 0.890101 0.057630 -0.452105
vn 0.890094 0.060823 -0.451701
vn 0.890262 -0.015679 -0.455180
vn 0.890251 -0.011673 -0.455321
vn 0.890470 -0.097220 -0.444534
vn 0.890456 -0.092371 -0.445597
vn 0.890692 -0.183568 -0.415897
vn 0.890674 -0.178250 -0.418242
vn 0.890870 -0.267343 -0.367257
vn 0.890852 -0.262364 -0.370874
vn 0.889845 -0.305980 -0.338457
vn 0.889845 -0.305980 -0.338457
vn -0.321548 -0.924889 -0.202945
vn -0.321548 -0.924889 -0.202945
vn -0.318381 -0.920266 -0.227472
vn -0.318430 -0.920340 -0.227106
vn -0.314683 -0.911099 -0.266220
vn -0.314682 -0.911111 -0.266182
vn -0.314901 -0.903482 -0.290789
vn -0.314901 -0.903505 -0.290718
vn -0.314828 -0.892986 -0.321652
vn -0.314829 -0.893031 -0.321525
vn -0.314728 -0.877332 -0.362263
vn -0.314728 -0.877424 -0.362042
vn -0.314579 -0.853576 -0.415270
vn -0.314580 -0.853761 -0.414888
vn -0.314361 -0.816699 -0.483922
vn -0.314364 -0.817082 -0.483272
vn -0.314059 -0.758205 -0.571394
vn -0.314065 -0.759010 -0.570321
vn -0.313663 -0.664436 -0.678337
vn -0.313675 -0.666089 -0.676707
vn -0.313193 -0.517073 -0.796584
vn -0.313213 -0.520174 -0.794554
vn -0.312741 -0.303309 -0.900109
vn -0.312764 -0.308040 -0.898493
vn -0.312417 -0.039445 -0.949126
vn -0.312418 -0.044587 -0.948898
vn -0.312272 0.209025 -0.926712
vn -0.312242 0.206006 -0.927398
vn -0.312894 0.381551 -0.869779
vn -0.312876 0.380536 -0.870230
vn -0.313892 0.469840 -0.825059
vn -0.313888 0.469616 -0.825188
vn -0.314524 0.500209 -0.806763
vn -0.314524 0.500206 -0.806764
vn -0.314913 0.490514 -0.812543
vn -0.314913 0.490396 -0.812614
vn -0.315195 0.442062 -0.839782
vn -0.315195 0.441374 -0.840144
vn -0.315436 0.343080 -0.884758
vn -0.315432 0.340737 -0.885664
vn -0.315536 0.168758 -0.933787
vn -0.315512 0.162131 -0.934968
vn -0.314664 -0.105305 -0.943344
vn -0.314565 -0.118878 -0.941763
vn -0.311958 -0.429779 -0.847333
vn -0.311866 -0.443301 -0.840371
vn -0.311296 -0.669953 -0.673987
vn -0.311354 -0.676525 -0.667362
vn -0.312984 -0.803942 -0.505686
vn -0.313030 -0.806328 -0.501843
vn -0.312817 -0.844690 -0.434332
vn -0.312817 -0.844690 -0.434332
vn 0.476795 -0.869844 -0.126640
vn 0.476796 -0.869844 -0.126640
vn 0.462185 -0.866606 -0.188094
vn 0.461320 -0.866325 -0.191479
vn 0.447763 -0.857884 -0.252080
vn 0.447763 -0.857866 -0.252138
vn 0.447834 -0.850599 -0.275547
vn 0.447834 -0.850567 -0.275646
vn 0.447736 -0.840657 -0.304678
vn 0.447735 -0.840593 -0.304854
vn 0.447597 -0.825848 -0.342975
vn 0.447596 -0.825722 -0.343280
vn 0.447396 -0.803403 -0.392913
vn 0.447393 -0.803148 -0.393437
vn 0.447109 -0.768625 -0.457504
vn 0.447103 -0.768097 -0.458395
vn 0.446708 -0.713593 -0.539664
vn 0.446696 -0.712486 -0.541134
vn 0.446174 -0.625600 -0.639963
vn 0.446151 -0.623326 -0.642195
vn 0.445537 -0.487542 -0.750866
vn 0.445497 -0.483268 -0.753647
vn 0.444911 -0.286981 -0.848349
vn 0.444869 -0.280450 -0.850552
vn 0.444434 -0.038108 -0.895001
vn 0.444432 -0.031007 -0.895276
vn 0.444231 0.198298 -0.873691
vn 0.444288 0.202461 -0.872707
vn 0.445122 0.362085 -0.819000
vn 0.445156 0.363477 -0.818365
vn 0.446475 0.445198 -0.776182
vn 0.446484 0.445506 -0.776000
vn 0.447325 0.473604 -0.758682
vn 0.447326 0.473609 -0.758679
vn 0.447843 0.464221 -0.764157
vn 0.447842 0.464374 -0.764064
vn 0.448217 0.418080 -0.790133
vn 0.448217 0.418980 -0.789657
vn 0.448540 0.323437 -0.833187
vn 0.448548 0.326503 -0.831986
vn 0.448687 0.155483 -0.880060
vn 0.448728 0.164112 -0.878471
vn 0.447640 -0.108467 -0.887611
vn 0.447804 -0.090835 -0.889506
vn 0.444512 -0.413596 -0.794574
vn 0.444673 -0.395769 -0.803513
vn 0.443796 -0.635048 -0.632265
vn 0.443708 -0.626254 -0.641038
vn 0.445677 -0.758685 -0.475151
vn 0.445601 -0.755497 -0.480275
vn 0.445307 -0.795195 -0.411541
vn 0.445307 -0.795195 -0.411541
vn 0.907496 0.399440 0.129992
vn 0.907496 0.399440 0.129992
vn 0.900710 0.421840 0.103788
vn 0.900808 0.421546 0.104137
vn 0.893715 0.440675 0.084139
vn 0.893714 0.440668 0.084183
vn 0.893618 0.439116 0.092862
vn 0.893618 0.439099 0.092943
vn 0.893605 0.436475 0.104685
vn 0.893605 0.436440 0.104835
vn 0.893591 0.432357 0.120675
vn 0.893591 0.432280 0.120951
vn 0.893580 0.425795 0.142173
vn 0.893580 0.425626 0.142682
vn 0.893580 0.415038 0.171053
vn 0.893579 0.414645 0.172007
vn 0.893606 0.396837 0.209734
vn 0.893605 0.395873 0.211552
vn 0.893699 0.365178 0.260668
vn 0.893700 0.362712 0.264084
vn 0.893914 0.309667 0.324075
vn 0.893923 0.303506 0.329826
vn 0.894183 0.216822 0.391694
vn 0.894185 0.204243 0.398395
vn 0.894115 0.086595 0.439386
vn 0.894079 0.070900 0.442263
vn 0.893570 -0.038784 0.447246
vn 0.893603 -0.047141 0.446375
vn 0.893463 -0.118068 0.433341
vn 0.893477 -0.120406 0.432667
vn 0.893369 -0.159285 0.420144
vn 0.893367 -0.159745 0.419972
vn 0.893125 -0.175129 0.414317
vn 0.893124 -0.175138 0.414314
vn 0.892797 -0.170304 0.417026
vn 0.892802 -0.170466 0.416950
vn 0.892337 -0.144560 0.427596
vn 0.892354 -0.145465 0.427251
vn 0.891655 -0.092885 0.443085
vn 0.891703 -0.095586 0.442413
vn 0.890658 -0.007230 0.454616
vn 0.890766 -0.013445 0.454263
vn 0.889436 0.113865 0.442650
vn 0.889588 0.103474 0.444888
vn 0.888590 0.246136 0.387072
vn 0.888633 0.235772 0.393375
vn 0.888939 0.348027 0.297765
vn 0.888818 0.342416 0.304556
vn 0.890372 0.404255 0.209322
vn 0.890256 0.402276 0.213584
vn 0.890572 0.420380 0.173671
vn 0.890572 0.420380 0.173671
vn 0.940566 -0.330927 0.076316
vn 0.940566 -0.330927 0.076316
vn 0.948829 -0.314858 -0.024272
vn 0.948925 -0.314317 -0.027331
vn 0.948431 -0.298190 -0.107525
vn 0.948432 -0.298170 -0.107574
vn 0.948462 -0.294587 -0.116780
vn 0.948461 -0.294557 -0.116865
vn 0.948344 -0.290120 -0.128350
vn 0.948343 -0.290059 -0.128499
vn 0.948182 -0.283523 -0.143409
vn 0.948179 -0.283402 -0.143669
vn 0.947954 -0.273617 -0.162840
vn 0.947948 -0.273370 -0.163289
vn 0.947630 -0.258428 -0.187647
vn 0.947619 -0.257911 -0.188418
vn 0.947171 -0.234697 -0.218595
vn 0.947148 -0.233590 -0.219876
vn 0.946548 -0.197405 -0.255105
vn 0.946506 -0.195073 -0.257047
vn 0.945787 -0.140395 -0.292875
vn 0.945725 -0.135928 -0.295175
vn 0.945059 -0.060704 -0.321213
vn 0.945004 -0.053904 -0.322585
vn 0.944699 0.032697 -0.326304
vn 0.944709 0.039722 -0.325496
vn 0.945057 0.114509 -0.306195
vn 0.945139 0.118187 -0.304540
vn 0.946134 0.164685 -0.278765
vn 0.946181 0.165717 -0.277990
vn 0.947138 0.187505 -0.260330
vn 0.947150 0.187698 -0.260147
vn 0.947723 0.194418 -0.253027
vn 0.947724 0.194419 -0.253023
vn 0.948072 0.190422 -0.254752
vn 0.948069 0.190530 -0.254682
vn 0.948319 0.175394 -0.264441
vn 0.948315 0.175971 -0.264071
vn 0.948557 0.145154 -0.281370
vn 0.948552 0.147032 -0.280411
vn 0.948872 0.091040 -0.302249
vn 0.948867 0.096101 -0.300694
vn 0.949219 0.004072 -0.314589
vn 0.949230 0.014377 -0.314254
vn 0.949248 -0.104339 -0.296717
vn 0.949287 -0.092346 -0.300544
vn 0.949019 -0.196008 -0.246866
vn 0.949023 -0.188876 -0.252351
vn 0.948957 -0.252656 -0.188802
vn 0.948944 -0.249866 -0.192539
vn 0.948546 -0.270392 -0.164769
vn 0.948546 -0.270392 -0.164769
vn -0.904976 -0.418750 -0.075284
vn -0.904064 -0.422600 -0.063851
vn -0.900626 -0.424945 -0.091075
vn -0.900856 -0.422788 -0.098528
vn -0.893262 -0.426700 -0.141455
vn -0.893279 -0.426847 -0.140908
vn -0.893343 -0.422354 -0.153479
vn -0.893352 -0.422460 -0.153135
vn -0.893211 -0.416614 -0.169137
vn -0.893227 -0.416795 -0.168607
vn -0.893027 -0.408104 -0.189615
vn -0.893055 -0.408422 -0.188797
vn -0.892769 -0.395263 -0.216174
vn -0.892820 -0.395843 -0.214897
vn -0.892402 -0.375456 -0.250302
vn -0.892499 -0.376556 -0.248297
vn -0.891881 -0.344295 -0.293273
vn -0.892067 -0.346435 -0.290171
vn -0.891173 -0.294901 -0.344739
vn -0.891521 -0.299062 -0.340225
vn -0.890311 -0.218513 -0.399497
vn -0.890914 -0.226117 -0.393883
vn -0.889475 -0.110103 -0.443523
vn -0.890374 -0.121996 -0.438579
vn -0.888991 0.019653 -0.457503
vn -0.890043 0.005359 -0.455845
vn -0.889243 0.136596 -0.436564
vn -0.890090 0.124965 -0.438319
vn -0.890490 0.211719 -0.402745
vn -0.890899 0.205670 -0.404968
vn -0.891800 0.247440 -0.378769
vn -0.891932 0.245175 -0.379929
vn -0.892582 0.258861 -0.369172
vn -0.892611 0.258281 -0.369508
vn -0.893059 0.253476 -0.371746
vn -0.893048 0.253730 -0.371599
vn -0.893410 0.231339 -0.385098
vn -0.893382 0.232130 -0.384687
vn -0.893758 0.186666 -0.407864
vn -0.893729 0.187802 -0.407405
vn -0.894171 0.107644 -0.434593
vn -0.894179 0.108334 -0.434405
vn -0.894439 -0.017075 -0.446864
vn -0.894497 -0.019486 -0.446650
vn -0.893969 -0.169169 -0.414972
vn -0.893881 -0.175609 -0.412479
vn -0.893393 -0.293761 -0.339931
vn -0.893254 -0.298566 -0.336088
vn -0.893485 -0.368260 -0.257038
vn -0.893442 -0.369977 -0.254711
vn -0.892882 -0.391373 -0.222685
vn -0.892875 -0.391646 -0.222232
vn -0.948855 0.304063 0.084974
vn -0.948842 0.303881 0.085764
vn -0.948720 0.312066 0.050463
vn -0.948720 0.312069 0.050431
vn -0.948661 0.311259 0.056208
vn -0.948662 0.311269 0.056152
vn -0.948631 0.309851 0.063965
vn -0.948632 0.309871 0.063861
vn -0.948593 0.307586 0.074578
vn -0.948594 0.307630 0.074386
vn -0.948548 0.303865 0.089014
vn -0.948549 0.303965 0.088658
vn -0.948496 0.297563 0.108686
vn -0.948498 0.297801 0.108014
vn -0.948445 0.286491 0.135557
vn -0.948448 0.287085 0.134269
vn -0.948424 0.266354 0.171894
vn -0.948428 0.267895 0.169460
vn -0.948499 0.229255 0.218612
vn -0.948498 0.233149 0.214459
vn -0.948716 0.164875 0.269729
vn -0.948707 0.172967 0.264645
vn -0.948894 0.074200 0.306749
vn -0.948893 0.084828 0.303985
vn -0.948698 -0.011590 0.315970
vn -0.948686 -0.005446 0.316171
vn -0.948484 -0.067853 0.309476
vn -0.948480 -0.066043 0.309877
vn -0.948318 -0.098371 0.301690
vn -0.948319 -0.098005 0.301804
vn -0.948120 -0.110430 0.298118
vn -0.948120 -0.110422 0.298120
vn -0.947870 -0.107382 0.300018
vn -0.947867 -0.107259 0.300074
vn -0.947520 -0.089247 0.306986
vn -0.947506 -0.088541 0.307233
vn -0.947005 -0.052912 0.316831
vn -0.946968 -0.050789 0.317289
vn -0.946275 0.006557 0.323295
vn -0.946196 0.011447 0.323391
vn -0.945408 0.090012 0.313212
vn -0.945305 0.098092 0.311090
vn -0.944824 0.182087 0.272309
vn -0.944812 0.189861 0.266988
vn -0.945183 0.253062 0.206370
vn -0.945286 0.256994 0.200969
vn -0.946363 0.290340 0.141774
vn -0.946451 0.291609 0.138545
vn -0.946747 0.301086 0.114090
vn -0.946747 0.301086 0.114090
vn -0.461695 0.867570 0.184827
vn -0.461575 0.867625 0.184865
vn -0.448075 0.872039 0.196917
vn -0.448075 0.872051 0.196867
vn -0.448111 0.867620 0.215482
vn -0.448111 0.867642 0.215391
vn -0.448126 0.860811 0.241220
vn -0.448126 0.860858 0.241052
vn -0.448150 0.850347 0.275810
vn -0.448150 0.850447 0.275503
vn -0.448185 0.833899 0.322092
vn -0.448185 0.834118 0.321524
vn -0.448242 0.807227 0.384009
vn -0.448242 0.807739 0.382931
vn -0.448343 0.762374 0.466663
vn -0.448343 0.763658 0.464560
vn -0.448505 0.684180 0.575101
vn -0.448502 0.687631 0.570973
vn -0.448572 0.544749 0.708542
vn -0.448567 0.554226 0.701157
vn -0.447277 0.307780 0.839771
vn -0.447371 0.328713 0.831749
vn -0.443940 0.010813 0.895992
vn -0.443999 0.032706 0.895430
vn -0.444530 -0.195480 0.874174
vn -0.444297 -0.187256 0.876091
vn -0.447074 -0.304001 0.841254
vn -0.447023 -0.301776 0.842081
vn -0.447893 -0.366183 0.815660
vn -0.447890 -0.365746 0.815858
vn -0.447846 -0.391366 0.803907
vn -0.447846 -0.391358 0.803911
vn -0.447573 -0.380894 0.809072
vn -0.447571 -0.380741 0.809146
vn -0.447145 -0.332702 0.830284
vn -0.447134 -0.331871 0.830622
vn -0.446505 -0.237280 0.862746
vn -0.446476 -0.234860 0.863424
vn -0.445578 -0.079188 0.891734
vn -0.445509 -0.073739 0.892235
vn -0.444367 0.148721 0.883414
vn -0.444261 0.157767 0.881897
vn -0.443172 0.412526 0.795877
vn -0.443126 0.421884 0.790982
vn -0.442788 0.636232 0.631782
vn -0.442848 0.641828 0.626053
vn -0.443913 0.772821 0.453528
vn -0.443983 0.775077 0.449593
vn -0.443553 0.815021 0.372828
vn -0.443553 0.815021 0.372828
vn 0.311935 0.936536 0.159988
vn 0.311282 0.937231 0.157165
vn 0.313170 0.932734 0.178695
vn 0.313336 0.932765 0.178243
vn 0.315106 0.925350 0.210798
vn 0.315104 0.925340 0.210843
vn 0.315113 0.920587 0.230703
vn 0.315111 0.920582 0.230723
vn 0.315120 0.913275 0.258125
vn 0.315123 0.913262 0.258168
vn 0.315135 0.902056 0.294933
vn 0.315141 0.902026 0.295017
vn 0.315165 0.884460 0.344094
vn 0.315169 0.884393 0.344263
vn 0.315213 0.856029 0.409701
vn 0.315214 0.855860 0.410053
vn 0.315285 0.808502 0.496910
vn 0.315291 0.808033 0.497669
vn 0.315382 0.726509 0.610507
vn 0.315404 0.725034 0.612246
vn 0.315368 0.583010 0.748760
vn 0.315388 0.577816 0.752768
vn 0.314351 0.343265 0.885072
vn 0.314076 0.326555 0.891470
vn 0.311813 0.032661 0.949582
vn 0.310806 0.005430 0.950458
vn 0.312060 -0.200760 0.928609
vn 0.311612 -0.214939 0.925581
vn 0.314201 -0.323769 0.892441
vn 0.314169 -0.327077 0.891246
vn 0.314933 -0.391519 0.864598
vn 0.314934 -0.391979 0.864389
vn 0.314929 -0.418308 0.851962
vn 0.314924 -0.418261 0.851986
vn 0.314723 -0.406793 0.857595
vn 0.314723 -0.406756 0.857612
vn 0.314393 -0.354837 0.880481
vn 0.314404 -0.355060 0.880388
vn 0.313889 -0.251905 0.915433
vn 0.313916 -0.252738 0.915194
vn 0.313119 -0.080996 0.946254
vn 0.313198 -0.083020 0.946052
vn 0.312122 0.164680 0.935660
vn 0.312277 0.161054 0.936240
vn 0.311201 0.445238 0.839594
vn 0.311413 0.440975 0.841762
vn 0.310947 0.679084 0.664949
vn 0.311142 0.676158 0.667833
vn 0.311833 0.821044 0.478171
vn 0.311955 0.819833 0.480164
vn 0.311499 0.863612 0.396412
vn 0.311579 0.863111 0.397440
vn -0.755572 0.440241 -0.485077
vn -0.799711 0.351853 -0.486479
vn -0.872562 0.077542 -0.482310
vn -0.856523 -0.189723 -0.479973
vn -0.808934 -0.335669 -0.482651
vn -0.799065 -0.355023 -0.485236
vn -0.840220 -0.242880 -0.484809
vn -0.875620 -0.015154 -0.482762
vn -0.838751 0.166135 -0.518552
vn -0.775050 0.230017 -0.588549
vn -0.903873 -0.423337 -0.061640
vn -0.900375 -0.425622 -0.090391
vn -0.893257 -0.426654 -0.141626
vn -0.893340 -0.422313 -0.153608
vn -0.893205 -0.416535 -0.169362
vn -0.893016 -0.407947 -0.190002
vn -0.892749 -0.394942 -0.216841
vn -0.892362 -0.374783 -0.251451
vn -0.891800 -0.342846 -0.295210
vn -0.891012 -0.291810 -0.347770
vn -0.890021 -0.212455 -0.403391
vn -0.889047 -0.100453 -0.446659
vn -0.888543 0.030546 -0.457776
vn -0.888970 0.143694 -0.434839
vn -0.890378 0.214491 -0.401524
vn -0.891762 0.248240 -0.378334
vn -0.892571 0.259028 -0.369083
vn -0.893058 0.253586 -0.371674
vn -0.893414 0.231895 -0.384755
vn -0.893761 0.188672 -0.406932
vn -0.894172 0.113365 -0.433133
vn -0.894466 -0.005061 -0.447108
vn -0.894051 -0.155010 -0.420292
vn -0.893413 -0.285393 -0.346934
vn -0.893467 -0.365074 -0.261606
vn -0.892884 -0.391294 -0.222816
vn 0.000006 0.435755 -0.900065
vn 0.000011 0.435766 -0.900060
vn 0.000015 0.435776 -0.900055
vn 0.311956 0.817914 0.483425
vn 0.311603 0.862962 0.397744
vn 0.311169 0.671565 0.672439
vn 0.311494 0.433591 0.845559
vn 0.312373 0.153929 0.937406
vn 0.313257 -0.087534 0.945626
vn 0.313941 -0.254961 0.914569
vn 0.314414 -0.355971 0.880016
vn 0.314726 -0.407001 0.857495
vn 0.314923 -0.418205 0.852014
vn 0.314934 -0.392009 0.864376
vn 0.314166 -0.328426 0.890751
vn 0.311540 -0.221624 0.924027
vn 0.310426 -0.011241 0.950531
vn 0.313936 0.313620 0.896151
vn 0.315396 0.573410 0.756126
vn 0.315412 0.723808 0.613691
vn 0.315294 0.807694 0.498218
vn 0.315214 0.855773 0.410234
vn 0.315170 0.884380 0.344297
vn 0.315143 0.902033 0.294995
vn 0.315124 0.913273 0.258128
vn 0.315111 0.920593 0.230681
vn 0.315103 0.925346 0.210819
vn 0.313405 0.932707 0.178425
vn 0.312022 0.936444 0.160362
vn -0.466438 0.771017 -0.433553
vn -0.873525 0.236705 -0.425353
vn -0.867666 0.223371 -0.444142
vn -0.868121 0.103983 -0.485339
vn -0.873238 -0.043556 -0.485344
vn -0.864754 -0.152145 -0.478595
vn -0.856084 -0.212362 -0.471192
vn -0.860832 -0.173567 -0.478375
vn -0.873915 -0.035282 -0.484797
vn -0.846964 0.222924 -0.482656
vn -0.677192 0.558805 -0.478694
vn -0.382967 0.791339 -0.476571
vn -0.240039 0.847232 -0.473898
s 1
g pCylinder1 tree Inside_stuff
usemtl lambert11SG
f 4085/5082/5019 4109/5107/5020 4110/5755/5021
f 4109/5107/5020 4687/5683/5022 4135/5132/5023 4110/5754/5021
f 4135/5132/5023 4159/5157/5024 4110/5753/5021
f 4159/5157/5024 4184/5182/5025 4110/5752/5021
f 4184/5182/5025 4209/5751/5026 4110/5057/5021
f 4209/5207/5026 4085/5082/5019 4110/5756/5021
s 2
f 4055/5055/5027 4056/5054/5028 4086/5083/5029 4061/5058/5030
f 4061/5058/5030 4086/5083/5029 4087/5084/5031 4062/5059/5032
f 4062/5059/5032 4087/5084/5031 4088/5085/5033 4063/5060/5034
f 4063/5060/5034 4088/5085/5033 4089/5086/5035 4064/5061/5036
f 4064/5061/5036 4089/5086/5035 4090/5087/5037 4065/5062/5038
f 4065/5062/5038 4090/5087/5037 4091/5088/5039 4066/5063/5040
f 4066/5063/5040 4091/5088/5039 4092/5089/5041 4067/5064/5042
f 4067/5064/5042 4092/5089/5041 4093/5090/5043 4068/5065/5044
f 4068/5065/5044 4093/5090/5043 4094/5091/5045 4069/5782/5046
s 3
f 4435/5432/5047 4460/5785/5048 4461/5092/5049 4486/5482/5050
f 4486/5482/5050 4461/5092/5049 4511/5507/5051 4536/5688/5052
s 4
f 4071/5714/5053 4095/5093/5054 4096/5094/5055 4072/5069/5056
f 4072/5069/5056 4096/5094/5055 4097/5095/5057 4073/5070/5058
f 4073/5070/5058 4097/5095/5057 4098/5096/5059 4074/5071/5060
f 4074/5071/5060 4098/5096/5059 4099/5097/5061 4075/5072/5062
f 4075/5072/5062 4099/5097/5061 4100/5098/5063 4076/5073/5064
f 4076/5073/5064 4100/5098/5063 4101/5099/5065 4077/5074/5066
f 4077/5074/5066 4101/5099/5065 4102/5100/5067 4078/5075/5068
f 4078/5075/5068 4102/5100/5067 4103/5101/5069 4079/5076/5070
f 4079/5076/5070 4103/5101/5069 4104/5102/5071 4080/5077/5072
f 4080/5077/5072 4104/5102/5071 4105/5103/5073 4081/5078/5074
f 4081/5078/5074 4105/5103/5073 4106/5104/5075 4082/5079/5076
f 4082/5079/5076 4106/5104/5075 4107/5105/5077 4083/5080/5078
f 4083/5080/5078 4107/5105/5077 4108/5106/5079 4084/5081/5080
f 4084/5081/5080 4108/5106/5079 4109/5107/5081 4085/5082/5082
s 5
f 4056/5054/5083 4612/5608/5084 4613/5609/5085 4086/5083/5086
f 4086/5083/5086 4613/5609/5085 4614/5610/5087 4087/5084/5088
f 4087/5084/5088 4614/5610/5087 4615/5611/5089 4088/5085/5090
f 4088/5085/5090 4615/5611/5089 4616/5612/5091 4089/5086/5092
f 4089/5086/5092 4616/5612/5091 4617/5613/5093 4090/5087/5094
f 4090/5087/5094 4617/5613/5093 4618/5614/5095 4091/5088/5096
f 4091/5088/5096 4618/5614/5095 4619/5615/5097 4092/5089/5098
f 4092/5089/5098 4619/5615/5097 4620/5616/5099 4093/5090/5100
f 4093/5090/5100 4620/5616/5099 4621/5617/5101 4094/5091/5102
s 3
f 4460/5785/5048 4646/5642/5103 4647/5643/5104 4461/5092/5049
f 4461/5092/5049 4647/5643/5104 4648/5644/5105 4511/5507/5051
s 6
f 4095/5093/5106 4673/5669/5107 4674/5670/5108 4096/5094/5109
f 4096/5094/5109 4674/5670/5108 4675/5671/5110 4097/5095/5111
f 4097/5095/5111 4675/5671/5110 4676/5672/5112 4098/5096/5113
s 7
f 4098/5096/5114 4676/5672/5115 4677/5673/5116 4099/5097/5117
f 4099/5097/5117 4677/5673/5116 4678/5674/5118 4100/5098/5119
f 4100/5098/5119 4678/5674/5118 4679/5675/5120 4101/5099/5121
f 4101/5099/5121 4679/5675/5120 4680/5676/5122 4102/5100/5123
f 4102/5100/5123 4680/5676/5122 4681/5677/5124 4103/5101/5125
f 4103/5101/5125 4681/5677/5124 4682/5678/5126 4104/5102/5127
f 4104/5102/5127 4682/5678/5126 4683/5679/5128 4105/5103/5129
f 4105/5103/5129 4683/5679/5128 4684/5680/5130 4106/5104/5131
f 4106/5104/5131 4684/5680/5130 4685/5681/5132 4107/5105/5133
f 4107/5105/5133 4685/5681/5132 4686/5682/5134 4108/5106/5135
f 4108/5106/5135 4686/5682/5134 4687/5683/5136 4109/5107/5137
s 8
f 4057/5053/5138 4058/5052/5139 4136/5133/5140 4111/5108/5141
f 4111/5108/5141 4136/5133/5140 4137/5134/5142 4112/5109/5143
f 4112/5109/5143 4137/5134/5142 4138/5135/5144 4113/5110/5145
f 4113/5110/5145 4138/5135/5144 4139/5136/5146 4114/5111/5147
f 4114/5111/5147 4139/5136/5146 4140/5137/5148 4115/5112/5149
f 4115/5112/5149 4140/5137/5148 4141/5138/5150 4116/5113/5151
f 4116/5113/5151 4141/5138/5150 4142/5139/5152 4117/5114/5153
f 4117/5114/5153 4142/5139/5152 4143/5140/5154 4118/5115/5155
f 4118/5115/5155 4143/5140/5154 4144/5141/5156 4119/5116/5157
f 4119/5116/5157 4144/5141/5156 4145/5142/5158 4120/5117/5159
f 4120/5117/5159 4145/5142/5158 4146/5143/5160 4121/5118/5161
s off
f 4121/5118/5162 4146/5143/5163 4147/5144/5164 4122/5119/5165
s 9
f 4234/5232/5166 4259/5745/5167 4260/5145/5168 4285/5282/5169
f 4285/5282/5169 4260/5145/5168 4310/5307/5170 4335/5747/5171
s 10
f 4124/5121/5172 4148/5146/5173 4149/5147/5174 4125/5122/5175
f 4125/5122/5175 4149/5147/5174 4150/5148/5176 4126/5123/5177
f 4126/5123/5177 4150/5148/5176 4151/5149/5178 4127/5124/5179
f 4127/5124/5179 4151/5149/5178 4152/5150/5180 4128/5125/5181
f 4128/5125/5181 4152/5150/5180 4153/5151/5182 4129/5126/5183
f 4129/5126/5183 4153/5151/5182 4154/5152/5184 4130/5127/5185
f 4130/5127/5185 4154/5152/5184 4155/5153/5186 4131/5128/5187
f 4131/5128/5187 4155/5153/5186 4156/5154/5188 4132/5129/5189
f 4132/5129/5189 4156/5154/5188 4157/5155/5190 4133/5130/5191
f 4133/5130/5191 4157/5155/5190 4158/5156/5192 4134/5131/5193
f 4134/5131/5193 4158/5156/5192 4159/5157/5194 4135/5132/5195
s 11
f 4058/5052/5196 4059/5051/5197 4160/5158/5198 4136/5133/5199
f 4136/5133/5199 4160/5158/5198 4161/5159/5200 4137/5134/5201
f 4137/5134/5201 4161/5159/5200 4162/5160/5202 4138/5135/5203
f 4138/5135/5203 4162/5160/5202 4163/5161/5204 4139/5136/5205
f 4139/5136/5205 4163/5161/5204 4164/5162/5206 4140/5137/5207
f 4140/5137/5207 4164/5162/5206 4165/5163/5208 4141/5138/5209
f 4141/5138/5209 4165/5163/5208 4166/5164/5210 4142/5139/5211
f 4142/5139/5211 4166/5164/5210 4167/5165/5212 4143/5140/5213
f 4143/5140/5213 4167/5165/5212 4168/5166/5214 4144/5141/5215
f 4144/5141/5215 4168/5166/5214 4169/5167/5216 4145/5142/5217
f 4145/5142/5217 4169/5167/5216 4170/5168/5218 4146/5143/5219
f 4146/5143/5219 4170/5168/5218 4171/5169/5220 4147/5144/5221
s 9
f 4259/5745/5167 4360/5357/5222 4385/5719/5223 4260/5145/5168
f 4260/5145/5168 4385/5719/5223 4410/5718/5224 4310/5307/5170
s 10
f 4148/5146/5173 4173/5171/5225 4174/5172/5226 4149/5147/5174
f 4149/5147/5174 4174/5172/5226 4175/5173/5227 4150/5148/5228
f 4150/5148/5228 4175/5173/5227 4176/5174/5229 4151/5149/5230
f 4151/5149/5230 4176/5174/5229 4177/5175/5231 4152/5150/5232
f 4152/5150/5232 4177/5175/5231 4178/5176/5233 4153/5151/5234
f 4153/5151/5234 4178/5176/5233 4179/5177/5235 4154/5152/5236
f 4154/5152/5236 4179/5177/5235 4180/5178/5237 4155/5153/5238
f 4155/5153/5238 4180/5178/5237 4181/5179/5239 4156/5154/5240
f 4156/5154/5240 4181/5179/5239 4182/5180/5241 4157/5155/5242
f 4157/5155/5242 4182/5180/5241 4183/5181/5243 4158/5156/5244
f 4158/5156/5244 4183/5181/5243 4184/5182/5245 4159/5157/5246
s 12
f 4059/5051/5247 4060/5056/5248 4185/5780/5249 4160/5158/5250
f 4160/5158/5250 4185/5780/5249 4186/5779/5251 4161/5159/5252
f 4161/5159/5252 4186/5779/5251 4187/5778/5253 4162/5160/5254
f 4162/5160/5254 4187/5778/5253 4188/5777/5255 4163/5161/5256
f 4163/5161/5256 4188/5777/5255 4189/5776/5257 4164/5162/5258
f 4164/5162/5258 4189/5776/5257 4190/5775/5259 4165/5163/5260
f 4165/5163/5260 4190/5775/5259 4191/5774/5261 4166/5164/5262
f 4166/5164/5262 4191/5774/5261 4192/5773/5263 4167/5165/5264
f 4167/5165/5264 4192/5773/5263 4193/5772/5265 4168/5166/5266
f 4168/5166/5266 4193/5772/5265 4194/5771/5267 4169/5167/5268
f 4169/5167/5268 4194/5771/5267 4195/5749/5269 4170/5168/5270
f 4170/5168/5270 4195/5749/5269 4196/5770/5271 4171/5169/5272
f 4171/5169/5272 4196/5770/5271 4197/5757/5273 4172/5744/5274
f 4172/5170/5274 4197/5758/5273 4198/5769/5275 4173/5171/5276
f 4173/5171/5276 4198/5769/5275 4199/5768/5277 4174/5172/5278
f 4174/5172/5278 4199/5768/5277 4200/5767/5279 4175/5173/5280
f 4175/5173/5280 4200/5767/5279 4201/5766/5281 4176/5174/5282
f 4176/5174/5282 4201/5766/5281 4202/5765/5283 4177/5175/5284
f 4177/5175/5284 4202/5765/5283 4203/5764/5285 4178/5176/5286
f 4178/5176/5286 4203/5764/5285 4204/5763/5287 4179/5177/5288
f 4179/5177/5288 4204/5763/5287 4205/5762/5289 4180/5178/5290
f 4180/5178/5290 4205/5762/5289 4206/5761/5291 4181/5179/5292
f 4181/5179/5292 4206/5761/5291 4207/5760/5293 4182/5180/5294
f 4182/5180/5294 4207/5760/5293 4208/5759/5295 4183/5181/5296
f 4183/5181/5296 4208/5759/5295 4209/5751/5297 4184/5182/5298
s 13
f 4060/5781/5299 4055/5055/5300 4061/5058/5301 4185/5183/5302
f 4185/5183/5302 4061/5058/5301 4062/5059/5303 4186/5184/5304
f 4186/5184/5304 4062/5059/5303 4063/5060/5305 4187/5185/5306
f 4187/5185/5306 4063/5060/5305 4064/5061/5307 4188/5186/5308
f 4188/5186/5308 4064/5061/5307 4065/5062/5309 4189/5187/5310
f 4189/5187/5310 4065/5062/5309 4066/5063/5311 4190/5188/5312
f 4190/5188/5312 4066/5063/5311 4067/5064/5313 4191/5189/5314
f 4191/5189/5314 4067/5064/5313 4068/5065/5315 4192/5190/5316
f 4192/5190/5316 4068/5065/5315 4069/5782/5317 4193/5191/5318
s 14
f 4193/5191/5319 4069/5782/5320 4070/5783/5321 4194/5192/5322
f 4194/5192/5322 4070/5783/5321 4071/5713/5323 4195/5193/5324
f 4195/5750/5324 4071/5714/5323 4072/5069/5325 4196/5194/5326
f 4196/5194/5326 4072/5069/5325 4073/5070/5327 4197/5195/5328
f 4197/5195/5328 4073/5070/5327 4074/5071/5329 4198/5196/5330
f 4198/5196/5330 4074/5071/5329 4075/5072/5331 4199/5197/5332
f 4199/5197/5332 4075/5072/5331 4076/5073/5333 4200/5198/5334
f 4200/5198/5334 4076/5073/5333 4077/5074/5335 4201/5199/5336
f 4201/5199/5336 4077/5074/5335 4078/5075/5337 4202/5200/5338
f 4202/5200/5338 4078/5075/5337 4079/5076/5339 4203/5201/5340
f 4203/5201/5340 4079/5076/5339 4080/5077/5341 4204/5202/5342
f 4204/5202/5342 4080/5077/5341 4081/5078/5343 4205/5203/5344
f 4205/5203/5344 4081/5078/5343 4082/5079/5345 4206/5204/5346
f 4206/5204/5346 4082/5079/5345 4083/5080/5347 4207/5205/5348
f 4207/5205/5348 4083/5080/5347 4084/5081/5349 4208/5206/5350
f 4208/5206/5350 4084/5081/5349 4085/5082/5351 4209/5207/5352
s 15
f 4122/5119/5353 4147/5144/5354 4235/5233/5355 4210/5208/5356
f 4210/5208/5356 4235/5233/5355 4236/5234/5357 4211/5209/5358
f 4211/5209/5358 4236/5234/5357 4237/5235/5359 4212/5210/5360
f 4212/5210/5360 4237/5235/5359 4238/5236/5361 4213/5211/5362
f 4213/5211/5362 4238/5236/5361 4239/5237/5363 4214/5212/5364
f 4214/5212/5364 4239/5237/5363 4240/5238/5365 4215/5213/5366
f 4215/5213/5366 4240/5238/5365 4241/5239/5367 4216/5214/5368
f 4216/5214/5368 4241/5239/5367 4242/5240/5369 4217/5215/5370
f 4217/5215/5370 4242/5240/5369 4243/5241/5371 4218/5216/5372
f 4218/5216/5372 4243/5241/5371 4244/5242/5373 4219/5217/5374
f 4219/5217/5374 4244/5242/5373 4245/5243/5375 4220/5218/5376
f 4220/5218/5376 4245/5243/5375 4246/5244/5377 4221/5219/5378
f 4221/5219/5378 4246/5244/5377 4247/5245/5379 4222/5220/5380
f 4222/5220/5380 4247/5245/5379 4248/5246/5381 4223/5221/5382
f 4223/5221/5382 4248/5246/5381 4249/5247/5383 4224/5222/5384
f 4224/5222/5384 4249/5247/5383 4250/5248/5385 4225/5223/5386
f 4225/5223/5386 4250/5248/5385 4251/5249/5387 4226/5224/5388
f 4226/5224/5388 4251/5249/5387 4252/5250/5389 4227/5225/5390
f 4227/5225/5390 4252/5250/5389 4253/5251/5391 4228/5226/5392
f 4228/5226/5392 4253/5251/5391 4254/5252/5393 4229/5227/5394
f 4229/5227/5394 4254/5252/5393 4255/5253/5395 4230/5228/5396
f 4230/5228/5396 4255/5253/5395 4256/5254/5397 4231/5229/5398
f 4231/5229/5398 4256/5254/5397 4257/5255/5399 4232/5230/5400
f 4232/5230/5400 4257/5255/5399 4258/5256/5401 4233/5231/5402
f 4233/5231/5402 4258/5256/5401 4259/5257/5403 4234/5748/5404
s 6
f 4123/5120/5405 4122/5119/5406 4210/5208/5407 4261/5258/5408
f 4261/5258/5408 4210/5208/5407 4211/5209/5409 4262/5259/5410
f 4262/5259/5410 4211/5209/5409 4212/5210/5411 4263/5260/5412
f 4263/5260/5412 4212/5210/5411 4213/5211/5413 4264/5261/5414
f 4264/5261/5414 4213/5211/5413 4214/5212/5415 4265/5262/5416
f 4265/5262/5416 4214/5212/5415 4215/5213/5417 4266/5263/5418
f 4266/5263/5418 4215/5213/5417 4216/5214/5419 4267/5264/5420
f 4267/5264/5420 4216/5214/5419 4217/5215/5421 4268/5265/5422
f 4268/5265/5422 4217/5215/5421 4218/5216/5423 4269/5266/5424
f 4269/5266/5424 4218/5216/5423 4219/5217/5425 4270/5267/5426
f 4270/5267/5426 4219/5217/5425 4220/5218/5427 4271/5268/5428
f 4271/5268/5428 4220/5218/5427 4221/5219/5429 4272/5269/5430
f 4272/5269/5430 4221/5219/5429 4222/5220/5431 4273/5270/5432
f 4273/5270/5432 4222/5220/5431 4223/5221/5433 4274/5271/5434
f 4274/5271/5434 4223/5221/5433 4224/5222/5435 4275/5272/5436
f 4275/5272/5436 4224/5222/5435 4225/5223/5437 4276/5273/5438
f 4276/5273/5438 4225/5223/5437 4226/5224/5439 4277/5274/5440
f 4277/5274/5440 4226/5224/5439 4227/5225/5441 4278/5275/5442
f 4278/5275/5442 4227/5225/5441 4228/5226/5443 4279/5276/5444
f 4279/5276/5444 4228/5226/5443 4229/5227/5445 4280/5277/5446
f 4280/5277/5446 4229/5227/5445 4230/5228/5447 4281/5278/5448
f 4281/5278/5448 4230/5228/5447 4231/5229/5449 4282/5279/5450
f 4282/5279/5450 4231/5229/5449 4232/5230/5451 4283/5280/5452
f 4283/5280/5452 4232/5230/5451 4233/5231/5453 4284/5281/5454
f 4284/5281/5454 4233/5231/5453 4234/5748/5455 4285/5746/5456
s 16
f 4148/5146/5457 4124/5121/5458 4311/5308/5459 4286/5283/5460
f 4286/5283/5460 4311/5308/5459 4312/5309/5461 4287/5284/5462
f 4287/5284/5462 4312/5309/5461 4313/5310/5463 4288/5285/5464
f 4288/5285/5464 4313/5310/5463 4314/5311/5465 4289/5286/5466
f 4289/5286/5466 4314/5311/5465 4315/5312/5467 4290/5287/5468
f 4290/5287/5468 4315/5312/5467 4316/5313/5469 4291/5288/5470
f 4291/5288/5470 4316/5313/5469 4317/5314/5471 4292/5289/5472
f 4292/5289/5472 4317/5314/5471 4318/5315/5473 4293/5290/5474
f 4293/5290/5474 4318/5315/5473 4319/5316/5475 4294/5291/5476
f 4294/5291/5476 4319/5316/5475 4320/5317/5477 4295/5292/5478
f 4295/5292/5478 4320/5317/5477 4321/5318/5479 4296/5293/5480
f 4296/5293/5480 4321/5318/5479 4322/5319/5481 4297/5294/5482
f 4297/5294/5482 4322/5319/5481 4323/5320/5483 4298/5295/5484
f 4298/5295/5484 4323/5320/5483 4324/5321/5485 4299/5296/5486
f 4299/5296/5486 4324/5321/5485 4325/5322/5487 4300/5297/5488
f 4300/5297/5488 4325/5322/5487 4326/5323/5489 4301/5298/5490
f 4301/5298/5490 4326/5323/5489 4327/5324/5491 4302/5299/5492
f 4302/5299/5492 4327/5324/5491 4328/5325/5493 4303/5300/5494
f 4303/5300/5494 4328/5325/5493 4329/5326/5495 4304/5301/5496
f 4304/5301/5496 4329/5326/5495 4330/5327/5497 4305/5302/5498
f 4305/5302/5498 4330/5327/5497 4331/5328/5499 4306/5303/5500
f 4306/5303/5500 4331/5328/5499 4332/5329/5501 4307/5304/5502
f 4307/5304/5502 4332/5329/5501 4333/5330/5503 4308/5305/5504
f 4308/5305/5504 4333/5330/5503 4334/5331/5505 4309/5306/5506
f 4309/5306/5506 4334/5331/5505 4335/5332/5507 4310/5717/5508
s 6
f 4124/5121/5509 4123/5120/5405 4261/5258/5510 4311/5308/5511
f 4311/5308/5511 4261/5258/5510 4262/5259/5512 4312/5309/5513
f 4312/5309/5513 4262/5259/5512 4263/5260/5514 4313/5310/5515
f 4313/5310/5515 4263/5260/5514 4264/5261/5516 4314/5311/5517
f 4314/5311/5517 4264/5261/5516 4265/5262/5518 4315/5312/5519
f 4315/5312/5519 4265/5262/5518 4266/5263/5520 4316/5313/5521
f 4316/5313/5521 4266/5263/5520 4267/5264/5522 4317/5314/5523
f 4317/5314/5523 4267/5264/5522 4268/5265/5524 4318/5315/5525
f 4318/5315/5525 4268/5265/5524 4269/5266/5526 4319/5316/5527
f 4319/5316/5527 4269/5266/5526 4270/5267/5528 4320/5317/5529
f 4320/5317/5529 4270/5267/5528 4271/5268/5530 4321/5318/5531
f 4321/5318/5531 4271/5268/5530 4272/5269/5532 4322/5319/5533
f 4322/5319/5533 4272/5269/5532 4273/5270/5534 4323/5320/5535
f 4323/5320/5535 4273/5270/5534 4274/5271/5536 4324/5321/5537
f 4324/5321/5537 4274/5271/5536 4275/5272/5538 4325/5322/5539
f 4325/5322/5539 4275/5272/5538 4276/5273/5540 4326/5323/5541
f 4326/5323/5541 4276/5273/5540 4277/5274/5542 4327/5324/5543
f 4327/5324/5543 4277/5274/5542 4278/5275/5544 4328/5325/5545
f 4328/5325/5545 4278/5275/5544 4279/5276/5546 4329/5326/5547
f 4329/5326/5547 4279/5276/5546 4280/5277/5548 4330/5327/5549
f 4330/5327/5549 4280/5277/5548 4281/5278/5550 4331/5328/5551
f 4331/5328/5551 4281/5278/5550 4282/5279/5552 4332/5329/5553
f 4332/5329/5553 4282/5279/5552 4283/5280/5554 4333/5330/5555
f 4333/5330/5555 4283/5280/5554 4284/5281/5556 4334/5331/5557
f 4334/5331/5557 4284/5281/5556 4285/5746/5558 4335/5332/5559
s 17
f 4147/5144/5560 4171/5169/5561 4336/5333/5562 4235/5233/5563
f 4235/5233/5563 4336/5333/5562 4337/5334/5564 4236/5234/5565
f 4236/5234/5565 4337/5334/5564 4338/5335/5566 4237/5235/5567
f 4237/5235/5567 4338/5335/5566 4339/5336/5568 4238/5236/5569
f 4238/5236/5569 4339/5336/5568 4340/5337/5570 4239/5237/5571
f 4239/5237/5571 4340/5337/5570 4341/5338/5572 4240/5238/5573
f 4240/5238/5573 4341/5338/5572 4342/5339/5574 4241/5239/5575
f 4241/5239/5575 4342/5339/5574 4343/5340/5576 4242/5240/5577
f 4242/5240/5577 4343/5340/5576 4344/5341/5578 4243/5241/5579
f 4243/5241/5579 4344/5341/5578 4345/5342/5580 4244/5242/5581
f 4244/5242/5581 4345/5342/5580 4346/5343/5582 4245/5243/5583
f 4245/5243/5583 4346/5343/5582 4347/5344/5584 4246/5244/5585
f 4246/5244/5585 4347/5344/5584 4348/5345/5586 4247/5245/5587
f 4247/5245/5587 4348/5345/5586 4349/5346/5588 4248/5246/5589
f 4248/5246/5589 4349/5346/5588 4350/5347/5590 4249/5247/5591
f 4249/5247/5591 4350/5347/5590 4351/5348/5592 4250/5248/5593
f 4250/5248/5593 4351/5348/5592 4352/5349/5594 4251/5249/5595
f 4251/5249/5595 4352/5349/5594 4353/5350/5596 4252/5250/5597
f 4252/5250/5597 4353/5350/5596 4354/5351/5598 4253/5251/5599
f 4253/5251/5599 4354/5351/5598 4355/5352/5600 4254/5252/5601
f 4254/5252/5601 4355/5352/5600 4356/5353/5602 4255/5253/5603
f 4255/5253/5603 4356/5353/5602 4357/5354/5604 4256/5254/5605
f 4256/5254/5605 4357/5354/5604 4358/5355/5606 4257/5255/5607
f 4257/5255/5607 4358/5355/5606 4359/5356/5608 4258/5256/5609
f 4258/5256/5609 4359/5356/5608 4360/5357/5610 4259/5257/5611
s 12
f 4171/5169/5272 4172/5744/5274 4361/5743/5612 4336/5333/5613
f 4336/5333/5613 4361/5743/5612 4362/5742/5614 4337/5334/5615
f 4337/5334/5615 4362/5742/5614 4363/5741/5616 4338/5335/5617
f 4338/5335/5617 4363/5741/5616 4364/5740/5618 4339/5336/5619
f 4339/5336/5619 4364/5740/5618 4365/5739/5620 4340/5337/5621
f 4340/5337/5621 4365/5739/5620 4366/5738/5622 4341/5338/5623
f 4341/5338/5623 4366/5738/5622 4367/5737/5624 4342/5339/5625
f 4342/5339/5625 4367/5737/5624 4368/5736/5626 4343/5340/5627
f 4343/5340/5627 4368/5736/5626 4369/5735/5628 4344/5341/5629
f 4344/5341/5629 4369/5735/5628 4370/5734/5630 4345/5342/5631
f 4345/5342/5631 4370/5734/5630 4371/5733/5632 4346/5343/5633
f 4346/5343/5633 4371/5733/5632 4372/5732/5634 4347/5344/5635
f 4347/5344/5635 4372/5732/5634 4373/5731/5636 4348/5345/5637
f 4348/5345/5637 4373/5731/5636 4374/5730/5638 4349/5346/5639
f 4349/5346/5639 4374/5730/5638 4375/5729/5640 4350/5347/5641
f 4350/5347/5641 4375/5729/5640 4376/5728/5642 4351/5348/5643
f 4351/5348/5643 4376/5728/5642 4377/5727/5644 4352/5349/5645
f 4352/5349/5645 4377/5727/5644 4378/5726/5646 4353/5350/5647
f 4353/5350/5647 4378/5726/5646 4379/5725/5648 4354/5351/5649
f 4354/5351/5649 4379/5725/5648 4380/5724/5650 4355/5352/5651
f 4355/5352/5651 4380/5724/5650 4381/5723/5652 4356/5353/5653
f 4356/5353/5653 4381/5723/5652 4382/5722/5654 4357/5354/5655
f 4357/5354/5655 4382/5722/5654 4383/5721/5656 4358/5355/5657
f 4358/5355/5657 4383/5721/5656 4384/5720/5658 4359/5356/5659
f 4359/5356/5659 4384/5720/5658 4385/5719/5660 4360/5357/5661
f 4172/5170/5274 4173/5171/5276 4386/5383/5662 4361/5358/5663
f 4361/5358/5663 4386/5383/5662 4387/5384/5664 4362/5359/5665
f 4362/5359/5665 4387/5384/5664 4388/5385/5666 4363/5360/5667
f 4363/5360/5667 4388/5385/5666 4389/5386/5668 4364/5361/5669
f 4364/5361/5669 4389/5386/5668 4390/5387/5670 4365/5362/5671
f 4365/5362/5671 4390/5387/5670 4391/5388/5672 4366/5363/5673
f 4366/5363/5673 4391/5388/5672 4392/5389/5674 4367/5364/5675
f 4367/5364/5675 4392/5389/5674 4393/5390/5676 4368/5365/5677
f 4368/5365/5677 4393/5390/5676 4394/5391/5678 4369/5366/5679
f 4369/5366/5679 4394/5391/5678 4395/5392/5680 4370/5367/5681
f 4370/5367/5681 4395/5392/5680 4396/5393/5682 4371/5368/5683
f 4371/5368/5683 4396/5393/5682 4397/5394/5684 4372/5369/5685
f 4372/5369/5685 4397/5394/5684 4398/5395/5686 4373/5370/5687
f 4373/5370/5687 4398/5395/5686 4399/5396/5688 4374/5371/5689
f 4374/5371/5689 4399/5396/5688 4400/5397/5690 4375/5372/5691
f 4375/5372/5691 4400/5397/5690 4401/5398/5692 4376/5373/5693
f 4376/5373/5693 4401/5398/5692 4402/5399/5694 4377/5374/5695
f 4377/5374/5695 4402/5399/5694 4403/5400/5696 4378/5375/5697
f 4378/5375/5697 4403/5400/5696 4404/5401/5698 4379/5376/5699
f 4379/5376/5699 4404/5401/5698 4405/5402/5700 4380/5377/5701
f 4380/5377/5701 4405/5402/5700 4406/5403/5702 4381/5378/5703
f 4381/5378/5703 4406/5403/5702 4407/5404/5704 4382/5379/5705
f 4382/5379/5705 4407/5404/5704 4408/5405/5706 4383/5380/5707
f 4383/5380/5707 4408/5405/5706 4409/5406/5708 4384/5381/5709
f 4384/5381/5709 4409/5406/5708 4410/5407/5710 4385/5382/5711
s 18
f 4173/5171/5712 4148/5146/5713 4286/5283/5714 4386/5383/5715
f 4386/5383/5715 4286/5283/5714 4287/5284/5716 4387/5384/5717
f 4387/5384/5717 4287/5284/5716 4288/5285/5718 4388/5385/5719
f 4388/5385/5719 4288/5285/5718 4289/5286/5720 4389/5386/5721
f 4389/5386/5721 4289/5286/5720 4290/5287/5722 4390/5387/5723
f 4390/5387/5723 4290/5287/5722 4291/5288/5724 4391/5388/5725
f 4391/5388/5725 4291/5288/5724 4292/5289/5726 4392/5389/5727
f 4392/5389/5727 4292/5289/5726 4293/5290/5728 4393/5390/5729
f 4393/5390/5729 4293/5290/5728 4294/5291/5730 4394/5391/5731
f 4394/5391/5731 4294/5291/5730 4295/5292/5732 4395/5392/5733
f 4395/5392/5733 4295/5292/5732 4296/5293/5734 4396/5393/5735
f 4396/5393/5735 4296/5293/5734 4297/5294/5736 4397/5394/5737
f 4397/5394/5737 4297/5294/5736 4298/5295/5738 4398/5395/5739
f 4398/5395/5739 4298/5295/5738 4299/5296/5740 4399/5396/5741
f 4399/5396/5741 4299/5296/5740 4300/5297/5742 4400/5397/5743
f 4400/5397/5743 4300/5297/5742 4301/5298/5744 4401/5398/5745
f 4401/5398/5745 4301/5298/5744 4302/5299/5746 4402/5399/5747
f 4402/5399/5747 4302/5299/5746 4303/5300/5748 4403/5400/5749
f 4403/5400/5749 4303/5300/5748 4304/5301/5750 4404/5401/5751
f 4404/5401/5751 4304/5301/5750 4305/5302/5752 4405/5402/5753
f 4405/5402/5753 4305/5302/5752 4306/5303/5754 4406/5403/5755
f 4406/5403/5755 4306/5303/5754 4307/5304/5756 4407/5404/5757
f 4407/5404/5757 4307/5304/5756 4308/5305/5758 4408/5405/5759
f 4408/5405/5759 4308/5305/5758 4309/5306/5760 4409/5406/5761
f 4409/5406/5761 4309/5306/5760 4310/5717/5762 4410/5407/5763
s 19
f 4069/5066/5764 4094/5091/5765 4436/5433/5766 4411/5408/5767
f 4411/5408/5767 4436/5433/5766 4437/5434/5768 4412/5409/5769
f 4412/5409/5769 4437/5434/5768 4438/5435/5770 4413/5410/5771
f 4413/5410/5771 4438/5435/5770 4439/5436/5772 4414/5411/5773
f 4414/5411/5773 4439/5436/5772 4440/5437/5774 4415/5412/5775
f 4415/5412/5775 4440/5437/5774 4441/5438/5776 4416/5413/5777
f 4416/5413/5777 4441/5438/5776 4442/5439/5778 4417/5414/5779
f 4417/5414/5779 4442/5439/5778 4443/5440/5780 4418/5415/5781
f 4418/5415/5781 4443/5440/5780 4444/5441/5782 4419/5416/5783
f 4419/5416/5783 4444/5441/5782 4445/5442/5784 4420/5417/5785
f 4420/5417/5785 4445/5442/5784 4446/5443/5786 4421/5418/5787
f 4421/5418/5787 4446/5443/5786 4447/5444/5788 4422/5419/5789
f 4422/5419/5789 4447/5444/5788 4448/5445/5790 4423/5420/5791
f 4423/5420/5791 4448/5445/5790 4449/5446/5792 4424/5421/5793
f 4424/5421/5793 4449/5446/5792 4450/5447/5794 4425/5422/5795
f 4425/5422/5795 4450/5447/5794 4451/5448/5796 4426/5423/5797
f 4426/5423/5797 4451/5448/5796 4452/5449/5798 4427/5424/5799
f 4427/5424/5799 4452/5449/5798 4453/5450/5800 4428/5425/5801
f 4428/5425/5801 4453/5450/5800 4454/5451/5802 4429/5426/5803
f 4429/5426/5803 4454/5451/5802 4455/5452/5804 4430/5427/5805
f 4430/5427/5805 4455/5452/5804 4456/5453/5806 4431/5428/5807
f 4431/5428/5807 4456/5453/5806 4457/5454/5808 4432/5429/5809
f 4432/5429/5809 4457/5454/5808 4458/5455/5810 4433/5430/5811
f 4433/5430/5811 4458/5455/5810 4459/5456/5812 4434/5431/5813
f 4434/5431/5813 4459/5456/5812 4460/5457/5814 4435/5716/5815
s 20
f 4070/5067/5816 4069/5066/5817 4411/5408/5818 4462/5458/5819
f 4462/5458/5819 4411/5408/5818 4412/5409/5820 4463/5459/5821
f 4463/5459/5821 4412/5409/5820 4413/5410/5822 4464/5460/5823
f 4464/5460/5823 4413/5410/5822 4414/5411/5824 4465/5461/5825
f 4465/5461/5825 4414/5411/5824 4415/5412/5826 4466/5462/5827
f 4466/5462/5827 4415/5412/5826 4416/5413/5828 4467/5463/5829
f 4467/5463/5829 4416/5413/5828 4417/5414/5830 4468/5464/5831
f 4468/5464/5831 4417/5414/5830 4418/5415/5832 4469/5465/5833
f 4469/5465/5833 4418/5415/5832 4419/5416/5834 4470/5466/5835
f 4470/5466/5835 4419/5416/5834 4420/5417/5836 4471/5467/5837
f 4471/5467/5837 4420/5417/5836 4421/5418/5838 4472/5468/5839
f 4472/5468/5839 4421/5418/5838 4422/5419/5840 4473/5469/5841
f 4473/5469/5841 4422/5419/5840 4423/5420/5842 4474/5470/5843
f 4474/5470/5843 4423/5420/5842 4424/5421/5844 4475/5471/5845
f 4475/5471/5845 4424/5421/5844 4425/5422/5846 4476/5472/5847
f 4476/5472/5847 4425/5422/5846 4426/5423/5848 4477/5473/5849
f 4477/5473/5849 4426/5423/5848 4427/5424/5850 4478/5474/5851
f 4478/5474/5851 4427/5424/5850 4428/5425/5852 4479/5475/5853
f 4479/5475/5853 4428/5425/5852 4429/5426/5854 4480/5476/5855
f 4480/5476/5855 4429/5426/5854 4430/5427/5856 4481/5477/5857
f 4481/5477/5857 4430/5427/5856 4431/5428/5858 4482/5478/5859
f 4482/5478/5859 4431/5428/5858 4432/5429/5860 4483/5479/5861
f 4483/5479/5861 4432/5429/5860 4433/5430/5862 4484/5480/5863
f 4484/5480/5863 4433/5430/5862 4434/5431/5864 4485/5481/5865
f 4485/5481/5865 4434/5431/5864 4435/5716/5866 4486/5687/5867
s 21
f 4095/5093/5868 4071/5715/5869 4512/5712/5870 4487/5483/5871
f 4487/5483/5871 4512/5712/5870 4513/5711/5872 4488/5484/5873
f 4488/5484/5873 4513/5711/5872 4514/5710/5874 4489/5485/5875
f 4489/5485/5875 4514/5710/5874 4515/5709/5876 4490/5486/5877
f 4490/5486/5877 4515/5709/5876 4516/5708/5878 4491/5487/5879
f 4491/5487/5879 4516/5708/5878 4517/5707/5880 4492/5488/5881
f 4492/5488/5881 4517/5707/5880 4518/5706/5882 4493/5489/5883
f 4493/5489/5883 4518/5706/5882 4519/5705/5884 4494/5490/5885
f 4494/5490/5885 4519/5705/5884 4520/5704/5886 4495/5491/5887
f 4495/5491/5887 4520/5704/5886 4521/5703/5888 4496/5492/5889
f 4496/5492/5889 4521/5703/5888 4522/5702/5890 4497/5493/5891
f 4497/5493/5891 4522/5702/5890 4523/5701/5892 4498/5494/5893
f 4498/5494/5893 4523/5701/5892 4524/5700/5894 4499/5495/5895
f 4499/5495/5895 4524/5700/5894 4525/5699/5896 4500/5496/5897
f 4500/5496/5897 4525/5699/5896 4526/5698/5898 4501/5497/5899
f 4501/5497/5899 4526/5698/5898 4527/5697/5900 4502/5498/5901
f 4502/5498/5901 4527/5697/5900 4528/5696/5902 4503/5499/5903
f 4503/5499/5903 4528/5696/5902 4529/5695/5904 4504/5500/5905
f 4504/5500/5905 4529/5695/5904 4530/5694/5906 4505/5501/5907
f 4505/5501/5907 4530/5694/5906 4531/5693/5908 4506/5502/5909
f 4506/5502/5909 4531/5693/5908 4532/5692/5910 4507/5503/5911
f 4507/5503/5911 4532/5692/5910 4533/5691/5912 4508/5504/5913
f 4508/5504/5913 4533/5691/5912 4534/5690/5914 4509/5505/5915
f 4509/5505/5915 4534/5690/5914 4535/5689/5916 4510/5506/5917
f 4510/5506/5917 4535/5689/5916 4536/5688/5918 4511/5507/5919
s 22
f 4071/5068/5920 4070/5067/5921 4462/5458/5922 4512/5508/5923
f 4512/5508/5923 4462/5458/5922 4463/5459/5924 4513/5509/5925
f 4513/5509/5925 4463/5459/5924 4464/5460/5926 4514/5510/5927
f 4514/5510/5927 4464/5460/5926 4465/5461/5928 4515/5511/5929
f 4515/5511/5929 4465/5461/5928 4466/5462/5930 4516/5512/5931
f 4516/5512/5931 4466/5462/5930 4467/5463/5932 4517/5513/5933
f 4517/5513/5933 4467/5463/5932 4468/5464/5934 4518/5514/5935
f 4518/5514/5935 4468/5464/5934 4469/5465/5936 4519/5515/5937
f 4519/5515/5937 4469/5465/5936 4470/5466/5938 4520/5516/5939
f 4520/5516/5939 4470/5466/5938 4471/5467/5940 4521/5517/5941
f 4521/5517/5941 4471/5467/5940 4472/5468/5942 4522/5518/5943
f 4522/5518/5943 4472/5468/5942 4473/5469/5944 4523/5519/5945
f 4523/5519/5945 4473/5469/5944 4474/5470/5946 4524/5520/5947
f 4524/5520/5947 4474/5470/5946 4475/5471/5948 4525/5521/5949
f 4525/5521/5949 4475/5471/5948 4476/5472/5950 4526/5522/5951
f 4526/5522/5951 4476/5472/5950 4477/5473/5952 4527/5523/5953
f 4527/5523/5953 4477/5473/5952 4478/5474/5954 4528/5524/5955
f 4528/5524/5955 4478/5474/5954 4479/5475/5956 4529/5525/5957
f 4529/5525/5957 4479/5475/5956 4480/5476/5958 4530/5526/5959
f 4530/5526/5959 4480/5476/5958 4481/5477/5960 4531/5527/5961
f 4531/5527/5961 4481/5477/5960 4482/5478/5962 4532/5528/5963
f 4532/5528/5963 4482/5478/5962 4483/5479/5964 4533/5529/5965
f 4533/5529/5965 4483/5479/5964 4484/5480/5966 4534/5530/5967
f 4534/5530/5967 4484/5480/5966 4485/5481/5968 4535/5531/5969
f 4535/5531/5969 4485/5481/5968 4486/5687/5970 4536/5532/5971
s 23
f 4094/5091/5972 4621/5617/5973 4622/5618/5974 4436/5433/5975
f 4436/5433/5975 4622/5618/5974 4623/5619/5976 4437/5434/5977
f 4437/5434/5977 4623/5619/5976 4624/5620/5978 4438/5435/5979
f 4438/5435/5979 4624/5620/5978 4625/5621/5980 4439/5436/5981
f 4439/5436/5981 4625/5621/5980 4626/5622/5982 4440/5437/5983
f 4440/5437/5983 4626/5622/5982 4627/5623/5984 4441/5438/5985
f 4441/5438/5985 4627/5623/5984 4628/5624/5986 4442/5439/5987
f 4442/5439/5987 4628/5624/5986 4629/5625/5988 4443/5440/5989
f 4443/5440/5989 4629/5625/5988 4630/5626/5990 4444/5441/5991
f 4444/5441/5991 4630/5626/5990 4631/5627/5992 4445/5442/5993
f 4445/5442/5993 4631/5627/5992 4632/5628/5994 4446/5443/5995
f 4446/5443/5995 4632/5628/5994 4633/5629/5996 4447/5444/5997
f 4447/5444/5997 4633/5629/5996 4634/5630/5998 4448/5445/5999
f 4448/5445/5999 4634/5630/5998 4635/5631/6000 4449/5446/6001
f 4449/5446/6001 4635/5631/6000 4636/5632/6002 4450/5447/6003
f 4450/5447/6003 4636/5632/6002 4637/5633/6004 4451/5448/6005
f 4451/5448/6005 4637/5633/6004 4638/5634/6006 4452/5449/6007
f 4452/5449/6007 4638/5634/6006 4639/5635/6008 4453/5450/6009
f 4453/5450/6009 4639/5635/6008 4640/5636/6010 4454/5451/6011
f 4454/5451/6011 4640/5636/6010 4641/5637/6012 4455/5452/6013
f 4455/5452/6013 4641/5637/6012 4642/5638/6014 4456/5453/6015
f 4456/5453/6015 4642/5638/6014 4643/5639/6016 4457/5454/6017
f 4457/5454/6017 4643/5639/6016 4644/5640/6018 4458/5455/6019
f 4458/5455/6019 4644/5640/6018 4645/5641/6020 4459/5456/6021
f 4459/5456/6021 4645/5641/6020 4646/5784/6022 4460/5457/6023
s 8
f 4119/5116/5157 4120/5117/5159 4562/5558/6024 4537/5533/6025
f 4537/5533/6025 4562/5558/6024 4563/5559/6026 4538/5534/6027
f 4538/5534/6027 4563/5559/6026 4564/5560/6028 4539/5535/6029
f 4539/5535/6029 4564/5560/6028 4565/5561/6030 4540/5536/6031
f 4540/5536/6031 4565/5561/6030 4566/5562/6032 4541/5537/6033
f 4541/5537/6033 4566/5562/6032 4567/5563/6034 4542/5538/6035
f 4542/5538/6035 4567/5563/6034 4568/5564/6036 4543/5539/6037
f 4543/5539/6037 4568/5564/6036 4569/5565/6038 4544/5540/6039
f 4544/5540/6039 4569/5565/6038 4570/5566/6040 4545/5541/6041
f 4545/5541/6041 4570/5566/6040 4571/5567/6042 4546/5542/6043
f 4546/5542/6043 4571/5567/6042 4572/5568/6044 4547/5543/6045
f 4547/5543/6045 4572/5568/6044 4573/5569/6046 4548/5544/6047
f 4548/5544/6047 4573/5569/6046 4574/5570/6048 4549/5545/6049
f 4549/5545/6049 4574/5570/6048 4575/5571/6050 4550/5546/6051
f 4550/5546/6051 4575/5571/6050 4576/5572/6052 4551/5547/6053
f 4551/5547/6053 4576/5572/6052 4577/5573/6054 4552/5548/6055
f 4552/5548/6055 4577/5573/6054 4578/5574/6056 4553/5549/6057
f 4553/5549/6057 4578/5574/6056 4579/5575/6058 4554/5550/6059
f 4554/5550/6059 4579/5575/6058 4580/5576/6060 4555/5551/6061
f 4555/5551/6061 4580/5576/6060 4581/5577/6062 4556/5552/6063
f 4556/5552/6063 4581/5577/6062 4582/5578/6064 4557/5553/6065
f 4557/5553/6065 4582/5578/6064 4583/5579/6066 4558/5554/6067
f 4558/5554/6067 4583/5579/6066 4584/5580/6068 4559/5555/6069
f 4559/5555/6069 4584/5580/6068 4585/5581/6070 4560/5556/6071
f 4560/5556/6071 4585/5581/6070 4586/5686/6072 4561/5685/6073
f 4120/5117/5159 4121/5118/5161 4587/5583/6074 4562/5558/6075
f 4562/5558/6075 4587/5583/6074 4588/5584/6076 4563/5559/6077
f 4563/5559/6077 4588/5584/6076 4589/5585/6078 4564/5560/6079
f 4564/5560/6079 4589/5585/6078 4590/5586/6080 4565/5561/6081
f 4565/5561/6081 4590/5586/6080 4591/5587/6082 4566/5562/6083
f 4566/5562/6083 4591/5587/6082 4592/5588/6084 4567/5563/6085
f 4567/5563/6085 4592/5588/6084 4593/5589/6086 4568/5564/6087
f 4568/5564/6087 4593/5589/6086 4594/5590/6088 4569/5565/6089
f 4569/5565/6089 4594/5590/6088 4595/5591/6090 4570/5566/6091
f 4570/5566/6091 4595/5591/6090 4596/5592/6092 4571/5567/6093
f 4571/5567/6093 4596/5592/6092 4597/5593/6094 4572/5568/6095
f 4572/5568/6095 4597/5593/6094 4598/5594/6096 4573/5569/6097
f 4573/5569/6097 4598/5594/6096 4599/5595/6098 4574/5570/6099
f 4574/5570/6099 4599/5595/6098 4600/5596/6100 4575/5571/6101
f 4575/5571/6101 4600/5596/6100 4601/5597/6102 4576/5572/6103
f 4576/5572/6103 4601/5597/6102 4602/5598/6104 4577/5573/6105
f 4577/5573/6105 4602/5598/6104 4603/5599/6106 4578/5574/6107
f 4578/5574/6107 4603/5599/6106 4604/5600/6108 4579/5575/6109
f 4579/5575/6109 4604/5600/6108 4605/5601/6110 4580/5576/6111
f 4580/5576/6111 4605/5601/6110 4606/5602/6112 4581/5577/6113
f 4581/5577/6113 4606/5602/6112 4607/5603/6114 4582/5578/6115
f 4582/5578/6115 4607/5603/6114 4608/5604/6116 4583/5579/6117
f 4583/5579/6117 4608/5604/6116 4609/5605/6118 4584/5580/6119
f 4584/5580/6119 4609/5605/6118 4610/5606/6120 4585/5581/6121
f 4585/5581/6121 4610/5606/6120 4611/5607/6122 4586/5686/6123
s 24
f 4673/5669/6124 4095/5093/6125 4487/5483/6126 4672/5668/6127
f 4672/5668/6127 4487/5483/6126 4488/5484/6128 4671/5667/6129
f 4671/5667/6129 4488/5484/6128 4489/5485/6130 4670/5666/6131
f 4670/5666/6131 4489/5485/6130 4490/5486/6132 4669/5665/6133
f 4669/5665/6133 4490/5486/6132 4491/5487/6134 4668/5664/6135
f 4668/5664/6135 4491/5487/6134 4492/5488/6136 4667/5663/6137
f 4667/5663/6137 4492/5488/6136 4493/5489/6138 4666/5662/6139
f 4666/5662/6139 4493/5489/6138 4494/5490/6140 4665/5661/6141
f 4665/5661/6141 4494/5490/6140 4495/5491/6142 4664/5660/6143
f 4664/5660/6143 4495/5491/6142 4496/5492/6144 4663/5659/6145
f 4663/5659/6145 4496/5492/6144 4497/5493/6146 4662/5658/6147
f 4662/5658/6147 4497/5493/6146 4498/5494/6148 4661/5657/6149
f 4661/5657/6149 4498/5494/6148 4499/5495/6150 4660/5656/6151
f 4660/5656/6151 4499/5495/6150 4500/5496/6152 4659/5655/6153
f 4659/5655/6153 4500/5496/6152 4501/5497/6154 4658/5654/6155
f 4658/5654/6155 4501/5497/6154 4502/5498/6156 4657/5653/6157
f 4657/5653/6157 4502/5498/6156 4503/5499/6158 4656/5652/6159
f 4656/5652/6159 4503/5499/6158 4504/5500/6160 4655/5651/6161
f 4655/5651/6161 4504/5500/6160 4505/5501/6162 4654/5650/6163
f 4654/5650/6163 4505/5501/6162 4506/5502/6164 4653/5649/6165
f 4653/5649/6165 4506/5502/6164 4507/5503/6166 4652/5648/6167
f 4652/5648/6167 4507/5503/6166 4508/5504/6168 4651/5647/6169
f 4651/5647/6169 4508/5504/6168 4509/5505/6170 4650/5646/6171
f 4650/5646/6171 4509/5505/6170 4510/5506/6172 4649/5645/6173
f 4649/5645/6173 4510/5506/6172 4511/5507/6174 4648/5644/6175
s 5
f 4613/5609/5085 4612/5608/5084 4057/5053/6176 4111/5108/6177
f 4614/5610/5087 4613/5609/5085 4111/5108/6177 4112/5109/6178
f 4615/5611/5089 4614/5610/5087 4112/5109/6178 4113/5110/6179
f 4616/5612/5091 4615/5611/5089 4113/5110/6179 4114/5111/6180
f 4617/5613/5093 4616/5612/5091 4114/5111/6180 4115/5112/6181
f 4618/5614/5095 4617/5613/5093 4115/5112/6181 4116/5113/6182
f 4619/5615/5097 4618/5614/5095 4116/5113/6182 4117/5114/6183
f 4620/5616/5099 4619/5615/5097 4117/5114/6183 4118/5115/6184
f 4621/5617/5101 4620/5616/5099 4118/5115/6184 4119/5116/6185
s 23
f 4622/5618/5974 4621/5617/5973 4119/5116/6186 4537/5533/6187
f 4623/5619/5976 4622/5618/5974 4537/5533/6187 4538/5534/6188
f 4624/5620/5978 4623/5619/5976 4538/5534/6188 4539/5535/6189
f 4625/5621/5980 4624/5620/5978 4539/5535/6189 4540/5536/6190
f 4626/5622/5982 4625/5621/5980 4540/5536/6190 4541/5537/6191
f 4627/5623/5984 4626/5622/5982 4541/5537/6191 4542/5538/6192
f 4628/5624/5986 4627/5623/5984 4542/5538/6192 4543/5539/6193
f 4629/5625/5988 4628/5624/5986 4543/5539/6193 4544/5540/6194
f 4630/5626/5990 4629/5625/5988 4544/5540/6194 4545/5541/6195
f 4631/5627/5992 4630/5626/5990 4545/5541/6195 4546/5542/6196
f 4632/5628/5994 4631/5627/5992 4546/5542/6196 4547/5543/6197
f 4633/5629/5996 4632/5628/5994 4547/5543/6197 4548/5544/6198
f 4634/5630/5998 4633/5629/5996 4548/5544/6198 4549/5545/6199
f 4635/5631/6000 4634/5630/5998 4549/5545/6199 4550/5546/6200
f 4636/5632/6002 4635/5631/6000 4550/5546/6200 4551/5547/6201
f 4637/5633/6004 4636/5632/6002 4551/5547/6201 4552/5548/6202
f 4638/5634/6006 4637/5633/6004 4552/5548/6202 4553/5549/6203
f 4639/5635/6008 4638/5634/6006 4553/5549/6203 4554/5550/6204
f 4640/5636/6010 4639/5635/6008 4554/5550/6204 4555/5551/6205
f 4641/5637/6012 4640/5636/6010 4555/5551/6205 4556/5552/6206
f 4642/5638/6014 4641/5637/6012 4556/5552/6206 4557/5553/6207
f 4643/5639/6016 4642/5638/6014 4557/5553/6207 4558/5554/6208
f 4644/5640/6018 4643/5639/6016 4558/5554/6208 4559/5555/6209
f 4645/5641/6020 4644/5640/6018 4559/5555/6209 4560/5556/6210
f 4646/5784/6022 4645/5641/6020 4560/5556/6210 4561/5685/6211
s 3
f 4647/5643/5104 4646/5642/5103 4561/5557/6212 4586/5582/6213
f 4648/5644/5105 4647/5643/5104 4586/5582/6213 4611/5684/6214
s 24
f 4610/5606/6215 4649/5645/6173 4648/5644/6175 4611/5607/6216
f 4609/5605/6217 4650/5646/6171 4649/5645/6173 4610/5606/6215
f 4608/5604/6218 4651/5647/6169 4650/5646/6171 4609/5605/6217
f 4607/5603/6219 4652/5648/6167 4651/5647/6169 4608/5604/6218
f 4606/5602/6220 4653/5649/6165 4652/5648/6167 4607/5603/6219
f 4605/5601/6221 4654/5650/6163 4653/5649/6165 4606/5602/6220
f 4604/5600/6222 4655/5651/6161 4654/5650/6163 4605/5601/6221
f 4603/5599/6223 4656/5652/6159 4655/5651/6161 4604/5600/6222
f 4602/5598/6224 4657/5653/6157 4656/5652/6159 4603/5599/6223
f 4601/5597/6225 4658/5654/6155 4657/5653/6157 4602/5598/6224
f 4600/5596/6226 4659/5655/6153 4658/5654/6155 4601/5597/6225
f 4599/5595/6227 4660/5656/6151 4659/5655/6153 4600/5596/6226
f 4598/5594/6228 4661/5657/6149 4660/5656/6151 4599/5595/6227
f 4597/5593/6229 4662/5658/6147 4661/5657/6149 4598/5594/6228
f 4596/5592/6230 4663/5659/6145 4662/5658/6147 4597/5593/6229
f 4595/5591/6231 4664/5660/6143 4663/5659/6145 4596/5592/6230
f 4594/5590/6232 4665/5661/6141 4664/5660/6143 4595/5591/6231
f 4593/5589/6233 4666/5662/6139 4665/5661/6141 4594/5590/6232
f 4592/5588/6234 4667/5663/6137 4666/5662/6139 4593/5589/6233
f 4591/5587/6235 4668/5664/6135 4667/5663/6137 4592/5588/6234
f 4590/5586/6236 4669/5665/6133 4668/5664/6135 4591/5587/6235
f 4589/5585/6237 4670/5666/6131 4669/5665/6133 4590/5586/6236
f 4588/5584/6238 4671/5667/6129 4670/5666/6131 4589/5585/6237
f 4587/5583/6239 4672/5668/6127 4671/5667/6129 4588/5584/6238
f 4121/5118/6240 4673/5669/6124 4672/5668/6127 4587/5583/6239
s 6
f 4674/5670/5108 4673/5669/5107 4121/5118/6241 4122/5119/5406
f 4675/5671/5110 4674/5670/5108 4122/5119/5406 4123/5120/5405
f 4676/5672/5112 4675/5671/5110 4123/5120/5405 4124/5121/5509
s 7
f 4677/5673/5116 4676/5672/5115 4124/5121/6242 4125/5122/6243
f 4678/5674/5118 4677/5673/5116 4125/5122/6243 4126/5123/6244
f 4679/5675/5120 4678/5674/5118 4126/5123/6244 4127/5124/6245
f 4680/5676/5122 4679/5675/5120 4127/5124/6245 4128/5125/6246
f 4681/5677/5124 4680/5676/5122 4128/5125/6246 4129/5126/6247
f 4682/5678/5126 4681/5677/5124 4129/5126/6247 4130/5127/6248
f 4683/5679/5128 4682/5678/5126 4130/5127/6248 4131/5128/6249
f 4684/5680/5130 4683/5679/5128 4131/5128/6249 4132/5129/6250
f 4685/5681/5132 4684/5680/5130 4132/5129/6250 4133/5130/6251
f 4686/5682/5134 4685/5681/5132 4133/5130/6251 4134/5131/6252
f 4687/5683/5136 4686/5682/5134 4134/5131/6252 4135/5132/6253
g default
v -1.480125 5.331445 -3.067154
v -3.367890 6.961788 -3.199438
v -1.471845 5.679688 -3.104228
v -3.359607 7.309875 -3.236496
v -1.461226 5.732191 -2.608690
v -3.348988 7.362379 -2.740958
v -1.469506 5.383948 -2.571616
v -3.357271 7.014290 -2.703900
v -3.000055 7.010339 -2.711136
v -3.008354 6.663019 -2.674159
v -3.018973 6.610516 -3.169697
v -3.010674 6.957836 -3.206674
v -2.416001 6.435814 -2.662780
v -2.424348 6.090768 -2.626043
v -2.434967 6.038264 -3.121581
v -2.426620 6.383311 -3.158318
v -2.081327 6.163375 -2.641086
v -2.089664 5.817845 -2.604298
v -2.100283 5.765342 -3.099836
v -2.091946 6.110871 -3.136624
v -1.812376 5.905669 -3.120873
v -1.801757 5.958171 -2.625336
v -1.810075 5.611714 -2.588450
v -1.820694 5.559212 -3.083988
v -2.741925 6.672461 -3.182197
v -2.731307 6.724963 -2.686659
v -2.739644 6.379476 -2.649876
v -2.750263 6.326973 -3.145413
vt 0.210349 0.775801
vt 0.112409 0.773684
vt 0.202769 0.764232
vt 0.102855 0.763694
vt 0.202873 0.744828
vt 0.102957 0.744115
vt 0.210548 0.733248
vt 0.112556 0.734308
vt 0.210602 0.713542
vt 0.112346 0.714738
vt 0.098154 0.787286
vt 0.088604 0.777278
vt 0.226830 0.765026
vt 0.219252 0.753444
vt 0.122602 0.744218
vt 0.132149 0.734403
vt 0.131975 0.773565
vt 0.131785 0.714626
vt 0.122483 0.763757
vt 0.155393 0.744360
vt 0.164075 0.733706
vt 0.163763 0.774963
vt 0.163796 0.713993
vt 0.155271 0.764164
vt 0.172731 0.744529
vt 0.180874 0.733409
vt 0.180581 0.775531
vt 0.180722 0.713718
vt 0.172580 0.764300
vt 0.186480 0.764354
vt 0.186623 0.744654
vt 0.194415 0.733206
vt 0.194166 0.775906
vt 0.194398 0.713579
vt 0.138135 0.764022
vt 0.138199 0.744136
vt 0.147438 0.734029
vt 0.147159 0.774331
vt 0.147070 0.714313
vn -0.021306 -0.105337 -0.994208
vn -0.021305 -0.105338 -0.994208
vn -0.021305 -0.105338 -0.994208
vn -0.021306 -0.105337 -0.994208
vn 0.553566 0.826844 -0.099467
vn 0.571581 0.814606 -0.098557
vn 0.571580 0.814606 -0.098557
vn 0.553566 0.826844 -0.099467
vn 0.021305 0.105338 0.994208
vn 0.021306 0.105338 0.994208
vn 0.021305 0.105338 0.994208
vn 0.021305 0.105338 0.994208
vn -0.556556 -0.824852 0.099321
vn -0.573966 -0.812942 0.098433
vn -0.573966 -0.812942 0.098433
vn -0.556556 -0.824852 0.099321
vn -0.999493 0.025773 0.018688
vn -0.999493 0.025773 0.018688
vn -0.999493 0.025773 0.018688
vn -0.999493 0.025773 0.018688
vn 0.999494 -0.025754 -0.018689
vn 0.999494 -0.025754 -0.018689
vn 0.999494 -0.025754 -0.018689
vn 0.999494 -0.025754 -0.018689
vn 0.021304 0.105338 0.994208
vn 0.021304 0.105338 0.994208
vn 0.021304 0.105338 0.994208
vn 0.021304 0.105338 0.994208
vn -0.717684 -0.690715 0.088562
vn -0.717684 -0.690715 0.088562
vn -0.710419 -0.698105 0.089188
vn -0.710419 -0.698105 0.089188
vn -0.021305 -0.105338 -0.994208
vn -0.021304 -0.105338 -0.994208
vn -0.021306 -0.105338 -0.994208
vn -0.021306 -0.105338 -0.994208
vn 0.719076 0.689281 -0.088439
vn 0.719076 0.689281 -0.088439
vn 0.711171 0.697347 -0.089125
vn 0.711171 0.697347 -0.089125
vn 0.021304 0.105337 0.994208
vn 0.021304 0.105338 0.994208
vn 0.021304 0.105337 0.994208
vn 0.021304 0.105337 0.994208
vn -0.654691 -0.750091 0.093503
vn -0.654691 -0.750091 0.093503
vn -0.700815 -0.707644 0.089995
vn -0.700815 -0.707644 0.089995
vn -0.021305 -0.105338 -0.994208
vn -0.021305 -0.105338 -0.994208
vn -0.021305 -0.105338 -0.994208
vn -0.021304 -0.105337 -0.994208
vn 0.654663 0.750115 -0.093505
vn 0.654663 0.750115 -0.093505
vn 0.702201 0.706283 -0.089878
vn 0.702201 0.706283 -0.089878
vn 0.021305 0.105337 0.994208
vn 0.021305 0.105338 0.994208
vn -0.615773 -0.782046 0.096056
vn -0.615773 -0.782046 0.096056
vn -0.021305 -0.105338 -0.994208
vn -0.021305 -0.105338 -0.994208
vn 0.614661 0.782912 -0.096123
vn 0.614661 0.782912 -0.096123
s 1
g Inside_stuff Frame04 Frame_work Roof house
usemtl lambert13SG
f 4688/5786/6254 4711/5818/6255 4708/5815/6256 4690/5788/6257
s 2
f 4690/5788/6258 4708/5815/6259 4709/5816/6260 4692/5790/6261
s 3
f 4692/5790/6262 4709/5816/6263 4710/5817/6264 4694/5792/6265
s 4
f 4694/5792/6266 4710/5817/6267 4711/5819/6268 4688/5794/6269
s off
f 4689/5787/6270 4695/5796/6271 4693/5797/6272 4691/5789/6273
f 4694/5798/6274 4688/5786/6275 4690/5788/6276 4692/5799/6277
s 3
f 4696/5800/6278 4693/5791/6279 4695/5793/6280 4697/5801/6281
s 4
f 4698/5803/6282 4697/5801/6283 4695/5793/6284 4689/5795/6285
s 1
f 4699/5804/6286 4698/5802/6287 4689/5787/6288 4691/5789/6289
s 2
f 4696/5800/6290 4699/5804/6291 4691/5789/6292 4693/5791/6293
s 3
f 4700/5805/6294 4713/5821/6295 4714/5822/6296 4701/5806/6297
s 4
f 4702/5808/6298 4701/5806/6299 4714/5822/6300 4715/5824/6301
s 1
f 4703/5809/6302 4702/5807/6303 4715/5823/6304 4712/5820/6305
s 2
f 4700/5805/6306 4703/5809/6307 4712/5820/6308 4713/5821/6309
s 3
f 4704/5810/6310 4700/5805/6294 4701/5806/6297 4705/5811/6311
s 4
f 4706/5813/6312 4705/5811/6313 4701/5806/6299 4702/5808/6298
s 1
f 4707/5814/6314 4706/5812/6315 4702/5807/6303 4703/5809/6302
s 2
f 4704/5810/6316 4707/5814/6317 4703/5809/6307 4700/5805/6306
f 4708/5815/6259 4707/5814/6317 4704/5810/6316 4709/5816/6260
s 3
f 4710/5817/6264 4709/5816/6263 4704/5810/6310 4705/5811/6311
s 4
f 4711/5819/6268 4710/5817/6267 4705/5811/6313 4706/5813/6312
s 1
f 4708/5815/6256 4711/5818/6255 4706/5812/6315 4707/5814/6314
s 2
f 4713/5821/6309 4712/5820/6308 4699/5804/6291 4696/5800/6290
s 3
f 4714/5822/6296 4713/5821/6295 4696/5800/6278 4697/5801/6281
s 4
f 4715/5824/6301 4714/5822/6300 4697/5801/6283 4698/5803/6282
s 1
f 4712/5820/6305 4715/5823/6304 4698/5802/6287 4699/5804/6286
g default
v -5.226984 5.378012 -2.568178
v -3.339967 7.008785 -2.705732
v -5.235517 5.726884 -2.598700
v -3.348503 7.357502 -2.736240
v -5.234198 5.683476 -3.095229
v -3.347184 7.314095 -3.232769
v -5.225665 5.334604 -3.064707
v -3.338649 6.965377 -3.202261
v -3.695943 6.961884 -3.202904
v -3.687392 6.613938 -3.172463
v -3.688711 6.657346 -2.675934
v -3.697262 7.005293 -2.706375
v -4.279714 6.387103 -3.154206
v -4.271117 6.041431 -3.123964
v -4.272436 6.084839 -2.627435
v -4.281033 6.430510 -2.657677
v -4.614266 6.114616 -3.131274
v -4.605680 5.768462 -3.100989
v -4.606998 5.811870 -2.604460
v -4.615586 6.158024 -2.634745
v -4.895071 5.952821 -2.617548
v -4.893752 5.909413 -3.114077
v -4.885183 5.562330 -3.083711
v -4.886502 5.605738 -2.587182
v -3.965865 6.719761 -2.682127
v -3.964546 6.676353 -3.178656
v -3.955957 6.330241 -3.148376
v -3.957276 6.373650 -2.651846
vt 0.327747 0.720949
vt 0.445480 0.719341
vt 0.337343 0.734525
vt 0.457380 0.730937
vt 0.338039 0.757837
vt 0.458086 0.754459
vt 0.329312 0.772072
vt 0.446973 0.766645
vt 0.330081 0.795745
vt 0.448054 0.790143
vt 0.462026 0.702399
vt 0.473922 0.714016
vt 0.308407 0.734591
vt 0.318000 0.748181
vt 0.434486 0.755168
vt 0.423433 0.767362
vt 0.421983 0.720314
vt 0.424709 0.791102
vt 0.433800 0.731693
vt 0.395092 0.756387
vt 0.385115 0.769552
vt 0.383740 0.719982
vt 0.386285 0.793220
vt 0.394399 0.732594
vt 0.374259 0.756919
vt 0.364948 0.770621
vt 0.363515 0.720012
vt 0.365965 0.794267
vt 0.373602 0.733163
vt 0.356903 0.733687
vt 0.357566 0.757357
vt 0.348692 0.771438
vt 0.347181 0.720138
vt 0.349544 0.795013
vt 0.414989 0.732038
vt 0.415754 0.755927
vt 0.405085 0.768459
vt 0.403711 0.720037
vt 0.406362 0.792125
vn -0.002646 0.087090 0.996197
vn -0.002646 0.087090 0.996197
vn -0.002647 0.087090 0.996197
vn -0.002646 0.087090 0.996197
vn -0.554284 0.829036 -0.073948
vn -0.572295 0.816799 -0.072927
vn -0.572295 0.816799 -0.072927
vn -0.554284 0.829036 -0.073948
vn 0.002646 -0.087090 -0.996197
vn 0.002647 -0.087090 -0.996197
vn 0.002646 -0.087090 -0.996197
vn 0.002646 -0.087090 -0.996197
vn 0.557275 -0.827044 0.073782
vn 0.574680 -0.815135 0.072787
vn 0.574680 -0.815135 0.072787
vn 0.557275 -0.827044 0.073782
vn 0.999699 0.024514 0.000512
vn 0.999699 0.024514 0.000512
vn 0.999699 0.024514 0.000512
vn 0.999699 0.024514 0.000512
vn -0.999700 -0.024495 -0.000514
vn -0.999700 -0.024495 -0.000514
vn -0.999700 -0.024495 -0.000514
vn -0.999700 -0.024495 -0.000514
vn 0.002646 -0.087090 -0.996197
vn 0.002646 -0.087090 -0.996197
vn 0.002646 -0.087090 -0.996197
vn 0.002646 -0.087090 -0.996197
vn 0.718342 -0.692878 0.062482
vn 0.718342 -0.692878 0.062482
vn 0.711080 -0.700273 0.063109
vn 0.711080 -0.700273 0.063109
vn -0.002646 0.087090 0.996197
vn -0.002646 0.087090 0.996197
vn -0.002646 0.087090 0.996197
vn -0.002646 0.087090 0.996197
vn -0.719734 0.691443 -0.062360
vn -0.719734 0.691443 -0.062360
vn -0.711834 0.699513 -0.063045
vn -0.711834 0.699513 -0.063045
vn 0.002646 -0.087090 -0.996197
vn 0.002645 -0.087090 -0.996197
vn 0.002646 -0.087090 -0.996197
vn 0.002646 -0.087090 -0.996197
vn 0.655378 -0.752278 0.067508
vn 0.655378 -0.752278 0.067508
vn 0.701483 -0.709814 0.063918
vn 0.701483 -0.709814 0.063918
vn -0.002646 0.087089 0.996197
vn -0.002646 0.087089 0.996197
vn -0.002646 0.087089 0.996197
vn -0.002645 0.087090 0.996197
vn -0.655350 0.752302 -0.067509
vn -0.655350 0.752302 -0.067509
vn -0.702868 0.708454 -0.063802
vn -0.702868 0.708454 -0.063802
vn 0.002647 -0.087090 -0.996197
vn 0.002647 -0.087090 -0.996197
vn 0.616474 -0.784240 0.070198
vn 0.616474 -0.784240 0.070198
vn -0.002646 0.087090 0.996197
vn -0.002647 0.087090 0.996197
vn -0.615363 0.785105 -0.070272
vn -0.615363 0.785105 -0.070272
s 1
g Inside_stuff Frame_work Roof house Frame03
usemtl lambert13SG
f 4716/5825/6318 4739/5857/6319 4736/5854/6320 4718/5827/6321
s 2
f 4718/5827/6322 4736/5854/6323 4737/5855/6324 4720/5829/6325
s 3
f 4720/5829/6326 4737/5855/6327 4738/5856/6328 4722/5831/6329
s 4
f 4722/5831/6330 4738/5856/6331 4739/5858/6332 4716/5833/6333
s off
f 4717/5826/6334 4723/5835/6335 4721/5836/6336 4719/5828/6337
f 4722/5837/6338 4716/5825/6339 4718/5827/6340 4720/5838/6341
s 3
f 4724/5839/6342 4721/5830/6343 4723/5832/6344 4725/5840/6345
s 4
f 4726/5842/6346 4725/5840/6347 4723/5832/6348 4717/5834/6349
s 1
f 4727/5843/6350 4726/5841/6351 4717/5826/6352 4719/5828/6353
s 2
f 4724/5839/6354 4727/5843/6355 4719/5828/6356 4721/5830/6357
s 3
f 4728/5844/6358 4741/5860/6359 4742/5861/6360 4729/5845/6361
s 4
f 4730/5847/6362 4729/5845/6363 4742/5861/6364 4743/5863/6365
s 1
f 4731/5848/6366 4730/5846/6367 4743/5862/6368 4740/5859/6369
s 2
f 4728/5844/6370 4731/5848/6371 4740/5859/6372 4741/5860/6373
s 3
f 4732/5849/6374 4728/5844/6358 4729/5845/6361 4733/5850/6375
s 4
f 4734/5852/6376 4733/5850/6377 4729/5845/6363 4730/5847/6362
s 1
f 4735/5853/6378 4734/5851/6379 4730/5846/6367 4731/5848/6366
s 2
f 4732/5849/6380 4735/5853/6381 4731/5848/6371 4728/5844/6370
f 4736/5854/6323 4735/5853/6381 4732/5849/6380 4737/5855/6324
s 3
f 4738/5856/6328 4737/5855/6327 4732/5849/6374 4733/5850/6375
s 4
f 4739/5858/6332 4738/5856/6331 4733/5850/6377 4734/5852/6376
s 1
f 4736/5854/6320 4739/5857/6319 4734/5851/6379 4735/5853/6378
s 2
f 4741/5860/6373 4740/5859/6372 4727/5843/6355 4724/5839/6354
s 3
f 4742/5861/6360 4741/5860/6359 4724/5839/6342 4725/5840/6345
s 4
f 4743/5863/6365 4742/5861/6364 4725/5840/6347 4726/5842/6346
s 1
f 4740/5859/6369 4743/5862/6368 4726/5841/6351 4727/5843/6350
g default
v -1.527697 5.765175 1.372181
v -3.390524 7.429074 1.394279
v -1.514062 6.115218 1.371824
v -3.376888 7.778962 1.393922
v -1.507909 6.115487 1.870210
v -3.370735 7.779231 1.892308
v -1.521544 5.765444 1.870568
v -3.384371 7.429344 1.892666
v -3.027191 7.420712 1.888261
v -3.040831 7.071596 1.888618
v -3.046984 7.071327 1.390232
v -3.033344 7.420442 1.389874
v -2.451931 6.835419 1.881475
v -2.465583 6.488591 1.881831
v -2.471736 6.488322 1.383445
v -2.458083 6.835150 1.383089
v -2.121423 6.557122 1.877546
v -2.135074 6.209808 1.877902
v -2.141227 6.209538 1.379515
v -2.127576 6.556853 1.379159
v -1.851142 6.346879 1.375860
v -1.844989 6.347148 1.874246
v -1.858635 5.998901 1.874603
v -1.864788 5.998632 1.376217
v -2.768965 7.129996 1.386768
v -2.762812 7.130266 1.885154
v -2.776463 6.782995 1.885510
v -2.782616 6.782725 1.387124
vt 0.435729 0.830291
vt 0.347094 0.832371
vt 0.429057 0.876848
vt 0.339212 0.877152
vt 0.429300 0.859055
vt 0.338908 0.859357
vt 0.436088 0.848301
vt 0.347436 0.850216
vt 0.356635 0.859080
vt 0.365151 0.850019
vt 0.364750 0.832056
vt 0.356955 0.876868
vt 0.386282 0.858814
vt 0.394060 0.849231
vt 0.393677 0.831544
vt 0.386351 0.876575
vt 0.401976 0.858887
vt 0.409276 0.848856
vt 0.408885 0.831140
vt 0.401902 0.876637
vt 0.413719 0.820785
vt 0.414566 0.858943
vt 0.421540 0.848553
vt 0.421140 0.830811
vt 0.369983 0.823226
vt 0.370726 0.858743
vt 0.378978 0.849603
vt 0.378622 0.831925
vt 0.371010 0.876618
vt 0.355974 0.823219
vt 0.414390 0.876729
vt 0.401115 0.821471
vt 0.385451 0.822337
vt 0.338271 0.823516
vt 0.334490 0.844931
vt 0.450289 0.820059
vt 0.325666 0.836076
vt 0.443109 0.809798
vt 0.428512 0.819969
vn -0.012344 -0.000541 -0.999924
vn -0.012345 -0.000541 -0.999924
vn -0.012345 -0.000541 -0.999924
vn -0.012344 -0.000541 -0.999924
vn 0.566317 0.824154 -0.007437
vn 0.584145 0.811614 -0.007650
vn 0.584145 0.811614 -0.007650
vn 0.566317 0.824154 -0.007437
vn 0.012345 0.000541 0.999924
vn 0.012346 0.000541 0.999924
vn 0.012345 0.000541 0.999924
vn 0.012345 0.000541 0.999924
vn -0.569277 -0.822112 0.007472
vn -0.586505 -0.809909 0.007679
vn -0.586505 -0.809909 0.007679
vn -0.569277 -0.822112 0.007472
vn -0.999165 0.038952 0.012315
vn -0.999165 0.038952 0.012315
vn -0.999165 0.038952 0.012315
vn -0.999165 0.038952 0.012315
vn 0.999166 -0.038932 -0.012314
vn 0.999166 -0.038932 -0.012314
vn 0.999166 -0.038932 -0.012314
vn 0.999166 -0.038932 -0.012314
vn 0.012345 0.000541 0.999924
vn 0.012345 0.000541 0.999924
vn 0.012345 0.000541 0.999924
vn 0.012346 0.000541 0.999924
vn -0.728353 -0.685138 0.009364
vn -0.728353 -0.685138 0.009364
vn -0.721201 -0.692664 0.009279
vn -0.721201 -0.692664 0.009279
vn -0.012345 -0.000541 -0.999924
vn -0.012345 -0.000541 -0.999924
vn -0.012345 -0.000541 -0.999924
vn -0.012345 -0.000541 -0.999924
vn 0.729724 0.683677 -0.009379
vn 0.729724 0.683677 -0.009379
vn 0.721942 0.691891 -0.009287
vn 0.721942 0.691891 -0.009287
vn 0.012345 0.000541 0.999924
vn 0.012346 0.000541 0.999924
vn 0.012345 0.000541 0.999924
vn 0.012344 0.000541 0.999924
vn -0.666269 -0.745662 0.008628
vn -0.666269 -0.745662 0.008628
vn -0.711743 -0.702380 0.009167
vn -0.711743 -0.702380 0.009167
vn -0.012345 -0.000541 -0.999924
vn -0.012345 -0.000541 -0.999924
vn -0.012345 -0.000541 -0.999924
vn -0.012345 -0.000541 -0.999924
vn 0.666241 0.745687 -0.008629
vn 0.666241 0.745686 -0.008629
vn 0.713109 0.700993 -0.009183
vn 0.713109 0.700993 -0.009183
vn 0.012345 0.000541 0.999924
vn 0.012345 0.000541 0.999924
vn -0.627839 -0.778300 0.008172
vn -0.627840 -0.778300 0.008172
vn -0.012345 -0.000541 -0.999924
vn -0.012345 -0.000541 -0.999924
vn 0.626741 0.779185 -0.008159
vn 0.626741 0.779185 -0.008159
s 1
g Inside_stuff Frame_work Roof house Frame02
usemtl lambert13SG
f 4744/5864/6382 4767/5887/6383 4764/5884/6384 4746/5902/6385
s 2
f 4746/5866/6386 4764/5894/6387 4765/5885/6388 4748/5868/6389
s 3
f 4748/5868/6390 4765/5885/6391 4766/5886/6392 4750/5870/6393
s 4
f 4750/5870/6394 4766/5886/6395 4767/5887/6396 4744/5864/6397
s off
f 4745/5865/6398 4751/5898/6399 4749/5900/6400 4747/5897/6401
f 4750/5899/6402 4744/5864/6403 4746/5902/6404 4748/5901/6405
s 3
f 4752/5872/6406 4749/5869/6407 4751/5871/6408 4753/5873/6409
s 4
f 4754/5874/6410 4753/5873/6411 4751/5871/6412 4745/5865/6413
s 1
f 4755/5893/6414 4754/5874/6415 4745/5865/6416 4747/5897/6417
s 2
f 4752/5872/6418 4755/5875/6419 4747/5867/6420 4749/5869/6421
s 3
f 4756/5876/6422 4769/5889/6423 4770/5890/6424 4757/5877/6425
s 4
f 4758/5878/6426 4757/5877/6427 4770/5890/6428 4771/5891/6429
s 1
f 4759/5896/6430 4758/5878/6431 4771/5891/6432 4768/5888/6433
s 2
f 4756/5876/6434 4759/5879/6435 4768/5892/6436 4769/5889/6437
s 3
f 4760/5880/6438 4756/5876/6422 4757/5877/6425 4761/5881/6439
s 4
f 4762/5882/6440 4761/5881/6441 4757/5877/6427 4758/5878/6426
s 1
f 4763/5895/6442 4762/5882/6443 4758/5878/6431 4759/5896/6430
s 2
f 4760/5880/6444 4763/5883/6445 4759/5879/6435 4756/5876/6434
f 4764/5894/6387 4763/5883/6445 4760/5880/6444 4765/5885/6388
s 3
f 4766/5886/6392 4765/5885/6391 4760/5880/6438 4761/5881/6439
s 4
f 4767/5887/6396 4766/5886/6395 4761/5881/6441 4762/5882/6440
s 1
f 4764/5884/6384 4767/5887/6383 4762/5882/6443 4763/5895/6442
s 2
f 4769/5889/6437 4768/5892/6436 4755/5875/6419 4752/5872/6418
s 3
f 4770/5890/6424 4769/5889/6423 4752/5872/6406 4753/5873/6409
s 4
f 4771/5891/6429 4770/5890/6428 4753/5873/6411 4754/5874/6410
s 1
f 4768/5888/6433 4771/5891/6432 4754/5874/6415 4755/5893/6414
g default
v -5.198356 5.760944 1.879424
v -3.344825 7.435340 1.879424
v -5.213971 6.110906 1.879424
v -3.360440 7.785145 1.879424
v -5.213971 6.110906 1.380999
v -3.360440 7.785145 1.380999
v -5.198356 5.760944 1.380999
v -3.344825 7.435340 1.380999
v -3.701978 7.424689 1.380999
v -3.686363 7.075658 1.380999
v -3.686363 7.075658 1.879424
v -3.701978 7.424689 1.879424
v -4.273963 6.836158 1.380999
v -4.258348 6.489413 1.380999
v -4.258348 6.489413 1.879424
v -4.273963 6.836158 1.879424
v -4.602917 6.555998 1.380999
v -4.587302 6.208767 1.380999
v -4.587302 6.208767 1.879424
v -4.602917 6.555998 1.879424
v -4.878180 6.344466 1.879424
v -4.878180 6.344466 1.380999
v -4.862565 5.996302 1.380999
v -4.862565 5.996302 1.879424
v -3.964730 7.132755 1.879424
v -3.964730 7.132755 1.380999
v -3.949115 6.785567 1.380999
v -3.949115 6.785567 1.879424
vt 0.101587 0.850595
vt 0.202502 0.851327
vt 0.109406 0.862667
vt 0.212363 0.861575
vt 0.109882 0.818160
vt 0.212430 0.820752
vt 0.101815 0.830086
vt 0.202562 0.830999
vt 0.192278 0.820754
vt 0.182442 0.830970
vt 0.182366 0.851422
vt 0.192199 0.861577
vt 0.158814 0.820271
vt 0.149610 0.830876
vt 0.149404 0.850998
vt 0.158415 0.861779
vt 0.140998 0.819527
vt 0.132304 0.830647
vt 0.132099 0.850807
vt 0.140554 0.862106
vt 0.126221 0.862359
vt 0.126661 0.818933
vt 0.118347 0.830453
vt 0.118169 0.850648
vt 0.176120 0.861439
vt 0.176368 0.821015
vt 0.166739 0.831066
vt 0.166557 0.851181
vt 0.176159 0.881761
vt 0.192116 0.881785
vt 0.126676 0.882592
vt 0.140909 0.882337
vt 0.158643 0.882017
vt 0.212326 0.881827
vt 0.226555 0.881844
vt 0.226586 0.861593
vt 0.084600 0.861576
vt 0.109977 0.882919
vt 0.092316 0.873571
vn 0.000000 0.000000 1.000000
vn 0.000000 0.000000 1.000000
vn 0.000000 0.000000 1.000000
vn 0.000000 0.000000 1.000000
vn -0.571009 0.820944 0.000000
vn -0.588768 0.808302 0.000000
vn -0.588768 0.808302 0.000000
vn -0.571009 0.820944 0.000000
vn -0.000000 0.000000 -1.000000
vn -0.000000 0.000000 -1.000000
vn -0.000000 0.000000 -1.000000
vn -0.000000 0.000000 -1.000000
vn 0.573960 -0.818883 0.000000
vn 0.591120 -0.806584 0.000000
vn 0.591120 -0.806584 0.000000
vn 0.573960 -0.818883 0.000000
vn 0.999005 0.044594 0.000000
vn 0.999005 0.044594 0.000000
vn 0.999005 0.044594 0.000000
vn 0.999005 0.044594 0.000000
vn -0.999006 -0.044575 0.000000
vn -0.999006 -0.044575 0.000000
vn -0.999006 -0.044575 0.000000
vn -0.999006 -0.044575 0.000000
vn -0.000000 0.000000 -1.000000
vn 0.000000 0.000000 -1.000000
vn 0.000000 0.000000 -1.000000
vn -0.000000 0.000000 -1.000000
vn 0.732271 -0.681013 0.000000
vn 0.732271 -0.681013 0.000000
vn 0.725161 -0.688579 0.000000
vn 0.725161 -0.688579 0.000000
vn 0.000000 0.000000 1.000000
vn 0.000000 0.000000 1.000000
vn 0.000000 0.000000 1.000000
vn 0.000000 0.000000 1.000000
vn -0.733634 0.679545 0.000000
vn -0.733634 0.679545 0.000000
vn -0.725899 0.687801 0.000000
vn -0.725899 0.687801 0.000000
vn 0.000000 0.000000 -1.000000
vn -0.000000 0.000000 -1.000000
vn -0.000000 0.000000 -1.000000
vn 0.000000 0.000000 -1.000000
vn 0.670526 -0.741886 0.000000
vn 0.670526 -0.741886 0.000000
vn 0.715758 -0.698348 0.000000
vn 0.715758 -0.698348 0.000000
vn 0.000000 0.000000 1.000000
vn 0.000000 0.000000 1.000000
vn 0.000000 0.000000 1.000000
vn 0.000000 0.000000 1.000000
vn -0.670498 0.741911 0.000000
vn -0.670498 0.741911 0.000000
vn -0.717115 0.696955 0.000000
vn -0.717115 0.696955 0.000000
vn 0.000000 0.000000 -1.000000
vn -0.000000 0.000000 -1.000000
vn 0.632278 -0.774742 0.000000
vn 0.632278 -0.774742 0.000000
vn 0.000000 0.000000 1.000000
vn 0.000000 0.000000 1.000000
vn -0.631185 0.775633 0.000000
vn -0.631185 0.775633 0.000000
s 1
g Inside_stuff Frame_work Roof house Frame01
usemtl lambert13SG
f 4772/5903/6446 4795/5926/6447 4792/5923/6448 4774/5905/6449
s 2
f 4774/5905/6450 4792/5923/6451 4793/5933/6452 4776/5940/6453
s 3
f 4776/5907/6454 4793/5924/6455 4794/5925/6456 4778/5909/6457
s 4
f 4778/5909/6458 4794/5925/6459 4795/5926/6460 4772/5903/6461
s off
f 4773/5938/6462 4779/5937/6463 4777/5936/6464 4775/5906/6465
f 4778/5939/6466 4772/5903/6467 4774/5905/6468 4776/5941/6469
s 3
f 4780/5911/6470 4777/5908/6471 4779/5910/6472 4781/5912/6473
s 4
f 4782/5913/6474 4781/5912/6475 4779/5910/6476 4773/5904/6477
s 1
f 4783/5914/6478 4782/5913/6479 4773/5904/6480 4775/5906/6481
s 2
f 4780/5932/6482 4783/5914/6483 4775/5906/6484 4777/5936/6485
s 3
f 4784/5915/6486 4797/5928/6487 4798/5929/6488 4785/5916/6489
s 4
f 4786/5917/6490 4785/5916/6491 4798/5929/6492 4799/5930/6493
s 1
f 4787/5918/6494 4786/5917/6495 4799/5930/6496 4796/5927/6497
s 2
f 4784/5935/6498 4787/5918/6499 4796/5927/6500 4797/5931/6501
s 3
f 4788/5919/6502 4784/5915/6486 4785/5916/6489 4789/5920/6503
s 4
f 4790/5921/6504 4789/5920/6505 4785/5916/6491 4786/5917/6490
s 1
f 4791/5922/6506 4790/5921/6507 4786/5917/6495 4787/5918/6494
s 2
f 4788/5934/6508 4791/5922/6509 4787/5918/6499 4784/5935/6498
f 4792/5923/6451 4791/5922/6509 4788/5934/6508 4793/5933/6452
s 3
f 4794/5925/6456 4793/5924/6455 4788/5919/6502 4789/5920/6503
s 4
f 4795/5926/6460 4794/5925/6459 4789/5920/6505 4790/5921/6504
s 1
f 4792/5923/6448 4795/5926/6447 4790/5921/6507 4791/5922/6506
s 2
f 4797/5931/6501 4796/5927/6500 4783/5914/6483 4780/5932/6482
s 3
f 4798/5929/6488 4797/5928/6487 4780/5911/6470 4781/5912/6473
s 4
f 4799/5930/6493 4798/5929/6492 4781/5912/6475 4782/5913/6474
s 1
f 4796/5927/6497 4799/5930/6496 4782/5913/6479 4783/5914/6478
g default
v -3.603487 7.327848 2.126236
v -3.137482 7.327848 2.126236
v -3.537415 6.862037 -3.288020
v -3.203553 6.862037 -3.288020
v -3.542922 6.866378 -2.472492
v -3.198046 6.866378 -2.472492
v -3.542922 6.903813 -1.642982
v -3.198046 6.903813 -1.642982
v -3.550530 6.977117 -0.745259
v -3.190439 6.977117 -0.745259
v -3.572710 7.092244 0.272241
v -3.168259 7.092244 0.272241
v -3.596512 7.235217 1.349151
v -3.144456 7.235217 1.349151
v -3.691550 8.236032 2.066494
v -3.716256 8.224323 2.067262
v -3.736538 8.205922 2.068474
v -3.750659 8.182405 2.070020
v -3.757416 8.155767 2.071772
v -3.756230 8.128277 2.073580
v -3.664537 8.240052 2.066229
v -3.742770 7.976328 1.320832
v -3.744006 8.002817 1.314112
v -3.737282 8.028515 1.307589
v -3.723174 8.051219 1.301831
v -3.702892 8.068989 1.297321
v -3.678175 8.080298 1.294450
v -3.651140 8.084180 1.293465
v -2.983553 8.155767 2.071772
v -2.990309 8.182405 2.070020
v -3.004431 8.205922 2.068474
v -3.024713 8.224323 2.067262
v -3.049418 8.236032 2.066494
v -3.076431 8.240052 2.066229
v -2.984738 8.128277 2.073580
v -2.998224 7.976196 1.320865
v -2.996987 8.002719 1.314136
v -3.003719 8.028447 1.307608
v -3.017843 8.051178 1.301839
v -3.038149 8.068971 1.297325
v -3.062896 8.080295 1.294451
v -3.089962 8.084180 1.293465
v -3.637604 7.303535 -3.315594
v -3.631651 7.330447 -3.317275
v -3.618011 7.354381 -3.318769
v -3.597904 7.373197 -3.319945
v -3.573136 7.385203 -3.320694
v -3.545930 7.389331 -3.320953
v -3.635335 7.276048 -3.313877
v -3.545877 7.368684 -2.504099
v -3.573083 7.364559 -2.504095
v -3.597848 7.352562 -2.504081
v -3.617949 7.333765 -2.504060
v -3.631581 7.309855 -2.504033
v -3.637523 7.282978 -2.504004
v -3.635240 7.255546 -2.503973
v -3.167832 7.385203 -3.320694
v -3.143064 7.373197 -3.319945
v -3.122957 7.354381 -3.318769
v -3.109317 7.330447 -3.317275
v -3.103364 7.303535 -3.315594
v -3.105633 7.276048 -3.313877
v -3.195038 7.389331 -3.320953
v -3.105729 7.255546 -2.503973
v -3.103446 7.282978 -2.504004
v -3.109387 7.309855 -2.504033
v -3.123020 7.333765 -2.504060
v -3.143121 7.352562 -2.504081
v -3.167886 7.364559 -2.504095
v -3.195092 7.368684 -2.504099
v -3.545482 7.391510 -1.673698
v -3.572700 7.387378 -1.673360
v -3.597459 7.375363 -1.672377
v -3.617522 7.356549 -1.670836
v -3.631076 7.332636 -1.668878
v -3.636896 7.305780 -1.666680
v -3.634457 7.278405 -1.664441
v -3.106511 7.278405 -1.664441
v -3.104072 7.305780 -1.666680
v -3.109892 7.332636 -1.668878
v -3.123446 7.356549 -1.670836
v -3.143509 7.375363 -1.672377
v -3.168269 7.387378 -1.673360
v -3.195487 7.391510 -1.673698
v -3.560975 7.510185 -0.779086
v -3.588167 7.506153 -0.778275
v -3.612931 7.494418 -0.775909
v -3.633053 7.476026 -0.772204
v -3.646735 7.452619 -0.767489
v -3.652757 7.426294 -0.762186
v -3.650579 7.399394 -0.756766
v -3.090389 7.399394 -0.756766
v -3.088212 7.426294 -0.762186
v -3.094233 7.452619 -0.767489
v -3.107916 7.476026 -0.772204
v -3.128038 7.494418 -0.775909
v -3.152801 7.506153 -0.778275
v -3.179993 7.510185 -0.779086
v -3.605414 7.771156 0.232873
v -3.632492 7.766946 0.232893
v -3.657205 7.755307 0.235066
v -3.677402 7.737253 0.239204
v -3.691324 7.714355 0.244945
v -3.697757 7.688609 0.251787
v -3.696143 7.662255 0.259139
v -3.044826 7.662255 0.259139
v -3.043211 7.688609 0.251787
v -3.049644 7.714355 0.244945
v -3.063566 7.737253 0.239204
v -3.083763 7.755307 0.235066
v -3.108477 7.766946 0.232893
v -3.135554 7.771156 0.232873
vt 0.833521 0.841770
vt 0.570403 0.847382
vt 0.574081 0.870037
vt 0.793945 0.824466
vt 0.794176 0.751916
vt 0.753957 0.824277
vt 0.754446 0.752008
vt 0.710706 0.826783
vt 0.712006 0.748782
vt 0.661518 0.833695
vt 0.663801 0.739446
vt 0.608746 0.841865
vt 0.611394 0.728516
vt 0.561759 0.799082
vt 0.835011 0.804830
vt 0.835535 0.779995
vt 0.562728 0.769431
vt 0.601072 0.771683
vt 0.562724 0.807346
vt 0.600386 0.806323
vt 0.833656 0.825387
vt 0.795148 0.771527
vt 0.835197 0.772010
vt 0.794902 0.796816
vt 0.835366 0.796872
vt 0.795005 0.804901
vt 0.753408 0.771216
vt 0.753119 0.796811
vt 0.794979 0.779620
vt 0.753147 0.805019
vt 0.707794 0.769802
vt 0.707432 0.797191
vt 0.753225 0.779403
vt 0.707289 0.805472
vt 0.655781 0.766780
vt 0.654949 0.797935
vt 0.707639 0.778053
vt 0.654927 0.806011
vt 0.601396 0.763823
vt 0.600457 0.798489
vt 0.655433 0.774860
vt 0.563980 0.761239
vt 0.525531 0.850224
vt 0.525908 0.848932
vt 0.526645 0.847803
vt 0.527679 0.846933
vt 0.528922 0.846396
vt 0.600375 0.805016
vt 0.600375 0.803709
vt 0.600386 0.802403
vt 0.600405 0.801097
vt 0.600430 0.799793
vt 0.563697 0.762597
vt 0.563428 0.763957
vt 0.563186 0.765320
vt 0.562983 0.766687
vt 0.562829 0.768058
vt 0.601319 0.765134
vt 0.601254 0.766445
vt 0.601199 0.767755
vt 0.601152 0.769065
vt 0.601111 0.770374
vt 0.855494 0.820712
vt 0.856817 0.821020
vt 0.857989 0.821705
vt 0.858905 0.822705
vt 0.859483 0.823930
vt 0.794915 0.798164
vt 0.794930 0.799512
vt 0.794947 0.800859
vt 0.794965 0.802207
vt 0.794985 0.803554
vt 0.859256 0.843855
vt 0.858651 0.845065
vt 0.857712 0.846042
vt 0.856525 0.846698
vt 0.855196 0.846975
vt 0.795117 0.772876
vt 0.795087 0.774225
vt 0.795059 0.775574
vt 0.795031 0.776923
vt 0.795004 0.778272
vt 0.753117 0.798180
vt 0.753116 0.799549
vt 0.753118 0.800917
vt 0.753124 0.802285
vt 0.753133 0.803652
vt 0.753369 0.772580
vt 0.753334 0.773942
vt 0.753303 0.775306
vt 0.753275 0.776671
vt 0.753249 0.778036
vt 0.707395 0.798573
vt 0.707358 0.799954
vt 0.707327 0.801335
vt 0.707304 0.802715
vt 0.707290 0.804094
vt 0.707746 0.771172
vt 0.707710 0.772545
vt 0.707684 0.773920
vt 0.707665 0.775297
vt 0.707652 0.776675
vt 0.654948 0.799281
vt 0.654946 0.800627
vt 0.654943 0.801973
vt 0.654938 0.803319
vt 0.654933 0.804665
vt 0.655725 0.768127
vt 0.655668 0.769474
vt 0.655611 0.770820
vt 0.655552 0.772167
vt 0.655493 0.773513
vt 0.835540 0.778667
vt 0.859475 0.842520
vt 0.835512 0.777338
vt 0.835455 0.776008
vt 0.835377 0.774677
vt 0.835288 0.773345
vt 0.853843 0.846847
vt 0.835105 0.803500
vt 0.854137 0.820807
vt 0.835197 0.802173
vt 0.835278 0.800847
vt 0.835337 0.799521
vt 0.835368 0.798196
vt 0.859671 0.825270
vt 0.534976 0.883983
vt 0.536305 0.883711
vt 0.533627 0.883863
vt 0.532372 0.883362
vt 0.531317 0.882521
vt 0.530554 0.881412
vt 0.530147 0.880132
vt 0.561813 0.800463
vt 0.525547 0.851567
vt 0.561920 0.801842
vt 0.562074 0.803221
vt 0.562268 0.804597
vt 0.562489 0.805972
vt 0.530270 0.846239
vt 0.833918 0.751322
vt 0.612288 0.863746
vt 0.573089 0.721646
vt 0.664560 0.853363
vt 0.712613 0.844463
vt 0.754627 0.841222
vt 0.793973 0.841375
vn 0.000000 -0.992059 0.125776
vn 0.000000 -0.992059 0.125776
vn 0.000000 -0.992970 0.118366
vn 0.000000 -0.992970 0.118366
vn 0.000000 -0.999986 0.005323
vn 0.000000 -0.999986 0.005323
vn 0.000000 -0.999673 0.025590
vn 0.000000 -0.999673 0.025590
vn 0.000000 -0.997935 0.064228
vn 0.000000 -0.997935 0.064228
vn 0.000000 -0.995119 0.098685
vn 0.000000 -0.995119 0.098685
vn 0.000000 -0.992409 0.122982
vn 0.000000 -0.992409 0.122982
vn -0.982810 -0.183908 0.016176
vn -0.993142 0.109943 -0.039771
vn -0.994235 0.091542 -0.055826
vn -0.981792 -0.189524 0.012818
vn -0.917711 0.385965 -0.094011
vn -0.922117 0.366584 -0.123759
vn -0.765091 0.628481 -0.140167
vn -0.771286 0.610182 -0.181097
vn -0.548797 0.817546 -0.174471
vn -0.554672 0.801627 -0.223009
vn -0.287120 0.938004 -0.194193
vn -0.290664 0.924673 -0.245956
vn -0.006697 0.980213 -0.197833
vn -0.007193 0.969464 -0.245127
vn -0.010816 0.999622 0.025268
vn -0.293645 0.955609 0.024179
vn -0.297202 0.954814 -0.001180
vn -0.010953 0.999939 -0.001300
vn -0.561596 0.827146 0.020959
vn -0.567427 0.823423 -0.000920
vn -0.780293 0.625213 0.015881
vn -0.786357 0.617772 -0.000557
vn -0.930072 0.367259 0.009379
vn -0.934268 0.356572 -0.000112
vn -0.997113 0.075911 0.002023
vn -0.997981 0.063515 0.000388
vn -0.975315 -0.220756 -0.005293
vn -0.974807 -0.223046 0.001217
vn 0.975314 -0.220757 -0.005293
vn 0.997112 0.075916 0.002023
vn 0.997981 0.063515 0.000388
vn 0.974807 -0.223046 0.001217
vn 0.930072 0.367259 0.009379
vn 0.934267 0.356574 -0.000112
vn 0.780296 0.625209 0.015881
vn 0.786357 0.617772 -0.000557
vn 0.561595 0.827146 0.020960
vn 0.567426 0.823424 -0.000920
vn 0.293644 0.955609 0.024179
vn 0.297200 0.954814 -0.001180
vn 0.010816 0.999622 0.025268
vn 0.010953 0.999939 -0.001300
vn 0.006701 0.980213 -0.197834
vn 0.007196 0.969464 -0.245127
vn 0.981727 -0.189516 0.017186
vn 0.980479 -0.196159 0.013499
vn 0.981793 -0.189522 0.012817
vn 0.982811 -0.183903 0.016174
vn -0.980479 -0.196157 0.013499
vn -0.981727 -0.189516 0.017186
vn -0.972974 -0.230848 -0.005535
vn -0.972670 -0.232184 0.001852
vn 0.972670 -0.232184 0.001852
vn 0.972974 -0.230850 -0.005535
vn -0.972334 -0.233348 0.010704
vn -0.974408 -0.224565 0.009991
vn 0.974408 -0.224566 0.009991
vn 0.972334 -0.233348 0.010704
vn -0.010655 0.996485 -0.083095
vn 0.010655 0.996485 -0.083095
vn -0.974177 -0.225562 0.010070
vn -0.976091 -0.217197 0.008440
vn 0.976091 -0.217197 0.008440
vn 0.974177 -0.225562 0.010070
vn -0.009554 0.979614 -0.200662
vn 0.009554 0.979614 -0.200662
vn -0.977775 -0.209435 0.009635
vn -0.979451 -0.201509 0.008373
vn 0.979451 -0.201507 0.008372
vn 0.977775 -0.209436 0.009635
vn -0.008127 0.963067 -0.269140
vn 0.008130 0.963067 -0.269139
vn 0.000000 0.065641 0.997843
vn 0.000000 0.065641 0.997843
vn 0.000000 0.065641 0.997843
vn 0.000000 0.065641 0.997843
vn 0.000000 0.065641 0.997843
vn 0.000000 0.065641 0.997843
vn 0.000000 0.065641 0.997843
vn 0.000000 0.065641 0.997843
vn 0.000000 0.065641 0.997843
vn 0.000000 0.065641 0.997843
vn 0.000000 0.065641 0.997843
vn 0.000000 0.065641 0.997843
vn 0.000000 0.065641 0.997843
vn 0.000000 0.065641 0.997843
vn 0.000000 0.065641 0.997843
vn 0.000000 0.065641 0.997843
vn 0.000000 -0.062334 -0.998055
vn 0.000000 -0.062334 -0.998055
vn 0.000000 -0.062334 -0.998055
vn 0.000000 -0.062334 -0.998055
vn 0.000000 -0.062334 -0.998055
vn 0.000000 -0.062334 -0.998055
vn 0.000000 -0.062334 -0.998055
vn 0.000000 -0.062334 -0.998055
vn 0.000000 -0.062334 -0.998055
vn 0.000000 -0.062334 -0.998055
vn 0.000000 -0.062334 -0.998055
vn 0.000000 -0.062334 -0.998055
vn 0.000000 -0.062334 -0.998055
vn 0.000000 -0.062334 -0.998055
vn 0.000000 -0.062334 -0.998055
vn 0.000000 -0.062334 -0.998055
vn 0.287129 0.937992 -0.194234
vn 0.290652 0.924677 -0.245954
vn 0.548818 0.817518 -0.174538
vn 0.554683 0.801620 -0.223008
vn 0.765093 0.628461 -0.140245
vn 0.771294 0.610173 -0.181096
vn 0.917701 0.385970 -0.094083
vn 0.922116 0.366587 -0.123757
vn 0.993140 0.109942 -0.039819
vn 0.994236 0.091536 -0.055825
vn -0.998172 0.058889 -0.013610
vn -0.935412 0.351607 -0.037109
vn -0.787923 0.613105 -0.057268
vn -0.568679 0.819381 -0.072240
vn -0.297505 0.951308 -0.080647
vn 0.297504 0.951308 -0.080647
vn 0.568678 0.819382 -0.072240
vn 0.787921 0.613107 -0.057268
vn 0.935409 0.351614 -0.037108
vn 0.998172 0.058881 -0.013610
vn -0.997234 0.059892 -0.044018
vn -0.932877 0.346375 -0.098818
vn -0.784894 0.602441 -0.144935
vn -0.566069 0.804874 -0.178166
vn -0.295935 0.935001 -0.195435
vn 0.295934 0.935002 -0.195435
vn 0.566069 0.804874 -0.178167
vn 0.784894 0.602441 -0.144935
vn 0.932877 0.346375 -0.098818
vn 0.997234 0.059883 -0.044018
vn -0.995306 0.072558 -0.064040
vn -0.926525 0.350125 -0.137707
vn -0.776914 0.597183 -0.199442
vn -0.559393 0.792222 -0.243854
vn -0.292815 0.918123 -0.267038
vn 0.292817 0.918126 -0.267027
vn 0.559402 0.792222 -0.243832
vn 0.776920 0.597185 -0.199415
vn 0.926526 0.350131 -0.137685
vn 0.995306 0.072568 -0.064027
s 1
g Inside_stuff Frame_work Roof house roof1
usemtl lambert13SG
f 4812/5953/6510 4813/6083/6511 4801/5944/6512 4800/5943/6513
f 4802/5962/6514 4803/5942/6515 4805/6088/6516 4804/5945/6517
f 4804/5945/6517 4805/6088/6516 4807/6087/6518 4806/5947/6519
f 4806/5947/6519 4807/6087/6518 4809/6086/6520 4808/5949/6521
f 4808/5949/6521 4809/6086/6520 4811/6085/6522 4810/5951/6523
f 4810/5951/6523 4811/6085/6522 4813/6083/6511 4812/5953/6510
s 3
f 4819/5960/6524 4818/6080/6525 4822/5989/6526 4821/5961/6527
f 4818/6080/6525 4817/6079/6528 4823/5990/6529 4822/5989/6526
f 4817/6079/6528 4816/6078/6530 4824/5991/6531 4823/5990/6529
f 4816/6078/6530 4815/6077/6532 4825/5992/6533 4824/5991/6531
f 4815/6077/6532 4814/6075/6534 4826/5993/6535 4825/5992/6533
f 4814/6075/6534 4820/5955/6536 4827/5981/6537 4826/5993/6535
f 4847/5966/6538 4846/6066/6539 4850/6009/6540 4849/5965/6541
f 4846/6066/6539 4845/6065/6542 4851/6010/6543 4850/6009/6540
f 4845/6065/6542 4844/6064/6544 4852/6011/6545 4851/6010/6543
f 4844/6064/6544 4843/6063/6546 4853/6012/6547 4852/6011/6545
f 4843/6063/6546 4842/6061/6548 4854/6013/6549 4853/6012/6547
f 4842/6061/6548 4848/5956/6550 4855/5967/6551 4854/6013/6549
f 4861/5964/6552 4860/6059/6553 4864/6019/6554 4863/5963/6555
f 4860/6059/6553 4859/6058/6556 4865/6020/6557 4864/6019/6554
f 4859/6058/6556 4858/6057/6558 4866/6021/6559 4865/6020/6557
f 4858/6057/6558 4857/6056/6560 4867/6022/6561 4866/6021/6559
f 4857/6056/6560 4856/6054/6562 4868/6023/6563 4867/6022/6561
f 4856/6054/6562 4862/5957/6564 4869/5970/6565 4868/6023/6563
f 4827/5981/6537 4820/5955/6536 4833/5958/6566 4841/5959/6567
f 4801/6084/6568 4813/5954/6569 4835/5980/6570 4834/5983/6571
f 4812/5953/6572 4800/5943/6573 4819/5960/6524 4821/5961/6527
f 4802/5962/6574 4804/5945/6575 4855/5967/6551 4848/5956/6550
f 4863/5963/6555 4805/5946/6576 4803/6082/6577 4861/5964/6552
f 4849/5965/6541 4869/5970/6565 4862/5957/6564 4847/5966/6538
f 4804/5945/6575 4806/5947/6578 4876/5971/6579 4855/5967/6551
f 4877/5968/6580 4807/5948/6581 4805/5946/6576 4863/5963/6555
f 4870/5969/6582 4883/5974/6583 4869/5970/6565 4849/5965/6541
f 4806/5947/6578 4808/5949/6584 4890/5975/6585 4876/5971/6579
f 4891/5972/6586 4809/5950/6587 4807/5948/6581 4877/5968/6580
f 4884/5973/6588 4897/5978/6589 4883/5974/6583 4870/5969/6582
f 4808/5949/6584 4810/5951/6590 4904/5979/6591 4890/5975/6585
f 4905/5976/6592 4811/5952/6593 4809/5950/6587 4891/5972/6586
f 4898/5977/6594 4911/5982/6595 4897/5978/6589 4884/5973/6588
f 4810/5951/6590 4812/5953/6572 4821/5961/6527 4904/5979/6591
f 4835/5980/6570 4813/5954/6569 4811/5952/6593 4905/5976/6592
f 4827/5981/6537 4841/5959/6567 4911/5982/6595 4898/5977/6594
s off
f 4828/6068/6596 4829/6070/6597 4830/6071/6598 4831/6072/6599 4832/6073/6600 4833/6074/6601 4820/6076/6602 4814/5984/6603 4815/5985/6604 4816/5986/6605 4817/5987/6606 4818/5988/6607 4819/6081/6608 4800/5943/6609 4801/5944/6610 4834/6069/6611
f 4856/6014/6612 4857/6015/6613 4858/6016/6614 4859/6017/6615 4860/6018/6616 4861/6060/6617 4803/5942/6618 4802/5962/6619 4848/6062/6620 4842/6004/6621 4843/6005/6622 4844/6006/6623 4845/6007/6624 4846/6008/6625 4847/6067/6626 4862/6055/6627
s 3
f 4833/5958/6566 4832/5998/6628 4840/6003/6629 4841/5959/6567
f 4832/5998/6628 4831/5997/6630 4839/6002/6631 4840/6003/6629
f 4831/5997/6630 4830/5996/6632 4838/6001/6633 4839/6002/6631
f 4830/5996/6632 4829/5995/6634 4837/6000/6635 4838/6001/6633
f 4829/5995/6634 4828/5994/6636 4836/5999/6637 4837/6000/6635
f 4828/5994/6636 4834/5983/6571 4835/5980/6570 4836/5999/6637
f 4854/6013/6549 4855/5967/6551 4876/5971/6579 4875/6028/6638
f 4853/6012/6547 4854/6013/6549 4875/6028/6638 4874/6027/6639
f 4852/6011/6545 4853/6012/6547 4874/6027/6639 4873/6026/6640
f 4851/6010/6543 4852/6011/6545 4873/6026/6640 4872/6025/6641
f 4849/5965/6541 4850/6009/6540 4871/6024/6642 4870/5969/6582
f 4850/6009/6540 4851/6010/6543 4872/6025/6641 4871/6024/6642
f 4868/6023/6563 4869/5970/6565 4883/5974/6583 4882/6033/6643
f 4867/6022/6561 4868/6023/6563 4882/6033/6643 4881/6032/6644
f 4866/6021/6559 4867/6022/6561 4881/6032/6644 4880/6031/6645
f 4865/6020/6557 4866/6021/6559 4880/6031/6645 4879/6030/6646
f 4863/5963/6555 4864/6019/6554 4878/6029/6647 4877/5968/6580
f 4864/6019/6554 4865/6020/6557 4879/6030/6646 4878/6029/6647
f 4875/6028/6638 4876/5971/6579 4890/5975/6585 4889/6038/6648
f 4874/6027/6639 4875/6028/6638 4889/6038/6648 4888/6037/6649
f 4873/6026/6640 4874/6027/6639 4888/6037/6649 4887/6036/6650
f 4872/6025/6641 4873/6026/6640 4887/6036/6650 4886/6035/6651
f 4870/5969/6582 4871/6024/6642 4885/6034/6652 4884/5973/6588
f 4871/6024/6642 4872/6025/6641 4886/6035/6651 4885/6034/6652
f 4882/6033/6643 4883/5974/6583 4897/5978/6589 4896/6043/6653
f 4881/6032/6644 4882/6033/6643 4896/6043/6653 4895/6042/6654
f 4880/6031/6645 4881/6032/6644 4895/6042/6654 4894/6041/6655
f 4879/6030/6646 4880/6031/6645 4894/6041/6655 4893/6040/6656
f 4877/5968/6580 4878/6029/6647 4892/6039/6657 4891/5972/6586
f 4878/6029/6647 4879/6030/6646 4893/6040/6656 4892/6039/6657
f 4889/6038/6648 4890/5975/6585 4904/5979/6591 4903/6048/6658
f 4888/6037/6649 4889/6038/6648 4903/6048/6658 4902/6047/6659
f 4887/6036/6650 4888/6037/6649 4902/6047/6659 4901/6046/6660
f 4886/6035/6651 4887/6036/6650 4901/6046/6660 4900/6045/6661
f 4884/5973/6588 4885/6034/6652 4899/6044/6662 4898/5977/6594
f 4885/6034/6652 4886/6035/6651 4900/6045/6661 4899/6044/6662
f 4896/6043/6653 4897/5978/6589 4911/5982/6595 4910/6053/6663
f 4895/6042/6654 4896/6043/6653 4910/6053/6663 4909/6052/6664
f 4894/6041/6655 4895/6042/6654 4909/6052/6664 4908/6051/6665
f 4893/6040/6656 4894/6041/6655 4908/6051/6665 4907/6050/6666
f 4891/5972/6586 4892/6039/6657 4906/6049/6667 4905/5976/6592
f 4892/6039/6657 4893/6040/6656 4907/6050/6666 4906/6049/6667
f 4821/5961/6527 4822/5989/6526 4903/6048/6658 4904/5979/6591
f 4822/5989/6526 4823/5990/6529 4902/6047/6659 4903/6048/6658
f 4823/5990/6529 4824/5991/6531 4901/6046/6660 4902/6047/6659
f 4824/5991/6531 4825/5992/6533 4900/6045/6661 4901/6046/6660
f 4825/5992/6533 4826/5993/6535 4899/6044/6662 4900/6045/6661
f 4826/5993/6535 4827/5981/6537 4898/5977/6594 4899/6044/6662
f 4841/5959/6567 4840/6003/6629 4910/6053/6663 4911/5982/6595
f 4840/6003/6629 4839/6002/6631 4909/6052/6664 4910/6053/6663
f 4839/6002/6631 4838/6001/6633 4908/6051/6665 4909/6052/6664
f 4838/6001/6633 4837/6000/6635 4907/6050/6666 4908/6051/6665
f 4837/6000/6635 4836/5999/6637 4906/6049/6667 4907/6050/6666
f 4836/5999/6637 4835/5980/6570 4905/5976/6592 4906/6049/6667
